Time(day),a(km),e,i(deg),n(deg),w(deg),m(deg)
0.00000000,26587.619412,0.7467782, 64.8152,109.4180,325.6047,  3.4869
1.98816468,26588.818437,0.7467032, 64.8292,109.1173,325.5635,  3.3289
8.94671085,26590.373773,0.7463728, 64.8353,108.0871,325.3946,  2.9031
23.85813953,26588.312258,0.7458996, 64.8961,105.8483,325.0683,  2.2907
29.82315497,26587.528427,0.7456994, 64.9433,104.9444,324.9528,  2.1836
31.81153827,26587.089311,0.7455347, 64.9511,104.6495,324.9094,  2.1306
37.77719789,26588.788211,0.7453618, 64.9608,103.7662,324.7738,  2.1965
44.73781586,26590.840595,0.7449586, 65.0181,102.7149,324.6500,  2.2900
52.69370490,26593.862386,0.7446290, 65.0382,101.5424,324.4811,  2.4581
57.66666943,26595.112357,0.7442538, 65.0750,100.8040,324.3921,  2.5698
66.12108660,26596.270199,0.7438198, 65.0931, 99.5728,324.2071,  2.5638
66.61888148,26596.787752,0.7438048, 65.0974, 99.4985,324.2040,  2.8871
78.55582884,26596.898124,0.7428657, 65.1389, 97.7663,323.9519,  2.9514
85.02167277,26597.779807,0.7423589, 65.1747, 96.8295,323.8173,  2.7230
92.48439146,26591.671349,0.7418830, 65.1738, 95.7732,323.6499,  3.9133
110.39264774,26579.874771,0.7406338, 65.2251, 93.2241,323.2470,  4.8913
134.27037381,26551.627916,0.7394722, 65.2580, 89.8713,322.6602,  6.7980
466.83953390,26516.824845,0.7279742, 66.7627, 45.4590,312.6132,333.7891
479.79373130,26470.689942,0.7276287, 66.8081, 43.7974,312.2283,351.7100
557.53527670,26512.134670,0.7256906, 67.2574, 33.9555,309.5153,103.5281
562.51947359,26511.289306,0.7252809, 67.2644, 33.3711,309.3025,112.0333
571.49126964,26509.064574,0.7248265, 67.3182, 32.2689,308.9692,128.0540
583.45427518,26506.532454,0.7244775, 67.3548, 30.8438,308.4759,151.1540
586.44515566,26505.719730,0.7242095, 67.3612, 30.4953,308.3485,157.2362
609.37550738,26503.087823,0.7239263, 67.4316, 27.7529,307.3733,206.2791
766.41028720,26510.256897,0.7196991, 67.9589,  9.0855,300.9918,137.4341
840.36696056,26504.798334,0.7192772, 68.2295,  0.4323,297.8398, 62.7335
849.35741208,26508.133471,0.7188992, 68.2493,359.4033,297.4476, 93.3851
861.84389320,26511.561333,0.7181339, 68.2758,357.9921,296.9233,134.3390
865.34026912,26512.524575,0.7181117, 68.2910,357.5784,296.7904,145.6443
868.33698621,26512.938827,0.7177490, 68.3063,357.2299,296.6819,155.0948
876.32777474,26514.700390,0.7173234, 68.3133,356.3453,296.3124,179.7554
1212.37196112,26502.799071,0.7055462, 68.8507,319.8962,281.2901,124.8929
1241.73695294,26508.232229,0.7041717, 68.8347,316.9295,279.8699,152.8677
1241.73718061,26508.232431,0.7041717, 68.8347,316.9295,279.8699,153.0325
1265.62049936,26513.398064,0.7034537, 68.8155,314.5031,278.7572,165.1986
1290.99340600,26516.586557,0.7030847, 68.8116,311.8656,277.6518,171.2839
1301.93924689,26517.079287,0.7029910, 68.8186,310.7078,277.2013,173.6854
1317.36405526,26516.271824,0.7023595, 68.8302,309.1042,276.5563,177.9342
1334.78213360,26513.929828,0.7015794, 68.8477,307.3156,275.8127,185.9809
1348.72002618,26511.062747,0.7007420, 68.8650,305.8935,275.2191,196.4439
1354.19615461,26509.928681,0.7004554, 68.8766,305.3216,274.9985,201.4117
1362.65996629,26507.709935,0.6998061, 68.8825,304.5003,274.5976,210.2232
1366.14550294,26507.109676,0.6997013, 68.8875,304.1374,274.4529,214.3573
1372.61887039,26505.503860,0.6989879, 68.8943,303.5117,274.1541,222.4968
1377.59855942,26504.633512,0.6988739, 68.8932,303.0243,273.9133,229.1696
1384.57076128,26503.668526,0.6982716, 68.9018,302.3373,273.5982,239.2021
1394.53284475,26502.943664,0.6979250, 68.8984,301.3663,273.1204,255.2874
1398.01863367,26502.842621,0.6975509, 68.8989,301.0366,272.9528,260.2689
1405.49002630,26502.921001,0.6974240, 68.8887,300.3204,272.5797,272.3256
1412.96234201,26503.858060,0.6969195, 68.8862,299.5998,272.2257,284.8348
1427.41019077,26506.649720,0.6965293, 68.8661,298.1994,271.5401,309.1077
1439.86558071,26512.052670,0.6962829, 68.8515,296.9683,270.9709,328.8762
1470.76247884,26527.855062,0.6958394, 68.8153,293.8572,269.6286, 17.4130
1478.73642337,26519.424224,0.6953881, 68.8137,293.0329,269.3170, 29.2715
1493.68913750,26516.712011,0.6946737, 68.8105,291.5429,268.6922, 52.1806
1499.17149068,26516.495109,0.6945489, 68.8063,291.0093,268.4511, 60.3344
1520.60661328,26514.194512,0.6929924, 68.8176,288.8978,267.5679, 95.7871
1542.04303708,26510.265880,0.6917013, 68.8207,286.8553,266.6218,135.0056
1555.00629239,26507.436279,0.6909897, 68.8219,285.6510,266.0240,161.8980
1567.96979027,26504.795616,0.6903024, 68.8174,284.4453,265.4211,190.4918
1569.96378544,26504.486575,0.6902115, 68.8181,284.2522,265.3351,194.7211
1667.73202441,26515.612924,0.6870427, 68.6963,274.9486,261.0468, 75.1916
1675.21792999,26516.231389,0.6866785, 68.6883,274.2624,260.7182, 93.7303
1709.16283843,26514.443735,0.6848372, 68.6823,271.1252,259.2761,184.0487
1716.65269868,26513.349709,0.6846646, 68.6764,270.4595,258.9400,206.0269
1730.63505016,26510.514658,0.6840813, 68.6699,269.1933,258.3247,249.1044
1737.62689901,26508.895207,0.6837345, 68.6722,268.5628,258.0155,271.7526
1748.61470047,26506.283108,0.6835565, 68.6631,267.5642,257.5380,308.6942
1755.60721803,26507.880932,0.6833432, 68.6570,266.9484,257.2004,332.9872
1763.09936783,26432.901168,0.6823155, 68.6457,266.2461,256.8902,359.5100
1768.09416975,26513.835863,0.6832412, 68.6460,265.7842,256.6367, 17.4014
1772.58934979,26506.901114,0.6831933, 68.6377,265.3671,256.4478, 33.4907
1794.56483860,26504.262102,0.6826803, 68.6039,263.3618,255.4738,111.4857
1798.06056300,26504.665820,0.6827280, 68.5950,263.0387,255.3293,123.4684
1804.05304224,26505.439363,0.6825050, 68.5876,262.4740,255.0869,143.6759
1811.04375562,26506.844757,0.6823543, 68.5724,261.8439,254.7785,166.5829
1816.53596340,26507.941540,0.6821478, 68.5681,261.3274,254.5532,183.9303
1832.51169385,26511.302403,0.6816092, 68.5475,259.8632,253.8871,231.7131
1836.50470856,26511.962421,0.6814955, 68.5403,259.5096,253.7099,242.6682
1838.50139356,26512.350284,0.6814690, 68.5366,259.3260,253.6281,248.2295
1851.97738708,26514.111282,0.6810228, 68.5268,258.1063,253.0601,283.8344
1860.96003468,26514.790692,0.6805368, 68.5244,257.2937,252.6802,306.0715
1866.44906032,26515.068363,0.6804320, 68.5174,256.8047,252.4424,319.2931
1870.44094088,26516.289666,0.6802367, 68.5200,256.4425,252.2699,328.7657
1885.90804331,26453.621791,0.6791533, 68.5039,255.0479,251.5637,  4.4718
1888.90132966,26511.848430,0.6797763, 68.5060,254.7833,251.4332, 11.1752
1901.37263537,26516.878867,0.6795791, 68.5016,253.6833,250.9110, 39.0460
1906.85978324,26514.486245,0.6796339, 68.4918,253.1999,250.6763, 51.4240
1909.85239631,26513.502130,0.6795918, 68.4891,252.9281,250.5548, 57.9880
1922.82026752,26510.092212,0.6794263, 68.4765,251.7818,249.9858, 87.2249
1926.81016952,26509.169988,0.6793578, 68.4761,251.4298,249.8092, 96.3490
1929.80252140,26508.499961,0.6793813, 68.4715,251.1697,249.6770,103.2307
1937.78194899,26506.574725,0.6794000, 68.4602,250.4493,249.3522,121.8359
1938.77941515,26506.340123,0.6793708, 68.4602,250.3594,249.3099,124.2268
1948.75287465,26504.502975,0.6792933, 68.4469,249.4750,248.8724,147.7318
1948.75291019,26504.502886,0.6792933, 68.4469,249.4750,248.8724,147.7576
1951.74485262,26504.020887,0.6792365, 68.4477,249.2043,248.7431,154.8666
1952.74204976,26503.892811,0.6792191, 68.4476,249.1158,248.6986,157.1609
1952.74206592,26503.892769,0.6792191, 68.4476,249.1158,248.6986,157.1726
1956.73118843,26503.512925,0.6792172, 68.4424,248.7653,248.5218,166.6364
1956.73120506,26503.512880,0.6792172, 68.4424,248.7653,248.5218,166.6484
1957.72861437,26503.440310,0.6792297, 68.4402,248.6769,248.4794,169.1174
2015.06376500,26509.368038,0.6787063, 68.3848,243.5679,246.0178,294.9340
2019.05164557,26510.074512,0.6786362, 68.3835,243.2095,245.8545,302.3519
2027.02728272,26511.133789,0.6785689, 68.3775,242.5146,245.4995,316.7286
2027.52575873,26511.217652,0.6785700, 68.3766,242.4707,245.4785,317.6114
2033.50724672,26512.622348,0.6785308, 68.3784,241.9412,245.2194,327.9112
2039.48861773,26517.160226,0.6786364, 68.3730,241.4205,244.9484,337.9015
2040.98384476,26519.713506,0.6786841, 68.3703,241.2879,244.8841,340.2883
2051.94900579,26496.219845,0.6784587, 68.3593,240.3192,244.4518,357.6372
2061.91670909,26511.727550,0.6788072, 68.3528,239.4179,243.9689, 12.8082
2066.90035884,26522.047897,0.6790245, 68.3456,238.9809,243.7752, 20.2199
2080.35540943,26517.723205,0.6790791, 68.3298,237.7916,243.2158, 39.9810
2086.83325806,26515.799717,0.6791414, 68.3249,237.2173,242.9461, 49.4121
2088.82646543,26515.289358,0.6791747, 68.3251,237.0422,242.8592, 52.3716
2090.81956550,26514.768069,0.6792276, 68.3226,236.8676,242.7728, 55.2763
2094.80571661,26513.689989,0.6793354, 68.3124,236.5137,242.6097, 61.1290
2098.79175987,26512.689883,0.6793610, 68.3063,236.1543,242.4537, 67.0193
2121.70896776,26507.257414,0.6796285, 68.2868,234.1195,241.4860,101.6424
2122.70525911,26507.018655,0.6796368, 68.2849,234.0297,241.4466,103.1709
2132.16967779,26505.122400,0.6796385, 68.2845,233.1837,241.0512,117.8460
2134.16201003,26504.766580,0.6796627, 68.2808,233.0079,240.9635,120.8970
2142.13110347,26503.638554,0.6797101, 68.2831,232.3018,240.6191,133.1857
2146.61354157,26503.271004,0.6798166, 68.2797,231.9057,240.4207,140.0727
2162.05109721,26503.397674,0.6799381, 68.2729,230.5349,239.7579,162.5076
2166.03451830,26503.750180,0.6799601, 68.2721,230.1845,239.5856,167.8950
2173.00512257,26504.635008,0.6801765, 68.2774,229.5727,239.2714,176.8383
2178.97945173,26505.595461,0.6802792, 68.2697,229.0413,239.0211,183.9222
2189.93139218,26507.572914,0.6805318, 68.2688,228.0778,238.5394,195.5206
2211.83091423,26511.944686,0.6812975, 68.2662,226.1459,237.5937,212.5766
2213.82158737,26512.301134,0.6814007, 68.2637,225.9700,237.5056,213.7899
2214.81690957,26512.487223,0.6814480, 68.2612,225.8817,237.4622,214.3763
2218.79812307,26513.183890,0.6815716, 68.2523,225.5290,237.2935,216.6086
2230.74090239,26514.644561,0.6821909, 68.2408,224.4670,236.7856,222.1138
2234.72181766,26514.938347,0.6822885, 68.2361,224.1086,236.6253,223.8064
2237.70737798,26515.044692,0.6824022, 68.2372,223.8424,236.4999,224.9528
2238.70260182,26515.072856,0.6824549, 68.2368,223.7536,236.4572,225.3569
2241.68808664,26515.177320,0.6826211, 68.2301,223.4855,236.3290,226.4261
2244.67355082,26515.283648,0.6827236, 68.2195,223.2163,236.2048,227.4799
2249.64949115,26515.172772,0.6828803, 68.2195,222.7733,235.9987,229.3574
2253.63033588,26515.020958,0.6831387, 68.2160,222.4157,235.8298,230.9246
2263.58246855,26514.370762,0.6834157, 68.1949,221.5084,235.4311,235.0292
2266.56846784,26514.002726,0.6835418, 68.1942,221.2391,235.3058,236.5847
2271.04709482,26513.525204,0.6837080, 68.1801,220.8309,235.1185,238.7360
2281.99583730,26511.747811,0.6840871, 68.1758,219.8430,234.6645,245.2085
2287.47056093,26510.747854,0.6841565, 68.1638,219.3400,234.4470,249.0135
2289.95919152,26510.259334,0.6841719, 68.1664,219.1149,234.3456,250.9079
2292.94562660,26509.582356,0.6842574, 68.1707,218.8462,234.2201,253.3003
2295.43439587,26508.984385,0.6843607, 68.1694,218.6206,234.1141,255.4042
2296.92767402,26508.740754,0.6844070, 68.1658,218.4842,234.0509,256.7066
2298.42096737,26508.380021,0.6844276, 68.1624,218.3481,233.9883,258.0435
2300.41204913,26507.946255,0.6844265, 68.1614,218.1687,233.9051,259.8778
2302.40319451,26507.449845,0.6844441, 68.1665,217.9921,233.8206,261.7922
2304.39450003,26506.934197,0.6845195, 68.1738,217.8159,233.7345,263.8511
2305.88778004,26506.645114,0.6846046, 68.1771,217.6825,233.6697,265.2696
2306.88338862,26506.424114,0.6846640, 68.1778,217.5927,233.6268,266.2894
2307.87904173,26506.215008,0.6847188, 68.1772,217.5022,233.5843,267.3501
2309.37274234,26505.841552,0.6847834, 68.1749,217.3658,233.5214,269.1185
2311.36410806,26505.443961,0.6848289, 68.1713,217.1833,233.4391,271.3382
2312.85767451,26505.206305,0.6848379, 68.1700,217.0469,233.3780,273.0570
2315.34672946,26504.596380,0.6848402, 68.1733,216.8223,233.2741,275.8026
2339.74577894,26500.931688,0.6858075, 68.2042,214.6372,232.2038,309.0851
2354.68742822,26500.339088,0.6864469, 68.2192,213.2962,231.5426,332.0757
2367.63834110,26539.742357,0.6877414, 68.2306,212.1282,230.9488,352.1726
2374.11456818,26445.412478,0.6870558, 68.2320,211.5371,230.6849,  2.3136
2382.08582638,26502.374957,0.6883446, 68.2179,210.7865,230.3096, 14.7179
2383.08226834,26506.454703,0.6884224, 68.2192,210.6963,230.2713, 16.2563
2385.57340355,26512.078659,0.6886268, 68.2267,210.4736,230.1718, 20.0846
2390.05759664,26514.927513,0.6891280, 68.2257,210.0636,229.9867, 26.9337
2391.05411258,26515.115084,0.6892179, 68.2211,209.9697,229.9461, 28.4551
2392.05063337,26515.234906,0.6892883, 68.2162,209.8755,229.9057, 29.9735
2402.01625585,26515.755520,0.6898542, 68.2075,208.9556,229.4921, 45.0332
2409.98916139,26516.050524,0.6903295, 68.1798,208.2084,229.1625, 56.8843
2425.43826029,26516.524221,0.6912936, 68.1526,206.7610,228.5319, 80.1683
2431.91725512,26516.517573,0.6917675, 68.1420,206.1517,228.2670, 90.0088
2438.89501845,26516.161148,0.6919586, 68.1282,205.4943,227.9814,100.9306
2440.88869896,26516.133560,0.6920898, 68.1326,205.3111,227.8991,104.0770
2442.88244822,26516.006414,0.6922702, 68.1318,205.1242,227.8181,107.2757
2444.87619351,26515.761150,0.6924337, 68.1240,204.9326,227.7386,110.4837
2450.85759726,26515.003193,0.6925639, 68.1064,204.3587,227.4974,120.3465
2451.85449142,26514.918059,0.6925818, 68.1083,204.2660,227.4561,121.9986
2453.84834983,26514.737071,0.6926601, 68.1132,204.0812,227.3732,125.3613
2455.84221545,26514.502596,0.6927877, 68.1155,203.8950,227.2908,128.7424
2457.83610961,26514.190816,0.6929271, 68.1126,203.7058,227.2090,132.1641
2459.83006860,26513.814205,0.6930284, 68.1053,203.5140,227.1275,135.6606
2461.82393029,26513.427243,0.6930639, 68.0989,203.3228,227.0452,139.1188
2464.81485322,26512.949981,0.6930702, 68.1019,203.0441,226.9192,144.4526
2467.80583885,26512.527923,0.6932080, 68.1151,202.7712,226.7929,149.8739
2469.79982638,26512.165688,0.6933752, 68.1185,202.5854,226.7106,153.5118
2477.77618267,26510.413536,0.6936336, 68.1085,201.8242,226.3813,168.7141
2479.77031331,26510.013870,0.6936771, 68.1173,201.6408,226.2959,172.6266
2482.76154844,26509.373255,0.6938540, 68.1293,201.3649,226.1685,178.5730
2488.24565906,26508.158667,0.6941605, 68.1250,200.8441,225.9372,189.8156
2490.73843487,26507.525571,0.6941771, 68.1279,200.6111,225.8289,195.0305
2492.23413239,26507.264655,0.6941998, 68.1355,200.4751,225.7630,198.2074
2494.72695821,26506.619388,0.6943458, 68.1527,200.2506,225.6541,203.5297
2496.22271308,26506.347562,0.6944908, 68.1592,200.1132,225.5904,206.7849
2504.69885342,26504.489730,0.6949184, 68.1619,199.3107,225.2272,225.7856
2506.19461116,26504.252395,0.6949667, 68.1701,199.1739,225.1611,229.1774
2511.18046935,26503.306838,0.6953633, 68.1929,198.7150,224.9425,240.5623
2515.16991302,26502.825741,0.6956495, 68.1895,198.3353,224.7687,250.3271
2517.66313645,26502.545961,0.6957214, 68.1916,198.1017,224.6560,256.3490
2522.15009951,26502.069562,0.6960090, 68.2191,197.6957,224.4548,266.5947
2524.14477375,26501.943819,0.6962647, 68.2257,197.5105,224.3689,271.4763
2528.13423614,26502.026314,0.6966496, 68.2170,197.1259,224.1979,281.3299
2530.12912453,26502.049149,0.6967350, 68.2150,196.9354,224.1100,286.3722
2532.12281151,26502.030328,0.6968138, 68.2201,196.7492,224.0209,290.5319
2533.12008211,26501.990026,0.6968694, 68.2247,196.6573,223.9765,292.9131
2536.11205467,26501.843443,0.6971367, 68.2387,196.3812,223.8454,300.1327
2540.10335936,26501.542952,0.6975847, 68.2381,196.0007,223.6759,311.1319
2542.09825179,26501.337901,0.6977412, 68.2314,195.8066,223.5907,316.0581
2546.08789402,26500.400777,0.6979092, 68.2304,195.4268,223.4153,325.7547
2559.05286234,26554.198258,0.6996363, 68.2306,194.1769,222.8413,355.4882
2562.04612196,26442.700909,0.6986405, 68.2287,193.8843,222.7143,  3.1413
2565.03888919,26475.016329,0.6994603, 68.2290,193.5809,222.5447, 10.3562
2570.03296516,26512.562021,0.7002780, 68.2078,193.0781,222.3716, 26.6180
2576.01869723,26513.608523,0.7005944, 68.2080,192.5020,222.1190, 40.7157
2578.01546036,26513.732789,0.7008376, 68.2099,192.3102,222.0381, 46.4232
2582.00276294,26514.170779,0.7013149, 68.1850,191.9072,221.8799, 53.2342
2584.00013757,26514.253526,0.7014179, 68.1710,191.7044,221.7967, 59.3070
2586.98896714,26514.708749,0.7015304, 68.1666,191.4102,221.6687, 63.1237
2588.98408633,26514.996065,0.7016699, 68.1699,191.2177,221.5847, 67.4760
2596.97019428,26515.619050,0.7023807, 68.1347,190.4161,221.2620, 88.6730
2602.95733403,26516.204515,0.7025885, 68.1300,189.8275,221.0094,102.6261
2607.94699266,26516.469442,0.7031025, 68.1177,189.3293,220.8132,114.3687
2611.93881035,26516.343022,0.7032624, 68.0912,188.9183,220.6486,123.8339
2614.93259272,26516.506238,0.7033291, 68.0950,188.6242,220.5195,130.8626
2617.92791109,26516.604167,0.7035471, 68.1017,188.3319,220.3955,138.9673
2619.92392463,26516.542012,0.7037295, 68.0977,188.1317,220.3156,143.7373
2621.92062000,26516.389412,0.7038739, 68.0871,187.9274,220.2354,149.0099
2623.41804960,26516.292989,0.7039344, 68.0781,187.7737,220.1738,152.9083
2627.90994601,26516.031225,0.7039655, 68.0748,187.3265,219.9794,164.3580
2629.40737189,26516.024727,0.7040121, 68.0820,187.1825,219.9155,168.2664
2630.90485038,26515.952627,0.7041052, 68.0891,187.0382,219.8530,172.2097
2633.40065736,26515.759056,0.7043322, 68.0917,186.7917,219.7541,178.7924
2635.39732490,26515.484143,0.7044957, 68.0837,186.5877,219.6751,184.0956
2639.39098299,26514.943244,0.7045831, 68.0708,186.1811,219.5051,195.0284
2641.38777219,26514.726946,0.7046018, 68.0797,185.9870,219.4161,200.4942
2643.38448379,26514.485640,0.7046972, 68.0932,185.7958,219.3296,205.9073
2646.38011748,26514.031087,0.7049530, 68.1038,185.5027,219.2061,214.4556
2648.37718724,26513.700784,0.7051115, 68.1010,185.3014,219.1248,220.1717
2650.37427483,26513.371494,0.7052052, 68.0953,185.0984,219.0410,225.9372
2651.87215486,26513.155626,0.7052299, 68.0934,184.9477,218.9754,230.3323
2653.36995597,26512.861187,0.7052347, 68.0966,184.8003,218.9088,234.6879
2654.86783249,26512.607836,0.7052481, 68.1052,184.6561,218.8413,239.1103
2658.36299106,26511.768478,0.7054454, 68.1334,184.3238,218.6919,249.5403
2661.35893867,26511.074317,0.7057455, 68.1409,184.0275,218.5723,258.6029
2663.35650993,26510.665467,0.7058919, 68.1361,183.8239,218.4907,264.8952
2665.35376728,26510.240252,0.7059559, 68.1335,183.6217,218.4041,271.0097
2667.35117037,26509.701283,0.7059841, 68.1410,183.4257,218.3139,277.2690
2669.34861613,26509.026499,0.7060576, 68.1581,183.2352,218.2245,283.5828
2671.34611019,26508.283493,0.7062168, 68.1761,183.0447,218.1392,289.9485
2673.34367879,26507.538460,0.7064291, 68.1866,182.8495,218.0575,296.3931
2675.34126170,26506.770282,0.7066269, 68.1880,182.6488,217.9764,302.8871
2681.33428683,26503.024534,0.7068572, 68.1947,182.0490,217.7159,322.8518
2683.33192506,26500.720417,0.7069167, 68.2122,181.8576,217.6271,329.5501
2685.32954203,26497.951708,0.7070475, 68.2315,181.6656,217.5412,336.2526
2687.32720106,26497.182958,0.7072445, 68.2432,181.4671,217.4533,343.0142
2689.32527508,26516.421421,0.7076292, 68.2457,181.2609,217.3485,350.1325
2691.32326706,26555.257879,0.7082532, 68.2417,181.0545,217.2837,357.2283
2693.32112561,26434.654733,0.7070545, 68.2314,180.8407,217.1732,  4.2884
2695.31906122,26475.080037,0.7076789, 68.2423,180.6304,217.0499, 11.4284
2696.81737906,26496.351221,0.7080028, 68.2576,180.4826,216.9967, 16.6796
2696.81745068,26496.473162,0.7080039, 68.2577,180.4826,216.9968, 16.7313
2699.31500518,26505.090697,0.7083287, 68.2782,180.2383,216.9046, 25.7721
2701.31288811,26505.620366,0.7085734, 68.2831,180.0379,216.8258, 32.9154
2703.31109802,26505.262272,0.7087810, 68.2788,179.8328,216.7434, 40.3272
2707.30688058,26504.308887,0.7090114, 68.2706,179.4241,216.5646, 54.7804
2709.30472536,26503.983817,0.7090954, 68.2777,179.2265,216.4717, 61.9945
2710.80345550,26503.824343,0.7091932, 68.2877,179.0810,216.4026, 67.6509
2712.30201446,26503.813808,0.7093418, 68.2978,178.9352,216.3386, 73.1729
2714.30014075,26503.817078,0.7096097, 68.3039,178.7362,216.2569, 80.5542
2716.29840262,26503.765869,0.7098844, 68.2966,178.5291,216.1767, 88.0291
2721.29333943,26503.802920,0.7102380, 68.2741,178.0081,215.9555,106.2232
2723.29138870,26504.092629,0.7103597, 68.2819,177.8092,215.8640,113.5263
2725.28956341,26504.438146,0.7105597, 68.2916,177.6113,215.7774,120.8805
2727.28744321,26504.709908,0.7108211, 68.2935,177.4089,215.6957,127.9853
2729.28546134,26504.870542,0.7110797, 68.2844,177.2000,215.6153,135.1692
2731.28347708,26504.984662,0.7112775, 68.2692,176.9874,215.5323,142.3415
2735.27932095,26505.409632,0.7114856, 68.2507,176.5686,215.3546,156.5122
2737.27699917,26505.775296,0.7115847, 68.2541,176.3663,215.2646,163.3791
2739.27473376,26506.182975,0.7117502, 68.2607,176.1657,215.1790,170.2434
2740.77300943,26506.569549,0.7119292, 68.2617,176.0130,215.1184,175.3446
2743.76958711,26506.899472,0.7123144, 68.2427,175.6942,215.0026,185.5204
2745.26789303,26506.917397,0.7124451, 68.2268,175.5306,214.9412,190.6149
2746.76607569,26507.206517,0.7125243, 68.2135,175.3686,214.8750,195.6170
2748.76357434,26507.569107,0.7125933, 68.2082,175.1594,214.7832,202.2083
2750.76112806,26507.986238,0.7127059, 68.2133,174.9561,214.6933,208.7934
2752.25927177,26508.210691,0.7128407, 68.2174,174.8035,214.6296,213.6813
2756.25426588,26508.960933,0.7132907, 68.2011,174.3809,214.4703,226.5620
2759.25020066,26509.581794,0.7135011, 68.1721,174.0542,214.3452,235.9350
2760.74832559,26509.935451,0.7135512, 68.1612,173.8929,214.2789,240.7160
2762.24608809,26510.246540,0.7135818, 68.1558,173.7346,214.2106,245.2152
2768.23744247,26511.350022,0.7139400, 68.1601,173.1146,213.9560,263.1468
2769.73525835,26511.586544,0.7141009, 68.1521,172.9537,213.8995,267.5455
2770.73381186,26511.780695,0.7141989, 68.1428,172.8441,213.8614,270.4775
2772.23159808,26512.139293,0.7143072, 68.1257,172.6780,213.8010,274.8385
2774.22860485,26512.542320,0.7143698, 68.1077,172.4592,213.7133,280.6156
2775.72628405,26512.684996,0.7143898, 68.1042,172.3006,213.6446,284.8773
2777.22383479,26512.815459,0.7144312, 68.1082,172.1463,213.5764,289.0191
2821.14403692,26517.823349,0.7164015, 68.1086,167.4534,211.6792, 40.4740
2836.11187311,26515.487759,0.7171884, 68.1614,165.8831,211.0445, 75.1701
2840.10335744,26514.662992,0.7174625, 68.1535,165.4523,210.8811, 84.6390
2844.09465105,26513.853727,0.7175311, 68.1629,165.0303,210.6972, 94.1265
2981.72726949,26517.593544,0.7244595, 68.0524,149.8925,204.6881, 41.6014
2987.70927937,26517.871677,0.7246784, 68.0771,149.2350,204.4428, 51.4337
3017.11822151,26516.613097,0.7255826, 68.1740,145.9844,203.1823, 97.7737
3028.08329867,26515.340435,0.7259926, 68.2340,144.7793,202.7274,114.8741
3030.07688469,26514.907657,0.7260556, 68.2237,144.5513,202.6445,118.0099
3033.06721600,26514.391703,0.7260969, 68.2271,144.2165,202.5071,122.7546
3036.05707391,26514.035822,0.7261451, 68.2526,143.8907,202.3721,127.1951
3038.05046277,26513.810368,0.7262053, 68.2706,143.6740,202.2905,130.2709
3040.04392520,26513.505007,0.7262857, 68.2793,143.4537,202.2154,133.4118
3043.03412100,26512.800253,0.7264035, 68.2683,143.1131,202.1032,138.1880
3045.02760706,26512.242574,0.7264515, 68.2549,142.8831,202.0194,141.4570
3048.01755733,26511.639364,0.7264865, 68.2583,142.5469,201.8804,146.2511
3054.99425887,26510.391911,0.7267741, 68.2838,141.7708,201.6152,157.6479
3059.97721326,26508.937938,0.7268604, 68.2533,141.1951,201.3980,165.8630
3060.97383305,26508.737582,0.7268678, 68.2557,141.0832,201.3517,167.5594
3062.96699050,26508.382366,0.7268912, 68.2658,140.8614,201.2619,170.9089
3066.45484946,26507.813727,0.7269746, 68.2779,140.4715,201.1208,176.6949
3068.44784958,26507.285852,0.7270355, 68.2692,140.2427,201.0464,179.9987
3070.93937983,26506.331859,0.7270927, 68.2431,139.9503,200.9474,184.4135
3074.92544051,26505.202677,0.7271173, 68.2230,139.4893,200.7599,191.4070
3076.91828591,26504.939611,0.7271435, 68.2369,139.2680,200.6680,194.8123
3087.87906887,26502.608564,0.7273510, 68.1761,138.0000,200.1977,214.1846
3091.86443559,26502.474710,0.7273863, 68.1850,137.5499,200.0095,221.1662
3093.85712224,26502.480760,0.7274238, 68.1826,137.3225,199.9250,224.6451
3095.84951705,26502.480468,0.7274644, 68.1671,137.0904,199.8435,227.9105
3101.82683580,26502.778685,0.7275101, 68.1101,136.3881,199.5587,237.8801
3104.81540266,26503.384363,0.7275548, 68.1275,136.0536,199.4174,242.7125
3116.27123623,26505.140570,0.7277075, 68.0603,134.7225,198.9035,260.3970
3117.76529755,26505.518470,0.7277242, 68.0659,134.5540,198.8317,262.5100
3121.74940266,26506.103635,0.7277836, 68.0686,134.0999,198.6604,267.9869
3189.95124920,26512.553037,0.7283604, 68.1783,126.3407,195.6689,324.9049
3195.92166914,26512.241375,0.7283340, 68.1669,125.6562,195.4069,326.3508
3206.86877189,26509.921229,0.7282565, 68.2003,124.4185,194.9653,329.9949
3214.82903921,26507.530501,0.7281789, 68.2437,123.5235,194.6261,332.0482
3217.81629949,26505.801491,0.7280929, 68.2270,123.1781,194.5274,334.3834
3224.78285828,26502.071780,0.7279622, 68.2132,122.3794,194.2192,337.5482
3229.75945237,26497.720626,0.7278407, 68.2307,121.8164,194.0226,340.2499
3237.72301331,26487.777963,0.7275421, 68.1819,120.8913,193.6817,345.7554
3242.70054932,26483.653862,0.7273564, 68.2137,120.3275,193.4720,349.6123
3258.62855708,26491.049387,0.7270133, 68.1520,118.4794,192.8046,  3.4636
3263.60846991,26460.896180,0.7267041, 68.0977,117.8833,192.5168, 10.1077
3273.56484603,26495.717457,0.7268300, 68.0832,116.7310,192.1033, 21.4448
3291.98660392,26503.013076,0.7265971, 68.0375,114.6128,191.2311, 46.0790
3299.95561651,26504.347376,0.7264273, 68.0474,113.7070,190.8867, 58.5164
3302.94404107,26505.086785,0.7263997, 68.0280,113.3617,190.7389, 63.1603
3346.28702516,26512.846453,0.7259889, 68.1606,108.4878,188.7693,130.6634
3346.28764169,26512.845487,0.7259889, 68.1606,108.4878,188.7693,131.1097
3354.26094169,26514.629971,0.7256966, 68.2067,107.6056,188.4590,143.2169
3400.11690693,26515.467589,0.7238477, 68.2385,102.5187,186.5584,215.5535
3458.45391541,26497.020915,0.7211797, 68.1793, 96.0619,184.0252,334.7438
3598.17251803,26497.119436,0.7144266, 68.4066, 81.1010,177.8441,341.7060
3612.15525844,26503.385784,0.7138748, 68.4049, 79.6027,177.1480, 24.8717
3620.64588572,26509.735316,0.7137706, 68.4315, 78.7137,176.7571, 52.4998
3623.14308000,26509.497654,0.7135589, 68.4442, 78.4549,176.6572, 60.6329
3644.12201529,26506.036596,0.7128635, 68.4915, 76.2739,175.6796,133.0735
3658.11230971,26503.887035,0.7124091, 68.5836, 74.8275,175.0293,186.3816
3672.09958822,26503.912434,0.7119948, 68.6607, 73.3946,174.3776,238.1875
3685.08785278,26505.939641,0.7113722, 68.7338, 72.0715,173.7893,285.6990
3694.57783726,26506.450182,0.7107667, 68.7676, 71.1155,173.3834,318.5779
3727.53617553,26512.420407,0.7086259, 68.8324, 67.7875,171.8535, 63.3707
3765.97328024,26515.625552,0.7058709, 68.8100, 64.0196,170.0881,167.2427
3772.46116477,26515.139722,0.7055074, 68.8321, 63.3870,169.8013,183.6518
3794.41755181,26512.616462,0.7048248, 68.8875, 61.2376,168.7489,238.8875
3808.38855391,26510.469921,0.7044933, 68.9523, 59.8758,168.0936,274.5336
3822.85750847,26507.530425,0.7040299, 69.0590, 58.4636,167.4310,312.0972
3833.83177930,26493.363601,0.7034825, 69.1070, 57.4010,166.9334,340.0516
3846.80237222,26482.845467,0.7026147, 69.1896, 56.1216,166.2646, 14.8439
3851.78858067,26494.488616,0.7025749, 69.2422, 55.6348,166.0431, 26.5324
3861.76686457,26502.826067,0.7020579, 69.2635, 54.6865,165.5647, 54.2006
3868.74891401,26504.433372,0.7013947, 69.2988, 54.0274,165.2526, 71.2567
3879.72179296,26506.670898,0.7007115, 69.3326, 52.9939,164.7297, 98.2992
3885.70604353,26507.858090,0.7001808, 69.3126, 52.4419,164.4302,112.0299
3899.67077996,26510.206210,0.6991459, 69.3226, 51.1485,163.7440,144.2412
3910.64082647,26512.272142,0.6984013, 69.3302, 50.1404,163.2138,166.9448
3914.62946063,26513.110129,0.6983017, 69.3233, 49.7734,163.0034,174.6844
3928.59240798,26515.189741,0.6975895, 69.3346, 48.4914,162.3132,202.8167
3930.58652759,26515.552553,0.6975712, 69.3492, 48.3053,162.2214,206.3248
3939.56053090,26515.696120,0.6970487, 69.3429, 47.4908,161.7822,222.3492
3942.55177050,26515.788164,0.6970976, 69.3538, 47.2131,161.6300,227.6347
3949.53107720,26515.865126,0.6967530, 69.3885, 46.5723,161.3074,239.7133
3950.52876739,26515.734653,0.6966730, 69.3856, 46.4826,161.2566,241.9212
3957.50769166,26515.217672,0.6967231, 69.4164, 45.8343,160.9042,253.9349
3959.50251750,26515.186029,0.6966441, 69.4330, 45.6501,160.8173,257.9755
3962.49408126,26514.879204,0.6964320, 69.4390, 45.3796,160.6776,263.5901
3976.95175008,26513.218406,0.6961195, 69.5146, 44.0519,159.9795,290.3178
3989.91142967,26511.112933,0.6957805, 69.5969, 42.8605,159.3644,313.5838
3991.40699891,26510.756161,0.6957028, 69.5981, 42.7262,159.2897,316.5053
3995.89343668,26509.054934,0.6957184, 69.6212, 42.3148,159.0651,325.1835
3998.38560799,26507.332665,0.6957226, 69.6500, 42.0825,158.9544,329.8261
4001.37615468,26503.697927,0.6955257, 69.6802, 41.8074,158.8301,335.3829
4004.36612919,26496.623428,0.6951642, 69.6897, 41.5381,158.6974,340.6003
4009.34989671,26464.083224,0.6946316, 69.7071, 41.0783,158.4476,349.8558
4012.34020976,26469.446456,0.6945737, 69.7481, 40.7904,158.2681,355.5242
4020.31422642,26496.761371,0.6941788, 69.7791, 40.0704,157.8890, 10.8013
4028.28797223,26494.459725,0.6939360, 69.8407, 39.3391,157.4840, 26.2625
4029.28469926,26495.516245,0.6938269, 69.8448, 39.2506,157.4380, 28.2103
4033.27152758,26498.748051,0.6934250, 69.8427, 38.9009,157.2349, 36.0162
4035.76275709,26499.816200,0.6933505, 69.8471, 38.6786,157.1013, 40.5458
4037.25780037,26500.372662,0.6933417, 69.8574, 38.5427,157.0264, 43.4801
4047.72177964,26503.091811,0.6923969, 69.8822, 37.6209,156.5100, 62.8666
4050.71140747,26503.690118,0.6923222, 69.8924, 37.3548,156.3538, 68.3040
4063.66546513,26506.509614,0.6912844, 69.9045, 36.2257,155.6887, 90.4069
4075.62182171,26508.703482,0.6903902, 69.9073, 35.1914,155.0714,108.8883
4076.61814094,26508.913347,0.6903831, 69.9087, 35.1040,155.0172,110.3635
4082.59588744,26509.834036,0.6901000, 69.9342, 34.5807,154.7197,118.8730
4085.58457976,26510.307781,0.6897727, 69.9270, 34.3284,154.5620,122.9022
4097.53851059,26512.580355,0.6893403, 69.9410, 33.2942,153.9361,137.8172
4105.50729018,26514.071364,0.6892125, 69.9392, 32.6078,153.5019,146.8777
4112.47922545,26514.710444,0.6888682, 69.9643, 32.0057,153.1595,153.8765
4120.44681101,26515.546778,0.6889559, 69.9895, 31.3093,152.7425,161.4862
4131.40141039,26515.391530,0.6887079, 70.0235, 30.3626,152.1886,171.1653
4134.38863640,26515.397822,0.6887604, 70.0528, 30.0959,152.0496,173.5300
4154.30200224,26513.133268,0.6881011, 70.1618, 28.3714,151.0810,189.0084
4161.27053862,26512.413520,0.6881307, 70.2149, 27.7594,150.7384,194.1091
4168.73657208,26510.932990,0.6875670, 70.2518, 27.1255,150.3778,199.6769
4202.58083943,26505.480291,0.6856727, 70.4327, 24.2467,148.6909,228.7696
4208.55264258,26504.489326,0.6849206, 70.4407, 23.7588,148.3826,234.1793
4215.52087527,26504.146101,0.6846434, 70.4689, 23.1713,148.0101,241.5657
4222.48960092,26503.961705,0.6838768, 70.4719, 22.6073,147.6355,249.3690
4229.45837761,26504.518191,0.6836939, 70.4887, 22.0261,147.2530,257.2153
4232.44510198,26505.043079,0.6833713, 70.4969, 21.7811,147.1032,260.5678
4236.42773848,26505.329035,0.6829738, 70.4821, 21.4654,146.8716,265.2766
4240.41040303,26505.932678,0.6829567, 70.4888, 21.1328,146.6457,269.9302
4244.39317207,26506.911738,0.6827369, 70.5070, 20.8004,146.4434,274.4980
4247.38059021,26507.517618,0.6824343, 70.5038, 20.5622,146.2803,278.1079
4251.36401921,26508.082249,0.6822688, 70.4914, 20.2445,146.0442,283.0176
4254.35155657,26508.605110,0.6823337, 70.4979, 19.9954,145.8772,286.5923
4258.33494359,26509.636756,0.6822133, 70.5166, 19.6623,145.6773,291.2059
4262.31852323,26510.535810,0.6818610, 70.5094, 19.3462,145.4569,295.8664
4264.80821925,26510.812029,0.6818402, 70.5042, 19.1453,145.3072,298.7253
4272.27847555,26512.577411,0.6817852, 70.5393, 18.5195,144.9203,307.7563
4278.75281216,26513.923830,0.6815985, 70.5324, 18.0017,144.5524,315.3708
4287.21976499,26515.301644,0.6815895, 70.5722, 17.2958,144.1289,325.1665
4289.21198586,26515.521022,0.6814689, 70.5696, 17.1380,144.0203,327.4130
4295.18933563,26514.146494,0.6816454, 70.5893, 16.6399,143.7025,334.5544
4305.65039114,26489.746730,0.6810824, 70.6239, 15.7802,143.1929,347.1273
4319.60037522,26555.591756,0.6815292, 70.7008, 14.6087,142.4601,  5.2254
4322.09143473,26538.137048,0.6813890, 70.7211, 14.3961,142.3462,  8.4988
4322.09155786,26537.589877,0.6813823, 70.7211, 14.3961,142.3462,  8.5882
4326.57587707,26511.349262,0.6808925, 70.7579, 14.0188,142.1250, 14.7949
4329.56548449,26506.349899,0.6806229, 70.7642, 13.7804,141.9619, 19.0443
4333.55186691,26505.481087,0.6805982, 70.7733, 13.4583,141.7402, 24.9863
4336.54178523,26505.857486,0.6806849, 70.7968, 13.2059,141.5935, 29.5733
4341.52489602,26506.834270,0.6803345, 70.8321, 12.7962,141.3666, 37.2200
4358.96762997,26507.145321,0.6792385, 70.9021, 11.3991,140.4758, 66.8948
4362.95490680,26506.682504,0.6791818, 70.9197, 11.0773,140.2659, 74.2862
4365.44701942,26506.194912,0.6790618, 70.9396, 10.8722,140.1491, 78.9844
4370.92969997,26505.489211,0.6783555, 70.9516, 10.4475,139.8671, 89.5250
4371.92660162,26505.438102,0.6782793, 70.9505, 10.3713,139.8090, 91.5182
4375.41577778,26505.074072,0.6781890, 70.9615, 10.0921,139.6161, 98.5621
4376.91110156,26504.771147,0.6781331, 70.9727,  9.9692,139.5422,101.5646
4397.34878744,26502.679081,0.6763657, 71.0162,  8.3833,138.4364,145.0681
4400.83846056,26502.737498,0.6761796, 71.0093,  8.1175,138.2217,152.9178
4403.82962125,26502.977077,0.6761439, 71.0220,  7.8758,138.0577,159.6367
4414.79761612,26503.713035,0.6753900, 71.0232,  7.0384,137.4285,184.3968
4420.78040619,26504.919907,0.6752986, 71.0416,  6.5636,137.1058,197.8496
4426.26480022,26505.494703,0.6748474, 71.0325,  6.1521,136.7856,210.1236
4432.24788042,26507.023057,0.6749091, 71.0515,  5.6703,136.4522,223.3586
4437.73248697,26508.041294,0.6745393, 71.0558,  5.2513,136.1483,235.2946
4442.71887117,26508.931087,0.6746190, 71.0537,  4.8670,135.8529,246.2677
4445.71054500,26509.726143,0.6747187, 71.0670,  4.6253,135.6956,252.6146
4448.70244162,26510.546205,0.6746242, 71.0800,  4.3878,135.5453,259.0296
4450.19837906,26510.825880,0.6745162, 71.0819,  4.2737,135.4650,262.2075
4463.16403022,26513.696854,0.6743556, 71.1218,  3.2488,134.7673,289.7209
4473.63613540,26515.816180,0.6745234, 71.1549,  2.4236,134.2115,310.9893
4478.62369669,26517.212111,0.6742317, 71.1723,  2.0373,133.9644,321.4816
4504.55889943,26517.413624,0.6734148, 71.2949,359.9737,132.6575, 15.5559
4516.53165793,26508.876795,0.6727712, 71.3475,359.0404,132.0307, 43.0861
4518.52760699,26509.203827,0.6725415, 71.3504,358.8940,131.9249, 48.1043
4533.99348851,26508.239388,0.6714761, 71.3943,357.7344,131.1148, 86.0285
4542.97498807,26506.765031,0.6709360, 71.4311,357.0490,130.6418,109.8885
4546.96683171,26506.162731,0.6704522, 71.4309,356.7657,130.4145,120.7556
4552.45596457,26505.444981,0.6702839, 71.4363,356.3619,130.0995,136.1940
4558.44440932,26504.327285,0.6697823, 71.4572,355.9153,129.7868,153.4462
4562.43679384,26503.652050,0.6694067, 71.4496,355.6350,129.5426,165.2042
4569.42417727,26503.156651,0.6691285, 71.4752,355.1015,129.1589,186.4909
4579.40687664,26502.507269,0.6686555, 71.4725,354.3820,128.5619,217.8055
4589.39099849,26502.956623,0.6680949, 71.4794,353.6531,127.9887,250.1889
4595.38189261,26504.057225,0.6681318, 71.4989,353.1877,127.6531,269.8191
4599.37600045,26504.917872,0.6678142, 71.5030,352.8969,127.4270,282.9139
4601.37308048,26505.315636,0.6677495, 71.4989,352.7555,127.3036,289.4642
4603.37025486,26505.785611,0.6677846, 71.4966,352.6103,127.1811,296.0603
4605.36741479,26506.378931,0.6678747, 71.4986,352.4599,127.0649,302.6110
4608.36338020,26507.580879,0.6679710, 71.5085,352.2285,126.9040,312.5212
4618.35027132,26498.953269,0.6676818, 71.5119,351.4892,126.3628,345.2919
4625.34188592,26537.117442,0.6678882, 71.5505,350.9191,125.9772,  8.2679
4627.33948213,26519.039319,0.6675351, 71.5488,350.7758,125.8628, 14.7715
4637.32830913,26508.464935,0.6677040, 71.5711,350.0138,125.3059, 47.3666
4646.31887038,26511.762220,0.6675137, 71.5832,349.3476,124.8200, 76.4749
4653.31190520,26512.933362,0.6671903, 71.6213,348.8047,124.4837, 98.9640
4654.31100855,26513.149755,0.6671262, 71.6217,348.7335,124.4285,102.2350
4664.30139451,26514.395426,0.6670804, 71.6547,347.9815,123.9217,134.2459
4674.29161723,26514.693790,0.6665919, 71.6776,347.2490,123.3992,165.9828
4684.28154919,26513.967974,0.6658033, 71.7134,346.5155,122.8903,197.6124
4694.27098318,26513.151987,0.6652320, 71.7512,345.7827,122.3912,229.2708
4704.75886909,26511.696789,0.6645490, 71.7804,345.0222,121.8305,262.4968
4714.74636311,26510.075872,0.6638020, 71.7914,344.3287,121.2663,294.2314
4725.73134986,26511.206518,0.6629144, 71.8052,343.5683,120.6519,329.1613
4735.71670550,26474.317615,0.6617340, 71.8259,342.8356,120.0580,  1.0619
4745.70091240,26500.830104,0.6618400, 71.8378,342.1285,119.4957, 32.8839
4756.68215536,26500.889233,0.6614559, 71.8390,341.3595,118.8412, 67.4686
4767.66222650,26501.999418,0.6610345, 71.8434,340.5883,118.1960,101.3472
4778.64096122,26503.329585,0.6607598, 71.8537,339.8063,117.5787,133.8836
4781.13596114,26503.934132,0.6608230, 71.8506,339.6288,117.4263,141.0952
4793.61003099,26506.447352,0.6606416, 71.8696,338.7183,116.7327,175.6534
4803.58824478,26508.737521,0.6605584, 71.8926,337.9853,116.2136,201.5520
4814.56312238,26511.282070,0.6603579, 71.9190,337.1703,115.6344,228.2469
4829.52729872,26513.961120,0.6599340, 71.9500,336.0908,114.8581,261.9698
4839.50227001,26515.179618,0.6595791, 71.9721,335.3684,114.3376,282.9400
4853.46635967,26516.621378,0.6587218, 72.0046,334.3819,113.6122,311.2371
4863.43939066,26519.128444,0.6580102, 72.0150,333.7070,113.0684,330.6359
4863.43939067,26519.128446,0.6580102, 72.0150,333.7070,113.0684,330.6360
4872.91385400,26496.198228,0.6568973, 72.0341,333.0471,112.5963,349.4522
4878.89693700,26468.635967,0.6563369, 72.0425,332.6181,112.2043,  1.0979
4888.86872940,26515.715902,0.6560551, 72.0542,331.9582,111.6705, 21.0282
4898.83988511,26506.476802,0.6552880, 72.0702,331.2746,111.0983, 41.3729
4908.81035876,26504.261894,0.6550677, 72.0779,330.5993,110.5280, 62.1030
4918.78003235,26503.041459,0.6547145, 72.0752,329.9409,109.9338, 83.0927
4928.74907308,26502.094703,0.6542408, 72.0832,329.2638,109.3516,104.2415
4948.68557379,26502.280663,0.6540954, 72.0995,327.8722,108.2285,146.0975
4958.65239999,26503.742130,0.6539652, 72.1002,327.1848,107.6562,165.6375
4977.58758869,26507.576056,0.6535519, 72.1243,325.8374,106.6504,199.4409
4977.58857276,26507.580979,0.6535515, 72.1243,325.8373,106.6504,200.1535
4988.05024679,26509.969214,0.6534260, 72.1297,325.1060,106.0880,215.7000
5009.96865708,26513.560024,0.6522755, 72.1539,323.5924,104.9314,244.4745
5020.92574375,26514.785774,0.6516466, 72.1718,322.8412,104.3770,256.2798
5034.86921677,26514.856639,0.6506269, 72.1871,321.9061,103.6255,269.6930
5045.32534544,26514.278098,0.6501015, 72.1985,321.2079,103.0719,278.8575
5054.78452689,26512.850104,0.6495828, 72.1986,320.6049,102.5346,286.7944
5062.74935016,26511.733937,0.6488286, 72.2091,320.0861,102.0857,293.3307
5068.72254283,26510.581952,0.6487503, 72.2110,319.6913,101.7523,298.2586
5077.68153218,26509.108672,0.6481409, 72.2146,319.1281,101.2383,305.6260
5084.15154676,26508.083572,0.6480544, 72.2183,318.6942,100.8742,311.1480
5091.61639533,26507.313768,0.6476354, 72.2183,318.2208,100.4229,317.5755
5101.56907678,26507.538003,0.6473972, 72.2252,317.5594, 99.8668,326.4161
5109.03332532,26508.903743,0.6474689, 72.2189,317.0735, 99.4241,333.2727
5119.48305336,26511.199984,0.6472664, 72.2194,316.3757, 98.8255,342.9296
5120.47825976,26510.769024,0.6473125, 72.2188,316.3064, 98.7726,343.8462
5129.93310609,26479.134563,0.6466951, 72.2195,315.6609, 98.2894,352.6582
5139.88596605,26452.191593,0.6462450, 72.2181,314.9578, 97.6836,  1.8646
5149.34181971,26515.901394,0.6469725, 72.2180,314.3116, 97.1685, 10.3864
5161.28728197,26518.090613,0.6464831, 72.2192,313.5084, 96.5507, 20.9120
5171.74081148,26514.636027,0.6458521, 72.2253,312.7921, 95.9937, 30.0336
5180.70202428,26513.828936,0.6455349, 72.2297,312.1775, 95.5374, 37.8974
5192.65169983,26514.124056,0.6449357, 72.2307,311.3933, 94.8981, 48.6518
5202.61097493,26514.504137,0.6442910, 72.2320,310.7508, 94.3479, 58.0757
5208.08918013,26514.348279,0.6438926, 72.2388,310.3888, 94.0692, 63.5923
5215.55988737,26514.277133,0.6434597, 72.2352,309.9334, 93.6451, 71.4973
5222.53308396,26513.491690,0.6430114, 72.2428,309.4744, 93.2731, 79.3677
5228.51045206,26513.023872,0.6427668, 72.2372,309.1100, 92.9185, 86.5524
5231.49940963,26512.465034,0.6427097, 72.2382,308.9128, 92.7619, 90.3948
5235.48468319,26511.765606,0.6424287, 72.2424,308.6594, 92.5482, 95.5913
5240.46642169,26511.044354,0.6421788, 72.2399,308.3632, 92.2560,102.3757
5244.45203439,26510.305267,0.6421875, 72.2359,308.1137, 92.0301,108.1115
5250.43069338,26508.860317,0.6418558, 72.2425,307.7258, 91.7001,117.1118
5277.33841805,26503.577097,0.6414192, 72.2354,306.0096, 90.1807,164.1791
5284.81365890,26502.868785,0.6414986, 72.2259,305.5267, 89.7505,178.8395
5290.79438333,26502.330493,0.6412959, 72.2289,305.1290, 89.4320,191.0813
5297.27353058,26502.161220,0.6413121, 72.2202,304.7168, 89.0634,204.4745
5305.74663976,26502.569517,0.6410723, 72.2214,304.1461, 88.6075,222.2052
5311.22958478,26503.153970,0.6411609, 72.2115,303.7844, 88.3024,233.8228
5317.70954574,26504.247282,0.6408926, 72.2125,303.3441, 87.9709,247.3896
5326.68225987,26505.785407,0.6407905, 72.2014,302.7583, 87.4866,266.0645
5332.66421771,26507.155830,0.6404011, 72.2046,302.3589, 87.1695,278.2516
5339.64353006,26508.520448,0.6403445, 72.1948,301.8988, 86.7965,292.3555
5346.62310114,26510.380260,0.6398520, 72.1969,301.4445, 86.4315,306.2031
5352.10718852,26512.091746,0.6397376, 72.1898,301.0985, 86.1315,316.9363
5359.08715349,26516.729459,0.6392913, 72.1938,300.6389, 85.7606,330.4299
5371.05342100,26500.771018,0.6386306, 72.1849,299.8729, 85.1539,353.3218
5380.02860858,26511.837755,0.6384431, 72.1788,299.3078, 84.5965, 10.5111
5384.01793226,26524.032337,0.6383274, 72.1828,299.0477, 84.4119, 18.3250
5384.01793712,26524.032244,0.6383274, 72.1828,299.0477, 84.4119, 18.3285
5391.49770820,26518.710367,0.6379324, 72.1786,298.5951, 83.9829, 32.8752
5391.99616786,26518.419893,0.6379311, 72.1779,298.5631, 83.9563, 33.7067
5393.49239783,26517.490364,0.6379010, 72.1767,298.4657, 83.8785, 36.8160
5395.48709304,26516.570625,0.6377981, 72.1769,298.3364, 83.7753, 40.7630
5396.48444909,26516.204941,0.6377268, 72.1776,298.2734, 83.7224, 42.7457
5400.47402498,26515.117470,0.6374598, 72.1791,298.0342, 83.4973, 50.8224
5402.96751106,26514.594951,0.6373945, 72.1767,297.8890, 83.3522, 55.9072
5402.96753414,26514.593957,0.6373945, 72.1767,297.8890, 83.3522, 55.9239
5407.45591213,26513.562083,0.6373966, 72.1709,297.6147, 83.1043, 65.2194
5407.45591250,26513.562074,0.6373966, 72.1709,297.6147, 83.1043, 65.2197
5409.45079157,26513.118379,0.6373514, 72.1708,297.4870, 82.9992, 69.4125
5409.45079485,26513.118318,0.6373514, 72.1708,297.4870, 82.9992, 69.4149
5409.45079794,26513.118260,0.6373514, 72.1708,297.4870, 82.9992, 69.4171
5409.45080025,26513.118217,0.6373514, 72.1708,297.4870, 82.9992, 69.4188
5419.92424147,26511.227184,0.6371421, 72.1647,296.8450, 82.4026, 92.1040
5419.92429766,26511.226882,0.6371422, 72.1647,296.8450, 82.4026, 92.1447
5419.92430565,26511.226839,0.6371422, 72.1647,296.8450, 82.4026, 92.1505
5421.42050036,26510.814608,0.6371271, 72.1640,296.7473, 82.3254, 95.4411
5423.41565803,26510.342420,0.6370470, 72.1647,296.6193, 82.2207,100.0212
5423.41566196,26510.342404,0.6370470, 72.1647,296.6193, 82.2207,100.0241
5425.90955009,26509.859930,0.6369215, 72.1660,296.4665, 82.0826,105.7540
5425.90958489,26509.859776,0.6369215, 72.1660,296.4665, 82.0826,105.7792
5426.90711221,26509.668998,0.6368835, 72.1660,296.4073, 82.0252,108.0669
5426.90711496,26509.668986,0.6368835, 72.1660,296.4073, 82.0252,108.0689
5426.90712250,26509.668952,0.6368835, 72.1660,296.4073, 82.0252,108.0744
5428.90226488,26509.298696,0.6368469, 72.1647,296.2901, 81.9093,112.7411
5429.89976892,26509.110962,0.6368486, 72.1633,296.2312, 81.8517,115.0396
5430.89740763,26508.916991,0.6368610, 72.1617,296.1717, 81.7948,117.4445
5433.89021876,26508.273094,0.6369179, 72.1569,295.9867, 81.6308,124.6346
5435.38665339,26507.880954,0.6369276, 72.1558,295.8909, 81.5516,128.2786
5438.37957240,26507.115451,0.6368590, 72.1569,295.6984, 81.3918,135.6595
5441.87136832,26506.355740,0.6367365, 72.1580,295.4844, 81.1890,144.4172
5441.87139028,26506.355675,0.6367365, 72.1580,295.4844, 81.1890,144.4331
5444.86439398,26505.868911,0.6368024, 72.1520,295.3024, 81.0127,152.0567
5449.85296849,26504.891169,0.6368495, 72.1455,294.9732, 80.7520,165.0736
5451.34966632,26504.558682,0.6367902, 72.1461,294.8768, 80.6717,169.1034
5454.84185127,26503.928680,0.6366884, 72.1459,294.6617, 80.4746,178.4931
5454.84187814,26503.928655,0.6366884, 72.1459,294.6617, 80.4746,178.5126
5456.83743603,26503.631943,0.6366944, 72.1433,294.5406, 80.3602,183.9344
5456.83744007,26503.631936,0.6366944, 72.1433,294.5406, 80.3602,183.9373
5457.83523917,26503.502739,0.6367128, 72.1413,294.4792, 80.3041,186.6723
5457.83523919,26503.502739,0.6367128, 72.1413,294.4792, 80.3041,186.6723
5457.83524984,26503.502718,0.6367128, 72.1413,294.4792, 80.3041,186.6800
5459.83087562,26503.275079,0.6367617, 72.1371,294.3535, 80.1950,192.1864
5462.82438326,26502.972515,0.6367959, 72.1330,294.1579, 80.0383,200.5309
5462.82441778,26502.972465,0.6367959, 72.1330,294.1579, 80.0383,200.5559
5464.82010419,26502.765794,0.6367584, 72.1329,294.0262, 79.9338,206.1493
5464.82011489,26502.765789,0.6367584, 72.1329,294.0262, 79.9338,206.1570
5467.31478810,26502.501605,0.6366704, 72.1340,293.8662, 79.7957,213.2168
5469.80955176,26502.243529,0.6366354, 72.1324,293.7118, 79.6502,220.3636
5469.80955478,26502.243526,0.6366354, 72.1324,293.7118, 79.6502,220.3658
5470.80746108,26502.181784,0.6366549, 72.1303,293.6498, 79.5921,223.2295
5472.80332339,26502.157856,0.6367293, 72.1246,293.5213, 79.4814,228.9956
5472.80332977,26502.157837,0.6367293, 72.1246,293.5213, 79.4814,229.0002
5474.79923514,26502.235601,0.6367735, 72.1196,293.3860, 79.3791,234.7953
5475.79720600,26502.282584,0.6367627, 72.1183,293.3174, 79.3292,237.7043
5476.79518617,26502.321013,0.6367310, 72.1177,293.2495, 79.2788,240.6191
5476.79522107,26502.320923,0.6367310, 72.1177,293.2495, 79.2788,240.6444
5477.79321205,26502.347106,0.6366855, 72.1177,293.1828, 79.2272,243.5660
5477.79322288,26502.347082,0.6366855, 72.1177,293.1828, 79.2272,243.5739
5486.77554764,26502.631763,0.6365542, 72.1072,292.6150, 78.7330,270.0858
5487.77364030,26502.731234,0.6365638, 72.1050,292.5495, 78.6812,273.0561
5489.76987007,26502.987162,0.6365515, 72.1020,292.4162, 78.5797,279.0139
5489.76987876,26502.987121,0.6365515, 72.1020,292.4162, 78.5797,279.0202
5495.75876151,26503.918439,0.6363013, 72.1017,292.0272, 78.2569,296.9057
5496.75698728,26504.057204,0.6362838, 72.1007,291.9653, 78.1994,299.9242
5498.75337497,26504.373331,0.6363014, 72.0964,291.8398, 78.0866,305.8949
5499.75156449,26504.588480,0.6363237, 72.0937,291.7748, 78.0327,308.8657
5500.74978974,26504.870112,0.6363406, 72.0909,291.7080, 77.9807,311.8541
5501.74803911,26505.236459,0.6363413, 72.0886,291.6399, 77.9302,314.8514
5502.74641533,26505.712307,0.6363194, 72.0871,291.5712, 77.8802,317.9321
5504.74296118,26507.057159,0.6362157, 72.0862,291.4358, 77.7778,323.9205
5504.74297096,26507.058625,0.6362157, 72.0862,291.4358, 77.7778,323.9276
5505.74113317,26507.991470,0.6361508, 72.0865,291.3702, 77.7239,326.8307
5505.74124218,26508.014289,0.6361509, 72.0865,291.3702, 77.7239,326.9097
5505.74126133,26508.018319,0.6361509, 72.0865,291.3702, 77.7239,326.9235
5506.73943867,26509.228277,0.6360919, 72.0869,291.3063, 77.6681,329.8306
5506.73944529,26509.230201,0.6360919, 72.0869,291.3063, 77.6681,329.8354
5507.73773910,26510.843672,0.6360486, 72.0871,291.2438, 77.6107,332.8199
5507.73775317,26510.849278,0.6360486, 72.0871,291.2438, 77.6106,332.8301
5508.73607929,26512.962817,0.6360276, 72.0869,291.1822, 77.5524,335.8308
5508.73608921,26512.968075,0.6360276, 72.0869,291.1822, 77.5524,335.8380
5509.73439019,26515.614078,0.6360321, 72.0861,291.1210, 77.4944,338.8127
5509.73440613,26515.624591,0.6360322, 72.0861,291.1210, 77.4944,338.8242
5510.73274477,26518.705776,0.6360615, 72.0847,291.0597, 77.4379,341.8178
5510.73276394,26518.719395,0.6360617, 72.0847,291.0597, 77.4379,341.8316
5511.73114050,26521.555263,0.6361058, 72.0828,290.9980, 77.3850,344.8427
5511.73115259,26521.561059,0.6361059, 72.0828,290.9980, 77.3850,344.8515
5512.72951040,26522.230533,0.6361343, 72.0802,290.9353, 77.3378,347.8373
5512.72951625,26522.228103,0.6361343, 72.0802,290.9353, 77.3378,347.8415
5513.72789487,26517.042141,0.6360866, 72.0771,290.8714, 77.2972,350.8294
5514.72628472,26501.658361,0.6358855, 72.0735,290.8059, 77.2587,353.8144
5514.72629370,26501.611988,0.6358849, 72.0735,290.8059, 77.2587,353.8208
5515.72468707,26476.997156,0.6355294, 72.0700,290.7382, 77.2098,356.8051
5519.71841417,26489.237037,0.6355546, 72.0690,290.4616, 76.9354,  8.8125
5524.71079689,26517.219279,0.6356414, 72.0716,290.1515, 76.6876, 23.7544
5526.70783122,26515.920187,0.6356242, 72.0673,290.0273, 76.5788, 29.7473
5527.70637858,26515.232150,0.6356203, 72.0649,289.9630, 76.5263, 32.7535
5528.70492571,26514.639020,0.6356068, 72.0627,289.8973, 76.4750, 35.7511
5529.20420477,26514.412648,0.6355938, 72.0618,289.8641, 76.4499, 37.2510
5529.70349981,26514.155915,0.6355766, 72.0611,289.8309, 76.4245, 38.7601
5530.20276694,26513.988767,0.6355540, 72.0605,289.7976, 76.3994, 40.2474
5530.70207021,26513.788961,0.6355274, 72.0602,289.7646, 76.3739, 41.7587
5531.70065538,26513.525550,0.6354622, 72.0600,289.6991, 76.3223, 44.7609
5532.69925100,26513.349828,0.6353884, 72.0603,289.6350, 76.2693, 47.7641
5533.69785141,26513.242855,0.6353146, 72.0608,289.5724, 76.2146, 50.7646
5538.19169570,26513.184554,0.6351293, 72.0587,289.3027, 75.9593, 64.2987
5539.68969697,26513.185563,0.6351200, 72.0561,289.2124, 75.8761, 68.8224
5540.18904070,26513.216971,0.6351184, 72.0551,289.1818, 75.8491, 70.3348
5540.68839769,26513.205914,0.6351174, 72.0542,289.1511, 75.8221, 71.8552
5542.18644454,26513.261623,0.6351077, 72.0516,289.0576, 75.7433, 76.3911
5543.18516015,26513.288891,0.6350922, 72.0504,288.9944, 75.6914, 79.4212
5545.18262405,26513.357588,0.6350288, 72.0496,288.8673, 75.5878, 85.4903
5547.67947455,26513.484181,0.6348982, 72.0513,288.7112, 75.4526, 93.0677
5547.67947466,26513.484180,0.6348982, 72.0513,288.7112, 75.4526, 93.0678
5550.17639306,26513.709755,0.6347875, 72.0523,288.5618, 75.3088,100.6737
5551.67455853,26513.832922,0.6347707, 72.0508,288.4737, 75.2211,105.2389
5552.17395275,26513.879633,0.6347734, 72.0499,288.4440, 75.1926,106.7634
5554.17156091,26513.981753,0.6348050, 72.0453,288.3224, 75.0822,112.8755
5556.66863101,26513.993802,0.6348043, 72.0406,288.1633, 74.9529,120.5409
5559.66518450,26513.956158,0.6346737, 72.0402,287.9728, 74.7967,129.7710
5560.16461646,26513.950945,0.6346451, 72.0405,287.9419, 74.7697,131.3129
5562.16234607,26513.960418,0.6345455, 72.0416,287.8220, 74.6574,137.4808
5565.15901927,26514.007914,0.6344866, 72.0396,287.6470, 74.4853,146.7895
5571.15256868,26513.879319,0.6344968, 72.0300,287.2837, 74.1622,165.5674
5572.65098697,26513.783727,0.6344649, 72.0298,287.1904, 74.0832,170.2914
5573.15045641,26513.721853,0.6344503, 72.0300,287.1595, 74.0566,171.8647
5574.64888108,26513.591859,0.6343999, 72.0311,287.0677, 73.9744,176.6002
5576.14730855,26513.413048,0.6343543, 72.0323,286.9780, 73.8890,181.3445
5577.64573932,26513.288125,0.6343349, 72.0321,286.8901, 73.8010,186.0989
5578.14521448,26513.223569,0.6343370, 72.0317,286.8609, 73.7716,187.6842
5579.14417559,26513.148588,0.6343543, 72.0301,286.8023, 73.7133,190.8653
5582.14108599,26512.954441,0.6344471, 72.0221,286.6189, 73.5487,200.4486
5583.63954634,26512.851287,0.6344608, 72.0188,286.5232, 73.4716,205.2560
5584.63853238,26512.741079,0.6344478, 72.0176,286.4592, 73.4204,208.4751
5586.63649953,26512.465423,0.6343849, 72.0174,286.3333, 73.3154,214.9242
5588.13497898,26512.192334,0.6343330, 72.0182,286.2419, 73.2328,219.7783
5589.13396680,26512.018905,0.6343078, 72.0186,286.1824, 73.1764,223.0226
5591.13194072,26511.663707,0.6342946, 72.0177,286.0649, 73.0619,229.5283
5592.13093168,26511.487344,0.6343060, 72.0164,286.0062, 73.0051,232.7933
5593.12992911,26511.313535,0.6343258, 72.0145,285.9470, 72.9492,236.0694
5593.62942280,26511.259226,0.6343373, 72.0134,285.9171, 72.9216,237.7061
5597.12586417,26510.631507,0.6344070, 72.0060,285.7025, 72.7358,249.2007
5600.12280171,26510.089147,0.6343945, 72.0038,285.5144, 72.5795,259.1141
5603.11969412,26509.448009,0.6343421, 72.0053,285.3302, 72.4148,269.0659
5603.61916821,26509.360614,0.6343376, 72.0054,285.3002, 72.3863,270.7260
5606.61599864,26508.543061,0.6343933, 72.0024,285.1211, 72.2131,280.7212
5606.61600404,26508.543032,0.6343933, 72.0024,285.1211, 72.2131,280.7251
5607.61493912,26508.267951,0.6344391, 71.9996,285.0598, 72.1574,284.0672
5608.11440575,26508.101546,0.6344631, 71.9981,285.0286, 72.1302,285.7407
5611.61066499,26507.387259,0.6345285, 71.9888,284.8007, 71.9504,297.5041
5612.60958161,26507.200208,0.6345042, 71.9880,284.7354, 71.8989,300.8733
5614.10794502,26506.885474,0.6344526, 71.9881,284.6398, 71.8188,305.9356
5614.60740161,26506.835587,0.6344353, 71.9883,284.6085, 71.7914,307.6287
5617.60407692,26506.520613,0.6343856, 71.9884,284.4258, 71.6207,317.7892
5618.10351470,26506.502806,0.6343887, 71.9881,284.3958, 71.5917,319.4847
5623.59721542,26512.677701,0.6345787, 71.9777,284.0551, 71.2816,338.1934
5626.09428649,26521.394856,0.6347371, 71.9745,283.8946, 71.1530,346.7298
5626.09428887,26521.395970,0.6347371, 71.9745,283.8946, 71.1530,346.7316
5627.09309839,26520.234664,0.6347398, 71.9734,283.8303, 71.1112,350.1388
5628.09189009,26507.694825,0.6345769, 71.9720,283.7658, 71.0740,353.5356
5630.08946371,26455.016719,0.6338179, 71.9685,283.6343, 70.9516,  0.3668
5631.08821456,26451.941423,0.6337890, 71.9679,283.5679, 70.8624,  3.7824
5632.58634924,26479.080349,0.6342216, 71.9685,283.4706, 70.7583,  8.9045
5633.08569604,26488.369229,0.6343659, 71.9683,283.4388, 70.7330, 10.5871
5635.08316286,26507.250171,0.6346807, 71.9654,283.3119, 70.6417, 17.3895
5636.08187001,26509.426717,0.6347372, 71.9626,283.2469, 70.5952, 20.7838
5636.08188133,26509.429431,0.6347372, 71.9626,283.2469, 70.5952, 20.7920
5638.57862193,26508.750348,0.6347413, 71.9558,283.0794, 70.4741, 29.2876
5640.07664229,26507.544586,0.6346812, 71.9540,282.9790, 70.3978, 34.3839
5641.07530723,26506.823884,0.6346326, 71.9537,282.9136, 70.3444, 37.7762
5645.06985472,26504.842587,0.6345366, 71.9524,282.6639, 70.1185, 51.2997
5646.06846918,26504.509217,0.6345460, 71.9508,282.6024, 70.0620, 54.6710
5650.06280206,26503.565289,0.6346207, 71.9405,282.3503, 69.8461, 68.0811
5650.06280645,26503.565170,0.6346207, 71.9405,282.3503, 69.8461, 68.0843
5651.06136154,26503.410747,0.6346291, 71.9381,282.2856, 69.7945, 71.4188
5651.06136792,26503.410599,0.6346291, 71.9381,282.2856, 69.7945, 71.4234
5653.05843904,26503.191502,0.6346193, 71.9350,282.1553, 69.6918, 78.0645
5653.05845140,26503.191284,0.6346193, 71.9350,282.1553, 69.6918, 78.0735
5656.05394752,26503.070020,0.6345567, 71.9342,281.9619, 69.5333, 87.9514
5656.05396198,26503.069832,0.6345567, 71.9342,281.9619, 69.5333, 87.9618
5657.05242109,26503.077843,0.6345362, 71.9343,281.8988, 69.4783, 91.2235
5657.05242369,26503.077812,0.6345362, 71.9343,281.8988, 69.4783, 91.2254
5662.04462683,26503.321960,0.6345854, 71.9274,281.5878, 69.1989,107.4348
5663.04302808,26503.374652,0.6346175, 71.9239,281.5234, 69.1459,110.6391
5663.04304010,26503.374574,0.6346175, 71.9239,281.5234, 69.1459,110.6478
5664.04146057,26503.418266,0.6346414, 71.9204,281.4576, 69.0944,113.8621
5665.03986323,26503.456367,0.6346489, 71.9172,281.3906, 69.0441,117.0593
5667.03656330,26503.549673,0.6346035, 71.9135,281.2560, 68.9431,123.3643
5667.03656853,26503.549653,0.6346035, 71.9135,281.2560, 68.9431,123.3681
5667.03659292,26503.549558,0.6346035, 71.9135,281.2560, 68.9431,123.3857
5667.03659386,26503.549555,0.6346035, 71.9135,281.2560, 68.9431,123.3864
5667.03659989,26503.549531,0.6346035, 71.9135,281.2560, 68.9431,123.3908
5668.03494862,26503.625022,0.6345606, 71.9131,281.1900, 68.8907,126.5352
5668.03494863,26503.625022,0.6345606, 71.9131,281.1900, 68.8907,126.5352
5671.02989956,26504.002452,0.6344563, 71.9132,281.0001, 68.7245,135.8674
5677.01961056,26505.016269,0.6344759, 71.9008,280.6265, 68.3985,154.2227
5678.01785189,26505.180393,0.6344733, 71.8985,280.5625, 68.3474,157.2261
5679.01608586,26505.338066,0.6344630, 71.8968,280.4983, 68.2965,160.2171
5681.01250867,26505.646391,0.6344207, 71.8951,280.3698, 68.1939,166.1444
5682.01070133,26505.799661,0.6343926, 71.8952,280.3061, 68.1415,169.0833
5683.00888682,26505.955469,0.6343640, 71.8955,280.2431, 68.0880,172.0093
5683.00889042,26505.955463,0.6343640, 71.8955,280.2431, 68.0880,172.0119
5684.00706258,26506.115596,0.6343388, 71.8960,280.1808, 68.0334,174.9204
5687.99957649,26506.857893,0.6343311, 71.8935,279.9358, 67.8104,186.3489
5689.49674017,26507.177081,0.6343639, 71.8895,279.8426, 67.7293,190.5805
5695.98419624,26508.409691,0.6342548, 71.8782,279.4221, 67.3942,208.5318
5695.98427706,26508.409628,0.6342548, 71.8782,279.4221, 67.3942,208.5903
5698.97825461,26508.878495,0.6341744, 71.8793,279.2385, 67.2253,216.5962
5701.97223070,26509.423911,0.6341894, 71.8744,279.0571, 67.0587,224.5293
5701.97223232,26509.423906,0.6341894, 71.8744,279.0571, 67.0587,224.5305
5708.95786588,26510.624506,0.6341209, 71.8651,278.6212, 66.6942,242.5624
5711.95149155,26510.983689,0.6340605, 71.8677,278.4388, 66.5298,250.0334
5718.93642135,26511.753900,0.6341727, 71.8558,278.0117, 66.1495,267.1108
5721.92985866,26512.121409,0.6341060, 71.8519,277.8202, 65.9954,274.2791
5727.91646036,26512.354746,0.6340310, 71.8528,277.4595, 65.6585,288.3073
5727.91646271,26512.354717,0.6340310, 71.8528,277.4595, 65.6585,288.3090
5727.91646866,26512.354643,0.6340310, 71.8528,277.4595, 65.6585,288.3134
5731.90739263,26512.411502,0.6340925, 71.8439,277.2168, 65.4444,297.4884
5739.88885763,26512.600824,0.6340214, 71.8445,276.7306, 65.0129,315.4653
5740.38763078,26512.628871,0.6340296, 71.8446,276.7012, 64.9841,316.5368
5747.86979286,26515.416246,0.6342207, 71.8291,276.2383, 64.5762,333.0222
5750.86257678,26520.514218,0.6342101, 71.8301,276.0519, 64.4078,339.5820
5752.85775239,26526.363115,0.6342915, 71.8316,275.9327, 64.2905,343.9556
5759.34181880,26490.483076,0.6340658, 71.8144,275.5379, 63.9729,358.0195
5759.84057072,26480.610937,0.6339349, 71.8128,275.5057, 63.9432,359.0945
5762.83311662,26465.257181,0.6337681, 71.8084,275.3115, 63.7337,  5.6086
5768.31931488,26511.915484,0.6345149, 71.8133,274.9731, 63.4399, 17.5015
5770.31424614,26515.644657,0.6346506, 71.8099,274.8518, 63.3388, 21.8319
5771.31168720,26516.197016,0.6347043, 71.8069,274.7897, 63.2886, 23.9899
5771.31169379,26516.198047,0.6347043, 71.8069,274.7897, 63.2886, 23.9946
5772.30914700,26516.285417,0.6347439, 71.8034,274.7264, 63.2391, 26.1687
5775.30147647,26515.323298,0.6347543, 71.7958,274.5331, 63.0897, 32.7153
5781.78468004,26512.444602,0.6347642, 71.7942,274.1345, 62.7319, 47.0064
5784.27819473,26511.352444,0.6348604, 71.7876,273.9815, 62.5963, 52.5688
5785.77427322,26510.786876,0.6349024, 71.7830,273.8876, 62.5182, 55.9091
5788.76640968,26509.744643,0.6349322, 71.7772,273.6984, 62.3640, 62.6317
5790.76111337,26509.154474,0.6349325, 71.7767,273.5732, 62.2591, 67.1165
5796.24648797,26507.726876,0.6350611, 71.7757,273.2367, 61.9570, 79.5748
5801.73172120,26506.228000,0.6352582, 71.7571,272.8835, 61.6713, 92.1814
5807.21681852,26505.135182,0.6352381, 71.7557,272.5347, 61.3721,104.9320
5813.69905836,26504.029240,0.6354176, 71.7392,272.1266, 61.0242,120.1402
5816.69078555,26503.585214,0.6354150, 71.7353,271.9346, 60.8695,127.1837
5822.67416138,26503.053559,0.6354832, 71.7353,271.5599, 60.5435,141.3133
5823.17273412,26503.031646,0.6355025, 71.7345,271.5289, 60.5158,142.4646
5824.16995314,26502.987742,0.6355453, 71.7322,271.4662, 60.4614,144.8219
5833.64323742,26502.695171,0.6356082, 71.7147,270.8509, 59.9568,167.0673
5833.64324028,26502.695159,0.6356082, 71.7147,270.8509, 59.9568,167.0693
5837.63187474,26502.974609,0.6357181, 71.7077,270.6009, 59.7347,176.3182
5844.61186610,26503.599916,0.6357333, 71.6952,270.1544, 59.3698,192.2933
5851.59158425,26504.471521,0.6358693, 71.6935,269.7188, 58.9888,207.8153
5857.07555124,26505.449079,0.6359433, 71.6771,269.3623, 58.7043,219.7303
5859.56823434,26505.762728,0.6359017, 71.6787,269.2028, 58.5679,225.0632
5865.55054419,26506.809886,0.6360668, 71.6727,268.8310, 58.2337,237.5565
5868.54166115,26507.393019,0.6360944, 71.6657,268.6415, 58.0778,243.6714
5871.53273143,26507.898373,0.6360810, 71.6654,268.4538, 57.9209,249.6853
5873.52675049,26508.189955,0.6360907, 71.6679,268.3308, 57.8131,253.6351
5880.50569973,26509.184432,0.6363514, 71.6626,267.9006, 57.4347,267.1279
5882.99815184,26509.570293,0.6363988, 71.6553,267.7405, 57.3063,271.8475
5882.99815193,26509.570292,0.6363988, 71.6553,267.7405, 57.3063,271.8475
5882.99816063,26509.570177,0.6363988, 71.6553,267.7405, 57.3063,271.8538
5887.98292017,26510.134060,0.6363964, 71.6578,267.4277, 57.0335,281.0856
5888.97988477,26510.197094,0.6364363, 71.6587,267.3673, 56.9759,282.9214
5890.47529643,26510.320193,0.6365155, 71.6576,267.2762, 56.8910,285.6368
5894.46301996,26510.615670,0.6366685, 71.6471,267.0283, 56.6769,292.7892
5894.46302298,26510.615597,0.6366685, 71.6471,267.0283, 56.6769,292.7913
5896.95531347,26510.742216,0.6366908, 71.6441,266.8726, 56.5466,297.1988
5896.95531369,26510.742210,0.6366908, 71.6441,266.8726, 56.5466,297.1990
5896.95531827,26510.742084,0.6366908, 71.6441,266.8726, 56.5466,297.2023
5901.44135944,26510.868916,0.6367585, 71.6487,266.5982, 56.3047,305.0077
5909.91471279,26510.767091,0.6371534, 71.6345,266.0725, 55.8514,319.3534
5912.40682788,26510.918494,0.6371581, 71.6316,265.9135, 55.7194,323.5197
5916.39413612,26511.599830,0.6372711, 71.6361,265.6688, 55.4911,330.1180
5919.88297626,26513.687497,0.6375117, 71.6282,265.4532, 55.2930,335.8377
5921.87655106,26516.245272,0.6376116, 71.6219,265.3273, 55.1843,339.0752
5926.36202479,26528.045108,0.6378489, 71.6194,265.0469, 54.9396,346.3281
5926.86039379,26529.713066,0.6378877, 71.6198,265.0163, 54.9126,347.1225
5949.78429429,26512.861300,0.6388612, 71.5737,263.5527, 53.6897, 23.7739
5957.75704514,26512.843330,0.6390672, 71.5720,263.0509, 53.2778, 36.6584
5962.73979848,26511.182211,0.6393453, 71.5556,262.7309, 53.0201, 44.7910
5974.19932234,26507.809308,0.6396813, 71.5364,261.9918, 52.4070, 63.7382
5982.17076519,26505.863457,0.6397743, 71.5248,261.4766, 51.9887, 77.2503
5982.17077832,26505.863186,0.6397743, 71.5248,261.4766, 51.9887, 77.2598
5986.65439148,26505.031518,0.6399738, 71.5235,261.1923, 51.7471, 84.8045
5994.12659943,26503.773935,0.6401176, 71.5021,260.6980, 51.3565, 97.3040
5994.62481283,26503.726672,0.6401170, 71.5027,260.6658, 51.3286, 98.1959
6004.08885771,26503.099806,0.6404527, 71.4888,260.0548, 50.8106,113.7672
6004.08885926,26503.099794,0.6404527, 71.4888,260.0548, 50.8106,113.7684
6007.07734326,26503.079432,0.6404476, 71.4879,259.8614, 50.6515,118.5899
6007.07736248,26503.079283,0.6404476, 71.4879,259.8614, 50.6515,118.6038
6007.07738421,26503.079115,0.6404476, 71.4879,259.8614, 50.6515,118.6196
6011.55991403,26503.340188,0.6405650, 71.4938,259.5777, 50.4067,125.6763
6013.05404632,26503.413569,0.6406432, 71.4935,259.4828, 50.3260,127.9820
6015.04619912,26503.544881,0.6407523, 71.4894,259.3545, 50.2198,131.0283
6015.04622301,26503.544711,0.6407523, 71.4894,259.3545, 50.2198,131.0456
6015.04622395,26503.544705,0.6407523, 71.4894,259.3545, 50.2198,131.0463
6017.03833451,26503.663334,0.6408336, 71.4823,259.2235, 50.1158,134.0508
6018.03437530,26503.719867,0.6408541, 71.4787,259.1573, 50.0641,135.5389
6023.01437714,26504.238075,0.6408841, 71.4791,258.8325, 49.7925,142.7791
6026.00225133,26504.742648,0.6410752, 71.4816,258.6439, 49.6226,146.9527
6026.99818480,26504.898009,0.6411452, 71.4793,258.5800, 49.5677,148.3119
6028.99003648,26505.188704,0.6412438, 71.4725,258.4507, 49.4608,151.0018
6030.98184725,26505.481980,0.6412833, 71.4673,258.3212, 49.3556,153.6386
6031.97771852,26505.637730,0.6412907, 71.4663,258.2569, 49.3029,154.9225
6031.97772689,26505.637692,0.6412907, 71.4663,258.2569, 49.3029,154.9286
6032.47565989,26505.749710,0.6412943, 71.4661,258.2249, 49.2765,155.5661
6033.96946085,26505.971734,0.6413079, 71.4676,258.1299, 49.1965,157.4681
6034.96529358,26506.149925,0.6413266, 71.4695,258.0671, 49.1428,158.7008
6034.96529842,26506.149900,0.6413266, 71.4695,258.0671, 49.1428,158.7043
6035.96113098,26506.332860,0.6413558, 71.4717,258.0047, 49.0887,159.9284
6035.96113479,26506.332839,0.6413558, 71.4717,258.0047, 49.0887,159.9312
6036.95696104,26506.520728,0.6413963, 71.4739,257.9425, 49.0346,161.1420
6037.95278205,26506.710830,0.6414477, 71.4756,257.8803, 48.9805,162.3402
6038.94857867,26506.901014,0.6415078, 71.4766,257.8180, 48.9266,163.5123
6039.94438097,26507.089150,0.6415738, 71.4767,257.7553, 48.8731,164.6802
6041.93594140,26507.459016,0.6417078, 71.4738,257.6285, 48.7677,166.9611
6042.93171375,26507.636118,0.6417672, 71.4710,257.5642, 48.7159,168.0853
6043.92746424,26507.806756,0.6418161, 71.4677,257.4993, 48.6644,169.1876
6045.91893258,26508.122419,0.6418745, 71.4617,257.3688, 48.5614,171.3514
6049.90172679,26508.710734,0.6419475, 71.4648,257.1129, 48.3452,175.5032
6050.89739754,26508.877966,0.6420078, 71.4678,257.0508, 48.2887,176.5009
6051.89305864,26509.058865,0.6420908, 71.4697,256.9887, 48.2321,177.4825
6052.88871352,26509.248604,0.6421860, 71.4698,256.9262, 48.1762,178.4509
6053.88435789,26509.439962,0.6422795, 71.4680,256.8630, 48.1214,179.4042
6054.87998836,26509.625199,0.6423598, 71.4648,256.7991, 48.0677,180.3411
6055.87561584,26509.801347,0.6424214, 71.4611,256.7348, 48.0148,181.2702
6056.87122809,26509.966833,0.6424647, 71.4578,256.6704, 47.9624,182.1829
6058.86241971,26510.271783,0.6425156, 71.4542,256.5424, 47.8578,183.9670
6059.85800193,26510.415028,0.6425357, 71.4542,256.4792, 47.8051,184.8398
6060.85356360,26510.554699,0.6425597, 71.4553,256.4164, 47.7522,185.6909
6060.85357228,26510.554661,0.6425597, 71.4553,256.4164, 47.7522,185.6972
6061.84912598,26510.691720,0.6425918, 71.4572,256.3541, 47.6989,186.5354
6061.84912612,26510.691720,0.6425918, 71.4572,256.3541, 47.6989,186.5355
6063.84021933,26510.959742,0.6426889, 71.4617,256.2304, 47.5920,188.1800
6064.83575321,26511.093295,0.6427542, 71.4636,256.1686, 47.5385,188.9825
6065.83127788,26511.226875,0.6428287, 71.4647,256.1066, 47.4853,189.7717
6066.82679440,26511.359102,0.6429091, 71.4648,256.0442, 47.4325,190.5488
6067.82230109,26511.489216,0.6429915, 71.4638,255.9813, 47.3802,191.3132
6068.81780206,26511.616384,0.6430715, 71.4617,255.9178, 47.3283,192.0686
6069.81329257,26511.738102,0.6431446, 71.4588,255.8538, 47.2770,192.8124
6070.80877491,26511.852732,0.6432072, 71.4552,255.7892, 47.2260,193.5468
6070.80877530,26511.852730,0.6432072, 71.4552,255.7892, 47.2260,193.5470
6071.80424819,26511.958792,0.6432567, 71.4516,255.7242, 47.1752,194.2718
6072.30198069,26511.978290,0.6432767, 71.4500,255.6917, 47.1496,194.6304
6073.79515979,26512.135445,0.6433185, 71.4461,255.5942, 47.0725,195.6893
6074.79060418,26512.203908,0.6433393, 71.4454,255.5297, 47.0200,196.3861
6075.28832163,26512.205011,0.6433509, 71.4457,255.4978, 46.9933,196.7299
6075.78603843,26512.260410,0.6433645, 71.4462,255.4660, 46.9665,197.0723
6076.78146694,26512.309593,0.6434047, 71.4484,255.4032, 46.9118,197.7502
6077.77688669,26512.359634,0.6434683, 71.4512,255.3409, 46.8564,198.4167
6078.77229987,26512.419788,0.6435572, 71.4533,255.2788, 46.8007,199.0729
6079.76770969,26512.495747,0.6436644, 71.4539,255.2163, 46.7454,199.7215
6080.76310973,26512.586415,0.6437760, 71.4522,255.1530, 46.6909,200.3592
6081.75850700,26512.683361,0.6438771, 71.4486,255.0889, 46.6374,200.9925
6082.75389391,26512.776615,0.6439581, 71.4441,255.0242, 46.5848,201.6170
6083.74927593,26512.857393,0.6440170, 71.4396,254.9593, 46.5328,202.2372
6085.74001969,26512.972057,0.6440877, 71.4336,254.8302, 46.4290,203.4596
6086.73538225,26513.008860,0.6441142, 71.4327,254.7664, 46.3769,204.0615
6092.20978696,26513.086027,0.6443969, 71.4394,254.4219, 46.0875,207.2620
6093.20512303,26513.096523,0.6444799, 71.4395,254.3590, 46.0353,207.8292
6095.69344807,26513.127650,0.6446964, 71.4348,254.1996, 45.9071,209.2333
6096.19110677,26513.122401,0.6447366, 71.4331,254.1672, 45.8816,209.5099
6099.67473168,26513.103400,0.6449332, 71.4179,253.9375, 45.7057,211.4696
6101.66535037,26513.017994,0.6449812, 71.4128,253.8064, 45.6032,212.5871
6104.65125057,26512.776116,0.6450950, 71.4156,253.6147, 45.4431,214.2569
6106.64187515,26512.606000,0.6452762, 71.4180,253.4883, 45.3344,215.3898
6108.13482600,26512.525269,0.6454422, 71.4150,253.3919, 45.2542,216.2299
6108.63246804,26512.498393,0.6454940, 71.4129,253.3593, 45.2280,216.5055
6109.13012068,26512.484388,0.6455410, 71.4104,253.3264, 45.2018,216.7899
6109.62777542,26512.458160,0.6455826, 71.4077,253.2935, 45.1759,217.0770
6110.62307760,26512.413391,0.6456473, 71.4020,253.2274, 45.1244,217.6501
6113.60899025,26512.175624,0.6457364, 71.3913,253.0305, 44.9698,219.4038
6115.59960076,26511.940499,0.6457857, 71.3912,252.9021, 44.8657,220.5934
6116.59491376,26511.809177,0.6458242, 71.3924,252.8385, 44.8135,221.1982
6117.59022565,26511.672013,0.6458744, 71.3937,252.7751, 44.7613,221.8053
6118.58554360,26511.534043,0.6459360, 71.3947,252.7116, 44.7092,222.4200
6119.58086673,26511.394974,0.6460070, 71.3951,252.6478, 44.6575,223.0421
6120.57619572,26511.256792,0.6460846, 71.3945,252.5837, 44.6061,223.6727
6123.56220870,26510.851680,0.6463146, 71.3858,252.3876, 44.4543,225.6164
6127.54360465,26510.272959,0.6464679, 71.3671,252.1199, 44.2535,228.3461
6128.53896059,26510.095550,0.6464773, 71.3646,252.0534, 44.2020,229.0548
6130.52968763,26509.683603,0.6465076, 71.3646,251.9226, 44.0964,230.5056
6131.52506412,26509.459917,0.6465468, 71.3665,251.8583, 44.0426,231.2495
6134.01352745,26508.942478,0.6467414, 71.3693,251.6975, 43.9077,233.1481
6136.50204254,26508.480943,0.6469721, 71.3609,251.5325, 43.7762,235.1263
6139.48831178,26507.997405,0.6470874, 71.3455,251.3311, 43.6207,237.6167
6140.48374365,26507.806064,0.6470944, 71.3429,251.2648, 43.5685,238.4721
6141.97690626,26507.523789,0.6471044, 71.3420,251.1666, 43.4896,239.7803
6144.96328699,26506.844274,0.6471897, 71.3466,250.9732, 43.3311,242.4813
6147.45200339,26506.256595,0.6473364, 71.3487,250.8116, 43.2003,244.8235
6147.94975932,26506.191397,0.6473700, 71.3483,250.7789, 43.1745,245.3062
6148.44752381,26506.050518,0.6474046, 71.3477,250.7462, 43.1486,245.7972
6148.94528113,26505.990694,0.6474384, 71.3467,250.7132, 43.1230,246.2847
6152.42963507,26505.322164,0.6476240, 71.3332,250.4784, 42.9445,249.7979
6155.91407804,26504.744530,0.6476508, 71.3217,250.2418, 42.7625,253.4934
6160.39418007,26503.735114,0.6478054, 71.3308,249.9487, 42.5162,258.4471
6162.38547288,26503.400242,0.6479849, 71.3296,249.8172, 42.4080,260.7757
6163.38116097,26503.277663,0.6480652, 71.3260,249.7502, 42.3548,261.9792
6164.87465187,26503.161809,0.6481459, 71.3185,249.6486, 42.2757,263.7684
6166.36815514,26502.984694,0.6481765, 71.3122,249.5472, 42.1958,265.5837
6168.85735817,26502.713568,0.6481772, 71.3094,249.3813, 42.0617,268.6589
6170.35091454,26502.480903,0.6481929, 71.3123,249.2838, 41.9801,270.5386
6174.33385273,26501.993641,0.6483734, 71.3217,249.0250, 41.7653,275.6508
6175.32961878,26501.906125,0.6484398, 71.3220,248.9595, 41.7125,276.9539
6176.32539605,26501.836394,0.6485070, 71.3211,248.8934, 41.6601,278.2664
6177.32118465,26501.784224,0.6485705, 71.3190,248.8267, 41.6080,279.5887
6177.81908540,26501.768196,0.6485992, 71.3175,248.7931, 41.5824,280.2552
6178.31699605,26501.748797,0.6486258, 71.3158,248.7594, 41.5561,280.9295
6181.30443027,26501.717367,0.6487117, 71.3046,248.5557, 41.3993,284.9663
6181.80234310,26501.706914,0.6487138, 71.3033,248.5218, 41.3730,285.6463
6182.30026750,26501.709996,0.6487144, 71.3024,248.4881, 41.3459,286.3350
6183.29606856,26501.691411,0.6487132, 71.3020,248.4213, 41.2915,287.6782
6184.78987245,26501.610857,0.6487274, 71.3053,248.3227, 41.2087,289.7651
6185.78572971,26501.547490,0.6487640, 71.3093,248.2581, 41.1527,291.1433
6185.78574452,26501.547007,0.6487639, 71.3093,248.2581, 41.1527,291.1541
6190.76522417,26501.466053,0.6492044, 71.3127,247.9301, 40.8795,298.1111
6192.25911656,26501.573369,0.6492890, 71.3063,247.8287, 40.7995,300.2192
6193.25506335,26501.621241,0.6493172, 71.3027,247.7612, 40.7460,301.6358
6194.25102233,26501.655060,0.6493302, 71.3006,247.6943, 40.6922,303.0585
6194.74900415,26501.629349,0.6493334, 71.3003,247.6611, 40.6654,303.7703
6198.73290521,26501.577524,0.6494194, 71.3102,247.4014, 40.4482,309.4393
6199.72890862,26501.546560,0.6494734, 71.3139,247.3372, 40.3944,310.8576
6201.22290578,26501.542988,0.6495767, 71.3181,247.2404, 40.3146,312.9637
6215.16816509,26501.241458,0.6503274, 71.3246,246.3156, 39.5661,332.8602
6215.66626296,26501.265542,0.6503883, 71.3257,246.2830, 39.5386,333.5809
6219.65096679,26503.213938,0.6507770, 71.3156,246.0149, 39.3209,339.2291
6223.63568650,26510.688022,0.6509634, 71.3155,245.7499, 39.0943,344.8051
6225.62819681,26518.721581,0.6511532, 71.3239,245.6212, 38.9795,347.6553
6225.62822142,26518.781604,0.6511539, 71.3239,245.6212, 38.9795,347.6731
6229.61318759,26539.814620,0.6517938, 71.3366,245.3637, 38.7707,353.2180
6230.60945169,26542.009190,0.6519340, 71.3364,245.2981, 38.7263,354.5970
6233.59818267,26523.333240,0.6519707, 71.3274,245.0973, 38.5992,358.6507
6233.59848686,26521.153040,0.6519423, 71.3273,245.0972, 38.5999,358.8706
6234.59480172,26506.125453,0.6518082, 71.3227,245.0289, 38.5507,  0.2681
6235.59111704,26490.723307,0.6516565, 71.3183,244.9602, 38.4948,  1.6660
6236.58743930,26477.724499,0.6515296, 71.3151,244.8915, 38.4328,  3.0686
6238.58009455,26465.172661,0.6514628, 71.3144,244.7555, 38.3003,  5.8722
6239.57644276,26465.479257,0.6515385, 71.3174,244.6888, 38.2347,  7.2791
6241.56916458,26473.771965,0.6518738, 71.3269,244.5575, 38.1127, 10.0815
6243.56175559,26484.664676,0.6523320, 71.3309,244.4252, 38.0044, 12.7495
6246.55093890,26498.698418,0.6528830, 71.3189,244.2203, 37.8554, 16.9319
6247.54733450,26502.021240,0.6529876, 71.3146,244.1521, 37.8059, 18.3246
6254.52237772,26512.750336,0.6535083, 71.3250,243.6926, 37.4521, 28.1716
6255.51888922,26513.314518,0.6536139, 71.3269,243.6274, 37.4022, 29.6143
6255.51894021,26513.326126,0.6536140, 71.3269,243.6274, 37.4022, 29.6512
6260.50142953,26514.757032,0.6541236, 71.3162,243.2924, 37.1559, 36.7776
6262.49436282,26514.968336,0.6542506, 71.3068,243.1555, 37.0557, 39.5813
6263.49083315,26515.034873,0.6542946, 71.3030,243.0872, 37.0046, 40.9874
6264.48733758,26515.084232,0.6543310, 71.3006,243.0194, 36.9527, 42.4192
6265.48373838,26515.122750,0.6543677, 71.3000,242.9524, 36.9000, 43.7760
6267.47678278,26515.181562,0.6544810, 71.3044,242.8206, 36.7934, 46.6613
6270.46643227,26515.184716,0.6548528, 71.3111,242.6239, 36.6359, 51.0234
6275.44933290,26514.755490,0.6553670, 71.2824,242.2799, 36.3791, 58.4149
6277.44238415,26514.611605,0.6554346, 71.2786,242.1448, 36.2732, 61.3144
6278.43892115,26514.553827,0.6554765, 71.2795,242.0783, 36.2204, 62.7723
6278.43893689,26514.553532,0.6554765, 71.2795,242.0783, 36.2204, 62.7837
6280.43234423,26514.433253,0.6556005, 71.2834,241.9464, 36.1160, 65.9381
6294.38513401,26512.771606,0.6564842, 71.2476,240.9895, 35.4012, 87.5519
6300.36511465,26511.881861,0.6571332, 71.2376,240.5807, 35.0910, 97.2228
6301.36179727,26511.606825,0.6572002, 71.2295,240.5097, 35.0392, 98.8746
6301.86014677,26511.460125,0.6572218, 71.2258,240.4743, 35.0130, 99.7103
6303.35514165,26511.139728,0.6572537, 71.2182,240.3693, 34.9329,102.1927
6303.35514778,26511.139670,0.6572537, 71.2182,240.3693, 34.9329,102.1972
6309.33540376,26510.213617,0.6574946, 71.2248,239.9642, 34.6151,112.4456
6310.33241203,26510.027109,0.6575727, 71.2247,239.8962, 34.5642,114.3870
6316.31262832,26508.596360,0.6579241, 71.1990,239.4764, 34.2594,124.8848
6326.28053088,26506.681168,0.6584159, 71.1994,238.7890, 33.7235,143.7138
6327.27703574,26506.413504,0.6585051, 71.1935,238.7182, 33.6714,145.4295
6334.75296522,26504.905133,0.6586754, 71.1876,238.1993, 33.2598,160.1553
6337.24494896,26504.606779,0.6588342, 71.1949,238.0301, 33.1272,165.1291
6337.24501044,26504.606442,0.6588342, 71.1949,238.0301, 33.1272,165.1736
6351.20074466,26502.982472,0.6594427, 71.1991,237.0614, 32.3688,194.1141
6353.19447568,26502.895989,0.6596732, 71.1992,236.9234, 32.2630,198.3199
6367.15081359,26503.291123,0.6604686, 71.2128,235.9595, 31.5018,227.9486
6377.61825161,26504.457154,0.6610161, 71.2268,235.2346, 30.9302,249.8273
6381.10730099,26504.938883,0.6614893, 71.2289,234.9927, 30.7496,256.8561
6383.59969783,26505.490979,0.6616824, 71.2175,234.8155, 30.6166,262.0049
6395.06454327,26506.914132,0.6625602, 71.2460,234.0286, 30.0121,284.9118
6395.56296256,26507.008371,0.6626049, 71.2444,233.9934, 29.9870,285.8450
6396.55991055,26507.149210,0.6626826, 71.2410,233.9226, 29.9360,287.7876
6396.55991764,26507.148997,0.6626826, 71.2410,233.9226, 29.9360,287.7927
6406.52946360,26507.336324,0.6634858, 71.2622,233.2337, 29.4111,306.9119
6408.52342751,26507.305964,0.6637823, 71.2551,233.0921, 29.3129,310.6744
6412.01283089,26507.031081,0.6640299, 71.2384,232.8430, 29.1296,317.2218
6421.98269624,26502.637996,0.6648148, 71.2569,232.1507, 28.6191,335.6008
6424.97369462,26502.279147,0.6650057, 71.2426,231.9342, 28.4617,341.0606
6427.96464055,26508.410692,0.6651656, 71.2363,231.7195, 28.2875,346.4821
6433.94666966,26552.005433,0.6663318, 71.2582,231.3038, 27.9800,357.2908
6436.43922441,26509.427831,0.6661547, 71.2384,231.1215, 27.8764,  1.7716
6439.92873370,26469.056466,0.6659063, 71.2144,230.8621, 27.6400,  8.0713
6444.91375947,26496.473279,0.6666580, 71.2276,230.5074, 27.3670, 16.9837
6449.40043326,26509.239725,0.6672460, 71.2170,230.1836, 27.1599, 25.0556
6451.39448629,26511.563654,0.6673992, 71.2038,230.0371, 27.0632, 28.6433
6456.87810018,26513.818147,0.6675885, 71.1890,229.6414, 26.7752, 38.5664
6459.37066453,26513.981729,0.6677790, 71.1987,229.4669, 26.6461, 43.0901
6460.86621899,26513.973762,0.6679694, 71.2007,229.3608, 26.5728, 45.8088
6472.33211582,26512.843496,0.6686950, 71.1705,228.5328, 25.9719, 67.0373
6475.32326407,26512.372487,0.6689357, 71.1646,228.3164, 25.8229, 72.6790
6476.32032009,26512.187087,0.6690041, 71.1591,228.2429, 25.7728, 74.5778
6477.31736383,26511.990115,0.6690600, 71.1525,228.1691, 25.7218, 76.4766
6479.80998071,26511.483227,0.6691377, 71.1361,227.9842, 25.5895, 81.2715
6483.29960674,26510.821464,0.6691644, 71.1295,227.7301, 25.3955, 88.0499
6489.78042964,26509.790424,0.6696715, 71.1400,227.2655, 25.0572,100.8487
6494.26714555,26508.465028,0.6698545, 71.1105,226.9319, 24.8107,109.9414
6503.73915072,26506.708961,0.6703003, 71.1266,226.2498, 24.3024,129.6364
6505.73326362,26506.200398,0.6703690, 71.1165,226.1014, 24.1946,133.8825
6512.71261153,26505.057944,0.6704632, 71.1282,225.5947, 23.7963,148.9882
6513.70966040,26504.980160,0.6705349, 71.1350,225.5239, 23.7425,151.1598
6518.69500022,26504.111358,0.6709966, 71.1265,225.1582, 23.4814,162.1571
6519.19351202,26503.954622,0.6710181, 71.1234,225.1209, 23.4532,163.2547
6527.66848628,26503.443498,0.6713211, 71.1566,224.5108, 22.9735,182.2330
6529.66266327,26503.323205,0.6714745, 71.1574,224.3651, 22.8694,186.7443
6529.66267499,26503.323152,0.6714745, 71.1574,224.3651, 22.8694,186.7528
6533.15244161,26503.125835,0.6716505, 71.1473,224.1062, 22.6794,194.6498
6534.14950190,26503.105296,0.6716735, 71.1451,224.0323, 22.6226,196.9023
6535.64510403,26503.113469,0.6716936, 71.1453,223.9224, 22.5360,200.2923
6539.13472495,26503.331422,0.6717914, 71.1668,223.6720, 22.3335,208.0935
6541.12886954,26503.516473,0.6719606, 71.1839,223.5304, 22.2261,212.5640
6542.12597317,26503.604107,0.6720764, 71.1890,223.4588, 22.1751,214.8095
6546.11428816,26503.947596,0.6724839, 71.1773,223.1633, 21.9677,223.6973
6547.11135483,26504.059653,0.6725297, 71.1733,223.0891, 21.9111,225.9133
6549.10547825,26504.331582,0.6725807, 71.1754,222.9435, 21.7944,230.3291
6553.09374641,26504.948212,0.6727987, 71.2080,222.6600, 21.5730,239.0553
6554.58937370,26505.124810,0.6729416, 71.2169,222.5526, 21.4969,242.2991
6556.08500648,26505.414684,0.6730929, 71.2198,222.4436, 21.4220,245.5281
6556.58353843,26505.440978,0.6731400, 71.2198,222.4069, 21.3970,246.5927
6564.56016770,26506.794801,0.6735789, 71.2155,221.8188, 20.9641,263.5502
6568.54846934,26507.221503,0.6739306, 71.2487,221.5341, 20.7551,271.8056
6572.03828410,26507.800196,0.6744014, 71.2447,221.2762, 20.5876,278.9285
6575.02952503,26508.338855,0.6746121, 71.2305,221.0529, 20.4268,284.9965
6575.52805456,26508.379433,0.6746321, 71.2308,221.0164, 20.3985,285.9973
6575.52806478,26508.379197,0.6746321, 71.2308,221.0164, 20.3985,286.0047
6578.51927666,26508.546794,0.6747851, 71.2477,220.8011, 20.2339,291.9819
6594.97124358,26506.412045,0.6760755, 71.2700,219.5917, 19.3962,323.9112
6600.95381931,26501.799742,0.6767311, 71.2462,219.1415, 19.1114,335.1713
6604.44360955,26497.799820,0.6768050, 71.2417,218.8805, 18.9144,341.7239
6609.92760924,26519.898952,0.6774350, 71.2630,218.4730, 18.6021,351.9159
6610.42616804,26527.385896,0.6775728, 71.2620,218.4352, 18.5748,352.8463
6610.42616812,26527.386384,0.6775728, 71.2620,218.4352, 18.5748,352.8464
6612.91893484,26560.222300,0.6782147, 71.2483,218.2455, 18.4645,357.4676
6613.91601888,26555.822711,0.6782376, 71.2397,218.1694, 18.4300,359.2965
6619.89849809,26474.647702,0.6776005, 71.2132,217.7092, 18.0575, 10.3560
6625.88104543,26502.652768,0.6786093, 71.2143,217.2548, 17.7672, 21.3035
6629.37085761,26509.414363,0.6789091, 71.1776,216.9843, 17.5901, 27.7413
6633.85768509,26512.237370,0.6790843, 71.1843,216.6494, 17.3478, 36.0153
6638.84319679,26513.107258,0.6794511, 71.1750,216.2719, 17.1047, 45.2812
6639.84029027,26513.167689,0.6795116, 71.1667,216.1948, 17.0543, 47.1411
6640.33883840,26513.173778,0.6795372, 71.1623,216.1562, 17.0284, 48.0749
6643.82863823,26513.109719,0.6796351, 71.1352,215.8870, 16.8369, 54.6408
6644.32715148,26513.065990,0.6796404, 71.1332,215.8489, 16.8082, 55.5642
6644.82569227,26513.035007,0.6796455, 71.1318,215.8111, 16.7797, 56.5088
6652.30380824,26512.241305,0.6800331, 71.1432,215.2479, 16.3859, 70.7099
6652.30382943,26512.241374,0.6800331, 71.1432,215.2479, 16.3859, 70.7252
6658.78481670,26511.115416,0.6802755, 71.1001,214.7483, 16.0248, 83.3064
6665.76406507,26509.943521,0.6805755, 71.1139,214.2207, 15.6556, 96.8928
6665.76435995,26509.942799,0.6805754, 71.1139,214.2207, 15.6556, 97.1063
6667.75846777,26509.469175,0.6806513, 71.1011,214.0660, 15.5483,101.0856
6687.69999306,26505.520365,0.6811726, 71.1129,212.5439, 14.4134,143.0828
6690.19269131,26505.312459,0.6812813, 71.1327,212.3567, 14.2795,148.5195
6696.67374811,26504.044921,0.6815446, 71.1229,211.8573, 13.9238,162.8818
6700.16342246,26503.718895,0.6815650, 71.1314,211.5902, 13.7119,170.6656
6701.16050913,26503.691266,0.6815772, 71.1398,211.5150, 13.6523,172.9209
6706.64441327,26503.587833,0.6818879, 71.1809,211.1009, 13.3591,185.2206
6712.62680912,26503.190881,0.6821458, 71.1685,210.6388, 13.0166,198.7235
6718.60922577,26503.787035,0.6824298, 71.2221,210.1877, 12.6902,212.1416
6718.60925215,26503.786902,0.6824298, 71.2221,210.1877, 12.6902,212.1607
6724.09317757,26504.139408,0.6827187, 71.2115,209.7634, 12.3929,224.3854
6725.09021855,26504.260820,0.6827449, 71.2118,209.6865, 12.3341,226.5782
6731.57116115,26505.409276,0.6830223, 71.2631,209.1951, 11.9731,240.7369
6733.56529499,26505.734452,0.6832051, 71.2692,209.0424, 11.8781,244.9878
6738.05212818,26506.461141,0.6835148, 71.2466,208.6935, 11.6419,254.5324
6741.04327430,26507.023644,0.6836080, 71.2599,208.4654, 11.4681,260.7913
6747.52429694,26508.103160,0.6840546, 71.2898,207.9700, 11.1480,274.0956
6749.51845901,26508.449071,0.6841834, 71.2788,207.8144, 11.0461,278.1364
6757.49496651,26509.276209,0.6845203, 71.2962,207.2014, 10.6102,293.9839
6758.49204272,26509.282528,0.6845938, 71.3029,207.1252, 10.5628,295.9240
6763.97595742,26509.623248,0.6850477, 71.2764,206.6977, 10.3030,306.4875
6764.47448562,26509.645240,0.6850728, 71.2723,206.6588, 10.2760,307.4426
6768.46267596,26509.201945,0.6852007, 71.2734,206.3516, 10.0519,315.0233
6771.45388967,26508.160251,0.6853490, 71.2910,206.1224,  9.9039,320.6512
6771.45389004,26508.160183,0.6853490, 71.2910,206.1224,  9.9039,320.6514
6771.45389424,26508.159409,0.6853490, 71.2910,206.1224,  9.9039,320.6545
6797.87591298,26477.319606,0.6860950, 71.2168,204.0447,  8.4776,  9.0655
6797.87591301,26477.319586,0.6860950, 71.2168,204.0447,  8.4776,  9.0655
6797.87591610,26477.317523,0.6860951, 71.2168,204.0447,  8.4776,  9.0678
6797.87592344,26477.312659,0.6860951, 71.2168,204.0447,  8.4775,  9.0731
6797.87594833,26477.296537,0.6860952, 71.2168,204.0446,  8.4774,  9.0912
6797.87594844,26477.296467,0.6860952, 71.2168,204.0446,  8.4774,  9.0913
6807.34793922,26506.569439,0.6868740, 71.1569,203.2896,  7.9703, 26.1897
6815.82272350,26511.797697,0.6871587, 71.1635,202.6264,  7.5327, 41.4724
6817.31827441,26512.187881,0.6872305, 71.1459,202.5075,  7.4582, 44.1802
6817.81680060,26512.276128,0.6872491, 71.1393,202.4678,  7.4315, 45.0957
6818.31530782,26512.385690,0.6872644, 71.1329,202.4283,  7.4039, 46.0012
6819.31233404,26512.518759,0.6872842, 71.1222,202.3494,  7.3460, 47.8300
6821.80485006,26512.526738,0.6872919, 71.1160,202.1542,  7.1949, 52.3968
6822.30335057,26512.510422,0.6872921, 71.1181,202.1155,  7.1655, 53.3088
6822.80185977,26512.458844,0.6872931, 71.1209,202.0767,  7.1366, 54.2261
6833.76913985,26511.499845,0.6874957, 71.0920,201.2129,  6.5434, 74.6345
6834.76614713,26511.353651,0.6874936, 71.0903,201.1344,  6.4823, 76.5277
6838.75413229,26510.756423,0.6874907, 71.1098,200.8226,  6.2484, 84.1021
6840.74813664,26510.473430,0.6875238, 71.1214,200.6666,  6.1445, 87.9003
6841.74514886,26510.326909,0.6875517, 71.1227,200.5882,  6.0950, 89.8099
6842.74218041,26510.166656,0.6875842, 71.1198,200.5094,  6.0456, 91.7401
6850.71808074,26508.621212,0.6876549, 71.1037,199.8804,  5.5784,107.3900
6850.71808971,26508.621212,0.6876549, 71.1037,199.8804,  5.5784,107.3965
6859.69103852,26506.793396,0.6877755, 71.1073,199.1729,  5.0876,125.5236
6865.67290143,26505.872697,0.6877577, 71.1393,198.7024,  4.7236,137.9745
6867.66686906,26505.696974,0.6877760, 71.1580,198.5462,  4.6167,142.1496
6873.15027179,26504.577587,0.6879043, 71.1465,198.1129,  4.3239,153.7499
6874.14725467,26504.363502,0.6879144, 71.1431,198.0339,  4.2623,155.9006
6884.61534545,26503.778898,0.6880149, 71.2005,197.2098,  3.6756,178.3761
6888.60314948,26503.488010,0.6880619, 71.1970,196.8940,  3.4364,187.0160
6890.59703494,26503.568073,0.6880661, 71.2111,196.7368,  3.3146,191.3326
6891.59400533,26503.660071,0.6880680, 71.2218,196.6584,  3.2560,193.5036
6897.07728217,26504.146065,0.6881565, 71.2622,196.2267,  2.9716,205.2664
6903.55725807,26504.517893,0.6882838, 71.2518,195.7142,  2.6012,218.9543
6903.55728882,26504.517881,0.6882838, 71.2518,195.7142,  2.6012,218.9766
6915.52036193,26506.626517,0.6885007, 71.2804,194.7700,  1.9642,243.4577
6918.01265616,26507.234425,0.6885258, 71.2936,194.5734,  1.8197,248.4398
6918.51105405,26507.292187,0.6885286, 71.2982,194.5342,  1.7921,249.3827
6933.46445993,26509.937804,0.6887807, 71.3203,193.3549,  1.0159,277.6718
6946.42376527,26511.289174,0.6889841, 71.2977,192.3329,  0.3461,300.7251
6949.41424131,26511.225653,0.6890020, 71.3094,192.0970,  0.2032,305.7892
6953.90011530,26511.199070,0.6890828, 71.2711,191.7430,359.9910,313.4263
6960.87776407,26509.286162,0.6891171, 71.2619,191.1936,359.6079,325.0315
6962.37299766,26508.400529,0.6891099, 71.2641,191.0752,359.5383,327.4821
6965.36347828,26505.917409,0.6891109, 71.2434,190.8384,359.4008,332.3754
6973.33769296,26487.942759,0.6889265, 71.1998,190.2060,358.9581,345.2494
6979.81665294,26521.904016,0.6891786, 71.1854,189.6849,358.5829,355.5239
6986.29534161,26511.887771,0.6890876, 71.1448,189.1726,358.2423,  5.7364
6990.28217211,26484.713605,0.6888120, 71.1489,188.8511,357.9959, 11.9613
6998.25564358,26502.662259,0.6891103, 71.0877,188.2158,357.5430, 24.4224
7003.73722662,26507.501775,0.6890863, 71.1094,187.7799,357.2455, 32.9685
7009.71706236,26509.765396,0.6890627, 71.0641,187.3070,356.9293, 42.3615
7017.68975135,26509.646924,0.6889339, 71.0931,186.6741,356.4772, 54.9552
7027.65517316,26508.672473,0.6888411, 71.0822,185.8854,355.8964, 70.9786
7049.07893390,26505.274467,0.6883669, 71.1411,184.1858,354.7083,106.3115
7065.51839237,26503.769317,0.6880155, 71.1966,182.8832,353.7777,133.7837
7069.50331331,26503.961209,0.6879104, 71.2377,182.5651,353.5473,140.2689
7072.49206668,26504.138496,0.6877755, 71.2576,182.3277,353.4010,145.1027
7081.45767214,26504.624328,0.6876307, 71.2595,181.6208,352.8964,159.1978
7083.44991739,26505.033406,0.6875549, 71.2788,181.4620,352.7902,162.1943
7086.43829396,26505.588619,0.6874144, 71.2920,181.2255,352.6447,166.6149
7092.41475580,26506.269910,0.6872935, 71.2609,180.7583,352.3257,175.1482
7093.41078675,26506.466626,0.6872836, 71.2620,180.6798,352.2672,176.5274
7094.40678994,26506.716424,0.6872659, 71.2669,180.6009,352.2097,177.8764
7102.37473016,26508.487586,0.6869429, 71.2753,179.9745,351.8166,188.1311
7106.35847373,26509.079867,0.6869096, 71.2541,179.6643,351.5927,192.9766
7108.35025151,26509.566490,0.6868678, 71.2609,179.5074,351.4813,195.2854
7109.34612196,26509.833480,0.6868324, 71.2666,179.4287,351.4285,196.4074
7110.83993237,26510.175500,0.6867621, 71.2745,179.3108,351.3534,198.0681
7116.31712628,26510.993565,0.6865172, 71.2495,178.8850,351.0916,203.9089
7119.30450200,26511.205616,0.6864842, 71.2223,178.6543,350.9269,206.9443
7133.24436540,26512.784937,0.6860801, 71.1708,177.5721,350.1938,219.5208
7136.23116954,26513.221565,0.6860138, 71.1747,177.3387,350.0255,221.9177
7137.22676223,26513.378525,0.6859702, 71.1782,177.2607,349.9734,222.6924
7144.19578349,26513.665679,0.6856585, 71.1356,176.7235,349.6250,227.8990
7145.19126626,26513.637298,0.6856494, 71.1244,176.6475,349.5688,228.5859
7146.18676575,26513.631737,0.6856459, 71.1160,176.5711,349.5107,229.2884
7147.18224641,26513.661299,0.6856425, 71.1111,176.4942,349.4518,229.9783
7152.65728160,26514.206470,0.6854592, 71.1216,176.0664,349.1532,233.6000
7171.56988423,26513.565393,0.6848331, 71.0370,174.6096,348.1348,245.2595
7176.54626367,26513.235195,0.6847945, 71.0286,174.2243,347.8385,248.0634
7176.54650943,26513.235953,0.6847946, 71.0286,174.2243,347.8385,248.2413
7180.52755603,26513.096509,0.6845941, 71.0464,173.9122,347.6282,250.4253
7181.52288495,26512.983443,0.6845364, 71.0441,173.8354,347.5784,251.0215
7206.40585757,26509.474734,0.6837086, 71.0611,171.9050,346.1827,267.8665
7210.38748481,26508.714031,0.6834497, 71.0628,171.5971,345.9790,271.1288
7212.37829399,26508.287502,0.6833923, 71.0536,171.4453,345.8670,272.8274
7213.37370024,26508.095264,0.6833801, 71.0514,171.3691,345.8079,273.6974
7239.75563768,26504.556879,0.6820197, 71.1424,169.3229,344.3571,301.3824
7243.73835921,26504.297127,0.6819183, 71.1562,169.0157,344.1239,306.2636
7249.71320428,26503.756373,0.6814349, 71.1946,168.5499,343.8151,314.0589
7254.19447086,26503.409367,0.6811761, 71.1766,168.2104,343.5766,320.0170
7254.19449689,26503.406836,0.6811761, 71.1766,168.2104,343.5766,320.0359
7262.65950378,26500.430667,0.6806205, 71.2154,167.5541,343.1301,331.4538
7263.65546343,26499.715665,0.6805156, 71.2121,167.4784,343.0836,332.8178
7268.63539340,26492.902464,0.6801922, 71.1841,167.1039,342.8230,339.7334
7272.61951379,26480.012253,0.6798245, 71.2010,166.7945,342.6096,345.2926
7279.59213664,26480.068253,0.6790536, 71.1909,166.2556,342.2167,354.9546
7286.56504700,26544.901745,0.6794980, 71.1860,165.7255,341.8599,  4.5332
7293.53849442,26494.511016,0.6783041, 71.1525,165.1997,341.4878, 14.0536
7298.51981485,26497.109688,0.6782227, 71.1355,164.8258,341.2004, 20.9489
7303.00265133,26501.448716,0.6778977, 71.1396,164.4850,340.9766, 26.7010
7303.50104667,26502.018215,0.6778561, 71.1370,164.4477,340.9531, 27.5498
7309.47920119,26506.686316,0.6775736, 71.0843,164.0092,340.6440, 35.8436
7309.47921556,26506.689725,0.6775736, 71.0843,164.0092,340.6440, 35.8540
7313.96295766,26508.554463,0.6774328, 71.0834,163.6725,340.4006, 42.1103
7314.95943170,26508.835453,0.6773580, 71.0857,163.5969,340.3507, 43.5420
7327.41378712,26511.497985,0.6766764, 71.0307,162.6794,339.6980, 60.1583
7334.88720354,26512.334658,0.6761448, 70.9897,162.1313,339.3146, 70.5641
7339.37141779,26512.465292,0.6760925, 70.9756,161.8011,339.0605, 76.9972
7346.84536922,26512.410041,0.6755760, 70.9686,161.2461,338.6762, 87.8332
7347.84189815,26512.438553,0.6755323, 70.9592,161.1747,338.6225, 89.2919
7353.82110618,26512.129249,0.6754267, 70.9530,160.7340,338.2822, 98.1842
7365.28108480,26511.159352,0.6748456, 70.9364,159.8883,337.6646,115.3369
7374.74978113,26509.970553,0.6742497, 70.9582,159.1818,337.1651,131.2336
7386.21135353,26508.247915,0.6736045, 70.9943,158.3277,336.5407,150.8769
7387.20805343,26508.077838,0.6735274, 70.9920,158.2549,336.4881,152.6491
7395.67992105,26506.787092,0.6731916, 71.0185,157.6238,336.0181,168.0156
7422.09382780,26504.280337,0.6711847, 71.0886,155.6735,334.6045,219.4978
7439.53818060,26505.253631,0.6694985, 71.1143,154.4007,333.6921,255.0237
7440.53503515,26505.327211,0.6693782, 71.1106,154.3296,333.6415,257.0508
7450.00493347,26506.709881,0.6687614, 71.0969,153.6479,333.1349,276.0032
7460.47191841,26508.747469,0.6678335, 71.0588,152.9066,332.5926,296.4050
7479.41250465,26508.973591,0.6664096, 71.0193,151.5577,331.6205,331.6081
7488.88277148,26477.420328,0.6654061, 70.9672,150.8928,331.1421,348.4312
7489.87977268,26470.958710,0.6652357, 70.9696,150.8190,331.0850,350.2779
7495.86112654,26537.415852,0.6654234, 70.9581,150.3869,330.7242,  0.8039
7500.84550767,26525.432112,0.6651030, 70.9310,150.0404,330.4891,  9.4598
7506.82674673,26503.147382,0.6645979, 70.9352,149.6089,330.1475, 19.7761
7516.79547112,26507.697039,0.6642512, 70.9032,148.9119,329.6119, 36.8950
7517.79233308,26508.027558,0.6641893, 70.9073,148.8399,329.5601, 38.5973
7536.73295775,26510.280968,0.6632020, 70.9052,147.5012,328.5779, 71.4845
7536.73338542,26510.293969,0.6632020, 70.9052,147.5012,328.5780, 71.7941
7543.71142151,26509.964677,0.6630000, 70.9033,147.0140,328.2018, 84.2112
7544.70832676,26509.822501,0.6629355, 70.9103,146.9417,328.1494, 86.0312
7550.68960779,26509.251159,0.6624112, 70.9175,146.5192,327.8402, 96.9238
7551.68655593,26509.166549,0.6623682, 70.9152,146.4501,327.7872, 98.8144
7556.67086722,26508.520478,0.6622737, 70.9249,146.0974,327.5204,108.0678
7562.65209195,26507.556858,0.6617999, 70.9554,145.6681,327.2142,119.3656
7562.65211197,26507.557027,0.6617999, 70.9554,145.6681,327.2142,119.3800
7567.63644858,26506.904226,0.6614727, 70.9471,145.3249,326.9505,128.9819
7572.62074408,26506.101376,0.6612093, 70.9763,144.9688,326.6822,138.7435
7579.59882101,26505.233085,0.6605480, 70.9819,144.4819,326.3156,152.6585
7585.57988166,26504.601099,0.6602788, 71.0050,144.0579,325.9974,164.7326
7590.06571684,26504.243781,0.6597707, 71.0217,143.7415,325.7675,173.8788
7590.56416225,26504.226700,0.6597115, 71.0210,143.7073,325.7415,174.9135
7594.55152955,26503.911368,0.6594057, 71.0106,143.4367,325.5281,183.1033
7597.54200672,26503.836375,0.6592699, 71.0190,143.2279,325.3652,189.2551
7601.52934566,26503.924633,0.6588308, 71.0385,142.9464,325.1549,197.4664
7602.02777569,26503.897773,0.6587645, 71.0390,142.9119,325.1290,198.5005
7612.49443047,26504.392000,0.6580095, 71.0363,142.1905,324.5729,219.9736
7616.48168415,26504.919749,0.6575448, 71.0449,141.9133,324.3677,228.0322
7617.47850217,26505.014096,0.6574163, 71.0422,141.8460,324.3161,230.0396
7619.47212522,26505.152145,0.6572066, 71.0321,141.7134,324.2110,234.0394
7636.41732698,26508.007562,0.6559289, 71.0001,140.5654,323.3109,266.7549
7639.90605014,26508.861445,0.6557446, 71.0031,140.3250,323.1301,273.2536
7641.40118546,26509.213632,0.6556077, 71.0052,140.2221,323.0535,275.9819
7648.87680128,26510.584118,0.6549408, 70.9700,139.7269,322.6638,289.3609
7661.83418534,26512.965191,0.6541113, 70.9380,138.8590,321.9834,311.5331
7674.29227216,26512.731669,0.6534149, 70.9132,138.0226,321.3479,331.4461
7675.28893575,26512.172265,0.6533805, 70.9068,137.9577,321.2964,333.0358
7675.28896295,26512.162996,0.6533804, 70.9068,137.9577,321.2965,333.0555
7682.76348895,26495.564504,0.6528845, 70.9054,137.4516,320.9226,344.5687
7688.24474480,26466.193651,0.6521504, 70.8840,137.0810,320.6235,352.9144
7695.22058684,26539.612203,0.6529342, 70.8968,136.5971,320.2289,  3.3597
7701.19975591,26523.009820,0.6522715, 70.8897,136.1975,319.9431, 12.2162
7736.07382208,26506.128952,0.6507938, 70.9410,133.8398,318.0966, 63.6131
7737.56827110,26506.017335,0.6506511, 70.9460,133.7385,318.0175, 65.8530
7742.05152906,26505.655247,0.6503574, 70.9460,133.4395,317.7804, 72.6056
7748.02888822,26504.938103,0.6501720, 70.9657,133.0334,317.4721, 81.5983
7752.51174429,26504.347656,0.6498022, 70.9840,132.7293,317.2403, 88.3488
7756.99446991,26503.983204,0.6494538, 70.9811,132.4342,317.0025, 95.1339
7765.95937348,26503.127047,0.6488175, 71.0078,131.8345,316.5190,108.6315
7769.94358867,26503.045747,0.6485450, 71.0032,131.5724,316.3042,114.5838
7769.94360374,26503.045863,0.6485450, 71.0032,131.5724,316.3042,114.5948
7773.92759122,26502.917790,0.6483838, 71.0102,131.3059,316.0952,120.4238
7778.90745381,26502.801898,0.6479794, 71.0254,130.9722,315.8335,127.6261
7783.88713779,26503.034806,0.6475414, 71.0156,130.6488,315.5652,134.7011
7793.84576337,26503.758903,0.6468379, 71.0203,129.9950,315.0234,148.2036
7795.83740405,26504.048481,0.6467010, 71.0133,129.8661,314.9149,150.7989
7799.82051133,26504.629092,0.6465557, 71.0067,129.6051,314.7041,155.8131
7813.26251226,26506.819181,0.6457222, 70.9866,128.7307,313.9915,171.2860
7813.76033282,26506.892608,0.6457099, 70.9861,128.6984,313.9649,171.8160
7813.76033296,26506.892609,0.6457099, 70.9861,128.6984,313.9649,171.8161
7832.67616912,26510.008441,0.6448648, 70.9680,127.4637,312.9702,189.6554
7838.64907039,26510.709584,0.6445549, 70.9480,127.0802,312.6547,194.4695
7839.64452022,26510.820285,0.6445433, 70.9449,127.0162,312.6026,195.2367
7846.61255795,26511.495779,0.6443163, 70.9482,126.5615,312.2358,200.3991
7847.11033708,26511.541413,0.6442891, 70.9473,126.5293,312.2094,200.8045
7856.06901759,26512.133206,0.6441544, 70.9361,125.9433,311.7505,207.0371
7868.01372357,26512.219636,0.6437855, 70.9310,125.1661,311.1360,215.0298
7882.94478787,26511.574242,0.6434673, 70.9492,124.1858,310.3685,225.3528
7883.44246889,26511.575926,0.6434565, 70.9509,124.1528,310.3439,225.6906
7888.41967896,26511.139458,0.6432469, 70.9648,123.8260,310.0917,229.4034
7894.89022977,26510.253126,0.6430553, 70.9641,123.4066,309.7564,234.5535
7907.83207386,26508.459443,0.6426457, 70.9928,122.5598,309.0791,246.1071
7915.79699483,26507.362370,0.6422929, 71.0205,122.0382,308.6715,254.2410
7916.79264969,26507.199676,0.6422360, 71.0213,121.9742,308.6185,255.3163
7929.73696326,26505.487200,0.6416597, 71.0456,121.1388,307.9210,270.5136
7934.71597315,26504.918881,0.6415249, 71.0485,120.8151,307.6571,276.9197
7988.50345897,26458.470665,0.6388617, 71.0562,117.3600,304.7426,356.8439
7994.48134384,26526.468731,0.6396060, 71.0650,116.9668,304.4202,  5.9762
8001.45588673,26518.195582,0.6392502, 71.0513,116.5246,304.0648, 16.5614
8008.43066898,26509.196781,0.6390660, 71.0494,116.0780,303.6844, 27.0520
8021.38458928,26509.280976,0.6390154, 71.0420,115.2403,303.0059, 46.3728
8024.37411179,26509.734465,0.6389560, 71.0417,115.0499,302.8493, 50.8438
8030.35320857,26510.391093,0.6389495, 71.0323,114.6656,302.5400, 59.7734
8037.32903586,26510.970048,0.6388926, 71.0413,114.2189,302.1760, 70.2809
8043.30854432,26511.104645,0.6389478, 71.0388,113.8294,301.8709, 79.4304
8043.30881053,26511.109174,0.6389479, 71.0388,113.8294,301.8710, 79.6231
8050.28480825,26511.017162,0.6388494, 71.0539,113.3776,301.5234, 90.2556
8050.28507319,26511.020099,0.6388494, 71.0539,113.3776,301.5234, 90.4474
8054.27133803,26510.881374,0.6387995, 71.0543,113.1227,301.3161, 96.5548
8054.27135014,26510.881487,0.6387995, 71.0543,113.1227,301.3161, 96.5635
8054.27160297,26510.883834,0.6387995, 71.0543,113.1226,301.3161, 96.7466
8058.75618986,26510.589880,0.6387938, 71.0568,112.8320,301.0898,103.7217
8059.25449754,26510.507628,0.6387905, 71.0583,112.7998,301.0648,104.5163
8059.25476248,26510.509763,0.6387905, 71.0583,112.7998,301.0648,104.7081
8064.23784160,26510.048010,0.6387097, 71.0725,112.4825,300.8002,112.7069
8064.23810908,26510.049376,0.6387097, 71.0725,112.4825,300.8002,112.9005
8070.21793853,26509.394511,0.6387211, 71.0776,112.0937,300.4925,122.7473
8070.21820601,26509.396020,0.6387211, 71.0776,112.0937,300.4925,122.9409
8078.19159625,26508.180514,0.6385425, 71.1018,111.5811,300.0872,136.5825
8078.19186245,26508.181533,0.6385425, 71.1018,111.5811,300.0873,136.7753
8085.16872547,26507.134713,0.6384470, 71.1084,111.1342,299.7222,149.1713
8085.16899168,26507.135692,0.6384469, 71.1084,111.1342,299.7222,149.3641
8091.14919824,26506.052949,0.6383223, 71.1283,110.7561,299.3982,160.3002
8091.14946318,26506.053646,0.6383223, 71.1283,110.7561,299.3982,160.4921
8097.12978360,26505.267139,0.6382965, 71.1348,110.3709,299.0776,171.7424
8101.11687062,26504.666068,0.6382061, 71.1471,110.1141,298.8727,179.5169
8108.09441271,26503.753108,0.6380270, 71.1594,109.6764,298.4916,193.4396
8109.09122279,26503.659057,0.6380156, 71.1594,109.6131,298.4373,195.4639
8112.08161681,26503.409621,0.6379827, 71.1607,109.4221,298.2775,201.5424
8116.06883780,26503.049922,0.6379071, 71.1706,109.1712,298.0601,209.7304
8120.05611215,26502.809471,0.6378646, 71.1759,108.9231,297.8280,217.9992
8120.05637836,26502.810974,0.6378645, 71.1759,108.9230,297.8280,218.1921
8124.04367099,26502.845055,0.6378871, 71.1758,108.6655,297.6104,226.4999
8125.04022932,26502.863655,0.6378803, 71.1770,108.6007,297.5582,228.3871
8125.04022957,26502.863657,0.6378803, 71.1770,108.6007,297.5582,228.3873
8125.04049553,26502.865143,0.6378802, 71.1770,108.6007,297.5582,228.5799
8130.02437974,26502.982874,0.6377699, 71.1864,108.2848,297.2909,238.8049
8130.02464599,26502.984957,0.6377698, 71.1864,108.2848,297.2909,238.9978
8136.00545811,26503.303932,0.6377188, 71.1851,107.9110,296.9559,251.3413
8136.00572424,26503.306413,0.6377187, 71.1851,107.9110,296.9559,251.5341
8141.98651007,26504.002835,0.6377053, 71.1845,107.5296,296.6333,263.7849
8142.98335598,26504.148569,0.6376950, 71.1860,107.4674,296.5777,265.8500
8142.98336314,26504.148667,0.6376950, 71.1860,107.4674,296.5777,265.8552
8142.98362942,26504.152321,0.6376949, 71.1861,107.4674,296.5777,266.0481
8148.96474974,26505.040706,0.6377662, 71.1838,107.0915,296.2341,278.3636
8149.96160263,26505.229127,0.6377927, 71.1826,107.0261,296.1805,280.3962
8154.94586914,26506.389388,0.6378035, 71.1843,106.7010,295.9200,290.4660
8155.94272672,26506.643923,0.6377908, 71.1852,106.6378,295.8666,292.4628
8164.91450971,26509.226614,0.6378766, 71.1764,106.0685,295.3774,310.1678
8170.89569639,26511.756066,0.6379307, 71.1775,105.6847,295.0610,321.6660
8177.87376953,26514.502430,0.6382005, 71.1705,105.2345,294.6849,334.7715
8184.85183422,26499.022517,0.6380597, 71.1729,104.7762,294.3561,347.5327
8191.82992377,26468.433468,0.6377108, 71.1657,104.3112,293.9388,  0.0792
8198.80772144,26529.956976,0.6385425, 71.1777,103.8527,293.6043, 12.1951
8198.80798764,26529.772752,0.6385387, 71.1778,103.8527,293.6046, 12.3877
8199.80461197,26527.903761,0.6385215, 71.1784,103.7899,293.5524, 13.9590
8199.80487817,26527.630658,0.6385169, 71.1784,103.7899,293.5525, 14.1518
8205.78577952,26515.526444,0.6385707, 71.1761,103.3946,293.2367, 24.3693
8205.78604572,26515.387923,0.6385694, 71.1761,103.3946,293.2365, 24.5623
8206.78290396,26514.331557,0.6385719, 71.1772,103.3270,293.1866, 26.2882
8211.76697160,26511.725751,0.6385199, 71.1863,103.0010,292.9305, 34.7350
8211.76697792,26511.724988,0.6385199, 71.1863,103.0010,292.9305, 34.7396
8211.76724381,26511.693390,0.6385201, 71.1863,103.0009,292.9304, 34.9321
8218.74500150,26510.840790,0.6386481, 71.1878,102.5496,292.5654, 46.7823
8219.74189490,26510.775922,0.6386656, 71.1882,102.4830,292.5158, 48.5307
8219.74216143,26510.775077,0.6386660, 71.1882,102.4830,292.5158, 48.7236
8226.71983293,26510.656025,0.6386766, 71.2027,102.0331,292.1558, 60.5979
8232.70091887,26510.232423,0.6388630, 71.2074,101.6408,291.8469, 71.0271
8239.67878118,26509.653823,0.6387824, 71.2263,101.1871,291.4943, 83.3243
8240.67568023,26509.571679,0.6387823, 71.2281,101.1245,291.4410, 85.1440
8246.65668189,26508.808687,0.6388640, 71.2332,100.7385,291.1293, 95.8975
8253.63441858,26507.793329,0.6388207, 71.2521,100.2939,290.7611,108.6787
8260.61218994,26506.643313,0.6389889, 71.2614, 99.8411,290.3916,121.8028
8266.59298684,26505.588499,0.6388911, 71.2789, 99.4600,290.0762,133.2236
8274.56731318,26504.381155,0.6389908, 71.2867, 98.9530,289.6447,148.7860
8281.54472534,26503.332154,0.6389982, 71.3029, 98.5170,289.2576,162.6708
8289.51871915,26502.655083,0.6392013, 71.3107, 97.9990,288.8266,178.6792
8296.49590493,26502.236115,0.6392341, 71.3211, 97.5651,288.4363,192.8118
8310.44969195,26502.532547,0.6395924, 71.3275, 96.6807,287.6598,220.7452
8316.42971040,26503.315396,0.6398183, 71.3270, 96.2826,287.3419,232.4542
8316.92803192,26503.353141,0.6398186, 71.3276, 96.2500,287.3157,233.4144
8335.36535458,26506.355519,0.6403199, 71.3271, 95.0689,286.3104,267.4953
8342.34131440,26507.842236,0.6407518, 71.3218, 94.6031,285.9397,279.5304
8344.33448806,26508.326543,0.6407659, 71.3232, 94.4687,285.8379,282.9368
8345.33098336,26508.548604,0.6407680, 71.3241, 94.4036,285.7854,284.5631
8355.29598465,26510.694870,0.6411681, 71.3191, 93.7525,285.2565,300.4484
8355.29599362,26510.695228,0.6411681, 71.3191, 93.7525,285.2565,300.4549
8370.24231647,26515.050797,0.6417535, 71.3216, 92.7529,284.4831,322.3258
8387.17967562,26517.102019,0.6421672, 71.3318, 91.6243,283.6278,344.7994
8392.16085417,26494.361788,0.6420779, 71.3349, 91.3027,283.3811,351.0402
8398.63605337,26453.202923,0.6416653, 71.3394, 90.8432,283.0257,358.9645
8406.10701459,26517.104615,0.6426429, 71.3567, 90.3513,282.6052,  7.9225
8413.07945841,26524.647217,0.6427894, 71.3672, 89.8789,282.2778, 16.1184
8420.05143633,26515.944057,0.6428669, 71.3804, 89.4361,281.8942, 24.2499
8420.05170254,26515.804427,0.6428653, 71.3804, 89.4361,281.8941, 24.4428
8426.02704807,26511.376759,0.6429389, 71.3905, 89.0269,281.5864, 31.1763
8427.02320755,26510.793440,0.6429131, 71.3934, 88.9620,281.5319, 32.5206
8431.00674247,26509.067452,0.6429412, 71.4029, 88.7130,281.3055, 37.1641
8433.99430322,26507.981155,0.6430857, 71.4057, 88.5216,281.1401, 40.6453
8438.97336826,26506.517844,0.6431994, 71.4116, 88.1877,280.8778, 46.4539
8443.95189244,26505.565039,0.6432358, 71.4245, 87.8749,280.5959, 52.0762
8443.95215991,26505.559353,0.6432360, 71.4245, 87.8749,280.5959, 52.2699
8450.92182147,26504.099015,0.6436534, 71.4317, 87.4177,280.2158, 60.2024
8450.92208768,26504.097268,0.6436536, 71.4317, 87.4176,280.2158, 60.3952
8457.89131931,26503.277719,0.6437323, 71.4469, 86.9727,279.8224, 68.3562
8458.88719471,26503.171401,0.6437933, 71.4478, 86.9109,279.7646, 69.7093
8463.86484745,26502.522105,0.6441020, 71.4485, 86.5847,279.4910, 75.2878
8463.86511493,26502.522670,0.6441022, 71.4485, 86.5847,279.4910, 75.4816
8473.82004494,26502.212056,0.6445369, 71.4600, 85.9495,278.9250, 86.6495
8473.82031115,26502.212679,0.6445371, 71.4600, 85.9495,278.9250, 86.8423
8480.78823917,26502.020003,0.6449054, 71.4625, 85.4749,278.5523, 94.3293
8481.78391028,26502.091219,0.6449218, 71.4640, 85.4108,278.4956, 95.5835
8490.74229880,26502.865135,0.6455427, 71.4615, 84.8283,277.9942,104.8053
8490.74257654,26502.865694,0.6455428, 71.4615, 84.8283,277.9942,105.0065
8496.71481117,26503.538612,0.6457483, 71.4631, 84.4283,277.6706,110.9789
8497.71017167,26503.731160,0.6458021, 71.4638, 84.3655,277.6132,111.9482
8504.67733884,26504.853050,0.6464687, 71.4575, 83.8943,277.2393,118.2652
8506.66827743,26505.095600,0.6465310, 71.4576, 83.7521,277.1378,120.2469
8514.13333019,26506.654018,0.6469217, 71.4579, 83.2587,276.7270,126.7190
8521.10074396,26507.801563,0.6473142, 71.4503, 82.7682,276.3736,132.3794
8522.09607084,26507.972322,0.6473321, 71.4507, 82.7000,276.3213,133.1492
8529.06362687,26509.429045,0.6477978, 71.4498, 82.2362,275.9461,138.5058
8530.05900290,26509.586789,0.6478956, 71.4483, 82.1645,275.8973,139.2456
8535.03594683,26510.122747,0.6480496, 71.4478, 81.8002,275.6533,142.9196
8550.96327616,26511.959279,0.6486023, 71.4499, 80.6990,274.8285,154.5822
8552.45655560,26512.090953,0.6486474, 71.4518, 80.6011,274.7469,155.6923
8561.41660766,26512.462868,0.6490729, 71.4532, 79.9668,274.2975,162.4811
8567.39011336,26512.533241,0.6491788, 71.4632, 79.5681,273.9708,167.0928
8567.39039082,26512.532783,0.6491789, 71.4632, 79.5681,273.9708,167.2937
8576.84930457,26512.073926,0.6493828, 71.4690, 78.9064,273.4878,175.2494
8576.84958267,26512.074127,0.6493828, 71.4690, 78.9064,273.4878,175.4507
8582.82401304,26511.673223,0.6496114, 71.4790, 78.5175,273.1592,180.8678
8582.82429084,26511.672641,0.6496114, 71.4790, 78.5175,273.1592,181.0689
8585.31357188,26511.489539,0.6497661, 71.4794, 78.3422,273.0344,183.3041
8585.31384966,26511.489254,0.6497661, 71.4794, 78.3422,273.0344,183.5052
8591.78671759,26510.440543,0.6497389, 71.4928, 77.8938,272.6904,190.0427
8591.78699537,26510.440556,0.6497389, 71.4928, 77.8938,272.6904,190.2439
8599.25629281,26509.481452,0.6501355, 71.5003, 77.3947,272.2847,198.4887
8599.25657028,26509.481262,0.6501355, 71.5003, 77.3947,272.2847,198.6896
8605.73035991,26508.160471,0.6501490, 71.5136, 76.9607,271.9302,206.4606
8605.73063801,26508.160460,0.6501490, 71.5136, 76.9607,271.9302,206.6620
8611.20901292,26507.244976,0.6505323, 71.5215, 76.6068,271.6242,213.8500
8621.66853720,26505.085189,0.6508575, 71.5406, 75.9066,271.0418,228.8423
8640.59766816,26502.452879,0.6520207, 71.5561, 74.6383,269.9954,259.5482
8646.07777964,26502.047916,0.6521401, 71.5634, 74.2654,269.6866,269.2371
8653.55089240,26501.870855,0.6528300, 71.5628, 73.7644,269.2690,282.6562
8659.52975310,26502.242278,0.6530217, 71.5647, 73.3531,268.9377,293.6817
8666.50539284,26502.926213,0.6537265, 71.5630, 72.8848,268.5521,306.6124
8670.49131935,26504.072066,0.6538755, 71.5599, 72.5913,268.3449,313.8126
8670.49159649,26504.089834,0.6538754, 71.5599, 72.5912,268.3449,314.0134
8677.46747622,26507.085544,0.6544018, 71.5611, 72.1239,267.9444,326.7908
8677.46775336,26507.147259,0.6544022, 71.5611, 72.1239,267.9443,326.9917
8681.95225611,26511.609902,0.6547865, 71.5528, 71.7953,267.7134,335.0188
8681.95253326,26511.738444,0.6547881, 71.5528, 71.7953,267.7133,335.2197
8682.45058832,26512.309043,0.6548094, 71.5522, 71.7587,267.6871,335.9433
8682.45086610,26512.445713,0.6548112, 71.5522, 71.7587,267.6870,336.1447
8688.43056039,26519.202946,0.6551344, 71.5513, 71.3454,267.3653,346.8974
8688.43083817,26519.046067,0.6551341, 71.5512, 71.3454,267.3659,347.0982
8694.41073057,26451.831880,0.6548836, 71.5370, 70.9131,267.0790,357.6358
8695.40743655,26441.194487,0.6547782, 71.5344, 70.8326,267.0135,359.4188
8695.40771497,26440.587172,0.6547699, 71.5343, 70.8322,267.0111,359.6216
8701.38780866,26509.605969,0.6557988, 71.5389, 70.3918,266.6540, 10.0637
8701.38808708,26510.490992,0.6558088, 71.5390, 70.3917,266.6549, 10.2646
8708.36516505,26518.711029,0.6563919, 71.5305, 69.8865,266.3233, 22.2420
8708.36544220,26518.589185,0.6563899, 71.5305, 69.8865,266.3233, 22.4428
8714.34622832,26514.835492,0.6563799, 71.5283, 69.4539,266.0053, 32.8169
8720.32689946,26513.449214,0.6568211, 71.5252, 69.0365,265.6885, 42.8537
8720.32717661,26513.423875,0.6568211, 71.5252, 69.0365,265.6885, 43.0545
8726.30798933,26513.295800,0.6568713, 71.5212, 68.5818,265.3873, 53.0386
8726.30826712,26513.283887,0.6568714, 71.5212, 68.5818,265.3872, 53.2397
8727.30488059,26513.349132,0.6568819, 71.5227, 68.5133,265.3300, 54.7613
8727.30515837,26513.338973,0.6568820, 71.5227, 68.5133,265.3300, 54.9624
8735.28004417,26513.274450,0.6573813, 71.5188, 67.9434,264.9133, 68.3757
8735.28032259,26513.271071,0.6573814, 71.5188, 67.9434,264.9133, 68.5772
8741.26158748,26513.362351,0.6573365, 71.5220, 67.5114,264.5946, 78.6732
8741.26186400,26513.360231,0.6573366, 71.5219, 67.5114,264.5946, 78.8734
8747.24324552,26513.351115,0.6576888, 71.5257, 67.1015,264.2726, 89.0102
8747.24352457,26513.350577,0.6576889, 71.5257, 67.1015,264.2726, 89.2122
8755.21906227,26512.837303,0.6577263, 71.5323, 66.5192,263.8489,103.0961
8755.21934132,26512.836141,0.6577264, 71.5323, 66.5192,263.8489,103.2981
8759.70553997,26512.569419,0.6580757, 71.5360, 66.2136,263.6015,111.1358
8759.70581903,26512.569064,0.6580758, 71.5360, 66.2136,263.6016,111.3378
8765.18913629,26511.643158,0.6581652, 71.5365, 65.8103,263.3178,121.1661
8765.68792922,26511.602026,0.6581570, 71.5373, 65.7751,263.2898,122.2943
8770.67313094,26511.095184,0.6582567, 71.5495, 65.4441,262.9999,131.6702
8780.14523726,26509.216809,0.6586412, 71.5571, 64.7706,262.4945,150.0085
8780.64359186,26509.162645,0.6586388, 71.5586, 64.7367,262.4645,150.8690
8780.64386837,26509.162137,0.6586388, 71.5586, 64.7367,262.4645,151.0692
8785.13049482,26508.535046,0.6589544, 71.5707, 64.4448,262.1951,159.9083
8785.13077134,26508.533786,0.6589545, 71.5707, 64.4448,262.1951,160.1085
8787.62335348,26508.116256,0.6591999, 71.5705, 64.2696,262.0624,165.0700
8788.12192485,26507.957529,0.6592341, 71.5704, 64.2333,262.0367,166.1084
8789.11890754,26507.719693,0.6592844, 71.5701, 64.1601,261.9849,168.0770
8789.11918405,26507.719132,0.6592845, 71.5701, 64.1601,261.9850,168.2773
8791.11355863,26507.223699,0.6593285, 71.5708, 64.0147,261.8783,172.5433
8794.10503046,26506.523982,0.6593584, 71.5767, 63.8077,261.7060,178.9534
8798.09367708,26505.787263,0.6595993, 71.5871, 63.5498,261.4672,187.6152
8801.08509919,26505.309733,0.6599193, 71.5896, 63.3486,261.3020,194.1195
8801.58370403,26505.269294,0.6599682, 71.5893, 63.3132,261.2762,195.2339
8809.06260956,26503.599984,0.6602538, 71.5961, 62.7793,260.8604,212.1267
8814.04867519,26502.928724,0.6608610, 71.6015, 62.4459,260.5724,223.6689
8818.53629182,26502.451647,0.6611514, 71.5970, 62.1137,260.3369,234.2836
8822.02668091,26501.965047,0.6612730, 71.6010, 61.8711,260.1338,242.6454
8828.01032356,26501.472867,0.6619078, 71.6051, 61.4682,259.7931,257.0963
8832.99684376,26501.571735,0.6622319, 71.5967, 61.0914,259.5381,269.2672
8838.48211389,26501.390423,0.6625967, 71.6017, 60.7117,259.2161,282.7631
8841.97283217,26501.620528,0.6630654, 71.5958, 60.4585,259.0326,291.3318
8842.97018388,26501.756529,0.6631520, 71.5927, 60.3812,258.9834,293.7755
8849.45309077,26502.692702,0.6633772, 71.5850, 59.8973,258.6320,309.7088
8855.43751563,26504.432278,0.6639658, 71.5815, 59.4745,258.3025,324.3259
8863.41705939,26519.376388,0.6643925, 71.5676, 58.8603,257.8731,343.7017
8865.91073076,26523.323919,0.6647204, 71.5669, 58.6860,257.7420,349.7022
8869.90074082,26443.675390,0.6641473, 71.5490, 58.3734,257.5568,359.2459
8871.39703598,26438.405365,0.6641459, 71.5427, 58.2454,257.4401,  2.8540
8875.88594696,26513.408142,0.6650961, 71.5408, 57.8899,257.2071, 13.5499
8880.87370357,26515.921632,0.6653435, 71.5408, 57.5335,256.9461, 25.2997
8882.37006520,26514.765868,0.6654570, 71.5379, 57.4220,256.8705, 28.7996
8886.85924967,26512.893567,0.6655661, 71.5233, 57.0613,256.6542, 39.2770
8893.34396807,26512.517589,0.6657237, 71.5232, 56.5845,256.2854, 54.4916
8903.32105423,26512.948386,0.6659429, 71.5058, 55.8132,255.7687, 77.7675
8909.80646101,26513.512584,0.6662602, 71.5077, 55.3499,255.4118, 92.8839
8912.79988806,26513.450848,0.6663552, 71.5010, 55.1151,255.2665, 99.9127
8918.78695735,26513.739783,0.6662971, 71.5054, 54.6678,254.9257,114.1727
8923.27747065,26513.761424,0.6666876, 71.5049, 54.3429,254.6846,124.9488
8924.77434864,26513.611020,0.6667357, 71.5018, 54.2255,254.6105,128.5692
8929.26485129,26513.238948,0.6666677, 71.5014, 53.8837,254.3647,139.3968
8929.26512876,26513.238263,0.6666677, 71.5014, 53.8837,254.3647,139.5977
8938.74592335,26512.751507,0.6671317, 71.5126, 53.2141,253.8334,163.1730
8938.74620082,26512.750866,0.6671318, 71.5126, 53.2141,253.8334,163.3738
8946.73070823,26511.498121,0.6672810, 71.5246, 52.6325,253.3734,184.0399
8947.22983168,26511.496426,0.6673411, 71.5257, 52.5989,253.3440,185.4055
8947.23010978,26511.494792,0.6673412, 71.5257, 52.5989,253.3440,185.6069
8951.72162421,26510.880513,0.6677634, 71.5234, 52.2674,253.1096,197.5043
8951.72190231,26510.879498,0.6677634, 71.5234, 52.2674,253.1096,197.7056
8952.22069788,26510.812701,0.6677770, 71.5227, 52.2288,253.0837,198.8484
8952.22097597,26510.811806,0.6677771, 71.5227, 52.2288,253.0837,199.0497
8962.70235219,26508.598758,0.6682316, 71.5420, 51.4890,252.4756,228.3502
8962.70263029,26508.596913,0.6682317, 71.5420, 51.4890,252.4757,228.5516
8966.19684793,26508.002070,0.6685139, 71.5406, 51.2322,252.2942,238.7689
8968.19330054,26507.588413,0.6685641, 71.5386, 51.0784,252.1901,244.4873
8968.19357832,26507.586881,0.6685641, 71.5386, 51.0784,252.1901,244.6884
8972.68605909,26506.261892,0.6686780, 71.5482, 50.7554,251.9209,258.0654
8972.68633687,26506.260389,0.6686780, 71.5482, 50.7554,251.9209,258.2666
8976.67982392,26505.247710,0.6692349, 71.5547, 50.4783,251.6945,270.3642
8976.68010171,26505.244609,0.6692348, 71.5547, 50.4783,251.6945,270.5654
8979.67525907,26504.732123,0.6694610, 71.5486, 50.2453,251.5438,279.7437
8979.67553685,26504.728744,0.6694609, 71.5486, 50.2453,251.5438,279.9449
8981.67226320,26504.316015,0.6694977, 71.5472, 50.0917,251.4347,286.0928
8981.67254098,26504.312683,0.6694976, 71.5472, 50.0917,251.4347,286.2940
8990.65931467,26502.003277,0.6701456, 71.5612, 49.4586,250.9120,315.4088
8990.65959308,26502.005825,0.6701452, 71.5612, 49.4586,250.9120,315.6105
8994.65384137,26502.713762,0.6704079, 71.5545, 49.1505,250.7043,328.7727
8995.65251235,26503.696181,0.6704259, 71.5530, 49.0717,250.6487,332.1657
8995.65277919,26503.773994,0.6704262, 71.5530, 49.0717,250.6485,332.3591
9000.64588958,26524.222308,0.6709071, 71.5600, 48.7079,250.3400,349.2659
9001.14552942,26523.680143,0.6709881, 71.5605, 48.6734,250.3182,351.1913
9001.64460229,26519.584744,0.6710292, 71.5606, 48.6388,250.2975,352.7043
9001.64488071,26518.644628,0.6710195, 71.5605, 48.6387,250.2988,352.9052
9005.63949674,26457.169834,0.6708556, 71.5462, 48.3148,250.0333,  6.5197
9005.63977516,26459.170833,0.6708819, 71.5464, 48.3146,250.0331,  6.7211
9030.11069925,26504.342853,0.6727849, 71.5168, 46.4506,248.7217, 92.7941
9031.10957386,26504.409120,0.6729125, 71.5133, 46.3729,248.6726, 96.2898
9057.08103950,26508.726432,0.6739034, 71.4531, 44.3417,247.2830,185.5135
9072.06379980,26511.081217,0.6742967, 71.4221, 43.1674,246.4835,234.0164
9075.05992020,26511.566511,0.6743747, 71.4116, 42.9262,246.3370,243.1896
9078.05608053,26511.880508,0.6742629, 71.4020, 42.6793,246.1803,252.3732
9080.05390222,26511.929056,0.6742113, 71.4026, 42.5250,246.0610,258.7678
9080.05390223,26511.929056,0.6742113, 71.4026, 42.5250,246.0610,258.7678
9083.04988678,26511.946368,0.6744007, 71.4086, 42.3081,245.8819,267.7603
9084.54787746,26512.061155,0.6745533, 71.4077, 42.1954,245.8030,272.2185
9087.04456817,26512.289060,0.6746877, 71.3991, 41.9937,245.6819,279.6524
9088.04322619,26512.384517,0.6746825, 71.3951, 41.9105,245.6326,282.6132
9089.04193334,26512.452050,0.6746538, 71.3918, 41.8279,245.5809,285.6124
9093.53583591,26512.335486,0.6745500, 71.3921, 41.4806,245.3191,298.9165
9095.03349553,26512.153805,0.6745938, 71.3956, 41.3725,245.2286,303.1166
9095.53278016,26512.108916,0.6746170, 71.3966, 41.3366,245.1992,304.5608
9099.52698384,26511.672914,0.6748532, 71.4000, 41.0426,244.9778,316.0225
9102.02328639,26511.714966,0.6749185, 71.3958, 40.8461,244.8493,323.1174
9104.02020048,26512.286586,0.6748733, 71.3916, 40.6839,244.7424,328.7162
9108.51306031,26519.787405,0.6748932, 71.4002, 40.3434,244.4555,341.2582
9110.01092285,26528.003283,0.6751466, 71.4067, 40.2387,244.3578,345.6133
9114.50368987,26485.387828,0.6751154, 71.3979, 39.8895,244.1679,358.0092
9116.99948836,26447.080041,0.6746669, 71.3894, 39.6748,243.9627,  4.8609
9116.99948963,26447.086819,0.6746670, 71.3894, 39.6748,243.9627,  4.8618
9117.99776065,26471.396493,0.6749799, 71.3907, 39.5929,243.8937,  7.5703
9118.49681972,26483.169771,0.6751260, 71.3920, 39.5535,243.8650,  8.8681
9121.99098153,26517.666050,0.6756126, 71.4060, 39.2971,243.6801, 18.5192
9126.48307921,26516.544966,0.6759557, 71.4169, 38.9748,243.4313, 30.7019
9130.47591972,26514.032075,0.6761137, 71.4126, 38.6645,243.2224, 41.5123
9131.47409851,26513.580961,0.6761087, 71.4113, 38.5851,243.1676, 44.2159
9135.96576494,26512.086828,0.6762223, 71.4215, 38.2505,242.8903, 56.4141
9140.95622070,26510.307653,0.6769024, 71.4260, 37.8810,242.6197, 69.8336
9141.45525035,26510.191172,0.6769333, 71.4242, 37.8402,242.5950, 71.1733
9145.44744614,26509.184136,0.6770067, 71.4189, 37.5211,242.3754, 81.9832
9149.43946173,26508.397328,0.6772480, 71.4300, 37.2309,242.1315, 92.8211
9150.43741689,26508.193008,0.6773534, 71.4328, 37.1599,242.0727, 95.5089
9152.43333638,26507.745373,0.6775821, 71.4362, 37.0155,241.9611,100.9052
9153.43128525,26507.498565,0.6776908, 71.4364, 36.9410,241.9082,103.6039
9157.92196064,26506.173084,0.6779696, 71.4283, 36.5872,241.6776,115.7887
9157.92196065,26506.173083,0.6779696, 71.4283, 36.5872,241.6776,115.7887
9158.91986383,26505.892058,0.6779830, 71.4265, 36.5068,241.6233,118.5112
9163.41027563,26505.188331,0.6782008, 71.4336, 36.1669,241.3519,130.7928
9167.90049641,26504.413344,0.6788707, 71.4316, 35.8259,241.1169,143.0074
9167.90049735,26504.413341,0.6788707, 71.4316, 35.8259,241.1169,143.0081
9167.90051488,26504.413294,0.6788707, 71.4316, 35.8259,241.1169,143.0208
9172.88943369,26503.112115,0.6790166, 71.4161, 35.4142,240.8531,156.6572
9176.88037183,26502.689431,0.6792873, 71.4213, 35.1148,240.6154,167.5613
9179.37471681,26502.555882,0.6795548, 71.4215, 34.9276,240.4785,174.3953
9179.37499457,26502.554328,0.6795549, 71.4215, 34.9276,240.4785,174.5965
9182.36791166,26502.295042,0.6798090, 71.4132, 34.6905,240.3277,182.5960
9182.36819071,26502.293759,0.6798091, 71.4132, 34.6905,240.3277,182.7981
9183.86442201,26502.101706,0.6798684, 71.4067, 34.5670,240.2530,186.6470
9183.86470108,26502.100635,0.6798685, 71.4067, 34.5670,240.2530,186.8491
9186.85743426,26501.745597,0.6798790, 71.3952, 34.3182,240.0937,194.7850
9186.85743554,26501.745593,0.6798790, 71.3952, 34.3182,240.0937,194.7859
9190.34917576,26501.548091,0.6800164, 71.3954, 34.0458,239.8849,204.2456
9192.84320084,26501.739162,0.6803508, 71.3957, 33.8573,239.7448,210.9116
9196.83359807,26502.022987,0.6806543, 71.3709, 33.5187,239.5588,221.4875
9197.83117299,26502.015344,0.6806428, 71.3648, 33.4318,239.5081,224.1222
9203.31772637,26502.150465,0.6807417, 71.3558, 32.9913,239.1915,238.5162
9207.80655562,26502.734990,0.6810766, 71.3469, 32.6391,238.9508,250.0102
9207.80656949,26502.734823,0.6810766, 71.3469, 32.6391,238.9508,250.0202
9215.28775288,26503.602030,0.6810297, 71.3111, 32.0090,238.5609,268.8117
9216.28518936,26503.649725,0.6810378, 71.3106, 31.9298,238.5006,271.2645
9220.27498359,26503.882128,0.6813777, 71.3090, 31.6199,238.2748,280.9891
9229.25171078,26505.158896,0.6813630, 71.2673, 30.8596,237.8014,302.2060
9229.25200014,26505.148674,0.6813628, 71.2673, 30.8596,237.8014,302.4155
9232.74244312,26505.248940,0.6815185, 71.2666, 30.5886,237.6004,310.1338
9237.23045841,26505.511276,0.6816326, 71.2511, 30.2211,237.3703,320.0796
9237.23074777,26505.497168,0.6816320, 71.2511, 30.2210,237.3703,320.2891
9240.72110793,26506.159997,0.6814611, 71.2346, 29.9228,237.1828,327.7117
9240.72110802,26506.159997,0.6814611, 71.2346, 29.9228,237.1828,327.7117
9243.21440592,26507.103631,0.6813669, 71.2326, 29.7201,237.0284,333.1207
9243.21440599,26507.103641,0.6813669, 71.2326, 29.7201,237.0284,333.1207
9243.21441782,26507.105311,0.6813669, 71.2326, 29.7201,237.0284,333.1293
9251.19266818,26536.048338,0.6820612, 71.2202, 29.0748,236.5751,349.7694
9257.17619104,26444.203677,0.6808902, 71.2054, 28.5803,236.2364,  1.9099
9257.67482520,26439.412183,0.6808651, 71.2058, 28.5405,236.1917,  2.9236
9258.17345215,26438.335658,0.6808929, 71.2065, 28.5006,236.1483,  3.9284
9260.16786201,26465.848733,0.6814045, 71.2096, 28.3417,236.0074,  7.8360
9260.16789218,26466.046417,0.6814070, 71.2096, 28.3417,236.0074,  7.8578
9262.16222790,26495.049538,0.6818750, 71.2102, 28.1815,235.9076, 11.6608
9266.15102133,26515.956624,0.6820936, 71.2011, 27.8510,235.7223, 19.3116
9267.14830218,26517.260176,0.6820579, 71.1986, 27.7677,235.6701, 21.2867
9270.13973999,26518.269827,0.6819666, 71.1991, 27.5273,235.4927, 26.9336
9270.13974015,26518.269820,0.6819666, 71.1991, 27.5273,235.4927, 26.9337
9272.13412970,26517.914303,0.6820675, 71.2068, 27.3781,235.3668, 30.7579
9273.13127294,26517.615638,0.6821752, 71.2106, 27.3045,235.3072, 32.6191
9274.62698704,26517.196898,0.6823566, 71.2128, 27.1908,235.2259, 35.3911
9274.62700362,26517.195357,0.6823565, 71.2128, 27.1908,235.2259, 35.4031
9276.12265826,26516.755827,0.6824892, 71.2097, 27.0703,235.1516, 38.1177
9278.11695271,26516.411590,0.6825283, 71.2008, 26.9015,235.0529, 41.8074
9279.11408795,26516.295785,0.6825044, 71.1970, 26.8168,234.9996, 43.6532
9280.11122294,26516.195659,0.6824737, 71.1948, 26.7337,234.9427, 45.5056
9280.11122326,26516.195637,0.6824737, 71.1948, 26.7337,234.9427, 45.5059
9284.59824858,26515.701385,0.6825657, 71.2043, 26.3870,234.6643, 53.8086
9286.59239747,26515.390430,0.6827394, 71.2110, 26.2391,234.5455, 57.4223
9287.58946064,26515.224569,0.6828325, 71.2131, 26.1640,234.4893, 59.2165
9289.58363169,26514.885759,0.6829934, 71.2140, 26.0099,234.3821, 62.8340
9293.57194583,26514.266669,0.6831067, 71.2067, 25.6865,234.1721, 70.0822
9297.56015190,26513.961543,0.6831215, 71.2087, 25.3680,233.9335, 77.3626
9301.54825098,26513.570766,0.6836200, 71.2245, 25.0717,233.6963, 84.5978
9302.54527307,26513.326332,0.6837606, 71.2237, 24.9932,233.6470, 86.3963
9303.54228866,26513.056925,0.6838608, 71.2205, 24.9111,233.5999, 88.1936
9307.53033550,26512.242595,0.6839279, 71.2070, 24.5745,233.3916, 95.4828
9308.52731986,26512.120494,0.6839395, 71.2075, 24.4944,233.3319, 97.3138
9309.52431123,26512.011647,0.6839739, 71.2096, 24.4165,233.2706, 99.1570
9313.51220517,26511.508716,0.6843284, 71.2230, 24.1162,233.0321,106.5120
9314.50915165,26511.335495,0.6844404, 71.2249, 24.0404,232.9772,108.3371
9317.49999998,26510.684338,0.6847130, 71.2238, 23.8048,232.8225,113.8468
9319.49385584,26510.171468,0.6848022, 71.2186, 23.6411,232.7214,117.5275
9321.48772181,26509.648634,0.6848252, 71.2134, 23.4752,232.6154,121.2600
9324.47847423,26509.027079,0.6848723, 71.2135, 23.2329,232.4395,126.9152
9325.47538715,26508.909884,0.6849399, 71.2166, 23.1558,232.3778,128.8157
9326.47227680,26508.835691,0.6850487, 71.2206, 23.0804,232.3170,130.7034
9327.46920795,26508.772196,0.6851945, 71.2242, 23.0054,232.2592,132.6216
9329.46295616,26508.475785,0.6855124, 71.2246, 22.8495,232.1578,136.3739
9332.45357924,26507.450974,0.6857182, 71.2079, 22.5924,232.0204,142.0584
9333.45053302,26507.110154,0.6857157, 71.2027, 22.5052,231.9693,144.0421
9335.44427086,26506.588484,0.6857161, 71.1985, 22.3371,231.8561,147.9310
9336.44110618,26506.396880,0.6857450, 71.1991, 22.2567,231.7963,149.8673
9338.93319138,26506.078164,0.6859197, 71.2040, 22.0619,231.6477,154.7334
9340.42846203,26505.787606,0.6860689, 71.2066, 21.9461,231.5631,157.6800
9343.41886862,26505.246408,0.6863466, 71.2042, 21.7075,231.4074,163.5081
9343.41886863,26505.246408,0.6863466, 71.2042, 21.7075,231.4074,163.5081
9343.91773078,26505.207176,0.6863806, 71.2026, 21.6663,231.3828,164.8191
9345.41292889,26504.791668,0.6864510, 71.1970, 21.5413,231.3089,167.7598
9347.40644703,26504.282865,0.6864749, 71.1877, 21.3713,231.2081,171.6599
9349.39999519,26503.764990,0.6864529, 71.1802, 21.2012,231.0999,175.6290
9351.39353814,26503.315913,0.6864590, 71.1777, 21.0358,230.9825,179.6381
9354.38378017,26502.981885,0.6866926, 71.1828, 20.7994,230.8031,185.6397
9354.38378083,26502.981880,0.6866926, 71.1828, 20.7994,230.8031,185.6402
9355.38049787,26502.966576,0.6868287, 71.1833, 20.7208,230.7488,187.6166
9356.37719795,26502.952397,0.6869629, 71.1812, 20.6397,230.6994,189.5781
9356.37719859,26502.952392,0.6869629, 71.1812, 20.6397,230.6994,189.5786
9358.37063844,26502.754717,0.6871235, 71.1679, 20.4670,230.6096,193.5382
9359.36732341,26502.549573,0.6871305, 71.1591, 20.3769,230.5637,195.5072
9363.85255855,26501.810719,0.6870599, 71.1406, 19.9882,230.3123,204.6102
9370.33096682,26501.845131,0.6874711, 71.1344, 19.4639,229.9491,217.5851
9372.82262017,26501.922786,0.6875220, 71.1207, 19.2505,229.8253,222.5240
9375.31405124,26501.967530,0.6874568, 71.1051, 19.0330,229.6942,227.3113
9387.27295425,26503.121710,0.6877983, 71.0599, 18.0189,229.0442,250.0214
9388.26939548,26503.202259,0.6877374, 71.0523, 17.9288,228.9907,251.7924
9388.26939612,26503.202254,0.6877374, 71.0523, 17.9288,228.9907,251.7929
9391.25894669,26503.347601,0.6876580, 71.0444, 17.6739,228.8110,257.2611
9394.74665808,26503.659459,0.6878240, 71.0449, 17.3924,228.6057,263.4694
9394.74669171,26503.658984,0.6878240, 71.0449, 17.3924,228.6057,263.4938
9398.73249236,26504.348677,0.6879684, 71.0312, 17.0594,228.3970,270.3278
9402.71824342,26505.052597,0.6878268, 71.0079, 16.7122,228.1857,277.0389
9405.70746341,26505.392995,0.6877160, 71.0005, 16.4589,228.0058,281.9695
9409.69291400,26505.657308,0.6879590, 71.0045, 16.1389,227.7672,288.2776
9470.94936206,26535.594873,0.6900510, 70.9339, 11.0326,224.3463,357.8362
9474.93241781,26472.286376,0.6895904, 70.9431, 10.7095,224.1006,  1.3490
9477.91914302,26446.183094,0.6896486, 70.9480, 10.4669,223.9099,  3.5714
9479.91037036,26443.050498,0.6897953, 70.9450, 10.2986,223.7895,  5.1159
9480.90592778,26445.135516,0.6898795, 70.9421, 10.2128,223.7318,  5.8539
9481.90149683,26448.932283,0.6899636, 70.9389, 10.1263,223.6749,  6.6067
9482.89705961,26453.878539,0.6900445, 70.9358, 10.0396,223.6182,  7.3628
9483.89265507,26459.703215,0.6901255, 70.9332,  9.9530,223.5611,  8.1510
9484.88817756,26465.407891,0.6902024, 70.9317,  9.8672,223.5035,  8.8954
9485.88372681,26471.225552,0.6902889, 70.9317,  9.7825,223.4448,  9.6678
9486.87924522,26476.608727,0.6903896, 70.9333,  9.6994,223.3853, 10.4256
9488.87025756,26485.927261,0.6906703, 70.9411,  9.5378,223.2672, 11.9369
9489.86575408,26489.767725,0.6908538, 70.9458,  9.4584,223.2113, 12.6860
9490.86123215,26493.044175,0.6910516, 70.9492,  9.3785,223.1595, 13.4189
9492.85218036,26498.396185,0.6913960, 70.9474,  9.2120,223.0691, 14.8746
9493.34990469,26499.627727,0.6914546, 70.9449,  9.1684,223.0480, 15.2321
9495.34080776,26503.496187,0.6915564, 70.9313,  8.9894,222.9610, 16.6967
9495.83852330,26504.208306,0.6915581, 70.9281,  8.9445,222.9373, 17.0653
9496.83395524,26505.636959,0.6915547, 70.9232,  8.8556,222.8863, 17.8161
9497.82938746,26506.817269,0.6915595, 70.9207,  8.7687,222.8314, 18.5816
9500.31790625,26508.792300,0.6916831, 70.9241,  8.5609,222.6862, 20.4904
9500.81554629,26508.925789,0.6917278, 70.9257,  8.5205,222.6575, 20.8293
9502.30865120,26509.521701,0.6918886, 70.9302,  8.3996,222.5738, 21.9853
9503.30400100,26509.720924,0.6920035, 70.9321,  8.3187,222.5209, 22.7201
9503.80166873,26509.730589,0.6920593, 70.9327,  8.2779,222.4954, 23.0832
9504.79699833,26509.830025,0.6921621, 70.9325,  8.1954,222.4457, 23.8091
9505.79235252,26509.897683,0.6922471, 70.9308,  8.1114,222.3975, 24.5588
9506.78768164,26509.928520,0.6923100, 70.9277,  8.0262,222.3501, 25.2982
9507.78303496,26509.940708,0.6923494, 70.9235,  7.9398,222.3026, 26.0648
9508.28067681,26509.993632,0.6923607, 70.9210,  7.8961,222.2785, 26.4274
9508.77834165,26509.924433,0.6923671, 70.9187,  7.8525,222.2543, 26.8087
9510.76897779,26509.841109,0.6923562, 70.9091,  7.6771,222.1530, 28.3509
9511.76426293,26509.764354,0.6923423, 70.9053,  7.5898,222.0993, 29.1178
9512.75956456,26509.662445,0.6923347, 70.9028,  7.5034,222.0434, 29.9093
9513.75487188,26509.525543,0.6923433, 70.9018,  7.4182,221.9857, 30.7163
9514.75015106,26509.346533,0.6923778, 70.9024,  7.3344,221.9269, 31.5125
9516.74070107,26508.832357,0.6925461, 70.9068,  7.1701,221.8109, 33.1160
9517.23835476,26508.740476,0.6926077, 70.9077,  7.1292,221.7834, 33.5305
9517.73599927,26508.498930,0.6926740, 70.9086,  7.0884,221.7568, 33.9370
9518.73124168,26508.139597,0.6928101, 70.9084,  7.0052,221.7071, 34.7170
9519.72649063,26507.796707,0.6929277, 70.9048,  6.9194,221.6615, 35.5027
9520.72175017,26507.508557,0.6930020, 70.8978,  6.8304,221.6187, 36.3020
9521.71700293,26507.294737,0.6930220, 70.8883,  6.7387,221.5755, 37.1089
9526.19562481,26506.663684,0.6929013, 70.8612,  6.3330,221.3353, 40.9408
9528.68373135,26505.943531,0.6930312, 70.8634,  6.1238,221.1886, 43.1405
9530.67418563,26505.362534,0.6931943, 70.8635,  5.9570,221.0802, 44.8903
9531.66941044,26505.080623,0.6932670, 70.8616,  5.8723,221.0292, 45.7682
9533.65985326,26504.568074,0.6933578, 70.8532,  5.6989,220.9309, 47.5349
9535.65031995,26504.154778,0.6933590, 70.8404,  5.5212,220.8328, 49.3495
9536.64555964,26503.990701,0.6933305, 70.8335,  5.4314,220.7820, 50.2757
9537.64080189,26503.855547,0.6932901, 70.8269,  5.3415,220.7293, 51.2140
9538.63604466,26503.745228,0.6932459, 70.8211,  5.2521,220.6744, 52.1625
9539.63129089,26503.655251,0.6932069, 70.8165,  5.1635,220.6174, 53.1225
9540.62653566,26503.577736,0.6931823, 70.8135,  5.0761,220.5585, 54.0888
9541.62179472,26503.507587,0.6931807, 70.8120,  4.9899,220.4985, 55.0708
9543.61230244,26503.343823,0.6932670, 70.8124,  4.8211,220.3790, 57.0311
9545.60280364,26503.083530,0.6934527, 70.8118,  4.6530,220.2691, 58.9720
9546.59805960,26502.918239,0.6935460, 70.8080,  4.5667,220.2200, 59.9369
9549.58387500,26502.606171,0.6935836, 70.7792,  4.2916,220.0827, 62.8638
9551.57447030,26502.739326,0.6934391, 70.7601,  4.1048,219.9760, 64.8930
9553.56532718,26502.958977,0.6933694, 70.7530,  3.9274,219.8546, 67.1324
9554.56063470,26503.048031,0.6933879, 70.7527,  3.8420,219.7931, 68.1599
9555.55595345,26503.112523,0.6934333, 70.7530,  3.7577,219.7331, 69.1879
9556.55125490,26503.159140,0.6934934, 70.7530,  3.6736,219.6754, 70.1947
9557.54657431,26503.191904,0.6935556, 70.7519,  3.5891,219.6202, 71.2058
9558.54190569,26503.220524,0.6936095, 70.7494,  3.5036,219.5671, 72.2178
9559.53724369,26503.249918,0.6936476, 70.7454,  3.4170,219.5156, 73.2282
9560.53259210,26503.286089,0.6936651, 70.7400,  3.3292,219.4650, 74.2412
9562.02564346,26503.310007,0.6936489, 70.7302,  3.1955,219.3898, 75.7750
9563.51877114,26503.481450,0.6935905, 70.7192,  3.0606,219.3108, 77.3611
9565.50956091,26503.723054,0.6934759, 70.7062,  2.8807,219.2001, 79.4389
9566.50497817,26503.881284,0.6934220, 70.7015,  2.7918,219.1415, 80.4925
9567.50044405,26504.061146,0.6933826, 70.6984,  2.7040,219.0812, 81.5789
9568.49587084,26504.258548,0.6933660, 70.6970,  2.6175,219.0197, 82.6328
9570.48674237,26504.662476,0.6934195, 70.6978,  2.4482,218.8970, 84.7311
9571.48218363,26504.841215,0.6934874, 70.6988,  2.3645,218.8382, 85.7681
9572.47764719,26504.985023,0.6935710, 70.6987,  2.2805,218.7826, 86.8081
9572.47765860,26504.984927,0.6935710, 70.6987,  2.2805,218.7826, 86.8164
9573.47311976,26505.081579,0.6936535, 70.6965,  2.1952,218.7306, 87.8412
9576.95740567,26505.133886,0.6936840, 70.6687,  1.8786,218.5623, 91.4904
9578.45062446,26505.419519,0.6935744, 70.6553,  1.7394,218.4803, 93.0232
9578.45062447,26505.419519,0.6935744, 70.6553,  1.7394,218.4803, 93.0232
9579.44613612,26505.635207,0.6935103, 70.6503,  1.6490,218.4203, 94.0711
9580.44167901,26505.890357,0.6934797, 70.6486,  1.5612,218.3573, 95.1388
9582.43278246,26506.397250,0.6935344, 70.6515,  1.3922,218.2312, 97.2595
9584.42390991,26506.791289,0.6936731, 70.6546,  1.2257,218.1140, 99.3455
9588.40629002,26507.328861,0.6938296, 70.6445,  0.8823,217.9020,103.4767
9589.40191527,26507.452580,0.6938174, 70.6394,  0.7940,217.8495,104.5136
9590.39755332,26507.585675,0.6937882, 70.6340,  0.7053,217.7957,105.5553
9591.39320373,26507.733958,0.6937478, 70.6291,  0.6165,217.7401,106.6021
9592.38886499,26507.903421,0.6937040, 70.6249,  0.5281,217.6825,107.6531
9593.38453864,26508.099340,0.6936655, 70.6221,  0.4404,217.6228,108.7089
9594.38022083,26508.325489,0.6936418, 70.6210,  0.3537,217.5612,109.7657
9595.37591350,26508.581818,0.6936414, 70.6215,  0.2684,217.4985,110.8232
9597.36732009,26509.156020,0.6937295, 70.6265,  0.1014,217.3735,112.9234
9599.35875240,26509.704242,0.6939176, 70.6318,359.9362,217.2567,114.9877
9601.35022163,26510.072184,0.6941052, 70.6296,359.7669,217.1530,117.0196
9602.34600368,26510.170669,0.6941572, 70.6245,359.6791,217.1046,118.0532
9602.34601051,26510.170651,0.6941572, 70.6245,359.6791,217.1046,118.0582
9603.83963684,26510.276494,0.6941591, 70.6135,359.5438,217.0308,119.5661
9604.83534300,26510.353187,0.6941222, 70.6062,359.4526,216.9781,120.5384
9605.83117504,26510.481639,0.6940773, 70.6009,359.3622,216.9213,121.6030
9606.32908649,26510.544393,0.6940602, 70.5994,359.3176,216.8915,122.1319
9607.32491823,26510.769182,0.6940466, 70.5987,359.2303,216.8293,123.1938
9609.81452006,26511.501000,0.6941798, 70.6069,359.0213,216.6720,125.8265
9611.80624087,26511.967727,0.6943880, 70.6138,358.8570,216.5567,127.9021
9611.80624088,26511.967727,0.6943880, 70.6138,358.8570,216.5567,127.9021
9613.30005314,26512.158995,0.6945284, 70.6151,358.7317,216.4773,129.4430
9614.29594375,26512.269163,0.6945967, 70.6138,358.6466,216.4261,130.4713
9615.29185046,26512.353498,0.6946416, 70.6112,358.5604,216.3753,131.5055
9617.28370216,26512.482238,0.6946688, 70.6040,358.3857,216.2715,133.5918
9617.28370418,26512.482231,0.6946688, 70.6040,358.3857,216.2715,133.5932
9620.27157000,26512.688786,0.6946420, 70.5965,358.1235,216.1030,136.7767
9620.27157017,26512.688785,0.6946420, 70.5965,358.1235,216.1030,136.7768
9620.27157592,26512.688758,0.6946420, 70.5965,358.1235,216.1030,136.7810
9620.27159436,26512.688672,0.6946420, 70.5965,358.1235,216.1030,136.7943
9627.24358037,26513.793391,0.6951994, 70.6162,357.5389,215.6936,144.2904
9630.23173471,26513.816109,0.6954407, 70.6052,357.2777,215.5513,147.5062
9631.22791551,26513.721392,0.6954484, 70.5985,357.1874,215.5025,148.6742
9634.71423596,26513.661939,0.6954461, 70.5893,356.8768,215.3044,152.5794
9641.68802563,26514.092128,0.6961571, 70.6050,356.2897,214.9208,161.1230
9647.16627111,26513.533039,0.6962693, 70.5863,355.8052,214.6381,166.9949
9648.16296119,26513.444239,0.6962846, 70.5856,355.7180,214.5810,168.5467
9649.15934495,26513.377974,0.6963195, 70.5865,355.6318,214.5225,169.8804
9653.14452083,26513.403345,0.6967262, 70.5991,355.2952,214.2949,174.9513
9656.13351609,26513.348477,0.6970794, 70.5929,355.0358,214.1544,178.8058
9657.12984620,26513.193481,0.6971267, 70.5855,354.9452,214.1103,180.0955
9658.12627438,26512.977552,0.6971359, 70.5772,354.8533,214.0643,181.4664
9662.61010686,26512.127625,0.6971704, 70.5632,354.4494,213.8175,187.6990
9664.10463688,26512.045348,0.6973022, 70.5674,354.3215,213.7309,189.7384
9667.59240067,26511.816761,0.6976833, 70.5698,354.0221,213.5526,194.8740
9669.08715743,26511.641715,0.6977835, 70.5639,353.8896,213.4827,197.0857
9670.58188969,26511.346843,0.6978250, 70.5553,353.7547,213.4131,199.2971
9670.58189001,26511.346841,0.6978250, 70.5553,353.7547,213.4131,199.2974
9676.06278600,26510.138637,0.6977953, 70.5315,353.2587,213.1235,207.7599
9676.56105199,26509.997256,0.6978098, 70.5316,353.2148,213.0952,208.5452
9682.54041850,26509.172618,0.6983566, 70.5295,352.6915,212.7835,218.1498
9683.03887449,26509.154248,0.6983877, 70.5256,352.6458,212.7618,219.0814
9688.52032131,26507.636818,0.6982804, 70.4819,352.1329,212.4899,228.4313
9693.50365575,26506.598348,0.6985930, 70.4833,351.6933,212.2146,237.3192
9695.49683979,26506.267798,0.6987060, 70.4756,351.5144,212.1193,240.7949
9698.48699123,26505.654138,0.6986900, 70.4541,351.2385,211.9770,246.3544
9702.97233809,26504.543816,0.6985179, 70.4299,350.8246,211.7333,254.9974
9702.97233841,26504.543813,0.6985179, 70.4299,350.8246,211.7333,254.9976
9708.45491345,26503.026361,0.6988096, 70.4288,350.3374,211.4281,266.1283
9710.94707940,26502.748009,0.6989148, 70.4105,350.1073,211.3139,271.2805
9710.94715975,26502.746489,0.6989148, 70.4105,350.1073,211.3139,271.3387
9710.94721314,26502.745477,0.6989148, 70.4105,350.1073,211.3139,271.3774
9715.43270409,26501.823946,0.6986579, 70.3709,349.6812,211.0775,280.5643
9715.43296519,26501.819266,0.6986579, 70.3709,349.6812,211.0776,280.7534
9716.42957178,26501.526838,0.6986490, 70.3698,349.5906,211.0167,282.7038
9719.42014988,26500.731680,0.6987999, 70.3727,349.3254,210.8420,289.1065
9724.90305716,26499.978119,0.6989090, 70.3469,348.8257,210.5636,300.9823
9731.88163716,26498.356723,0.6986513, 70.3185,348.1846,210.1612,316.5143
9731.88166726,26498.352987,0.6986512, 70.3185,348.1846,210.1612,316.5361
9737.86345710,26494.891938,0.6989543, 70.3064,347.6461,209.8422,329.7928
9737.86352346,26494.872304,0.6989540, 70.3064,347.6461,209.8422,329.8409
9738.36197726,26494.530769,0.6989441, 70.3014,347.5991,209.8177,330.9135
9741.35300668,26491.979732,0.6987043, 70.2723,347.3123,209.6596,337.5911
9748.33217048,26530.350682,0.6992572, 70.2794,346.6812,209.2031,353.1414
9750.32642145,26556.122719,0.6996464, 70.2725,346.5004,209.1253,357.6284
9752.81912000,26466.059341,0.6985871, 70.2504,346.2655,209.0038,  3.1403
9754.31470725,26444.899423,0.6983309, 70.2397,346.1209,208.8803,  6.4387
9754.31470851,26444.900105,0.6983309, 70.2397,346.1209,208.8803,  6.4396
9759.79876571,26496.072481,0.6990045, 70.2407,345.6159,208.5402, 18.5467
9761.29452374,26501.187641,0.6991779, 70.2463,345.4842,208.4592, 21.8741
9766.77858547,26507.487918,0.6994808, 70.2261,344.9850,208.1912, 33.5983
9766.77863854,26507.492629,0.6994808, 70.2261,344.9850,208.1912, 33.6367
9766.77882820,26507.509159,0.6994806, 70.2261,344.9850,208.1913, 33.7740
9776.75040592,26509.860229,0.6999065, 70.2254,344.0902,207.6247, 55.0511
9776.75040655,26509.860224,0.6999065, 70.2254,344.0902,207.6247, 55.0516
9779.24348455,26510.233695,0.6999592, 70.2146,343.8632,207.4982, 60.3386
9789.21603479,26512.205150,0.7003977, 70.2207,342.9727,206.9272, 81.2884
9789.71454733,26512.213974,0.7004589, 70.2214,342.9288,206.9021, 82.2238
9793.70352579,26512.462682,0.7007113, 70.2035,342.5651,206.7113, 90.2702
9797.19417560,26512.988987,0.7006892, 70.1884,342.2411,206.5187, 97.5129
9798.19152671,26513.196554,0.7007382, 70.1908,342.1516,206.4586, 99.5952
9798.19152672,26513.196554,0.7007382, 70.1908,342.1516,206.4586, 99.5952
9801.68222551,26513.686904,0.7011545, 70.2065,341.8456,206.2632,106.7800
9803.67692371,26513.746194,0.7013748, 70.2059,341.6680,206.1672,110.8394
9807.16805409,26513.745122,0.7014978, 70.1895,341.3477,205.9991,118.2208
9808.16549643,26513.742052,0.7014979, 70.1851,341.2555,205.9470,120.3172
9828.61325570,26513.644653,0.7027946, 70.1656,339.3944,204.8733,163.2955
9828.61327550,26513.644550,0.7027946, 70.1656,339.3944,204.8733,163.3098
9834.09972585,26513.086198,0.7031118, 70.1392,338.8872,204.6227,175.2077
9834.59851802,26512.979731,0.7031057, 70.1358,338.8401,204.5978,176.3167
9839.58651679,26512.287570,0.7031676, 70.1225,338.3761,204.3288,187.5611
9840.08532081,26512.247224,0.7032030, 70.1232,338.3307,204.3018,188.6940
9844.07579933,26512.029194,0.7036108, 70.1236,337.9677,204.1016,197.7852
9846.56990017,26511.764057,0.7037533, 70.1047,337.7332,203.9935,203.5171
9850.56060499,26510.809090,0.7036566, 70.0683,337.3485,203.7992,212.9340
9852.55602125,26510.383202,0.7036887, 70.0650,337.1612,203.6876,217.7508
9856.54697203,26509.894870,0.7040273, 70.0656,336.7942,203.4827,227.4916
9858.54244122,26509.639331,0.7041352, 70.0540,336.6070,203.3939,232.3728
9859.54015244,26509.470245,0.7041427, 70.0453,336.5117,203.3498,234.8095
9859.54015969,26509.470197,0.7041427, 70.0453,336.5117,203.3498,234.8147
9862.53349715,26508.803225,0.7040388, 70.0181,336.2232,203.2063,242.3479
9864.52914004,26508.284625,0.7039703, 70.0070,336.0324,203.0993,247.4941
9865.02797626,26508.107754,0.7039645, 70.0057,335.9852,203.0719,248.7332
9865.52702514,26508.019601,0.7039644, 70.0045,335.9380,203.0438,250.1279
9866.52487169,26507.756627,0.7039834, 70.0036,335.8445,202.9882,252.7408
9869.51846674,26507.014218,0.7041712, 70.0037,335.5665,202.8289,260.6436
9871.51416321,26506.598730,0.7043190, 69.9968,335.3796,202.7347,265.9015
9874.50788279,26506.078621,0.7043360, 69.9665,335.0902,202.6025,273.9722
9878.49962342,26504.988937,0.7041200, 69.9333,334.7005,202.3926,285.0273
9884.48758435,26502.672076,0.7044073, 69.9284,334.1384,202.0769,302.0837
9884.98656544,26502.399302,0.7044199, 69.9256,334.0909,202.0538,303.5013
9888.47967567,26500.997440,0.7043129, 69.8948,333.7523,201.8879,313.6743
9889.47761543,26500.416743,0.7042437, 69.8866,333.6550,201.8360,316.5449
9894.46809345,26494.566537,0.7040789, 69.8740,333.1771,201.5537,331.6134
9897.46249236,26487.056146,0.7041553, 69.8761,332.8942,201.3910,340.7780
9900.45696446,26492.340015,0.7042271, 69.8624,332.6026,201.2192,350.0197
9900.95607598,26501.923961,0.7043073, 69.8587,332.5531,201.1849,351.5932
9902.45370560,26554.377479,0.7048170, 69.8458,332.4041,201.1047,356.5311
9905.44846156,26449.082984,0.7035279, 69.8164,332.1031,200.9318,  6.0955
9908.44330941,26481.656545,0.7041062, 69.8209,331.8088,200.7257, 15.7266
9909.44161754,26489.913172,0.7042757, 69.8237,331.7142,200.6764, 18.9335
9915.43155634,26502.302611,0.7044659, 69.7976,331.1407,200.3895, 38.1610
9917.92773920,26503.144868,0.7043451, 69.7845,330.8998,200.2511, 46.4453
9918.42696683,26503.311009,0.7043309, 69.7832,330.8522,200.2207, 48.0954
9919.42540667,26503.526989,0.7043179, 69.7825,330.7574,200.1609, 51.3808
9920.42384822,26503.708440,0.7043321, 69.7839,330.6634,200.1008, 54.6613
9921.92154153,26503.859748,0.7044035, 69.7885,330.5237,200.0127, 59.5875
9922.42077573,26503.992353,0.7044408, 69.7900,330.4774,199.9830, 61.2271
9925.41619171,26504.272064,0.7046987, 69.7944,330.1990,199.8224, 71.0068
9927.41317846,26504.401638,0.7048070, 69.7859,330.0098,199.7248, 77.5081
9928.41169535,26504.468869,0.7048170, 69.7783,329.9137,199.6762, 80.7684
9929.41022328,26504.550585,0.7047985, 69.7697,329.8168,199.6258, 84.0358
9930.40879549,26504.657048,0.7047618, 69.7618,329.7195,199.5727, 87.3366
9931.40735774,26504.802160,0.7047244, 69.7560,329.6225,199.5161, 90.6320
9932.40593559,26504.988015,0.7047065, 69.7537,329.5264,199.4566, 93.9383
9933.40448785,26505.206443,0.7047245, 69.7550,329.4317,199.3955, 97.2220
9934.40294261,26505.439334,0.7047847, 69.7593,329.3383,199.3347,100.4262
9934.40312467,26505.437948,0.7047847, 69.7593,329.3383,199.3347,100.5581
9935.40155857,26505.657394,0.7048808, 69.7647,329.2459,199.2761,103.7344
9937.39874304,26505.987578,0.7051119, 69.7726,329.0616,199.1686,110.2737
9938.39719282,26506.091262,0.7052099, 69.7727,328.9686,199.1190,113.4219
9939.39563459,26506.166815,0.7052804, 69.7703,328.8747,199.0706,116.5562
9940.39418438,26506.228267,0.7053206, 69.7658,328.7799,199.0221,119.7638
9940.39475626,26506.227150,0.7053206, 69.7658,328.7799,199.0221,120.1780
9941.39340195,26506.288896,0.7053343, 69.7602,328.6844,198.9723,123.4522
9942.39204746,26506.363330,0.7053296, 69.7546,328.5886,198.9206,126.7248
9943.39073986,26506.458226,0.7053168, 69.7498,328.4928,198.8667,130.0300
9944.38941183,26506.581444,0.7053070, 69.7467,328.3972,198.8105,133.3182
9945.38813477,26506.736299,0.7053104, 69.7457,328.3021,198.7525,136.6397
9947.38561053,26507.143402,0.7053859, 69.7498,328.1141,198.6342,143.2846
9948.38435588,26507.388484,0.7054635, 69.7542,328.0212,198.5757,146.5978
9949.38312942,26507.648337,0.7055645, 69.7590,327.9288,198.5188,149.9190
9950.38190176,26507.911962,0.7056812, 69.7634,327.8366,198.4641,153.2256
9951.38068322,26508.167119,0.7058031, 69.7663,327.7442,198.4120,156.5248
9952.37948199,26508.400513,0.7059185, 69.7670,327.6514,198.3623,159.8234
9952.37948203,26508.400513,0.7059185, 69.7670,327.6514,198.3623,159.8234
9953.37829432,26508.603831,0.7060163, 69.7651,327.5578,198.3144,163.1203
9954.37709822,26508.773487,0.7060887, 69.7606,327.4633,198.2675,166.4022
9955.37591156,26508.908780,0.7061324, 69.7542,327.3678,198.2203,169.6846
9956.37472759,26509.016706,0.7061500, 69.7468,327.2715,198.1717,172.9650
9957.37355107,26509.111368,0.7061505, 69.7399,327.1748,198.1207,176.2486
9958.37238843,26509.210552,0.7061481, 69.7347,327.0781,198.0668,179.5402
9960.37008970,26509.508391,0.7062007, 69.7334,326.8869,197.9520,186.1290
9961.36892408,26509.735160,0.7062799, 69.7373,326.7929,197.8938,189.3978
9962.36778651,26510.009323,0.7063957, 69.7428,326.6999,197.8372,192.6723
9963.36664754,26510.307961,0.7065356, 69.7480,326.6075,197.7839,195.9292
9964.36551173,26510.601016,0.7066801, 69.7513,326.5149,197.7342,199.1719
9965.36437506,26510.862236,0.7068092, 69.7515,326.4217,197.6876,202.3999
9966.36323985,26511.077817,0.7069092, 69.7487,326.3275,197.6428,205.6186
9966.36323993,26511.077817,0.7069092, 69.7487,326.3275,197.6428,205.6187
9968.36070908,26511.376396,0.7070100, 69.7367,326.1364,197.5523,211.8515
9970.35854306,26511.570927,0.7070287, 69.7241,325.9436,197.4541,218.3406
9971.35747838,26511.656741,0.7070363, 69.7201,325.8474,197.4016,221.5959
9972.35642665,26511.742517,0.7070572, 69.7182,325.7516,197.3473,224.8572
9973.35538026,26511.833353,0.7070989, 69.7185,325.6565,197.2921,228.1173
9974.35434539,26511.930475,0.7071658, 69.7206,325.5620,197.2367,231.3786
9975.35331255,26512.035175,0.7072580, 69.7240,325.4681,197.1822,234.6325
9977.35124629,26512.271302,0.7074991, 69.7309,325.2812,197.0788,241.1082
9978.35021392,26512.400502,0.7076294, 69.7324,325.1876,197.0308,244.3304
9979.34918202,26512.532048,0.7077507, 69.7314,325.0935,196.9851,247.5437
9983.34589090,26512.959880,0.7079882, 69.7042,324.7087,196.8092,260.9640
9984.34385691,26513.018392,0.7079890, 69.6956,324.6110,196.7617,263.4457
9984.34414954,26513.016050,0.7079891, 69.6956,324.6110,196.7617,263.6576
9986.34267053,26513.000647,0.7079956, 69.6845,324.4160,196.6591,270.5051
9987.34145497,26512.940564,0.7080290, 69.6832,324.3196,196.6051,273.5856
9988.34029384,26512.851350,0.7080955, 69.6848,324.2240,196.5507,276.7022
9989.33920367,26512.745969,0.7081957, 69.6880,324.1292,196.4976,279.8636
9990.33812701,26512.642259,0.7083214, 69.6914,324.0348,196.4472,283.0259
9991.33705967,26512.556625,0.7084564, 69.6932,323.9404,196.4001,286.1856
9992.33599860,26512.497341,0.7085810, 69.6921,323.8455,196.3562,289.3420
9993.33495211,26512.460336,0.7086784, 69.6876,323.7496,196.3144,292.5050
9994.33392381,26512.428006,0.7087392, 69.6801,323.6527,196.2732,295.6813
9995.33293146,26512.374970,0.7087641, 69.6707,323.5549,196.2311,298.8878
9996.33196551,26512.275781,0.7087619, 69.6608,323.4566,196.1868,302.1200
9997.33090701,26512.114797,0.7087459, 69.6518,323.3582,196.1399,305.2924
9998.33110296,26511.781893,0.7087301, 69.6447,323.2598,196.0907,309.3791
9999.33020236,26511.401209,0.7087263, 69.6399,323.1620,196.0395,312.6769
10000.32929862,26510.886732,0.7087426, 69.6376,323.0647,195.9874,315.9748
10001.32839314,26510.209601,0.7087825, 69.6372,322.9679,195.9352,319.2717
10002.32748277,26509.329405,0.7088454, 69.6382,322.8716,195.8840,322.5632
10004.32564317,26506.703801,0.7090153, 69.6403,322.6795,195.7875,329.1215
10005.32471505,26504.763604,0.7091005, 69.6394,322.5831,195.7430,332.3885
10006.32378094,26502.226549,0.7091671, 69.6362,322.4860,195.7006,335.6484
10007.32284223,26498.966829,0.7092004, 69.6303,322.3878,195.6593,338.9046
10008.32190183,26495.063186,0.7091899, 69.6219,322.2883,195.6171,342.1628
10009.32096012,26491.471163,0.7091391, 69.6118,322.1874,195.5708,345.4278
10012.31814239,26546.730346,0.7095631, 69.5868,321.8807,195.3819,355.3166
10013.31717629,26578.219319,0.7099056, 69.5815,321.7812,195.3532,358.5957
10015.31530903,26473.334565,0.7088117, 69.5688,321.5789,195.2481,  5.2362
10016.31431417,26463.287821,0.7088262, 69.5670,321.4758,195.1632,  8.5261
10017.31336074,26475.582676,0.7090957, 69.5678,321.3744,195.1017, 11.8293
10018.31239487,26488.559448,0.7093557, 69.5684,321.2746,195.0557, 15.1136
10019.31141592,26497.481860,0.7095489, 69.5670,321.1757,195.0163, 18.3854
10021.30943253,26506.355143,0.7097437, 69.5546,320.9774,194.9420, 24.9182
10022.30843281,26508.402057,0.7097601, 69.5443,320.8774,194.9033, 28.1905
10023.30743240,26509.669789,0.7097372, 69.5329,320.7770,194.8619, 31.4742
10025.30543161,26510.932282,0.7096383, 69.5125,320.5761,194.7688, 38.0813
10026.30442755,26511.198373,0.7095953, 69.5058,320.4763,194.7179, 41.3998
10027.30338858,26511.316856,0.7095731, 69.5017,320.3770,194.6652, 44.7017
10028.30236585,26511.333113,0.7095773, 69.5001,320.2784,194.6120, 48.0211
10030.30029042,26511.160922,0.7096621, 69.5008,320.0830,194.5078, 54.6465
10033.29671070,26510.620493,0.7098691, 69.4964,319.7904,194.3660, 64.2540
10034.29555798,26510.403803,0.7099168, 69.4902,319.6920,194.3224, 67.4909
10034.29623308,26510.405541,0.7099165, 69.4902,319.6920,194.3224, 67.9798
10035.29503854,26510.181994,0.7099381, 69.4813,319.5929,194.2794, 71.1928
10036.29388026,26509.960108,0.7099298, 69.4702,319.4929,194.2360, 74.4416
10037.29266764,26509.748282,0.7098941, 69.4582,319.3922,194.1909, 77.6631
10038.29145389,26509.553151,0.7098398, 69.4465,319.2911,194.1433, 80.8977
10040.28904907,26509.226366,0.7097301, 69.4295,319.0893,194.0400, 87.4246
10040.28904908,26509.226366,0.7097301, 69.4295,319.0893,194.0400, 87.4246
10041.28740816,26509.094176,0.7097023, 69.4256,318.9892,193.9854, 90.3873
10042.28613051,26508.969656,0.7097041, 69.4246,318.8900,193.9303, 93.6202
10044.28366942,26508.703894,0.7097929, 69.4272,318.6935,193.8239,100.1643
10044.28371859,26508.703725,0.7097929, 69.4272,318.6935,193.8239,100.2000
10052.77318363,26506.586074,0.7098088, 69.3735,317.8464,193.4218,128.2067
10061.76075288,26505.058773,0.7100631, 69.3650,316.9549,192.9544,157.6852
10064.25709975,26504.253009,0.7100317, 69.3430,316.7039,192.8378,165.8278
10067.75195480,26503.339824,0.7098699, 69.3197,316.3493,192.6505,177.3559
10072.74430952,26502.698277,0.7100969, 69.3334,315.8546,192.3744,193.7722
10076.73790617,26502.148870,0.7102272, 69.3174,315.4575,192.1837,206.7507
10077.73626667,26501.961218,0.7101961, 69.3095,315.3568,192.1337,209.9896
10078.73465469,26501.771963,0.7101529, 69.3024,315.2558,192.0811,213.2597
10090.71450708,26501.598127,0.7106203, 69.2968,314.0630,191.4400,252.0304
10093.70918276,26501.822900,0.7105646, 69.2769,313.7600,191.2819,261.4884
10095.70560473,26501.908245,0.7105815, 69.2765,313.5592,191.1664,267.7716
10095.70561109,26501.908229,0.7105815, 69.2765,313.5592,191.1664,267.7762
10114.66964990,26500.866695,0.7118161, 69.2923,311.6698,190.1885,324.4400
10115.66817966,26499.874983,0.7118963, 69.2899,311.5702,190.1445,327.6469
10116.66625075,26498.679598,0.7119474, 69.2850,311.4700,190.1006,330.5163
10117.16511174,26498.111959,0.7119639, 69.2814,311.4196,190.0784,331.8223
10117.16511175,26498.111955,0.7119639, 69.2814,311.4196,190.0784,331.8223
10117.16526524,26498.040897,0.7119632, 69.2814,311.4196,190.0785,331.9333
10129.14082098,26480.241786,0.7124064, 69.2815,310.1995,189.4510,  5.0898
10129.63977193,26467.235867,0.7123212, 69.2770,310.1470,189.4150,  6.4262
10130.13869956,26462.690630,0.7123220, 69.2727,310.0946,189.3793,  7.7412
10130.13922174,26462.327446,0.7123257, 69.2724,310.0939,189.3761,  8.1208
10155.58345454,26512.968963,0.7144633, 69.2235,307.5159,188.1565, 71.6219
10157.57865373,26513.073131,0.7145833, 69.2077,307.3138,188.0762, 76.0610
10167.55385134,26514.083084,0.7150111, 69.1744,306.2971,187.5999, 97.6554
10184.51533616,26513.655759,0.7157202, 69.0808,304.5603,186.8398,136.7050
10186.51046419,26513.278773,0.7156783, 69.0545,304.3531,186.7540,141.0776
10186.51085382,26513.279065,0.7156783, 69.0545,304.3531,186.7540,141.3597
10192.49608366,26512.903562,0.7157208, 69.0297,303.7310,186.4548,154.5411
10193.49366597,26512.890770,0.7157990, 69.0301,303.6285,186.4084,156.7711
10196.48624293,26512.661306,0.7159930, 69.0170,303.3213,186.2803,163.3370
10207.45854364,26511.031727,0.7159921, 68.9486,302.1771,185.7559,187.6123
10209.45331190,26510.895177,0.7161188, 68.9452,301.9710,185.6677,191.9324
10218.42947855,26509.081619,0.7159957, 68.8810,301.0282,185.2392,211.5872
10226.40974021,26507.909814,0.7162671, 68.8502,300.1947,184.8748,230.5160
10233.39074749,26506.254516,0.7162032, 68.8330,299.4567,184.5135,246.3627
10233.39141986,26506.253828,0.7162034, 68.8330,299.4567,184.5135,246.8497
10237.38084081,26505.561470,0.7164426, 68.8371,299.0393,184.3283,256.2165
10246.35666002,26503.431403,0.7164332, 68.8117,298.0886,183.8749,277.6449
10246.85512206,26503.201779,0.7164757, 68.8154,298.0361,183.8497,278.7134
10249.34844926,26502.744829,0.7166947, 68.8243,297.7743,183.7318,284.7965
10249.34859735,26502.743426,0.7166947, 68.8243,297.7743,183.7318,284.9038
10249.84742598,26502.544542,0.7167286, 68.8242,297.7221,183.7093,286.2427
10249.84754939,26502.543246,0.7167286, 68.8242,297.7221,183.7093,286.3321
10260.31896200,26500.314620,0.7169101, 68.8082,296.6132,183.1766,312.1164
10261.31618776,26499.924814,0.7170013, 68.8155,296.5080,183.1262,314.5586
10269.79282924,26492.711228,0.7172700, 68.7958,295.6095,182.7261,335.4580
10270.79019187,26490.005974,0.7172573, 68.7964,295.5022,182.6732,338.0081
10283.25502669,26466.907780,0.7177034, 68.8020,294.1545,182.0241,  7.6311
10285.24949299,26470.937856,0.7178957, 68.8026,293.9347,181.8944, 12.3655
10287.24368543,26484.014883,0.7182291, 68.8151,293.7183,181.7912, 16.8484
10287.24392123,26484.426146,0.7182340, 68.8151,293.7181,181.7913, 17.0190
10287.24418310,26484.874312,0.7182393, 68.8151,293.7180,181.7915, 17.2083
10293.22666591,26500.845024,0.7189671, 68.8243,293.0808,181.5408, 30.2985
10293.72522396,26501.300120,0.7189822, 68.8211,293.0278,181.5199, 31.3917
10299.70807260,26505.247395,0.7191861, 68.8106,292.3879,181.2255, 44.6254
10301.70223564,26505.782578,0.7194235, 68.8244,292.1754,181.1308, 48.8873
10305.19213919,26506.643339,0.7198100, 68.8241,291.8062,180.9846, 56.3171
10309.67875288,26507.633906,0.7199355, 68.7882,291.3294,180.7821, 65.4984
10309.67902987,26507.637090,0.7199354, 68.7882,291.3294,180.7821, 65.6990
10311.67299212,26508.181470,0.7199841, 68.7817,291.1159,180.6818, 69.6967
10311.67325989,26508.183564,0.7199840, 68.7817,291.1159,180.6818, 69.8906
10311.67325990,26508.183564,0.7199840, 68.7817,291.1159,180.6818, 69.8906
10313.16882455,26508.652647,0.7200693, 68.7835,290.9556,180.6071, 72.9347
10314.16558886,26508.915170,0.7201521, 68.7873,290.8490,180.5581, 74.7468
10314.66411104,26509.004371,0.7201994, 68.7896,290.7958,180.5336, 75.7486
10315.16265150,26509.169796,0.7202532, 68.7916,290.7426,180.5113, 76.7601
10317.15666546,26509.620092,0.7204768, 68.7964,290.5308,180.4249, 80.6584
10318.15373468,26509.810251,0.7205755, 68.7941,290.4251,180.3848, 82.6306
10320.14776486,26510.146090,0.7206963, 68.7780,290.2138,180.3053, 86.4680
10320.14779097,26510.146261,0.7206963, 68.7780,290.2138,180.3053, 86.4869
10320.14779103,26510.146261,0.7206963, 68.7780,290.2138,180.3053, 86.4870
10327.12824917,26511.906950,0.7208669, 68.7365,289.4643,179.9755,100.7608
10329.12090052,26512.406941,0.7210771, 68.7416,289.2506,179.8874,103.4631
10329.12092862,26512.407024,0.7210771, 68.7416,289.2506,179.8874,103.4834
10334.10577679,26513.031771,0.7213990, 68.7050,288.7198,179.6886,112.3805
10334.10577688,26513.031771,0.7213990, 68.7050,288.7198,179.6886,112.3806
10345.57072079,26514.545576,0.7218123, 68.6522,287.4846,179.1742,132.3565
10350.05629427,26514.141000,0.7218014, 68.5946,287.0017,178.9879,139.5233
10350.55471784,26514.223144,0.7217870, 68.5888,286.9475,178.9639,140.3473
10360.02491611,26514.258915,0.7221924, 68.5555,285.9188,178.5456,156.0129
10360.02495904,26514.258959,0.7221924, 68.5555,285.9188,178.5456,156.0440
10360.02495920,26514.258959,0.7221924, 68.5555,285.9188,178.5456,156.0441
10362.01871019,26513.967549,0.7221616, 68.5293,285.7031,178.4599,159.3730
10362.01936447,26513.968295,0.7221616, 68.5293,285.7031,178.4599,159.8467
10367.99705175,26513.482445,0.7221062, 68.4960,285.0481,178.1700,167.4079
10368.49731888,26513.538117,0.7221263, 68.4966,284.9934,178.1469,169.5806
10370.98984361,26513.440532,0.7222580, 68.4994,284.7210,178.0352,174.0584
10371.98662507,26513.399417,0.7223096, 68.4972,284.6126,177.9939,175.6823
10376.97032757,26512.540833,0.7222733, 68.4449,284.0705,177.7817,183.7437
10381.95393467,26511.997430,0.7223219, 68.4406,283.5175,177.5329,191.9579
10381.95394041,26511.997419,0.7223219, 68.4406,283.5175,177.5329,191.9620
10388.93041033,26511.089679,0.7225354, 68.4087,282.7540,177.2349,203.1216
10401.88689443,26509.137335,0.7227770, 68.4005,281.3209,176.6296,224.9241
10410.85429257,26507.337064,0.7230072, 68.4120,280.3191,176.1989,238.9469
10410.85429290,26507.337063,0.7230072, 68.4120,280.3191,176.1989,238.9471
10416.83379465,26506.221817,0.7231544, 68.3901,279.6584,175.9388,249.4594
10429.28849119,26503.496618,0.7236642, 68.4322,278.2664,175.3572,270.5605
10430.28479243,26503.316358,0.7236633, 68.4265,278.1560,175.3114,272.2504
10431.28165697,26503.122104,0.7236539, 68.4214,278.0451,175.2631,274.3642
10432.27800183,26502.905773,0.7236481, 68.4191,277.9336,175.2123,276.1167
10432.77606030,26502.899013,0.7236512, 68.4191,277.8775,175.1863,276.9145
10433.77244862,26502.649385,0.7236769, 68.4235,277.7648,175.1339,278.7143
10434.76894473,26502.387950,0.7237356, 68.4325,277.6516,175.0824,280.5963
10434.76917036,26502.388223,0.7237357, 68.4325,277.6516,175.0824,280.7597
10436.26333630,26501.906410,0.7238804, 68.4510,277.4817,175.0100,283.1612
10438.75397820,26501.621805,0.7241576, 68.4710,277.2018,174.9044,287.4115
10443.23663708,26501.307793,0.7243372, 68.4537,276.7048,174.7083,294.7959
10443.23705189,26501.305033,0.7243374, 68.4537,276.7048,174.7083,295.0965
10444.23311386,26501.269858,0.7243444, 68.4497,276.5937,174.6591,296.7021
10444.23316933,26501.269473,0.7243445, 68.4497,276.5936,174.6591,296.7423
10446.22555587,26501.171838,0.7243812, 68.4496,276.3699,174.5573,300.1584
10447.22176361,26501.109405,0.7244208, 68.4538,276.2575,174.5060,301.8782
10448.21797652,26501.043293,0.7244775, 68.4603,276.1448,174.4556,303.5987
10454.19477152,26500.956711,0.7249774, 68.4932,275.4726,174.1884,313.4137
10454.69271789,26501.018249,0.7250050, 68.4917,275.4172,174.1686,314.1332
10454.69271955,26501.018168,0.7250050, 68.4917,275.4172,174.1686,314.1344
10455.68883268,26501.118267,0.7250474, 68.4865,275.3066,174.1267,315.7313
10458.67707076,26501.409707,0.7250859, 68.4649,274.9740,173.9896,320.4466
10459.67299576,26501.429966,0.7250982, 68.4614,274.8620,173.9400,321.9053
10459.67313004,26501.415224,0.7250982, 68.4614,274.8620,173.9400,322.0026
10463.15909770,26500.762137,0.7253324, 68.4804,274.4649,173.7703,327.2022
10471.62409120,26494.876284,0.7257989, 68.4539,273.5159,173.4275,338.5586
10476.60448887,26478.453640,0.7258303, 68.4587,272.9483,173.1985,345.8034
10476.60458410,26478.203647,0.7258273, 68.4587,272.9482,173.1986,345.8722
10478.59619469,26468.560652,0.7258727, 68.4682,272.7199,173.1125,348.3032
10480.58779648,26459.548602,0.7258972, 68.4697,272.4926,173.0259,350.6897
10483.57502778,26466.283223,0.7259967, 68.4493,272.1539,172.8742,354.1214
10483.57511379,26466.879190,0.7260016, 68.4493,272.1538,172.8734,354.1841
10485.56682537,26510.427911,0.7264086, 68.4317,271.9279,172.7545,356.6459
10490.54554645,26573.077454,0.7272553, 68.4368,271.3605,172.5628,  2.2757
10492.53694018,26528.661670,0.7269873, 68.4401,271.1335,172.4856,  4.3716
10499.00867838,26477.482264,0.7266926, 68.3665,270.4052,172.1601, 10.8024
10499.00867902,26477.482570,0.7266926, 68.3665,270.4052,172.1601, 10.8029
10501.49753889,26481.370732,0.7267886, 68.3539,270.1215,172.0330, 13.0205
10506.47572734,26492.081103,0.7271944, 68.3566,269.5530,171.8107, 17.5398
10506.47576656,26492.136175,0.7271950, 68.3566,269.5529,171.8107, 17.5682
10510.95516356,26498.611657,0.7273744, 68.3143,269.0518,171.6334, 20.6657
10511.45292151,26499.180225,0.7273713, 68.3071,268.9962,171.6127, 21.0379
10511.95058685,26499.871963,0.7273652, 68.2996,268.9409,171.5898, 21.3445
10512.44834609,26500.397698,0.7273585, 68.2931,268.8850,171.5677, 21.7176
10513.44371989,26501.465198,0.7273474, 68.2820,268.7730,171.5205, 22.3598
10513.94103234,26501.758889,0.7273436, 68.2778,268.7169,171.4954, 22.4097
10513.94103235,26501.758897,0.7273436, 68.2778,268.7169,171.4954, 22.4097
10514.93648547,26502.717261,0.7273586, 68.2735,268.6034,171.4472, 23.1021
10515.43421311,26503.028114,0.7273751, 68.2735,268.5461,171.4241, 23.4448
10516.42967087,26503.784255,0.7274280, 68.2757,268.4315,171.3782, 24.1235
10516.92733172,26504.190135,0.7274628, 68.2774,268.3743,171.3557, 24.4087
10517.42504853,26504.384751,0.7275014, 68.2798,268.3167,171.3352, 24.7286
10517.92268818,26504.745100,0.7275429, 68.2814,268.2597,171.3144, 24.9903
10518.42039647,26504.909304,0.7275850, 68.2832,268.2024,171.2954, 25.2959
10518.91802406,26505.251080,0.7276266, 68.2835,268.1457,171.2759, 25.5413
10519.41572333,26505.404254,0.7276653, 68.2834,268.0889,171.2580, 25.8336
10519.41616344,26505.652539,0.7276676, 68.2834,268.0888,171.2583, 26.1519
10519.91432780,26506.272380,0.7277052, 68.2816,268.0326,171.2399, 26.7800
10520.41201975,26506.411785,0.7277345, 68.2791,267.9763,171.2224, 27.0627
10520.90968626,26506.771025,0.7277586, 68.2748,267.9206,171.2038, 27.3277
10521.90504188,26507.284941,0.7277870, 68.2637,267.8094,171.1666, 27.8710
10521.90504252,26507.285232,0.7277870, 68.2637,267.8094,171.1666, 27.8715
10522.40272968,26507.434196,0.7277916, 68.2573,267.7538,171.1477, 28.1495
10524.39344237,26508.435062,0.7277698, 68.2285,267.5319,171.0638, 29.2490
10525.88659461,26509.243027,0.7277400, 68.2105,267.3642,170.9948, 30.1694
10526.88168135,26509.519437,0.7277264, 68.2026,267.2514,170.9473, 30.5323
10527.87713070,26509.865187,0.7277252, 68.1980,267.1379,170.8997, 31.1562
10527.87713133,26509.865386,0.7277252, 68.1980,267.1379,170.8997, 31.1566
10528.87211906,26510.015964,0.7277363, 68.1962,267.0240,170.8524, 31.4433
10531.85866661,26510.693878,0.7278411, 68.2004,266.6807,170.7190, 33.4178
10532.85405645,26510.823165,0.7278872, 68.2016,266.5666,170.6778, 33.9731
10533.84921994,26510.885784,0.7279306, 68.2009,266.4530,170.6380, 34.3597
10534.84458044,26510.995820,0.7279661, 68.1975,266.3399,170.5992, 34.8859
10535.84008383,26511.146807,0.7279885, 68.1909,266.2275,170.5606, 35.5150
10536.83542566,26511.284548,0.7279933, 68.1809,266.1156,170.5212, 36.0299
10537.83077039,26511.450163,0.7279800, 68.1684,266.0039,170.4800, 36.5530
10538.82612835,26511.636990,0.7279522, 68.1548,265.8922,170.4362, 37.0947
10539.82150798,26511.828402,0.7279185, 68.1425,265.7800,170.3897, 37.6627
10539.82159054,26511.841804,0.7279185, 68.1425,265.7800,170.3897, 37.7224
10540.81699383,26512.008004,0.7278911, 68.1337,265.6667,170.3410, 38.3170
10541.81242979,26512.119731,0.7278825, 68.1301,265.5522,170.2916, 38.9410
10542.80790203,26512.162846,0.7279006, 68.1319,265.4365,170.2431, 39.5917
10543.80340483,26512.143274,0.7279457, 68.1376,265.3202,170.1971, 40.2599
10545.79463086,26512.041596,0.7280793, 68.1498,265.0881,170.1151, 41.7334
10547.78581754,26511.993132,0.7281827, 68.1475,264.8601,170.0403, 43.1642
10548.78116489,26511.990752,0.7282018, 68.1396,264.7475,170.0020, 43.7081
10549.77657994,26512.021054,0.7281992, 68.1288,264.6353,169.9615, 44.3109
10550.77202279,26512.064383,0.7281809, 68.1170,264.5232,169.9183, 44.9458
10551.76497575,26511.886005,0.7281549, 68.1061,264.4107,169.8722, 43.7904
10552.76185680,26512.042080,0.7281294, 68.0978,264.2973,169.8249, 45.4887
10553.75750728,26512.061693,0.7281109, 68.0926,264.1831,169.7762, 46.3047
10557.73856048,26511.765198,0.7281600, 68.1009,263.7206,169.5850, 48.4862
10558.73515638,26511.725389,0.7281977, 68.1065,263.6045,169.5408, 49.9982
10560.72611501,26511.478371,0.7282786, 68.1150,263.3733,169.4569, 51.4066
10561.72228234,26511.387246,0.7283121, 68.1161,263.2585,169.4166, 52.6112
10562.71830999,26511.290262,0.7283351, 68.1143,263.1443,169.3766, 53.7188
10563.71362508,26511.169638,0.7283444, 68.1094,263.0308,169.3360, 54.3171
10564.70958703,26511.094649,0.7283381, 68.1019,262.9176,169.2941, 55.3932
10566.69917411,26510.918102,0.7282912, 68.0841,262.6911,169.2030, 55.8922
10567.69492048,26510.887912,0.7282661, 68.0780,262.5768,169.1539, 56.8526
10569.68617615,26510.764755,0.7282709, 68.0811,262.3440,169.0537, 58.6307
10571.67781414,26510.474341,0.7283819, 68.1026,262.1075,168.9625, 60.6872
10573.66904436,26510.077267,0.7285284, 68.1205,261.8731,168.8847, 62.4304
10574.66474082,26509.901649,0.7285802, 68.1222,261.7579,168.8476, 63.3625
10575.66041532,26509.750705,0.7286087, 68.1190,261.6438,168.8093, 64.2874
10576.65601546,26509.620329,0.7286158, 68.1126,261.5303,168.7687, 65.1710
10577.65161065,26509.503971,0.7286077, 68.1051,261.4168,168.7254, 66.0658
10578.64734871,26509.398511,0.7285924, 68.0983,261.3029,168.6795, 67.0785
10579.64388373,26509.305486,0.7285777, 68.0939,261.1882,168.6318, 68.6814
10580.63896415,26509.184266,0.7285703, 68.0926,261.0727,168.5828, 69.2417
10581.63502471,26509.071173,0.7285737, 68.0947,260.9564,168.5337, 70.5198
10582.62833958,26508.912338,0.7285908, 68.0999,260.8394,168.4850, 69.8155
10583.62378186,26508.771843,0.7286198, 68.1076,260.7219,168.4375, 70.6552
10584.62310778,26508.669655,0.7286582, 68.1169,260.6040,168.3918, 74.3093
10585.61622881,26508.476330,0.7287057, 68.1266,260.4864,168.3476, 73.4722
10586.61046440,26508.284601,0.7287560, 68.1358,260.3690,168.3050, 73.4438
10587.60570964,26508.096780,0.7288047, 68.1434,260.2521,168.2639, 74.1490
10589.60016304,26507.755755,0.7288805, 68.1516,260.0201,168.1841, 78.4423
10594.58047164,26506.796696,0.7288844, 68.1356,259.4466,167.9659, 85.1385
10596.57182722,26506.523142,0.7289009, 68.1418,259.2122,167.8672, 87.3560
10598.56377346,26506.264451,0.7290164, 68.1681,258.9729,167.7759, 90.0187
10601.55104199,26505.590736,0.7292524, 68.2015,258.6183,167.6640, 93.5234
10602.54736064,26505.318841,0.7292956, 68.2018,258.5032,167.6276, 95.1099
10603.54324632,26505.044511,0.7293160, 68.1979,258.3888,167.5886, 96.3978
10604.53926794,26504.783346,0.7293201, 68.1924,258.2747,167.5465, 97.8019
10605.53519211,26504.539731,0.7293164, 68.1874,258.1601,167.5017, 99.1531
10606.53109206,26504.314568,0.7293131, 68.1846,258.0448,167.4546,100.5026
10608.52294746,26503.913213,0.7293297, 68.1884,257.8113,167.3579,103.2789
10609.51904310,26503.732228,0.7293549, 68.1951,257.6934,167.3099,104.8019
10610.51826871,26503.565789,0.7293911, 68.2043,257.5750,167.2630,108.5978
10635.42362307,26501.079102,0.7302079, 68.2578,254.6640,166.1776,150.6800
10637.41005468,26501.410687,0.7302718, 68.2650,254.4287,166.0821,149.7637
10637.41081383,26501.411210,0.7302718, 68.2650,254.4287,166.0821,150.3137
10644.38426853,26502.927887,0.7305782, 68.2835,253.6114,165.7924,161.9496
10644.88299632,26502.969512,0.7305847, 68.2802,253.5545,165.7731,163.2157
10646.37725215,26503.216075,0.7305942, 68.2664,253.3840,165.7093,165.6129
10647.37367304,26503.342531,0.7305902, 68.2563,253.2704,165.6648,167.3896
10648.37009941,26503.477453,0.7305849, 68.2471,253.1561,165.6183,169.1684
10649.36654419,26503.640203,0.7305850, 68.2406,253.0407,165.5704,170.9575
10649.36654421,26503.640203,0.7305850, 68.2406,253.0407,165.5704,170.9575
10650.36296120,26503.849026,0.7305973, 68.2382,252.9239,165.5222,172.7207
10655.34540119,26505.400020,0.7308683, 68.2646,252.3318,165.3181,181.5749
10655.34540121,26505.400020,0.7308683, 68.2646,252.3318,165.3181,181.5749
10656.34195809,26505.573037,0.7309108, 68.2606,252.2170,165.2839,183.3506
10660.32807537,26505.742194,0.7309099, 68.2104,251.7656,165.1194,190.3815
10661.32462462,26505.822272,0.7309029, 68.2012,251.6510,165.0718,192.1588
10663.31806168,26506.089177,0.7309173, 68.1935,251.4186,164.9759,195.9462
10664.31467568,26506.260328,0.7309393, 68.1939,251.3013,164.9292,197.7528
10667.30505069,26506.826224,0.7310391, 68.2006,250.9489,164.7982,203.4990
10668.30235283,26507.010203,0.7310730, 68.2012,250.8323,164.7575,205.7639
10669.29920406,26507.181582,0.7311014, 68.1993,250.7166,164.7175,207.6936
10670.29629389,26507.335496,0.7311215, 68.1946,250.6019,164.6778,209.7890
10671.29302604,26507.468456,0.7311312, 68.1866,250.4881,164.6375,211.6205
10671.29302605,26507.468456,0.7311312, 68.1866,250.4881,164.6375,211.6205
10672.29007649,26507.579917,0.7311298, 68.1757,250.3750,164.5960,213.6797
10673.28534553,26507.672076,0.7311187, 68.1628,250.2624,164.5525,214.4482
10673.28724592,26507.673857,0.7311186, 68.1627,250.2624,164.5525,215.8244
10673.28771438,26507.674291,0.7311186, 68.1627,250.2624,164.5525,216.1637
10682.25604694,26509.501565,0.7312582, 68.1332,249.2159,164.1441,230.7356
10683.25377588,26509.774170,0.7312864, 68.1278,249.1012,164.1076,233.1873
10684.25063955,26510.007559,0.7312950, 68.1165,248.9883,164.0698,235.0059
10684.25074683,26510.007420,0.7312951, 68.1165,248.9883,164.0698,235.0836
10701.19595889,26513.879754,0.7313370, 67.9996,247.0332,163.3186,263.7896
10705.18514802,26514.413084,0.7313062, 67.9739,246.5699,163.1249,271.7613
10709.17461976,26514.833669,0.7314555, 67.9976,246.0911,162.9632,279.7751
10709.17644272,26514.836283,0.7314560, 67.9976,246.0911,162.9632,281.0948
10718.14738863,26515.420420,0.7314202, 67.9417,245.0514,162.5702,295.1466
10754.05024172,26510.007790,0.7316480, 68.0374,240.7486,161.0452,  7.1412
10755.04798908,26491.779679,0.7314883, 68.0316,240.6297,160.9835,  9.5723
10756.04602657,26487.422150,0.7314714, 68.0263,240.5106,160.9253, 12.2211
10758.04158187,26492.394653,0.7315560, 68.0235,240.2714,160.8223, 17.1688
10766.01968021,26503.956899,0.7318584, 68.0955,239.2989,160.5187, 34.0581
10769.01384515,26505.697880,0.7318163, 68.0816,238.9512,160.3912, 42.2522
10770.01198913,26505.977912,0.7318126, 68.0826,238.8331,160.3448, 45.0757
10772.00735685,26506.160279,0.7318300, 68.0955,238.5929,160.2533, 50.0778
10794.95329084,26502.821325,0.7318131, 68.1905,235.8618,159.3296,108.8974
10801.94108875,26501.743032,0.7317982, 68.2119,235.0315,159.0112,130.8793
10802.94091217,26501.637614,0.7318035, 68.2191,234.9118,158.9709,135.1695
10805.93394803,26501.262262,0.7317876, 68.2265,234.5587,158.8525,143.4003
10806.93217288,26501.124344,0.7317700, 68.2234,234.4433,158.8119,146.5510
10807.93085657,26500.983060,0.7317477, 68.2177,234.3289,158.7698,150.0423
10808.92734253,26500.834061,0.7317232, 68.2104,234.2149,158.7258,151.9503
10809.92561060,26500.701886,0.7316984, 68.2024,234.1010,158.6798,155.1588
10810.92395429,26500.591354,0.7316765, 68.1950,233.9866,158.6320,158.4310
10811.92221421,26500.517261,0.7316605, 68.1897,233.8711,158.5829,161.6498
10812.92054314,26500.498889,0.7316529, 68.1879,233.7539,158.5336,164.9230
10813.91855398,26500.551019,0.7316547, 68.1904,233.6349,158.4854,167.9657
10815.91397985,26500.877823,0.7316777, 68.2069,233.3925,158.3977,173.5980
10816.91282961,26501.101953,0.7316875, 68.2164,233.2713,158.3599,177.2181
10817.91070040,26501.291901,0.7316865, 68.2220,233.1520,158.3250,180.1155
10819.90791144,26501.414650,0.7316408, 68.2122,232.9225,158.2541,186.9585
10821.90669141,26501.365107,0.7315696, 68.1841,232.6994,158.1685,194.9581
10822.90314312,26501.398194,0.7315435, 68.1717,232.5866,158.1204,196.8384
10823.90257786,26501.511680,0.7315276, 68.1633,232.4719,158.0710,200.8797
10824.90195542,26501.690412,0.7315218, 68.1593,232.3553,158.0216,204.8743
10826.89911772,26502.173966,0.7315298, 68.1610,232.1184,157.9272,211.6789
10827.89788268,26502.446646,0.7315370, 68.1643,231.9992,157.8828,215.1948
10828.89630045,26502.721887,0.7315425, 68.1675,231.8801,157.8403,218.4454
10830.89316321,26503.249445,0.7315408, 68.1698,231.6442,157.7591,224.9276
10831.89172115,26503.491292,0.7315314, 68.1675,231.5279,157.7193,228.2435
10832.89025385,26503.714432,0.7315159, 68.1624,231.4127,157.6793,231.5323
10833.88878481,26503.918559,0.7314951, 68.1546,231.2987,157.6383,234.8129
10844.87208160,26505.970388,0.7313896, 68.1143,230.0190,157.1492,270.1515
10845.86673256,26506.163416,0.7313672, 68.1116,229.9028,157.1143,270.5207
10847.86383231,26506.514776,0.7312915, 68.0876,229.6785,157.0373,276.9032
10850.85779342,26506.986384,0.7312054, 68.0461,229.3432,156.8940,285.2949
10851.85933336,26507.181558,0.7312003, 68.0403,229.2277,156.8435,290.6656
10855.85227087,26507.831543,0.7312237, 68.0455,228.7542,156.6569,302.4761
10856.85088223,26508.013981,0.7312258, 68.0473,228.6360,156.6144,305.6732
10856.85089380,26508.014097,0.7312258, 68.0473,228.6360,156.6144,305.6816
10857.84895432,26508.202053,0.7312225, 68.0473,228.5186,156.5729,308.4696
10857.84896589,26508.202154,0.7312225, 68.0473,228.5186,156.5729,308.4780
10858.84781822,26508.410015,0.7312143, 68.0449,228.4023,156.5317,311.8305
10858.84782980,26508.410088,0.7312143, 68.0449,228.4023,156.5317,311.8388
10859.84602141,26508.623805,0.7312006, 68.0399,228.2872,156.4901,314.7053
10859.84603299,26508.623836,0.7312006, 68.0399,228.2872,156.4901,314.7137
10860.84467236,26508.842429,0.7311832, 68.0323,228.1733,156.4478,317.8986
10861.84299062,26509.051467,0.7311630, 68.0224,228.0604,156.4041,320.8464
10862.84172200,26509.208607,0.7311429, 68.0109,227.9480,156.3589,324.0902
10863.84026567,26509.262594,0.7311246, 67.9990,227.8357,156.3120,327.1953
10864.84014825,26508.891080,0.7311110, 67.9879,227.7227,156.2644,331.2668
10865.83769121,26508.446116,0.7311009, 67.9792,227.6086,156.2153,333.6401
10866.83749888,26506.356563,0.7310905, 67.9737,227.4924,156.1687,337.6449
10867.83410710,26504.879503,0.7310862, 67.9731,227.3744,156.1214,339.3238
10868.83514975,26495.327981,0.7310188, 67.9756,227.2527,156.0844,344.1920
10869.83282679,26485.922905,0.7309377, 67.9815,227.1300,156.0470,346.6067
10870.83091153,26469.597382,0.7307677, 67.9878,227.0058,156.0127,349.2941
10871.82907267,26448.146449,0.7305074, 67.9922,226.8809,155.9724,352.0197
10871.82911237,26447.927529,0.7305046, 67.9922,226.8809,155.9723,352.0484
10872.82717128,26438.105865,0.7303209, 67.9933,226.7565,155.9118,354.6961
10872.82745946,26438.831543,0.7303232, 67.9935,226.7558,155.9088,354.9061
10873.82592537,26490.697484,0.7307664, 67.9921,226.6333,155.8278,357.8537
10874.82455111,26578.705128,0.7316120, 67.9862,226.5175,155.7983,  0.8884
10875.82605441,26537.050646,0.7311132, 67.9704,226.4056,155.7923,  6.0009
10876.82426072,26505.696841,0.7307896, 67.9540,226.2920,155.7265,  8.7500
10877.82302079,26494.080568,0.7306998, 67.9416,226.1759,155.6586, 11.8950
10878.82079993,26493.702851,0.7307209, 67.9354,226.0585,155.6009, 14.3162
10878.82088939,26493.731333,0.7307219, 67.9353,226.0585,155.6007, 14.3810
10879.81969511,26496.536827,0.7307817, 67.9340,225.9388,155.5475, 17.5323
10880.81837937,26499.769614,0.7308393, 67.9366,225.8182,155.4996, 20.5803
10881.81688638,26502.463094,0.7308846, 67.9416,225.6972,155.4553, 23.4847
10882.81530592,26504.600104,0.7309171, 67.9472,225.5763,155.4136, 26.3109
10883.81374700,26506.318476,0.7309378, 67.9523,225.4561,155.3737, 29.1389
10884.81193584,26507.627581,0.7309467, 67.9558,225.3368,155.3348, 31.7724
10884.81224605,26507.715937,0.7309475, 67.9558,225.3368,155.3349, 31.9968
10885.81066101,26508.834722,0.7309472, 67.9571,225.2187,155.2965, 34.7841
10887.81240126,26511.172186,0.7309277, 67.9526,224.9861,155.2194, 43.8914
10888.81139289,26511.783695,0.7309080, 67.9470,224.8716,155.1785, 47.0799
10889.81049017,26512.315253,0.7308871, 67.9398,224.7579,155.1358, 50.3438
10889.81054939,26512.319382,0.7308871, 67.9398,224.7579,155.1358, 50.3866
10890.80960469,26512.772261,0.7308677, 67.9320,224.6445,155.0912, 53.6207
10891.80879393,26513.162112,0.7308526, 67.9249,224.5306,155.0448, 56.9532
10892.80850352,26513.502487,0.7308439, 67.9200,224.4157,154.9971, 60.6638
10893.80753649,26513.750367,0.7308430, 67.9185,224.2991,154.9490, 63.8848
10894.80435344,26513.881105,0.7308492, 67.9215,224.1805,154.9016, 65.4989
10895.80308513,26514.011756,0.7308586, 67.9292,224.0596,154.8566, 68.4923
10897.80086246,26514.159484,0.7308645, 67.9522,223.8146,154.7774, 74.6724
10898.79932271,26514.200527,0.7308498, 67.9621,223.6931,154.7426, 77.4341
10899.79966607,26514.280759,0.7308199, 67.9672,223.5741,154.7090, 81.5512
10900.79924141,26514.347753,0.7307791, 67.9664,223.4580,154.6741, 85.1115
10901.79845920,26514.404554,0.7307344, 67.9604,223.3443,154.6363, 88.4189
10902.79735678,26514.447104,0.7306938, 67.9517,223.2318,154.5947, 91.5050
10903.79621869,26514.473771,0.7306632, 67.9433,223.1190,154.5495, 94.5770
10904.79508893,26514.485218,0.7306454, 67.9379,223.0047,154.5021, 97.6648
10905.79413409,26514.485655,0.7306393, 67.9367,222.8883,154.4541,100.8854
10906.79352097,26514.480310,0.7306417, 67.9401,222.7696,154.4067,104.3553
10909.79044085,26514.429096,0.7306551, 67.9673,222.4063,154.2765,113.8530
10910.79017616,26514.399542,0.7306504, 67.9774,222.2851,154.2370,117.5639
10911.79053213,26514.360140,0.7306385, 67.9859,222.1648,154.1986,121.7226
10912.29012288,26514.222849,0.7306295, 67.9897,222.1049,154.1793,123.3766
10912.79028413,26514.299991,0.7306201, 67.9922,222.0457,154.1606,125.4447
10913.28984115,26514.155581,0.7306082, 67.9947,221.9865,154.1412,127.0754
10913.78982860,26514.219274,0.7305963, 67.9959,221.9279,154.1223,129.0192
10914.78904567,26514.115539,0.7305686, 67.9971,221.8114,154.0832,132.3615
10914.78959486,26514.118329,0.7305684, 67.9971,221.8114,154.0832,132.7590
10915.78923924,26513.996378,0.7305388, 67.9962,221.6959,154.0428,136.4175
10916.78903759,26513.856985,0.7305095, 67.9936,221.5812,154.0007,140.1958
10917.78893620,26513.702876,0.7304829, 67.9902,221.4668,153.9569,144.0566
10918.78874581,26513.541509,0.7304614, 67.9872,221.3521,153.9113,147.8634
10919.78251528,26513.372842,0.7304475, 67.9858,221.2363,153.8644,147.3077
10920.78321707,26513.241587,0.7304395, 67.9876,221.1189,153.8171,151.7796
10921.28279086,26513.108958,0.7304376, 67.9903,221.0593,153.7930,153.4554
10921.78284859,26513.145382,0.7304375, 67.9937,220.9994,153.7705,155.4828
10922.78235495,26513.097531,0.7304373, 68.0043,220.8776,153.7261,159.0973
10923.28192182,26513.020457,0.7304357, 68.0114,220.8159,153.7045,160.7689
10923.78145380,26513.092372,0.7304329, 68.0187,220.7542,153.6851,162.4142
10924.78059952,26513.101596,0.7304171, 68.0345,220.6304,153.6481,165.7594
10925.77977321,26513.079909,0.7303855, 68.0482,220.5081,153.6142,169.1193
10926.77947277,26512.986084,0.7303379, 68.0569,220.3886,153.5814,172.8586
10927.77875887,26512.799998,0.7302803, 68.0592,220.2722,153.5474,176.3043
10928.77785901,26512.540388,0.7302216, 68.0561,220.1585,153.5103,179.6281
10929.77697290,26512.250018,0.7301700, 68.0502,220.0458,153.4693,182.9786
10930.77663116,26511.972647,0.7301309, 68.0447,219.9327,153.4249,186.7405
10934.76902409,26511.293898,0.7300798, 68.0578,219.4619,153.2403,197.3780
10943.26509257,26510.115869,0.7298308, 68.1164,218.4541,152.9070,229.0315
10948.75507462,26508.953086,0.7296742, 68.1161,217.8207,152.6607,244.4587
10953.24972517,26508.495433,0.7295263, 68.1725,217.2742,152.4883,259.2556
10955.24735211,26508.160566,0.7293672, 68.1759,217.0437,152.4221,265.8406
10956.24617537,26507.945627,0.7292895, 68.1695,216.9324,152.3840,269.1628
10957.24499663,26507.726795,0.7292256, 68.1616,216.8217,152.3419,272.5034
10960.24111841,26507.149125,0.7291238, 68.1550,216.4804,152.2038,282.3697
10961.24000242,26506.984329,0.7291059, 68.1605,216.3626,152.1586,285.8037
10962.23868645,26506.820425,0.7290872, 68.1687,216.2435,152.1153,289.0963
10963.23740396,26506.659030,0.7290640, 68.1781,216.1239,152.0740,292.4156
10965.23515945,26506.339253,0.7289961, 68.1956,215.8858,151.9965,299.2946
10965.73464103,26506.236762,0.7289745, 68.1990,215.8269,151.9782,301.0480
10966.23377455,26506.182665,0.7289508, 68.2016,215.7683,151.9591,302.5506
10967.23246919,26506.035944,0.7288996, 68.2051,215.6522,151.9219,305.8709
10968.73048502,26505.800323,0.7288168, 68.2052,215.4808,151.8652,310.8499
10969.22965762,26505.772682,0.7287887, 68.2038,215.4243,151.8451,312.3946
10971.72626523,26505.411074,0.7286614, 68.1917,215.1449,151.7415,320.7073
10972.22561370,26505.377308,0.7286404, 68.1887,215.0891,151.7189,322.3994
10973.22429417,26505.144181,0.7286040, 68.1835,214.9773,151.6741,325.7826
10975.22148761,26503.994863,0.7285509, 68.1789,214.7501,151.5834,332.4646
10977.21861966,26499.881530,0.7284911, 68.1874,214.5150,151.4999,339.1331
10978.71629666,26490.531916,0.7283695, 68.2012,214.3334,151.4500,344.0108
10979.71491770,26476.267642,0.7281786, 68.2100,214.2109,151.4236,347.3783
10981.71183455,26426.495566,0.7274286, 68.2156,213.9662,151.3473,353.8879
10982.71053954,26454.568362,0.7275489, 68.2133,213.8448,151.2595,357.3639
10984.20821993,26572.476309,0.7286115, 68.2047,213.6758,151.2140,  2.2976
10985.20669677,26540.232916,0.7281893, 68.1926,213.5671,151.1910,  5.6256
10986.20514290,26501.271224,0.7277669, 68.1817,213.4549,151.1259,  8.9659
10986.70435599,26491.871851,0.7276767, 68.1779,213.3977,151.0911, 10.6329
10988.20198818,26485.219972,0.7276371, 68.1755,213.2220,151.0015, 15.6208
10989.20041882,26486.978455,0.7276606, 68.1784,213.1035,150.9517, 18.9493
10990.19880225,26489.279636,0.7276746, 68.1831,212.9848,150.9070, 22.2408
10996.18899253,26496.722835,0.7274716, 68.1843,212.2944,150.6669, 41.8958
10997.18815973,26497.383294,0.7274192, 68.1765,212.1842,150.6246, 45.7600
10998.18645487,26497.862875,0.7273696, 68.1672,212.0748,150.5803, 48.9969
10999.18472984,26498.284387,0.7273262, 68.1574,211.9657,150.5343, 52.2236
11000.18307075,26498.661164,0.7272905, 68.1480,211.8563,150.4866, 55.5017
11001.18082309,26498.966409,0.7272627, 68.1401,211.7461,150.4379, 58.3557
11002.17910513,26499.258749,0.7272418, 68.1348,211.6344,150.3888, 61.5936
11004.17566546,26499.733632,0.7272073, 68.1337,211.4055,150.2935, 68.0550
11006.17216514,26500.107870,0.7271456, 68.1436,211.1709,150.2080, 74.4319
11007.17042652,26500.289905,0.7270894, 68.1486,211.0536,150.1699, 77.6064
11009.16688107,26500.726858,0.7269229, 68.1456,210.8265,150.0975, 83.8660
11010.16529179,26500.998838,0.7268299, 68.1350,210.7180,150.0588, 87.1201
11014.15802726,26502.108939,0.7266337, 68.0838,210.2875,149.8693, 99.5085
11060.06454537,26511.658767,0.7253543, 67.9908,205.1042,147.8072,226.1940
11062.05982699,26512.311956,0.7252440, 68.0057,204.8702,147.7313,230.8042
11063.05750049,26512.561430,0.7251658, 68.0075,204.7568,147.6944,233.1125
11064.05522179,26512.740263,0.7250848, 68.0044,204.6464,147.6560,235.4484
11064.05522180,26512.740263,0.7250848, 68.0044,204.6464,147.6560,235.4484
11065.05278420,26512.858453,0.7250131, 67.9974,204.5382,147.6148,237.6676
11066.05046696,26512.943002,0.7249600, 67.9888,204.4307,147.5705,239.9754
11074.03119429,26514.280759,0.7248200, 68.0191,203.5117,147.2202,257.7259
11078.02223504,26514.657363,0.7246064, 68.0266,203.0604,147.0650,266.9052
11082.01209113,26514.782548,0.7244795, 68.0172,202.6195,146.8896,275.2437
11083.00916511,26514.803627,0.7244682, 68.0185,202.5070,146.8438,277.0529
11084.00660514,26514.830469,0.7244596, 68.0229,202.3926,146.7985,279.1278
11085.00405126,26514.862354,0.7244475, 68.0307,202.2762,146.7546,281.2053
11086.00147479,26514.895344,0.7244244, 68.0415,202.1581,146.7130,283.2621
11086.99887744,26514.922842,0.7243830, 68.0540,202.0391,146.6741,285.2974
11101.95985880,26514.372212,0.7234966, 68.1253,200.3321,146.0783,316.0844
11107.44687984,26514.031022,0.7231187, 68.1262,199.7258,145.8635,328.5682
11110.93702759,26512.415683,0.7229990, 68.1283,199.3389,145.7113,335.5138
11111.43531987,26512.079032,0.7229838, 68.1310,199.2822,145.6906,336.2957
11112.93134348,26509.573332,0.7229173, 68.1437,199.1086,145.6311,339.4773
11114.92592465,26502.373624,0.7227262, 68.1657,198.8733,145.5644,343.6323
11119.91217204,26434.406179,0.7213805, 68.1668,198.3084,145.3879,353.9377
11119.91218386,26434.355615,0.7213798, 68.1668,198.3084,145.3878,353.9463
11120.90939330,26434.059159,0.7212546, 68.1623,198.1963,145.3160,356.0361
11121.90661064,26469.132847,0.7215424, 68.1624,198.0827,145.2382,358.1510
11122.40520664,26497.493659,0.7218163, 68.1644,198.0258,145.2070,359.1998
11123.90102931,26569.881901,0.7225128, 68.1747,197.8553,145.1637,  2.3583
11124.89819641,26567.644242,0.7224251, 68.1827,197.7414,145.1449,  4.4320
11126.89260124,26521.654751,0.7218149, 68.1976,197.5110,145.0645,  8.6644
11131.87849400,26495.939741,0.7211873, 68.2064,196.9521,144.8419, 19.2363
11134.86994889,26498.397449,0.7210135, 68.1920,196.6327,144.7127, 25.6277
11140.35412739,26501.274820,0.7208087, 68.1965,196.0303,144.4702, 37.4797
11145.83726612,26501.717500,0.7201754, 68.2125,195.4232,144.2673, 48.7118
11146.83425611,26501.852035,0.7200568, 68.2031,195.3207,144.2259, 50.8263
11147.83127513,26501.966763,0.7199672, 68.1934,195.2186,144.1813, 52.9801
11148.82823690,26502.021297,0.7199052, 68.1859,195.1150,144.1348, 55.1090
11149.82523801,26502.006211,0.7198616, 68.1823,195.0089,144.0879, 57.2791
11151.81924555,26501.804201,0.7197835, 68.1861,194.7895,143.9979, 61.6445
11155.30870246,26501.331153,0.7195396, 68.2032,194.3995,143.8565, 69.2747
11158.79804759,26500.889327,0.7192015, 68.1979,194.0252,143.7185, 76.8912
11166.77289308,26500.139895,0.7187894, 68.1615,193.1855,143.3522, 94.1851
11167.76969486,26500.027976,0.7187414, 68.1653,193.0750,143.3081, 96.3359
11168.26818964,26500.064245,0.7187106, 68.1674,193.0195,143.2867, 97.4794
11168.76658636,26499.918751,0.7186743, 68.1702,192.9637,143.2661, 98.5507
11169.76348403,26499.819595,0.7185835, 68.1749,192.8528,143.2260,100.7675
11170.76027678,26499.735575,0.7184693, 68.1772,192.7434,143.1871,102.9059
11171.75704450,26499.676357,0.7183387, 68.1755,192.6368,143.1482,105.0261
11172.75374398,26499.646842,0.7182063, 68.1690,192.5332,143.1075,107.1007
11173.75053336,26499.645749,0.7180894, 68.1585,192.4323,143.0640,109.2488
11174.74731550,26499.664207,0.7180015, 68.1463,192.3322,143.0173,111.4028
11175.74409360,26499.694342,0.7179458, 68.1355,192.2312,142.9682,113.5641
11176.74086416,26499.733810,0.7179150, 68.1282,192.1276,142.9184,115.7265
11177.73762677,26499.782939,0.7178954, 68.1254,192.0211,142.8694,117.8842
11178.73433782,26499.843785,0.7178739, 68.1262,191.9122,142.8224,120.0008
11179.73103562,26499.916559,0.7178412, 68.1293,191.8018,142.7776,122.1012
11180.72782786,26500.003002,0.7177933, 68.1330,191.6911,142.7348,124.2621
11181.72456502,26500.100769,0.7177308, 68.1359,191.5811,142.6933,126.3753
11182.72125819,26500.207459,0.7176573, 68.1370,191.4724,142.6524,128.4500
11183.71797703,26500.320933,0.7175776, 68.1359,191.3654,142.6115,130.5378
11185.71133795,26500.565407,0.7174216, 68.1264,191.1561,142.5271,134.6471
11188.70134403,26500.967892,0.7172581, 68.1016,190.8493,142.3908,140.7715
11190.69466278,26501.281987,0.7172126, 68.0869,190.6431,142.2949,144.8311
11191.69132335,26501.461317,0.7172027, 68.0823,190.5380,142.2467,146.8557
11192.68796276,26501.657480,0.7171946, 68.0801,190.4312,142.1992,148.8584
11195.67753341,26502.339065,0.7171143, 68.0869,190.1023,142.0655,154.5546
11198.66722747,26503.034040,0.7168569, 68.0923,189.7754,141.9452,160.2261
11199.66387865,26503.215174,0.7167462, 68.0875,189.6712,141.9046,162.1592
11200.66037294,26503.358527,0.7166450, 68.0788,189.5694,141.8618,163.9750
11204.64652116,26503.955516,0.7165010, 68.0459,189.1593,141.6703,171.3601
11205.64300431,26504.193922,0.7164990, 68.0468,189.0505,141.6234,173.1544
11206.63947864,26504.454140,0.7164852, 68.0507,188.9397,141.5789,174.9297
11208.63243635,26504.960244,0.7164051, 68.0605,188.7176,141.4956,178.4461
11210.62530972,26505.373432,0.7162735, 68.0643,188.5005,141.4151,181.8560
11211.62186743,26505.542891,0.7162031, 68.0627,188.3945,141.3741,183.6368
11213.61393313,26505.824745,0.7160810, 68.0536,188.1868,141.2885,186.4230
11215.60676553,26506.077780,0.7160058, 68.0409,187.9816,141.1976,189.7509
11221.08645303,26506.965762,0.7159747, 68.0334,187.3978,140.9396,198.3724
11223.57723681,26507.736005,0.7158758, 68.0476,187.1207,140.8343,202.2073
11225.07147174,26508.049404,0.7157514, 68.0540,186.9568,140.7736,204.2995
11225.56960279,26508.241016,0.7157030, 68.0544,186.9032,140.7544,205.0292
11228.55830836,26508.690956,0.7154303, 68.0409,186.5937,140.6266,209.3187
11229.05774529,26508.695057,0.7154019, 68.0371,186.5432,140.6026,210.9872
11229.55590678,26508.798499,0.7153818, 68.0332,186.4924,140.5798,211.7314
11231.54844217,26509.111387,0.7153587, 68.0254,186.2841,140.4837,214.6210
11232.54469936,26509.358515,0.7153603, 68.0276,186.1756,140.4371,216.0465
11234.53830148,26509.975186,0.7153242, 68.0409,185.9531,140.3508,219.6438
11235.53449089,26510.280534,0.7152756, 68.0484,185.8415,140.3106,220.9767
11242.00940286,26511.580066,0.7148419, 68.0502,185.1540,140.0453,229.1679
11242.50636984,26511.605999,0.7148240, 68.0484,185.1025,140.0240,228.9895
11243.50235596,26511.741552,0.7147987, 68.0451,184.9994,139.9791,230.1157
11244.99652447,26512.014152,0.7147808, 68.0426,184.8428,139.9105,231.9336
11245.49480100,26512.042701,0.7147770, 68.0430,184.7897,139.8887,232.6966
11246.49092871,26512.217082,0.7147708, 68.0453,184.6826,139.8441,233.9096
11247.48702767,26512.411277,0.7147589, 68.0499,184.5738,139.8006,235.0941
11248.48316848,26512.623611,0.7147339, 68.0566,184.4636,139.7585,236.2998
11249.47920775,26512.844658,0.7146896, 68.0646,184.3527,139.7181,237.4217
11251.47178541,26513.261011,0.7145318, 68.0797,184.1322,139.6411,239.9962
11252.46807803,26513.417852,0.7144241, 68.0842,184.0243,139.6034,241.2735
11253.46319044,26513.515803,0.7143096, 68.0854,183.9188,139.5649,241.6915
11254.45920299,26513.561543,0.7142002, 68.0835,183.8156,139.5250,242.7600
11255.45523679,26513.559764,0.7141081, 68.0792,183.7139,139.4831,243.8456
11256.45186105,26513.536499,0.7140409, 68.0744,183.6125,139.4394,245.3624
11257.44829495,26513.513457,0.7139995, 68.0709,183.5101,139.3944,246.7450
11258.44443169,26513.517157,0.7139771, 68.0703,183.4054,139.3493,247.9144
11259.44061754,26513.561819,0.7139613, 68.0735,183.2980,139.3051,249.1183
11263.42423232,26513.911078,0.7137498, 68.1070,182.8555,139.1469,253.0624
11267.40858030,26513.817568,0.7133499, 68.1174,182.4328,138.9949,257.4953
11268.40199128,26513.709441,0.7132704, 68.1154,182.3307,138.9541,256.6754
11270.39389288,26513.505402,0.7131548, 68.1110,182.1266,138.8689,258.7316
11280.35226711,26512.839064,0.7124414, 68.1582,181.0591,138.4636,268.4003
11282.34423866,26512.498478,0.7121891, 68.1533,180.8569,138.3826,270.5914
11284.33455368,26512.071176,0.7120307, 68.1455,180.6564,138.2950,271.6291
11285.32998829,26511.880007,0.7119843, 68.1446,180.5539,138.2503,272.3644
11286.32558664,26511.720691,0.7119466, 68.1468,180.4491,138.2063,273.2256
11287.81902612,26511.592780,0.7118789, 68.1555,180.2880,138.1435,274.5552
11288.81514593,26511.494914,0.7118119, 68.1637,180.1791,138.1036,275.8015
11289.81045930,26511.388362,0.7117226, 68.1721,180.0703,138.0652,276.4652
11290.30829649,26511.285432,0.7116699, 68.1760,180.0162,138.0459,276.9288
11290.80599260,26511.270690,0.7116131, 68.1791,179.9626,138.0277,277.2904
11291.30385852,26511.159831,0.7115526, 68.1820,179.9094,138.0085,277.7767
11291.80160604,26511.129997,0.7114901, 68.1840,179.8568,137.9903,278.1780
11292.29939024,26511.008917,0.7114262, 68.1856,179.8046,137.9709,278.6081
11294.29046070,26510.637439,0.7111809, 68.1851,179.6010,137.8927,280.3009
11295.28588941,26510.427280,0.7110759, 68.1822,179.5012,137.8516,281.0860
11296.28140568,26510.215382,0.7109872, 68.1787,179.4019,137.8092,281.9460
11296.77916134,26510.137333,0.7109491, 68.1768,179.3522,137.7881,282.3783
11297.27710289,26510.008474,0.7109148, 68.1753,179.3024,137.7658,282.9485
11298.27263694,26509.806098,0.7108565, 68.1728,179.2023,137.7219,283.8440
11300.26358772,26509.434244,0.7107634, 68.1728,178.9983,137.6338,285.5789
11301.25905755,26509.267297,0.7107161, 68.1758,178.8942,137.5907,286.4544
11302.25450637,26509.111496,0.7106588, 68.1806,178.7887,137.5485,287.3207
11303.24994144,26508.968075,0.7105846, 68.1868,178.6824,137.5075,288.1819
11304.24536456,26508.830738,0.7104881, 68.1934,178.5758,137.4677,289.0382
11305.24072384,26508.691747,0.7103675, 68.1993,178.4700,137.4288,289.8522
11306.23612978,26508.544057,0.7102262, 68.2030,178.3657,137.3901,290.7048
11306.73393635,26508.469885,0.7101504, 68.2038,178.3144,137.3711,291.2084
11307.23163593,26508.380389,0.7100734, 68.2037,178.2638,137.3509,291.6369
11308.22701241,26508.191000,0.7099228, 68.2011,178.1643,137.3104,292.4851
11309.22238596,26507.981264,0.7097886, 68.1959,178.0666,137.2681,293.3440
11310.21774240,26507.759525,0.7096808, 68.1895,177.9697,137.2240,294.2048
11311.21306097,26507.535844,0.7096016, 68.1838,177.8722,137.1787,295.0522
11312.20836366,26507.323620,0.7095450, 68.1804,177.7730,137.1330,295.9005
11313.20372226,26507.130301,0.7095000, 68.1799,177.6715,137.0879,296.7987
11314.19905380,26506.954240,0.7094534, 68.1824,177.5679,137.0441,297.6840
11316.18947227,26506.635177,0.7093164, 68.1928,177.3568,136.9612,299.2899
11317.18477123,26506.485159,0.7092178, 68.1981,177.2514,136.9217,300.1631
11317.68255441,26506.401748,0.7091616, 68.2003,177.1991,136.9026,300.6981
11318.18023408,26506.336283,0.7091017, 68.2020,177.1472,136.8827,301.1595
11318.67786914,26506.244548,0.7090392, 68.2032,177.0958,136.8636,301.5901
11319.17556563,26506.177689,0.7089749, 68.2037,177.0448,136.8436,302.0670
11319.67318869,26506.080613,0.7089103, 68.2036,176.9944,136.8243,302.4928
11320.17069051,26506.007032,0.7088459, 68.2029,176.9444,136.8039,302.8330
11321.16595274,26505.834665,0.7087231, 68.1999,176.8458,136.7630,303.7084
11321.66357716,26505.729733,0.7086663, 68.1977,176.7970,136.7425,304.1454
11322.16098510,26505.653241,0.7086131, 68.1951,176.7485,136.7208,304.4285
11323.15623065,26505.477293,0.7085201, 68.1894,176.6518,136.6774,305.3152
11324.64910315,26505.201056,0.7084139, 68.1811,176.5067,136.6108,306.6707
11325.14629035,26505.128078,0.7083860, 68.1787,176.4580,136.5877,306.8116
11326.14226677,26504.999856,0.7083397, 68.1751,176.3597,136.5423,308.2617
11327.13724037,26504.841960,0.7082995, 68.1733,176.2601,136.4970,308.9947
11327.63486861,26504.738785,0.7082799, 68.1732,176.2097,136.4750,309.4668
11328.13234917,26504.695341,0.7082593, 68.1735,176.1590,136.4523,309.8334
11328.62997606,26504.593492,0.7082369, 68.1743,176.1079,136.4307,310.3079
11329.12744785,26504.554785,0.7082118, 68.1754,176.0565,136.4085,310.6712
11330.62023644,26504.322558,0.7081127, 68.1808,175.9011,136.3451,312.0391
11331.61568979,26504.209448,0.7080211, 68.1848,175.7972,136.3038,313.1447
11332.11305506,26504.185533,0.7079665, 68.1864,175.7455,136.2830,313.4368
11332.61087896,26504.091856,0.7079069, 68.1878,175.6941,136.2631,314.0626
11333.10824007,26504.074191,0.7078422, 68.1885,175.6431,136.2424,314.3538
11333.60583719,26503.971136,0.7077739, 68.1888,175.5925,136.2224,314.8178
11334.10336158,26503.968307,0.7077033, 68.1881,175.5426,136.2014,315.2303
11334.60095610,26503.866660,0.7076318, 68.1868,175.4932,136.1810,315.6960
11335.59600829,26503.768751,0.7074943, 68.1817,175.3962,136.1382,316.5350
11336.59105977,26503.678640,0.7073759, 68.1742,175.3008,136.0936,317.3850
11337.08922390,26503.732158,0.7073280, 68.1699,175.2535,136.0702,318.2769
11337.58658512,26503.621966,0.7072870, 68.1660,175.2059,136.0473,318.5910
11338.08415118,26503.648603,0.7072541, 68.1620,175.1583,136.0233,319.0557
11339.07931247,26503.579919,0.7072079, 68.1560,175.0616,135.9759,320.0148
11339.57669921,26503.465492,0.7071913, 68.1543,175.0123,135.9526,320.3573
11340.07427381,26503.500484,0.7071776, 68.1530,174.9626,135.9288,320.8366
11340.57185723,26503.395097,0.7071640, 68.1529,174.9121,135.9061,321.3242
11341.06941197,26503.432289,0.7071495, 68.1531,174.8612,135.8831,321.7908
11341.56699359,26503.325349,0.7071319, 68.1543,174.8097,135.8611,322.2782
11342.06453234,26503.364886,0.7071109, 68.1556,174.7580,135.8389,322.7337
11342.56230973,26503.271043,0.7070853, 68.1576,174.7059,135.8177,323.3631
11343.05984833,26503.317855,0.7070547, 68.1593,174.6539,135.7963,323.8184
11343.55739407,26503.213055,0.7070186, 68.1613,174.6018,135.7757,324.2799
11344.05495761,26503.267399,0.7069782, 68.1628,174.5501,135.7549,324.7532
11344.55254192,26503.170396,0.7069332, 68.1644,174.4984,135.7346,325.2427
11345.05011582,26503.233208,0.7068849, 68.1651,174.4473,135.7140,325.7237
11345.54771982,26503.142561,0.7068336, 68.1658,174.3963,135.6938,326.2281
11346.04530261,26503.214676,0.7067809, 68.1655,174.3460,135.6731,326.7165
11346.54288076,26503.130223,0.7067272, 68.1650,174.2960,135.6526,327.2034
11347.04047006,26503.209063,0.7066741, 68.1636,174.2466,135.6316,327.6980
11347.53806801,26503.132877,0.7066221, 68.1620,174.1975,135.6107,328.2012
11348.03564596,26503.216709,0.7065726, 68.1595,174.1489,135.5893,328.6897
11348.53323190,26503.144448,0.7065258, 68.1570,174.1005,135.5677,329.1865
11349.03080986,26503.232017,0.7064829, 68.1537,174.0525,135.5457,329.6776
11349.52843156,26503.164062,0.7064440, 68.1506,174.0046,135.5236,330.2030
11350.02601562,26503.250551,0.7064097, 68.1469,173.9569,135.5011,330.7011
11350.52360380,26503.183634,0.7063800, 68.1436,173.9091,135.4784,331.2047
11351.02121397,26503.261966,0.7063549, 68.1399,173.8614,135.4556,331.7241
11352.01644113,26503.255386,0.7063175, 68.1334,173.7655,135.4095,332.7721
11352.51402961,26503.172515,0.7063042, 68.1308,173.7171,135.3863,333.2797
11353.01168617,26503.213130,0.7062939, 68.1282,173.6685,135.3632,333.8358
11353.50927396,26503.111310,0.7062856, 68.1264,173.6194,135.3401,334.3437
11354.50453039,26502.988119,0.7062719, 68.1238,173.5204,135.2944,335.4166
11355.00220616,26502.946016,0.7062646, 68.1230,173.4704,135.2720,335.9865
11355.49979416,26502.778882,0.7062560, 68.1230,173.4198,135.2495,336.4934
11355.99747497,26502.674053,0.7062448, 68.1231,173.3691,135.2277,337.0654
11356.49506403,26502.458077,0.7062308, 68.1239,173.3180,135.2058,337.5712
11357.49034681,26501.990862,0.7061898, 68.1259,173.2152,135.1633,338.6534
11357.98804210,26501.701998,0.7061613, 68.1270,173.1637,135.1428,339.2309
11358.48564909,26501.328020,0.7061281, 68.1283,173.1121,135.1220,339.7439
11358.98334863,26500.911087,0.7060880, 68.1293,173.0607,135.1020,340.3212
11359.48097408,26500.412244,0.7060433, 68.1302,173.0093,135.0816,340.8442
11359.97862509,26499.875918,0.7059918, 68.1305,172.9584,135.0619,341.3831
11360.47551414,26499.911907,0.7059410, 68.1307,172.9077,135.0406,341.3703
11361.47074500,26498.636650,0.7058209, 68.1287,172.8078,135.0004,342.3908
11361.96834844,26497.893266,0.7057573, 68.1266,172.7587,134.9803,342.8906
11362.46596509,26497.006462,0.7056952, 68.1239,172.7099,134.9595,343.4001
11362.96363838,26495.929569,0.7056323, 68.1204,172.6617,134.9390,343.9494
11363.46114448,26494.986081,0.7055767, 68.1166,172.6137,134.9173,344.3783
11363.95880215,26493.647090,0.7055213, 68.1123,172.5661,134.8962,344.9162
11364.45713200,26490.400941,0.7054567, 68.1076,172.5181,134.8759,345.9403
11365.45231615,26486.613757,0.7053710, 68.0991,172.4223,134.8317,346.9218
11366.44785561,26480.404585,0.7052847, 68.0925,172.3244,134.7882,348.1581
11367.44336076,26472.643473,0.7051929, 68.0891,172.2238,134.7451,349.3650
11368.43874709,26463.935660,0.7050860, 68.0890,172.1205,134.7023,350.4782
11369.43423031,26453.377888,0.7049393, 68.0914,172.0149,134.6596,351.6516
11369.93198467,26448.043454,0.7048541, 68.0931,171.9616,134.6380,352.2438
11370.42967809,26442.563405,0.7047630, 68.0948,171.9082,134.6156,352.7889
11370.92745750,26437.383132,0.7046655, 68.0967,171.8548,134.5926,353.3945
11371.42516027,26432.519040,0.7045683, 68.0981,171.8016,134.5685,353.9417
11372.41929973,26431.400313,0.7044719, 68.1002,171.6985,134.5266,354.1108
11372.91704147,26428.085581,0.7043792, 68.1007,171.6463,134.5014,354.6805
11373.41456398,26425.942974,0.7043029, 68.1004,171.5949,134.4762,355.0886
11374.40992819,26424.954315,0.7041827, 68.0989,171.4927,134.4211,356.1340
11374.90759657,26427.034877,0.7041545, 68.0977,171.4421,134.3929,356.6455
11375.40530181,26430.855807,0.7041504, 68.0959,171.3919,134.3629,357.1818
11375.90295585,26436.435374,0.7041702, 68.0942,171.3420,134.3343,357.6804
11376.40075960,26445.484916,0.7042344, 68.0921,171.2922,134.3035,358.2860
11377.39617267,26466.714033,0.7044153, 68.0879,171.1936,134.2478,359.3510
11378.39161740,26491.974392,0.7046621, 68.0841,171.0953,134.1981,  0.4309
11379.38710289,26516.684557,0.7049179, 68.0811,170.9970,134.1558,  1.5313
11380.38257214,26535.599889,0.7051166, 68.0792,170.8982,134.1191,  2.6113
11381.37803513,26546.859951,0.7052314, 68.0786,170.7985,134.0852,  3.6790
11381.87576943,26549.503660,0.7052541, 68.0790,170.7482,134.0684,  4.2129
11382.37329189,26550.646350,0.7052611, 68.0795,170.6976,134.0499,  4.5907
11383.36878027,26549.601914,0.7052268, 68.0818,170.5956,134.0147,  5.6618
11384.36424798,26544.855196,0.7051395, 68.0851,170.4926,133.9771,  6.7099
11385.35972476,26538.327529,0.7050175, 68.0887,170.3892,133.9373,  7.7556
11385.85749174,26534.794476,0.7049470, 68.0903,170.3376,133.9168,  8.2964
11386.35508835,26531.994644,0.7048818, 68.0921,170.2860,133.8957,  8.7096
11387.35051193,26525.761122,0.7047319, 68.0942,170.1836,133.8528,  9.6975
11387.84817768,26523.195269,0.7046582, 68.0944,170.1330,133.8312, 10.1554
11388.34585778,26520.601558,0.7045831, 68.0945,170.0826,133.8089, 10.6201
11388.84351810,26518.448286,0.7045113, 68.0936,170.0328,133.7868, 11.0702
11389.34154933,26515.103393,0.7044288, 68.0925,169.9833,133.7629, 11.7865
11390.33705296,26511.308871,0.7043007, 68.0882,169.8857,133.7161, 12.8106
11391.33251176,26508.464135,0.7042009, 68.0824,169.7893,133.6681, 13.7983
11392.32793518,26506.353040,0.7041346, 68.0762,169.6931,133.6192, 14.7573
11392.82565877,26505.556456,0.7041141, 68.0732,169.6447,133.5949, 15.2451
11394.31888859,26503.476993,0.7040897, 68.0690,169.4967,133.5212, 16.7408
11395.31427507,26502.658933,0.7040885, 68.0700,169.3949,133.4740, 17.6565
11395.31440398,26502.570616,0.7040882, 68.0700,169.3949,133.4738, 17.7500
11396.31074769,26501.585869,0.7040796, 68.0738,169.2906,133.4274, 19.3487
11397.30645249,26501.252377,0.7040523, 68.0795,169.1853,133.3840, 20.4712
11398.30196613,26501.145699,0.7040005, 68.0855,169.0801,133.3422, 21.4418
11399.29777353,26501.151504,0.7039289, 68.0902,168.9760,133.3010, 22.6131
11400.29316018,26501.304077,0.7038438, 68.0930,168.8737,133.2602, 23.4690
11401.28886507,26501.538901,0.7037576, 68.0936,168.7733,133.2187, 24.5468
11401.78681643,26501.729086,0.7037170, 68.0929,168.7238,133.1983, 25.1552
11402.28416998,26501.825533,0.7036767, 68.0922,168.6748,133.1766, 25.3280
11402.78197836,26502.026598,0.7036414, 68.0908,168.6259,133.1558, 25.8297
11403.27915199,26502.122958,0.7036076, 68.0895,168.5775,133.1338, 25.8694
11404.27597350,26502.599301,0.7035621, 68.0858,168.4805,133.0896, 27.7376
11404.77382540,26502.827232,0.7035435, 68.0839,168.4322,133.0681, 28.2654
11405.27164097,26503.001288,0.7035293, 68.0823,168.3838,133.0452, 28.7648
11405.76948762,26503.226727,0.7035187, 68.0807,168.3353,133.0235, 29.2860
11406.76490034,26503.592778,0.7035067, 68.0785,168.2377,132.9789, 30.1201
11407.26243747,26503.736882,0.7035041, 68.0780,168.1886,132.9560, 30.4118
11408.25787939,26504.090660,0.7035034, 68.0782,168.0892,132.9118, 31.2565
11408.25807220,26504.114015,0.7035040, 68.0782,168.0892,132.9118, 31.3961
11409.25341883,26504.438000,0.7035024, 68.0801,167.9885,132.8682, 32.1634
11409.25361000,26504.461192,0.7035030, 68.0801,167.9885,132.8682, 32.3018
11411.24560804,26505.208352,0.7034748, 68.0885,167.7835,132.7835, 34.7522
11413.23682966,26505.810508,0.7033737, 68.0996,167.5769,132.7020, 36.5977
11414.23283827,26506.149766,0.7032951, 68.1041,167.4745,132.6618, 37.7925
11415.22857072,26506.463768,0.7032020, 68.1070,167.3734,132.6214, 38.7783
11421.20269793,26508.409343,0.7027987, 68.0968,166.7888,132.3635, 44.3887
11422.19891604,26508.696043,0.7027873, 68.0984,166.6886,132.3200, 45.6943
11424.19013557,26509.029195,0.7027349, 68.1097,166.4823,132.2373, 47.4011
11427.17746270,26509.447614,0.7024770, 68.1297,166.1716,132.1214, 50.2511
11428.17328763,26509.621869,0.7023611, 68.1326,166.0713,132.0827, 51.2229
11430.16692293,26510.108215,0.7021497, 68.1322,165.8763,132.0026, 54.5958
11434.14945582,26510.697631,0.7019194, 68.1256,165.4920,131.8338, 57.9095
11435.14530040,26510.792444,0.7018916, 68.1266,165.3940,131.7916, 58.8908
11435.64317957,26510.740876,0.7018778, 68.1279,165.3444,131.7709, 59.3492
11436.14129930,26510.864218,0.7018646, 68.1292,165.2947,131.7498, 59.9826
11438.13332952,26510.928283,0.7017856, 68.1387,165.0929,131.6683, 62.1841
11439.12920538,26510.924496,0.7017225, 68.1448,164.9911,131.6285, 63.1805
11440.12510559,26510.910467,0.7016398, 68.1509,164.8893,131.5891, 64.1922
11442.11710547,26510.886635,0.7014224, 68.1600,164.6885,131.5103, 66.3561
11445.10514830,26510.918560,0.7010720, 68.1598,164.3983,131.3872, 69.6458
11446.10086039,26510.931660,0.7009828, 68.1572,164.3035,131.3444, 70.5335
11447.09698287,26510.944644,0.7009151, 68.1548,164.2084,131.3011, 71.7244
11448.09304482,26510.933711,0.7008663, 68.1537,164.1124,131.2577, 72.8776
11448.59102898,26510.830937,0.7008463, 68.1541,164.0636,131.2361, 73.4217
11450.08516102,26510.807362,0.7007906, 68.1581,163.9150,131.1730, 75.1912
11451.08123356,26510.689006,0.7007401, 68.1637,163.8137,131.1323, 76.3617
11454.06950961,26510.259301,0.7004464, 68.1831,163.5087,131.0153, 79.9187
11455.06570358,26510.146406,0.7003103, 68.1866,163.4098,130.9764, 81.1819
11457.05814809,26509.987565,0.7000434, 68.1866,163.2179,130.8957, 83.7661
11458.05441760,26509.923333,0.6999319, 68.1842,163.1242,130.8538, 85.1041
11458.55257875,26509.823500,0.6998836, 68.1829,163.0774,130.8323, 85.7951
11463.53417717,26509.274122,0.6996017, 68.1791,162.6024,130.6183, 92.8114
11465.02859852,26509.069040,0.6995195, 68.1845,162.4548,130.5565, 94.9060
11466.52306675,26508.737705,0.6994033, 68.1917,162.3061,130.4951, 97.0451
11467.02123912,26508.687661,0.6993554, 68.1939,162.2566,130.4752, 97.7725
11468.01759431,26508.494969,0.6992461, 68.1980,162.1581,130.4348, 99.2384
11470.01035031,26508.136318,0.6989908, 68.2016,161.9648,130.3526,102.2218
11472.50128745,26507.729060,0.6986902, 68.1959,161.7311,130.2449,105.9937
11473.99591733,26507.551968,0.6985653, 68.1902,161.5923,130.1788,108.3382
11475.98877401,26507.235091,0.6984628, 68.1866,161.4039,130.0905,111.5127
11477.48347352,26506.927875,0.6983965, 68.1893,161.2583,130.0259,113.9564
11478.47988790,26506.718893,0.6983373, 68.1933,161.1595,129.9845,115.5553
11478.97844840,26506.631681,0.6982999, 68.1956,161.1099,129.9645,116.6126
11481.46926093,26506.071817,0.6980304, 68.2062,160.8637,129.8635,120.4760
11481.96751949,26505.984783,0.6979638, 68.2071,160.8154,129.8436,121.3228
11494.92299751,26503.560091,0.6969473, 68.1976,159.5931,129.2849,144.7208
11521.83902944,26500.045710,0.6951214, 68.1711,157.0576,128.1040,203.5239
11523.83294834,26500.021289,0.6949484, 68.1720,156.8681,128.0171,208.1093
11524.83004297,26500.006256,0.6948561, 68.1701,156.7752,127.9726,210.5016
11525.32850434,26500.058878,0.6948120, 68.1684,156.7293,127.9500,211.6362
11525.82693355,26499.985001,0.6947712, 68.1666,156.6834,127.9273,212.7482
11526.82397068,26499.962996,0.6947018, 68.1619,156.5924,127.8813,215.1034
11527.82077612,26499.946257,0.6946535, 68.1568,156.5013,127.8350,217.2934
11527.82098555,26499.947342,0.6946535, 68.1568,156.5013,127.8350,217.4451
11528.81804484,26499.951221,0.6946265, 68.1523,156.4094,127.7888,219.8209
11530.81136768,26500.056694,0.6946101, 68.1487,156.2209,127.6987,223.9955
11531.80833956,26500.169036,0.6945981, 68.1499,156.1240,127.6552,226.3035
11532.80531604,26500.311506,0.6945700, 68.1527,156.0262,127.6128,228.6094
11533.30402435,26500.435325,0.6945475, 68.1543,155.9773,127.5919,229.9194
11534.30127331,26500.593632,0.6944875, 68.1575,155.8796,127.5502,232.4133
11534.79983224,26500.631452,0.6944510, 68.1589,155.8310,127.5292,233.6105
11537.79139525,26501.038547,0.6941888, 68.1584,155.5478,127.4008,240.9172
11538.78847293,26501.147142,0.6941127, 68.1549,155.4562,127.3567,243.2651
11539.78560232,26501.252868,0.6940535, 68.1504,155.3652,127.3119,245.6473
11541.77973574,26501.494230,0.6939913, 68.1416,155.1828,127.2222,250.3105
11542.77600702,26501.640430,0.6939830, 68.1385,155.0904,127.1777,252.0592
11543.77321302,26501.820379,0.6939817, 68.1369,154.9968,127.1337,254.4793
11544.77048478,26502.029007,0.6939805, 68.1368,154.9020,127.0903,256.9401
11545.76773194,26502.261414,0.6939727, 68.1381,154.8061,127.0476,259.3749
11547.26358531,26502.619808,0.6939366, 68.1417,154.6613,126.9844,262.9982
11547.76216253,26502.770086,0.6939183, 68.1429,154.6129,126.9632,264.1718
11548.75947396,26503.032915,0.6938683, 68.1453,154.5165,126.9211,266.6261
11549.75673671,26503.290985,0.6938052, 68.1470,154.4208,126.8787,269.0362
11552.74823646,26503.982476,0.6935911, 68.1442,154.1400,126.7483,276.0107
11553.74465293,26504.170894,0.6935353, 68.1408,154.0482,126.7036,277.7794
11554.74197560,26504.365222,0.6934972, 68.1369,153.9565,126.6585,280.1992
11554.74204811,26504.366420,0.6934972, 68.1369,153.9565,126.6585,280.2517
11555.73923515,26504.563424,0.6934786, 68.1334,153.8642,126.6136,282.5679
11556.73667014,26504.784023,0.6934757, 68.1313,153.7706,126.5692,285.0576
11557.73393645,26505.033431,0.6934798, 68.1311,153.6752,126.5257,287.4176
11558.73126016,26505.319601,0.6934788, 68.1331,153.5782,126.4833,289.8101
11559.72863008,26505.637140,0.6934617, 68.1368,153.4800,126.4418,292.2256
11560.72584075,26505.967766,0.6934219, 68.1413,153.3815,126.4009,294.5147
11561.72200325,26506.270572,0.6933597, 68.1454,153.2837,126.3600,296.0335
11563.71685790,26506.912821,0.6931951, 68.1495,153.0924,126.2766,300.8744
11566.20972282,26507.574418,0.6930106, 68.1456,152.8613,126.1682,306.3743
11566.70849652,26507.815627,0.6929864, 68.1438,152.8157,126.1464,307.6144
11567.70582976,26508.145105,0.6929503, 68.1407,152.7244,126.1023,309.9361
11568.70317925,26508.500995,0.6929314, 68.1380,152.6327,126.0583,312.2633
11569.70054465,26508.888799,0.6929257, 68.1363,152.5402,126.0147,314.5954
11570.69794236,26509.312290,0.6929274, 68.1359,152.4466,125.9716,316.9433
11571.69536779,26509.771987,0.6929298, 68.1370,152.3519,125.9291,319.3030
11572.69280358,26510.264324,0.6929265, 68.1394,152.2563,125.8871,321.6611
11573.69020986,26510.780913,0.6929125, 68.1426,152.1601,125.8455,323.9882
11574.68770491,26511.325696,0.6928852, 68.1463,152.0637,125.8042,326.3698
11575.68527276,26511.883339,0.6928442, 68.1497,151.9676,125.7630,328.7944
11577.67961499,26512.823612,0.6927285, 68.1541,151.7774,125.6800,333.0413
11578.67739340,26513.149641,0.6926660, 68.1543,151.6839,125.6386,335.5919
11579.67499030,26513.116730,0.6926054, 68.1531,151.5912,125.5973,338.0036
11580.67255638,26512.409813,0.6925496, 68.1508,151.4991,125.5566,340.3858
11581.67009440,26510.462968,0.6924968, 68.1478,151.4070,125.5173,342.7408
11582.66764420,26506.268665,0.6924362, 68.1447,151.3143,125.4799,345.0970
11583.66515976,26498.417995,0.6923463, 68.1424,151.2202,125.4448,347.4206
11584.66140601,26491.212142,0.6922630, 68.1420,151.1247,125.4074,348.8202
11585.65902760,26473.398056,0.6920480, 68.1430,151.0259,125.3728,351.2044
11586.65659154,26451.348673,0.6917505, 68.1460,150.9244,125.3301,353.5420
11587.65417904,26435.081887,0.6914820, 68.1510,150.8207,125.2711,355.8966
11588.65178900,26443.136514,0.6914793, 68.1577,150.7166,125.1985,358.2667
11589.64942472,26481.149318,0.6918288, 68.1651,150.6148,125.1356,  0.6419
11590.64701305,26523.151959,0.6922156, 68.1709,150.5170,125.0995,  2.9601
11591.64392070,26542.121997,0.6923228, 68.1734,150.4231,125.0728,  4.7746
11594.63709004,26528.062882,0.6918911, 68.1685,150.1498,124.9661, 11.9824
11595.63474495,26520.369344,0.6917709, 68.1658,150.0586,124.9183, 14.3342
11596.63242543,26515.153898,0.6916986, 68.1641,149.9665,124.8705, 16.6998
11597.62845535,26513.432555,0.6916692, 68.1640,149.8737,124.8261, 17.8630
11598.62632762,26510.834415,0.6916385, 68.1649,149.7796,124.7803, 20.3563
11599.62434532,26509.383111,0.6916154, 68.1671,149.6845,124.7360, 22.9486
11600.62221891,26508.722038,0.6915889, 68.1704,149.5890,124.6930, 25.4301
11601.61987412,26508.488588,0.6915515, 68.1742,149.4933,124.6509, 27.7475
11602.61766885,26508.470066,0.6915012, 68.1780,149.3979,124.6091, 30.1605
11603.61532790,26508.582466,0.6914384, 68.1812,149.3030,124.5674, 32.4706
11604.61307886,26508.768317,0.6913669, 68.1834,149.2091,124.5254, 34.8436
11605.61078421,26508.989556,0.6912918, 68.1845,149.1162,124.4830, 37.1810
11605.61084977,26508.992909,0.6912919, 68.1845,149.1162,124.4830, 37.2284
11606.60729912,26509.161977,0.6912168, 68.1845,149.0243,124.4403, 38.6551
11607.60528011,26509.413843,0.6911533, 68.1834,148.9330,124.3972, 41.1901
11608.60336950,26509.663549,0.6911023, 68.1818,148.8419,124.3540, 43.8039
11609.60125488,26509.883223,0.6910652, 68.1802,148.7507,124.3110, 46.2708
11610.59907349,26510.073902,0.6910408, 68.1793,148.6588,124.2684, 48.6902
11611.59690084,26510.232443,0.6910248, 68.1796,148.5657,124.2265, 51.1167
11612.59474508,26510.354660,0.6910091, 68.1816,148.4714,124.1854, 53.5555
11613.59258550,26510.439239,0.6909844, 68.1853,148.3758,124.1451, 55.9910
11614.58909025,26510.445607,0.6909405, 68.1903,148.2795,124.1051, 57.4584
11615.58695772,26510.479935,0.6908742, 68.1958,148.1831,124.0653, 59.9111
11616.08587998,26510.414046,0.6908316, 68.1986,148.1350,124.0454, 61.1283
11616.58480485,26510.504264,0.6907847, 68.2007,148.0875,124.0251, 62.3483
11617.58268631,26510.532083,0.6906789, 68.2042,147.9933,123.9841, 64.8108
11618.58059264,26510.568259,0.6905679, 68.2057,147.9008,123.9421, 67.2931
11619.57850471,26510.609439,0.6904633, 68.2054,147.8100,123.8993, 69.7830
11620.57651686,26510.650636,0.6903741, 68.2038,147.7201,123.8561, 72.3498
11621.57364951,26510.663578,0.6903040, 68.2017,147.6307,123.8127, 74.2849
11622.57176903,26510.675203,0.6902531, 68.1997,147.5411,123.7696, 76.9395
11623.56973351,26510.659850,0.6902167, 68.1986,147.4508,123.7270, 79.4866
11624.56767284,26510.619060,0.6901890, 68.1987,147.3596,123.6849, 82.0199
11625.56561495,26510.554379,0.6901631, 68.2001,147.2675,123.6433, 84.5592
11627.56153103,26510.367001,0.6900939, 68.2060,147.0811,123.5612, 89.6718
11628.55945591,26510.251878,0.6900425, 68.2098,146.9874,123.5202, 92.2095
11629.55737550,26510.129235,0.6899780, 68.2135,146.8938,123.4790, 94.7473
11630.55540619,26510.004926,0.6899017, 68.2168,146.8008,123.4374, 97.3699
11631.55344446,26509.881024,0.6898171, 68.2191,146.7085,123.3952,100.0031
11632.55145567,26509.759753,0.6897295, 68.2202,146.6172,123.3524,102.6227
11633.04859616,26509.625026,0.6896863, 68.2205,146.5718,123.3304,102.5843
11633.54944722,26509.640618,0.6896446, 68.2202,146.5266,123.3090,105.2348
11633.54947759,26509.640831,0.6896446, 68.2202,146.5266,123.3090,105.2568
11634.54617071,26509.516843,0.6895681, 68.2191,146.4368,123.2653,106.9363
11635.54412772,26509.400881,0.6895040, 68.2175,146.3472,123.2214,109.5391
11636.54223478,26509.280110,0.6894540, 68.2157,146.2574,123.1776,112.2588
11637.54026488,26509.149003,0.6894171, 68.2145,146.1670,123.1343,114.9312
11639.53632200,26508.841712,0.6893635, 68.2153,145.9833,123.0495,120.2975
11640.53437141,26508.660880,0.6893323, 68.2179,145.8898,123.0081,123.0065
11641.53245298,26508.462931,0.6892878, 68.2216,145.7955,122.9671,125.7451
11643.52858522,26508.039576,0.6891394, 68.2303,145.6069,122.8848,131.2179
11644.52666875,26507.832278,0.6890372, 68.2336,145.5139,122.8425,133.9765
11645.52478032,26507.637925,0.6889257, 68.2353,145.4224,122.7993,136.7629
11646.52291411,26507.458714,0.6888159, 68.2351,145.3325,122.7551,139.5742
11647.52101437,26507.292129,0.6887182, 68.2332,145.2438,122.7103,142.3708
11653.51001775,26506.232464,0.6884513, 68.2264,144.7069,122.4475,159.6460
11654.50820718,26506.029501,0.6884138, 68.2287,144.6148,122.4054,162.5706
11655.50639473,26505.823935,0.6883655, 68.2316,144.5225,122.3632,165.5011
11656.50458130,26505.617198,0.6883053, 68.2344,144.4304,122.3207,168.4385
11657.50277616,26505.410025,0.6882344, 68.2368,144.3387,122.2778,171.3895
11658.50096218,26505.204877,0.6881562, 68.2383,144.2477,122.2343,174.3422
11658.50099180,26505.205018,0.6881562, 68.2383,144.2477,122.2343,174.3637
11659.49915761,26505.001393,0.6880754, 68.2388,144.1575,122.1902,177.3104
11660.49737934,26504.798949,0.6879974, 68.2381,144.0680,122.1455,180.3068
11661.49558535,26504.599518,0.6879276, 68.2364,143.9791,122.1004,183.3016
11662.49385285,26504.402374,0.6878702, 68.2342,143.8904,122.0553,186.3509
11663.49216570,26504.208009,0.6878268, 68.2317,143.8015,122.0104,189.4432
11664.49047516,26504.017754,0.6877963, 68.2297,143.7119,121.9660,192.5428
11666.48713614,26503.654995,0.6877553, 68.2288,143.5298,121.8795,198.7997
11668.48327249,26503.319494,0.6876956, 68.2328,143.3439,121.7954,204.7083
11671.47825032,26502.845447,0.6874870, 68.2418,143.0652,121.6683,214.1825
11672.47656666,26502.677535,0.6873919, 68.2430,142.9744,121.6242,217.3478
11673.47490717,26502.498958,0.6872967, 68.2425,142.8849,121.5790,220.5386
11674.47322259,26502.311053,0.6872109, 68.2405,142.7965,121.5331,223.7201
11675.47153227,26502.118534,0.6871415, 68.2374,142.7087,121.4870,226.9065
11676.46985618,26501.931952,0.6870915, 68.2340,142.6209,121.4411,230.1124
11677.46871593,26501.761865,0.6870589, 68.2311,142.5324,121.3958,233.7150
11678.46716160,26501.609539,0.6870384, 68.2292,142.4430,121.3514,237.0253
11679.46565657,26501.479204,0.6870228, 68.2287,142.3526,121.3076,240.3780
11682.46107655,26501.194310,0.6869440, 68.2332,142.0774,121.1786,250.4210
11684.45794670,26501.050011,0.6868409, 68.2372,141.8941,121.0916,257.0840
11685.45638674,26500.979789,0.6867785, 68.2382,141.8033,121.0472,260.4260
11687.45326442,26500.831060,0.6866539, 68.2372,141.6239,120.9567,267.1230
11689.45035492,26500.685288,0.6865620, 68.2326,141.4461,120.8650,273.9949
11690.44863446,26500.622150,0.6865362, 68.2299,141.3569,120.8195,277.2458
11691.44714664,26500.583662,0.6865229, 68.2276,141.2670,120.7745,280.6695
11692.44551477,26500.574522,0.6865179, 68.2263,141.1761,120.7304,283.9924
11693.44399333,26500.606154,0.6865147, 68.2261,141.0840,120.6870,287.3977
11694.44346043,26500.703821,0.6865059, 68.2273,140.9910,120.6444,291.5206
11695.44184297,26500.820629,0.6864855, 68.2294,140.8974,120.6021,294.8582
11696.44071733,26500.990612,0.6864494, 68.2322,140.8037,120.5597,298.5519
11697.43925284,26501.187056,0.6863972, 68.2349,140.7105,120.5168,301.9995
11698.43773490,26501.413458,0.6863320, 68.2369,140.6183,120.4730,305.4077
11699.43632039,26501.677932,0.6862602, 68.2377,140.5272,120.4283,308.8905
11700.43491274,26501.983527,0.6861896, 68.2371,140.4373,120.3826,312.3782
11701.43353993,26502.348106,0.6861286, 68.2350,140.3484,120.3362,315.8913
11702.43219026,26502.791369,0.6860835, 68.2320,140.2599,120.2897,319.4214
11702.93152881,26503.100483,0.6860678, 68.2302,140.2158,120.2665,321.1957
11702.93203986,26503.154809,0.6860685, 68.2302,140.2158,120.2665,321.5661
11703.43136087,26503.391964,0.6860584, 68.2286,140.1715,120.2435,323.3284
11703.93068481,26503.755905,0.6860526, 68.2269,140.1272,120.2207,325.0918
11704.42996504,26504.044017,0.6860515, 68.2255,140.0825,120.1981,326.8239
11705.42857185,26504.783187,0.6860591, 68.2233,139.9927,120.1538,330.3192
11706.42746198,26505.545019,0.6860755, 68.2223,139.9018,120.1111,334.0162
11707.42618091,26505.948031,0.6860902, 68.2224,139.8101,120.0703,337.5841
11708.42467107,26505.266842,0.6860898, 68.2232,139.7176,120.0320,340.9796
11709.42332335,26501.574291,0.6860496, 68.2241,139.6244,119.9974,344.4837
11710.42199449,26490.725727,0.6859139, 68.2245,139.5305,119.9672,347.9911
11711.42072808,26466.524140,0.6855921, 68.2239,139.4350,119.9361,351.5350
11712.41946283,26433.859314,0.6851226, 68.2232,139.3368,119.8835,355.0840
11713.41818720,26433.586677,0.6850297, 68.2244,139.2368,119.7960,358.6412
11714.41691986,26487.654472,0.6856264, 68.2279,139.1393,119.7281,  2.1896
11715.41565773,26528.353074,0.6860510, 68.2300,139.0470,119.7059,  5.7123
11716.41538538,26527.657774,0.6859715, 68.2289,138.9573,119.6818,  9.9523
11721.40961494,26500.346206,0.6856887, 68.2204,138.4980,119.4465, 27.9270
11722.40850377,26500.097815,0.6856876, 68.2223,138.4035,119.4037, 31.5265
11723.40740437,26500.185488,0.6856717, 68.2250,138.3089,119.3616, 35.1248
11723.90685656,26500.324789,0.6856581, 68.2263,138.2618,119.3406, 36.9219
11724.90577307,26500.630733,0.6856177, 68.2289,138.1682,119.2983, 40.5175
11728.40194348,26501.893699,0.6854307, 68.2299,137.8495,119.1449, 53.0086
11729.90037631,26502.484311,0.6853784, 68.2263,137.7157,119.0782, 58.3885
11730.39984297,26502.610934,0.6853669, 68.2251,137.6711,119.0561, 60.1699
11731.39883997,26502.946434,0.6853552, 68.2228,137.5816,119.0125, 63.7743
11731.89832287,26503.158292,0.6853541, 68.2218,137.5367,118.9911, 65.5626
11733.39682222,26503.560043,0.6853570, 68.2209,137.4007,118.9277, 70.9510
11734.39577400,26503.838730,0.6853593, 68.2218,137.3091,118.8862, 74.4980
11734.89530844,26504.030341,0.6853591, 68.2224,137.2631,118.8657, 76.3107
11735.39465723,26504.101738,0.6853554, 68.2237,137.2170,118.8449, 77.9860
11736.39367940,26504.356442,0.6853418, 68.2262,137.1246,118.8037, 81.5650
11736.89317451,26504.539937,0.6853315, 68.2274,137.0785,118.7831, 83.3396
11739.39054211,26505.094304,0.6852424, 68.2335,136.8493,118.6772, 92.0977
11741.38847357,26505.590685,0.6851579, 68.2349,136.6687,118.5903, 99.0924
11742.38745180,26505.841271,0.6851223, 68.2343,136.5791,118.5465,102.5870
11742.88687723,26506.024204,0.6851080, 68.2336,136.5343,118.5248,104.2855
11743.38644129,26506.092357,0.6850953, 68.2332,136.4896,118.5026,106.0822
11744.38542154,26506.340864,0.6850784, 68.2318,136.4000,118.4591,109.5634
11745.38441878,26506.584448,0.6850712, 68.2307,136.3099,118.4162,113.0496
11746.38338778,26506.819507,0.6850712, 68.2301,136.2190,118.3739,116.5080
11747.38236982,26507.042480,0.6850737, 68.2306,136.1273,118.3325,119.9680
11748.38136722,26507.250996,0.6850725, 68.2322,136.0347,118.2918,123.4309
11750.37933735,26507.623927,0.6850346, 68.2387,135.8481,118.2110,130.3125
11751.37832084,26507.799035,0.6849911, 68.2427,135.7550,118.1700,133.7386
11751.87771953,26507.924468,0.6849636, 68.2444,135.7087,118.1496,135.3810
11752.37731394,26507.977108,0.6849331, 68.2462,135.6628,118.1279,137.1628
11753.37627842,26508.164253,0.6848663, 68.2487,135.5717,118.0848,140.5580
11754.37526865,26508.363999,0.6847985, 68.2499,135.4818,118.0407,143.9641
11755.37422689,26508.576260,0.6847369, 68.2497,135.3927,117.9961,147.3401
11755.87371776,26508.709273,0.6847099, 68.2492,135.3484,117.9743,149.0341
11756.37316901,26508.794358,0.6846866, 68.2486,135.3042,117.9515,150.6978
11757.37214082,26509.013332,0.6846499, 68.2470,135.2159,117.9073,154.0709
11758.37105648,26509.227228,0.6846261, 68.2456,135.1272,117.8638,157.3970
11759.37003103,26509.433521,0.6846120, 68.2448,135.0381,117.8211,160.7593
11760.86847034,26509.725303,0.6845984, 68.2454,134.9030,117.7589,165.7737
11761.36794228,26509.809125,0.6845938, 68.2462,134.8578,117.7378,167.4360
11762.36697128,26509.978053,0.6845797, 68.2485,134.7670,117.6967,170.8165
11764.36469930,26510.289596,0.6845252, 68.2547,134.5850,117.6139,177.3169
11765.36361631,26510.436049,0.6844843, 68.2578,134.4945,117.5718,180.5948
11765.86307090,26510.494038,0.6844608, 68.2592,134.4493,117.5510,182.2285
11766.36252628,26510.578478,0.6844372, 68.2603,134.4045,117.5291,183.8613
11767.36142867,26510.718029,0.6843877, 68.2621,134.3151,117.4857,187.1165
11767.86086640,26510.766022,0.6843628, 68.2627,134.2705,117.4644,188.7323
11768.36031434,26510.853157,0.6843400, 68.2630,134.2262,117.4420,190.3543
11769.35920069,26510.984681,0.6842977, 68.2632,134.1376,117.3981,193.5880
11770.35807779,26511.111995,0.6842635, 68.2627,134.0492,117.3543,196.8110
11771.35694010,26511.233254,0.6842384, 68.2620,133.9606,117.3108,200.0195
11772.85523820,26511.370800,0.6842156, 68.2614,133.8267,117.2471,204.8294
11772.85539245,26511.371334,0.6842156, 68.2614,133.8267,117.2471,204.9411
11773.85406871,26511.477555,0.6842071, 68.2616,133.7366,117.2053,208.0068
11775.85176977,26511.683965,0.6841837, 68.2650,133.5539,117.1239,214.3814
11776.85059927,26511.781294,0.6841574, 68.2682,133.4618,117.0837,217.5488
11777.84942218,26511.873254,0.6841156, 68.2722,133.3697,117.0431,220.7084
11778.34883398,26511.965948,0.6840891, 68.2741,133.3240,117.0222,222.2873
11782.84339913,26512.104369,0.6837726, 68.2830,132.9228,116.8239,236.3780
11783.84217348,26512.106145,0.6837228, 68.2818,132.8355,116.7785,239.4960
11785.34030398,26512.166608,0.6836746, 68.2797,132.7042,116.7117,244.1518
11786.83848789,26512.111156,0.6836458, 68.2793,132.5713,116.6475,248.8488
11787.83713550,26512.120903,0.6836297, 68.2802,132.4820,116.6056,251.8783
11788.83586101,26512.133681,0.6836101, 68.2821,132.3922,116.5640,254.9648
11789.33522555,26512.205852,0.6835984, 68.2831,132.3474,116.5432,256.5094
11789.83458390,26512.148145,0.6835838, 68.2847,132.3023,116.5225,258.0503
11791.33263437,26512.229078,0.6835289, 68.2891,132.1678,116.4594,262.6555
11791.83197723,26512.165681,0.6835061, 68.2909,132.1231,116.4381,264.1864
11793.32998564,26512.217692,0.6834317, 68.2945,131.9900,116.3731,268.7664
11795.32729002,26512.149895,0.6833316, 68.2971,131.8143,116.2842,274.8542
11795.82661516,26512.059827,0.6833093, 68.2974,131.7705,116.2617,276.3781
11796.82524704,26512.002628,0.6832716, 68.2972,131.6832,116.2169,279.4151
11797.82386518,26511.940621,0.6832430, 68.2966,131.5958,116.1723,282.4467
11798.82247272,26511.878144,0.6832236, 68.2959,131.5079,116.1282,285.4754
11799.82107035,26511.822372,0.6832113, 68.2954,131.4194,116.0849,288.5021
11800.81965965,26511.778764,0.6832028, 68.2956,131.3301,116.0423,291.5279
11801.81823863,26511.754988,0.6831940, 68.2965,131.2401,116.0004,294.5514
11802.81681836,26511.755827,0.6831797, 68.2983,131.1493,115.9590,297.5808
11803.81540515,26511.785606,0.6831553, 68.3011,131.0582,115.9178,300.6205
11804.81394578,26511.843404,0.6831173, 68.3044,130.9671,115.8762,303.6323
11805.81247470,26511.929202,0.6830648, 68.3080,130.8765,115.8337,306.6412
11807.31024058,26512.157905,0.6829651, 68.3124,130.7424,115.7676,311.1458
11807.80953032,26512.176685,0.6829295, 68.3135,130.6983,115.7445,312.6762
11809.30725715,26512.477785,0.6828311, 68.3143,130.5675,115.6743,317.1741
11810.80497539,26512.782477,0.6827636, 68.3127,130.4377,115.6028,321.6848
11811.80344644,26513.114349,0.6827404, 68.3109,130.3509,115.5562,324.6964
11813.80043239,26514.071941,0.6827328, 68.3088,130.1751,115.4669,330.7748
11815.79718898,26515.058131,0.6827388, 68.3104,129.9968,115.3830,336.7151
11816.79559539,26515.026185,0.6827325, 68.3122,129.9073,115.3430,339.7149
11817.79402092,26513.647515,0.6827075, 68.3141,129.8177,115.3051,342.7338
11818.79240457,26509.112991,0.6826418, 68.3156,129.7282,115.2700,345.7269
11819.29160548,26504.749168,0.6825817, 68.3160,129.6834,115.2539,347.2312
11819.79079194,26498.021633,0.6824916, 68.3162,129.6384,115.2377,348.7268
11820.28997812,26488.791675,0.6823669, 68.3161,129.5932,115.2219,350.2230
11820.78915970,26476.400624,0.6821988, 68.3157,129.5476,115.2038,351.7188
11821.78750356,26446.909687,0.6817838, 68.3147,129.4550,115.1549,354.7087
11822.78586214,26432.560537,0.6815418, 68.3145,129.3603,115.0783,357.7346
11823.78418021,26460.192245,0.6818411, 68.3164,129.2657,114.9978,  0.7442
11825.78079325,26531.707502,0.6826563, 68.3207,129.0843,114.9285,  6.7259
11826.77907936,26532.530953,0.6826348, 68.3209,128.9956,114.8997,  9.7166
11827.77736809,26524.780263,0.6825280, 68.3205,128.9065,114.8602, 12.7259
11828.77564759,26517.053760,0.6824368, 68.3204,128.8165,114.8151, 15.7406
11829.77393600,26511.462698,0.6823758, 68.3209,128.7257,114.7689, 18.7706
11831.77045151,26505.619543,0.6822968, 68.3242,128.5431,114.6780, 24.8090
11832.76867213,26504.249350,0.6822567, 68.3266,128.4522,114.6330, 27.8127
11832.76873497,26504.236199,0.6822567, 68.3266,128.4522,114.6330, 27.8583
11833.76684001,26503.412413,0.6822104, 68.3289,128.3620,114.5877, 30.7863
11835.76322087,26502.554652,0.6821094, 68.3313,128.1846,114.4943, 36.7920
11839.75588287,26501.857647,0.6820121, 68.3248,127.8344,114.3053, 48.8454
11840.75401138,26501.719702,0.6820144, 68.3235,127.7455,114.2607, 51.8549
11842.75024852,26501.459141,0.6820174, 68.3241,127.5659,114.1745, 57.8827
11843.74839216,26501.336670,0.6820097, 68.3259,127.4757,114.1319, 60.9253
11844.74649877,26501.218603,0.6819936, 68.3281,127.3857,114.0890, 63.9477
11845.74458103,26501.104167,0.6819704, 68.3303,127.2962,114.0455, 66.9591
11846.74271429,26500.993894,0.6819428, 68.3322,127.2072,114.0014, 70.0143
11847.74075681,26500.885811,0.6819138, 68.3335,127.1187,113.9566, 73.0105
11848.73879833,26500.779707,0.6818871, 68.3340,127.0306,113.9113, 76.0131
11849.73683121,26500.675801,0.6818656, 68.3338,126.9427,113.8658, 79.0164
11850.73484850,26500.573128,0.6818514, 68.3331,126.8548,113.8204, 82.0155
11851.73286192,26500.471088,0.6818456, 68.3319,126.7667,113.7753, 85.0188
11852.73086115,26500.368708,0.6818476, 68.3306,126.6781,113.7309, 88.0184
11854.72683376,26500.157126,0.6818662, 68.3290,126.4988,113.6446, 94.0177
11855.72480428,26500.047691,0.6818758, 68.3291,126.4080,113.6026, 97.0144
11856.72276344,26499.935582,0.6818801, 68.3300,126.3167,113.5613,100.0079
11857.72071467,26499.823996,0.6818759, 68.3316,126.2251,113.5201,103.0003
11858.71865639,26499.714984,0.6818611, 68.3338,126.1335,113.4787,105.9901
11859.71657005,26499.611400,0.6818354, 68.3363,126.0423,113.4366,108.9634
11860.71448543,26499.517147,0.6818005, 68.3387,125.9517,113.3935,111.9416
11861.71239379,26499.436437,0.6817598, 68.3406,125.8620,113.3491,114.9183
11863.70816633,26499.332621,0.6816813, 68.3416,125.6845,113.2569,120.8504
11864.70604184,26499.313273,0.6816530, 68.3405,125.5964,113.2100,123.8138
11866.70175669,26499.322827,0.6816295, 68.3366,125.4193,113.1178,129.7233
11867.69962763,26499.336736,0.6816311, 68.3350,125.3298,113.0733,132.6912
11868.69744681,26499.348783,0.6816360, 68.3344,125.2397,113.0299,135.6224
11869.69527982,26499.357458,0.6816389, 68.3348,125.1492,112.9873,138.5635
11870.69309675,26499.366020,0.6816362, 68.3363,125.0584,112.9449,141.4920
11871.69090059,26499.379744,0.6816260, 68.3383,124.9679,112.9023,144.4093
11872.68868864,26499.403767,0.6816091, 68.3405,124.8777,112.8590,147.3130
11873.68645738,26499.441775,0.6815878, 68.3424,124.7880,112.8150,150.2004
11874.68422325,26499.495485,0.6815654, 68.3438,124.6989,112.7704,153.0832
11876.67964828,26499.649984,0.6815300, 68.3443,124.5217,112.6801,158.7634
11877.67734962,26499.749164,0.6815218, 68.3436,124.4332,112.6351,161.5910
11878.67505625,26499.861170,0.6815211, 68.3425,124.3444,112.5904,164.4193
11879.67288345,26499.985011,0.6815274, 68.3412,124.2552,112.5464,167.3314
11880.67056976,26500.118367,0.6815389, 68.3401,124.1653,112.5034,170.1375
11881.66825262,26500.258597,0.6815526, 68.3394,124.0747,112.4612,172.9368
11882.66606956,26500.404145,0.6815647, 68.3393,123.9834,112.4199,175.8284
11883.66376369,26500.552596,0.6815714, 68.3399,123.8917,112.3792,178.6258
11884.66142074,26500.701988,0.6815695, 68.3413,123.7997,112.3388,181.3906
11885.65908430,26500.850629,0.6815570, 68.3433,123.7078,112.2981,184.1541
11886.65669703,26500.999993,0.6815342, 68.3456,123.6164,112.2568,186.8744
11887.65437156,26501.151169,0.6815031, 68.3479,123.5257,112.2144,189.6329
11888.65198482,26501.305302,0.6814676, 68.3498,123.4359,112.1707,192.3403
11889.64957251,26501.465984,0.6814325, 68.3509,123.3469,112.1259,195.0225
11889.64960420,26501.466104,0.6814325, 68.3509,123.3469,112.1259,195.0455
11890.64715633,26501.635742,0.6814023, 68.3511,123.2584,112.0802,197.6953
11891.64471955,26501.817476,0.6813805, 68.3503,123.1701,112.0342,200.3466
11892.64231234,26502.013442,0.6813685, 68.3488,123.0817,111.9885,203.0126
11893.63988083,26502.222585,0.6813654, 68.3471,122.9927,111.9437,205.6542
11895.63504299,26502.670782,0.6813735, 68.3448,122.8128,111.8575,210.9340
11896.63258575,26502.899937,0.6813762, 68.3450,122.7222,111.8157,213.5342
11898.62768471,26503.349682,0.6813629, 68.3482,122.5411,111.7325,218.7178
11901.62025770,26503.994025,0.6813031, 68.3543,122.2733,111.6029,226.3689
11902.61767373,26504.205222,0.6812838, 68.3554,122.1851,111.5584,228.8225
11908.60262254,26505.529230,0.6812953, 68.3528,121.6526,111.2971,243.6894
11910.59769617,26506.013189,0.6813106, 68.3538,121.4706,111.2161,248.6426
11911.59512003,26506.262922,0.6813060, 68.3554,121.3792,111.1761,251.0245
11912.59252971,26506.515145,0.6812902, 68.3577,121.2879,111.1358,253.3876
11913.58994938,26506.765624,0.6812634, 68.3603,121.1972,111.0948,255.7494
11914.58735580,26507.009945,0.6812284, 68.3629,121.1074,111.0526,258.0931
11915.58475083,26507.244142,0.6811898, 68.3652,121.0187,111.0089,260.4202
11916.58214047,26507.466020,0.6811532, 68.3667,120.9308,110.9640,262.7352
11917.57952205,26507.676165,0.6811234, 68.3673,120.8435,110.9181,265.0364
11918.57689699,26507.877586,0.6811038, 68.3670,120.7564,110.8719,267.3251
11919.57425553,26508.076469,0.6810947, 68.3660,120.6690,110.8261,269.5941
11920.57161158,26508.278393,0.6810943, 68.3648,120.5810,110.7812,271.8538
11921.56895895,26508.489253,0.6810988, 68.3638,120.4922,110.7375,274.0996
11922.56630219,26508.713350,0.6811036, 68.3635,120.4027,110.6949,276.3346
11923.56363215,26508.951626,0.6811046, 68.3640,120.3130,110.6531,278.5521
11924.56095527,26509.202354,0.6810988, 68.3654,120.2232,110.6116,280.7564
11926.55559855,26509.718881,0.6810651, 68.3701,120.0450,110.5272,285.1381
11928.55018584,26510.214196,0.6810175, 68.3746,119.8697,110.4393,289.4463
11929.54749425,26510.446864,0.6809976, 68.3760,119.7830,110.3942,291.5994
11931.54207457,26510.890187,0.6809790, 68.3768,119.6099,110.3037,295.8569
11933.53659465,26511.330833,0.6809913, 68.3760,119.4356,110.2150,300.0434
11934.53384047,26511.562843,0.6810052, 68.3756,119.3475,110.1719,302.1166
11935.53109054,26511.808948,0.6810203, 68.3755,119.2586,110.1298,304.1868
11936.52834525,26512.073606,0.6810329, 68.3759,119.1690,110.0885,306.2544
11937.52556567,26512.358559,0.6810395, 68.3770,119.0789,110.0479,308.2914
11938.52279586,26512.669045,0.6810369, 68.3787,118.9886,110.0074,310.3301
11939.52000286,26513.003967,0.6810232, 68.3810,118.8984,109.9668,312.3468
11940.51720406,26513.363953,0.6809984, 68.3838,118.8087,109.9253,314.3544
11941.51440240,26513.747436,0.6809652, 68.3866,118.7199,109.8826,316.3555
11943.50876725,26514.571675,0.6808950, 68.3910,118.5456,109.7926,320.3225
11945.50311146,26515.484131,0.6808595, 68.3919,118.3738,109.6985,324.2609
11947.49742639,26516.546188,0.6808749, 68.3902,118.2005,109.6060,328.1666
11949.49171641,26517.826839,0.6809135, 68.3892,118.0239,109.5189,332.0442
11950.48886018,26518.542753,0.6809295, 68.3898,117.9348,109.4770,333.9785
11952.48309552,26519.938945,0.6809419, 68.3933,117.7571,109.3946,337.8027
11955.47439049,26519.956881,0.6809144, 68.3996,117.4953,109.2707,343.4815
11957.46854640,26514.016683,0.6808511, 68.4006,117.3231,109.1914,347.2289
11958.46560995,26506.677153,0.6807790, 68.3999,117.2365,109.1541,349.0901
11959.46266655,26494.817465,0.6806561, 68.3985,117.1489,109.1174,350.9458
11960.45973554,26477.816704,0.6804685, 68.3968,117.0599,109.0790,352.8121
11963.45085605,26435.377640,0.6799695, 68.3948,116.7826,108.9146,358.3886
11964.44788493,26447.894043,0.6801301, 68.3969,116.6881,108.8496,  0.2513
11965.44491319,26474.073488,0.6804567, 68.4005,116.5940,108.7957,  2.1104
11966.44190537,26501.950834,0.6807895, 68.4048,116.5014,108.7566,  3.9384
11967.43891954,26522.638117,0.6810129, 68.4093,116.4103,108.7264,  5.7813
11968.43590223,26533.066191,0.6810945, 68.4134,116.3208,108.6969,  7.6055
11969.43287667,26535.689014,0.6810753, 68.4168,116.2329,108.6629,  9.4309
11970.42985400,26533.871664,0.6810074, 68.4192,116.1462,108.6232, 11.2664
11971.42681728,26530.220109,0.6809315, 68.4205,116.0604,108.5785, 13.0992
11972.42378794,26526.199424,0.6808701, 68.4206,115.9747,108.5308, 14.9442
11973.42074021,26522.533365,0.6808322, 68.4198,115.8886,108.4820, 16.7821
11974.41770061,26519.417523,0.6808158, 68.4186,115.8015,108.4336, 18.6319
11975.41464169,26516.900780,0.6808141, 68.4174,115.7132,108.3865, 20.4734
11977.40852561,26513.314256,0.6808225, 68.4171,115.5343,108.2968, 24.1745
11979.40237252,26511.114170,0.6808154, 68.4202,115.3553,108.2095, 27.8716
11981.39617368,26509.748121,0.6807929, 68.4247,115.1792,108.1203, 31.5595
11984.38682851,26508.503568,0.6807841, 68.4289,114.9200,107.9815, 37.1071
11985.38371980,26508.197652,0.6807980, 68.4291,114.8338,107.9351, 38.9753
11987.37739850,26507.663391,0.6808507, 68.4284,114.6598,107.8442, 42.6594
11989.37111020,26507.178798,0.6809196, 68.4278,114.4826,107.7574, 46.3994
11990.36789911,26506.947046,0.6809513, 68.4280,114.3928,107.7155, 48.2333
11991.36468734,26506.721239,0.6809766, 68.4287,114.3024,107.6743, 50.0754
11992.36151458,26506.502348,0.6809931, 68.4300,114.2117,107.6335, 51.9544
11993.35830822,26506.291563,0.6809991, 68.4318,114.1209,107.5927, 53.8181
11994.35510076,26506.091276,0.6809948, 68.4341,114.0306,107.5514, 55.6902
11995.35191510,26505.903502,0.6809817, 68.4366,113.9408,107.5091, 57.5876
11996.34868595,26505.729152,0.6809635, 68.4390,113.8520,107.4654, 59.4630
11997.34544975,26505.566711,0.6809454, 68.4411,113.7642,107.4201, 61.3431
11998.34222874,26505.410756,0.6809336, 68.4425,113.6771,107.3734, 63.2442
11999.33899394,26505.250969,0.6809335, 68.4430,113.5904,107.3257, 65.1453
12000.33572239,26505.075228,0.6809473, 68.4426,113.5033,107.2780, 67.0298
12001.33246256,26504.876077,0.6809734, 68.4416,113.4152,107.2310, 68.9327
12002.32920098,26504.652623,0.6810061, 68.4406,113.3259,107.1854, 70.8441
12005.31936216,26503.940036,0.6810777, 68.4415,113.0531,107.0569, 76.5945
12006.31603940,26503.721108,0.6810824, 68.4435,112.9624,107.0146, 78.4975
12007.31268842,26503.516812,0.6810800, 68.4459,112.8726,106.9715, 80.3886
12009.30602896,26503.142036,0.6810708, 68.4504,112.6956,106.8825, 84.2266
12010.30271390,26502.964242,0.6810721, 68.4519,112.6080,106.8368, 86.1687
12011.29938715,26502.788180,0.6810811, 68.4528,112.5207,106.7908, 88.1108
12012.29601513,26502.610898,0.6810988, 68.4532,112.4332,106.7448, 90.0284
12012.29605362,26502.611097,0.6810988, 68.4532,112.4332,106.7448, 90.0563
12013.29263737,26502.430695,0.6811249, 68.4530,112.3453,106.6994, 91.9502
12014.28927787,26502.246270,0.6811576, 68.4526,112.2566,106.6547, 93.8934
12015.28587956,26502.056880,0.6811939, 68.4522,112.1671,106.6111, 95.8167
12017.27911714,26501.665925,0.6812634, 68.4520,111.9853,106.5270, 99.7121
12018.27566623,26501.467008,0.6812898, 68.4526,111.8935,106.4861,101.6212
12019.27222719,26501.268652,0.6813071, 68.4537,111.8013,106.4455,103.5467
12020.26885064,26501.073476,0.6813143, 68.4554,111.7092,106.4049,105.5251
12021.26545323,26500.884110,0.6813116, 68.4574,111.6174,106.3638,107.4959
12022.26204029,26500.703074,0.6813011, 68.4597,111.5262,106.3218,109.4630
12023.25860757,26500.533711,0.6812861, 68.4620,111.4359,106.2785,111.4231
12024.25510783,26500.378512,0.6812713, 68.4640,111.3465,106.2338,113.3417
12025.25164862,26500.240524,0.6812618, 68.4655,111.2578,106.1876,115.2967
12026.24810667,26500.119321,0.6812622, 68.4662,111.1694,106.1405,117.1984
12027.24463005,26500.013708,0.6812751, 68.4660,111.0808,106.0930,119.1539
12028.24110224,26499.917182,0.6812999, 68.4652,110.9914,106.0460,121.0786
12029.23757258,26499.822065,0.6813319, 68.4640,110.9007,106.0002,123.0077
12030.23408531,26499.721014,0.6813644, 68.4631,110.8087,105.9561,124.9731
12031.23057403,26499.612542,0.6813906, 68.4629,110.7159,105.9133,126.9258
12032.22704667,26499.501428,0.6814064, 68.4637,110.6229,105.8713,128.8710
12033.22351041,26499.395502,0.6814112, 68.4654,110.5303,105.8291,130.8131
12034.21991207,26499.303167,0.6814078, 68.4676,110.4387,105.7862,132.7130
12035.21635303,26499.229291,0.6814010, 68.4700,110.3482,105.7422,134.6434
12036.21278718,26499.174230,0.6813957, 68.4720,110.2587,105.6971,136.5707
12037.20920717,26499.138969,0.6813959, 68.4735,110.1697,105.6513,138.4892
12039.20195446,26499.116277,0.6814212, 68.4746,109.9923,105.5593,142.2618
12040.19837815,26499.123440,0.6814463, 68.4744,109.9030,105.5140,144.1852
12042.19106510,26499.164589,0.6815116, 68.4732,109.7222,105.4261,147.9157
12044.18377565,26499.230079,0.6815752, 68.4725,109.5381,105.3424,151.6612
12045.18006997,26499.268621,0.6815978, 68.4727,109.4450,105.3018,153.4882
12046.17611553,26499.310006,0.6816111, 68.4734,109.3517,105.2616,155.1334
12046.17642251,26499.310520,0.6816111, 68.4734,109.3517,105.2616,155.3558
12047.17270007,26499.355478,0.6816140, 68.4747,109.2586,105.2213,157.1673
12048.16902711,26499.404385,0.6816072, 68.4763,109.1658,105.1806,159.0125
12049.16526964,26499.458528,0.6815930, 68.4782,109.0739,105.1389,160.7940
12050.16156335,26499.520326,0.6815749, 68.4801,108.9828,105.0961,162.6097
12051.15757035,26499.591638,0.6815577, 68.4818,108.8927,105.0519,164.2145
12051.15784825,26499.592162,0.6815577, 68.4818,108.8927,105.0519,164.4158
12053.15036486,26499.779680,0.6815440, 68.4837,108.7144,104.9601,167.9782
12055.14280875,26500.047764,0.6815749, 68.4828,108.5354,104.8669,171.4706
12056.13904922,26500.213071,0.6816032, 68.4816,108.4444,104.8215,173.2230
12057.13525852,26500.392183,0.6816326, 68.4804,108.3521,104.7776,174.9477
12059.12758060,26500.752606,0.6816693, 68.4797,108.1653,104.6935,178.3105
12060.12349969,26500.919138,0.6816705, 68.4808,108.0721,104.6520,179.8073
12060.12376039,26500.919577,0.6816705, 68.4808,108.0721,104.6520,179.9961
12061.11993181,26501.079049,0.6816621, 68.4827,107.9799,104.6098,181.6685
12062.11604642,26501.238248,0.6816494, 68.4849,107.8890,104.5665,183.2919
12063.11219767,26501.405397,0.6816380, 68.4869,107.7993,104.5219,184.9336
12064.10826260,26501.585056,0.6816326, 68.4885,107.7105,104.4764,186.5042
12066.10050838,26501.986394,0.6816494, 68.4897,107.5336,104.3847,189.7032
12068.09267167,26502.430829,0.6816986, 68.4889,107.3550,104.2954,192.8072
12069.08878220,26502.662644,0.6817288, 68.4883,107.2645,104.2524,194.3669
12070.08480874,26502.897541,0.6817581, 68.4877,107.1732,104.2104,195.8571
12071.08086047,26503.133049,0.6817829, 68.4874,107.0811,104.1695,197.3568
12072.07690060,26503.366807,0.6818001, 68.4876,106.9886,104.1293,198.8395
12075.06494577,26504.035734,0.6817905, 68.4909,106.7111,104.0093,203.1824
12076.06077188,26504.242372,0.6817696, 68.4927,106.6198,103.9679,204.4764
12078.05269703,26504.635141,0.6817224, 68.4965,106.4406,103.8813,207.2369
12079.04864074,26504.826180,0.6817063, 68.4979,106.3525,103.8360,208.5907
12080.04456943,26505.019363,0.6817009, 68.4988,106.2647,103.7898,209.9248
12081.04048293,26505.219821,0.6817082, 68.4990,106.1770,103.7432,211.2392
12082.03639043,26505.431464,0.6817271, 68.4986,106.0885,103.6968,212.5404
12083.03229026,26505.658071,0.6817537, 68.4978,105.9989,103.6514,213.8275
12084.02817851,26505.897509,0.6817818, 68.4968,105.9081,103.6074,215.0978
12085.02405077,26506.145407,0.6818046, 68.4962,105.8162,103.5647,216.3484
12086.01991368,26506.393671,0.6818168, 68.4962,105.7238,103.5229,217.5841
12087.01576250,26506.631183,0.6818164, 68.4972,105.6317,103.4814,218.8016
12088.01159397,26506.850421,0.6818053, 68.4989,105.5405,103.4393,219.9980
12088.01165178,26506.850574,0.6818052, 68.4989,105.5405,103.4393,220.0399
12089.00740802,26507.050776,0.6817884, 68.5012,105.4506,103.3960,221.1731
12090.00321620,26507.237302,0.6817724, 68.5035,105.3623,103.3512,222.3349
12090.99901553,26507.418953,0.6817632, 68.5056,105.2750,103.3051,223.4808
12091.99480219,26507.603052,0.6817645, 68.5070,105.1884,103.2585,224.6081
12092.99057669,26507.794510,0.6817773, 68.5077,105.1018,103.2118,225.7172
12093.98634838,26507.994668,0.6818002, 68.5079,105.0148,103.1657,226.8150
12094.98210520,26508.201067,0.6818303, 68.5077,104.9270,103.1206,227.8930
12094.98219889,26508.201268,0.6818303, 68.5077,104.9270,103.1206,227.9609
12095.97785314,26508.412632,0.6818635, 68.5074,104.8383,103.0767,228.9560
12096.97361246,26508.626117,0.6818957, 68.5070,104.7487,103.0339,230.0189
12097.96933466,26508.839589,0.6819232, 68.5069,104.6583,102.9922,231.0470
12098.96504547,26509.051282,0.6819428, 68.5072,104.5673,102.9513,232.0592
12100.95643014,26509.455757,0.6819510, 68.5091,104.3850,102.8703,234.0354
12101.45426983,26509.528392,0.6819467, 68.5099,104.3397,102.8495,234.5206
12101.95212415,26509.642551,0.6819394, 68.5107,104.2945,102.8293,235.0146
12102.94778324,26509.815651,0.6819200, 68.5127,104.2048,102.7874,235.9622
12103.94343006,26509.973758,0.6818970, 68.5148,104.1163,102.7441,236.8947
12104.93906477,26510.115364,0.6818761, 68.5168,104.0289,102.6994,237.8122
12105.93468775,26510.244695,0.6818629, 68.5185,103.9426,102.6533,238.7151
12107.92589439,26510.480811,0.6818764, 68.5202,103.7709,102.5586,240.4738
12108.92148950,26510.601706,0.6819040, 68.5201,103.6843,102.5115,241.3380
12108.92157906,26510.602053,0.6819039, 68.5201,103.6843,102.5115,241.4028
12109.91707353,26510.732101,0.6819403, 68.5195,103.5965,102.4653,242.1884
12110.91264654,26510.874054,0.6819785, 68.5188,103.5073,102.4206,243.0254
12111.90820764,26511.025309,0.6820113, 68.5183,103.4169,102.3773,243.8489
12112.90377057,26511.179320,0.6820333, 68.5184,103.3259,102.3351,244.6693
12113.89930803,26511.326388,0.6820421, 68.5192,103.2349,102.2932,245.4672
12114.89482795,26511.456927,0.6820392, 68.5208,103.1447,102.2508,246.2484
12115.39258491,26511.530578,0.6820353, 68.5218,103.1002,102.2289,246.6354
12115.89028566,26511.563186,0.6820295, 68.5229,103.0559,102.2073,246.9807
12115.89035581,26511.563472,0.6820294, 68.5229,103.0559,102.2073,247.0315
12116.88577730,26511.645675,0.6820197, 68.5253,102.9686,102.1624,247.7334
12117.88126021,26511.708019,0.6820166, 68.5275,102.8826,102.1161,248.4755
12118.87673462,26511.757433,0.6820249, 68.5292,102.7973,102.0689,249.2071
12119.87219458,26511.802319,0.6820468, 68.5303,102.7122,102.0215,249.9239
12120.86773057,26511.849251,0.6820810, 68.5308,102.6267,101.9745,250.6918
12122.36091856,26511.962507,0.6821485, 68.5306,102.4968,101.9058,251.7528
12122.85861645,26511.956788,0.6821721, 68.5306,102.4528,101.8839,252.0823
12122.85863027,26511.956839,0.6821721, 68.5306,102.4528,101.8839,252.0923
12123.85405413,26512.015264,0.6822195, 68.5304,102.3642,101.8406,252.7696
12125.34719361,26512.142369,0.6822808, 68.5303,102.2297,101.7775,253.7846
12125.84489588,26512.129053,0.6822963, 68.5306,102.1844,101.7572,254.1145
12126.34259866,26512.196429,0.6823100, 68.5307,102.1392,101.7366,254.4444
12126.84029664,26512.177810,0.6823201, 68.5312,102.0938,101.7164,254.7709
12127.83568642,26512.217990,0.6823327, 68.5323,102.0032,101.6757,255.4192
12129.32875038,26512.300856,0.6823325, 68.5347,101.8682,101.6136,256.3771
12129.82643959,26512.258344,0.6823281, 68.5358,101.8236,101.5927,256.6979
12130.32412709,26512.305820,0.6823233, 68.5367,101.7793,101.5711,257.0174
12131.31947845,26512.290530,0.6823123, 68.5388,101.6915,101.5271,257.6406
12132.31482335,26512.253455,0.6823056, 68.5408,101.6049,101.4817,258.2606
12133.31015871,26512.196201,0.6823096, 68.5425,101.5192,101.4349,258.8752
12133.80781891,26512.109267,0.6823169, 68.5432,101.4764,101.4112,259.1779
12134.30548137,26512.122774,0.6823290, 68.5436,101.4338,101.3871,259.4821
12135.30079182,26512.040326,0.6823655, 68.5440,101.3481,101.3393,260.0818
12136.29609942,26511.958720,0.6824161, 68.5438,101.2612,101.2920,260.6810
12137.78904064,26511.800974,0.6825028, 68.5430,101.1279,101.2240,261.5698
12138.28669008,26511.827795,0.6825306, 68.5426,101.0827,101.2020,261.8688
12139.28197317,26511.779698,0.6825776, 68.5423,100.9914,101.1594,262.4584
12139.77961017,26511.701969,0.6825957, 68.5425,100.9454,101.1384,262.7516
12140.27724662,26511.734716,0.6826103, 68.5427,100.8996,101.1175,263.0450
12141.27251123,26511.682125,0.6826284, 68.5438,100.8082,101.0757,263.6293
12141.77013298,26511.594007,0.6826329, 68.5448,100.7628,101.0545,263.9157
12143.26301664,26511.519074,0.6826379, 68.5478,100.6289,100.9893,264.7939
12144.25825409,26511.400072,0.6826429, 68.5501,100.5415,100.9440,265.3717
12145.25348820,26511.258968,0.6826568, 68.5521,100.4552,100.8975,265.9512
12146.24871817,26511.101303,0.6826838, 68.5537,100.3695,100.8503,266.5317
12147.24394179,26510.936106,0.6827250, 68.5547,100.2837,100.8031,267.1118
12148.23915963,26510.770640,0.6827786, 68.5551,100.1973,100.7565,267.6921
12148.73676719,26510.635027,0.6828090, 68.5553,100.1536,100.7335,267.9832
12150.22958430,26510.456599,0.6829058, 68.5549,100.0209,100.6670,268.8591
12151.22479017,26510.309927,0.6829686, 68.5547, 99.9309,100.6243,269.4463
12151.72239013,26510.185336,0.6829977, 68.5549, 99.8854,100.6032,269.7403
12153.21518237,26510.026721,0.6830699, 68.5551, 99.7480,100.5420,270.6257
12153.21518943,26510.026757,0.6830699, 68.5551, 99.7480,100.5420,270.6308
12154.21038307,26509.883553,0.6831033, 68.5559, 99.6558,100.5016,271.2295
12155.20557260,26509.735883,0.6831245, 68.5571, 99.5638,100.4612,271.8330
12156.20075736,26509.579481,0.6831351, 68.5587, 99.4723,100.4202,272.4412
12157.19593699,26509.412090,0.6831379, 68.5606, 99.3816,100.3782,273.0542
12158.19111287,26509.229883,0.6831376, 68.5626, 99.2920,100.3349,273.6732
12159.18628693,26509.031043,0.6831399, 68.5646, 99.2035,100.2902,274.2998
12160.18145951,26508.813825,0.6831511, 68.5664, 99.1160,100.2440,274.9340
12161.17662925,26508.579327,0.6831768, 68.5677, 99.0290,100.1967,275.5749
12162.17179513,26508.332584,0.6832205, 68.5684, 98.9418,100.1490,276.2214
12163.16696084,26508.083006,0.6832811, 68.5685, 98.8536,100.1017,276.8761
12164.16212576,26507.841963,0.6833526, 68.5680, 98.7637,100.0557,277.5386
12165.15729018,26507.619168,0.6834249, 68.5673, 98.6718,100.0115,278.2095
12165.15731066,26507.619338,0.6834249, 68.5673, 98.6718,100.0115,278.2243
12166.15245631,26507.417997,0.6834875, 68.5669, 98.5782, 99.9690,278.8909
12167.14761924,26507.233285,0.6835332, 68.5671, 98.4838, 99.9277,279.5797
12168.14278543,26507.053962,0.6835606, 68.5681, 98.3895, 99.8865,280.2809
12169.13794837,26506.867556,0.6835736, 68.5698, 98.2964, 99.8445,280.9898
12169.63552909,26506.732781,0.6835772, 68.5710, 98.2505, 99.8228,281.3476
12170.13311048,26506.665029,0.6835797, 68.5720, 98.2049, 99.8012,281.7078
12171.12827301,26506.442394,0.6835873, 68.5744, 98.1151, 99.7565,282.4355
12172.12343670,26506.200500,0.6836033, 68.5765, 98.0265, 99.7104,283.1729
12172.62102019,26506.041274,0.6836162, 68.5774, 97.9826, 99.6868,283.5463
12173.61619033,26505.781704,0.6836523, 68.5788, 97.8948, 99.6399,284.3012
12174.11379652,26505.681182,0.6836754, 68.5792, 97.8508, 99.6168,284.6969
12174.61136375,26505.519049,0.6837022, 68.5796, 97.8068, 99.5933,285.0669
12175.10895188,26505.418164,0.6837313, 68.5798, 97.7624, 99.5706,285.4537
12175.60653821,26505.260192,0.6837631, 68.5800, 97.7179, 99.5475,285.8417
12176.60172318,26505.011258,0.6838305, 68.5800, 97.6277, 99.5030,286.6326
12177.59690706,26504.775849,0.6838987, 68.5798, 97.5362, 99.4598,287.4314
12178.59210025,26504.555050,0.6839621, 68.5797, 97.4434, 99.4181,288.2460
12179.58729629,26504.347501,0.6840161, 68.5799, 97.3495, 99.3773,289.0720
12180.58249262,26504.151513,0.6840578, 68.5804, 97.2550, 99.3373,289.9079
12181.57769499,26503.963831,0.6840857, 68.5812, 97.1603, 99.2975,290.7581
12182.07530328,26503.891706,0.6840946, 68.5818, 97.1130, 99.2778,291.1919
12182.57290489,26503.780759,0.6841006, 68.5825, 97.0659, 99.2573,291.6238
12183.56811476,26503.599306,0.6841049, 68.5842, 96.9721, 99.2164,292.4996
12184.06572491,26503.525019,0.6841041, 68.5851, 96.9255, 99.1960,292.9450
12184.06576865,26503.525667,0.6841041, 68.5851, 96.9255, 99.1959,292.9767
12185.55854698,26503.229898,0.6840977, 68.5881, 96.7877, 99.1311,294.2907
12186.05616415,26503.147527,0.6840966, 68.5890, 96.7422, 99.1092,294.7511
12186.55377523,26503.036836,0.6840972, 68.5900, 96.6971, 99.0863,295.2097
12187.54900869,26502.836095,0.6841065, 68.5917, 96.6075, 99.0402,296.1418
12188.54425471,26502.627578,0.6841308, 68.5929, 96.5183, 98.9932,297.0920
12189.04188169,26502.528614,0.6841496, 68.5933, 96.4735, 98.9698,297.5731
12190.53475704,26502.203664,0.6842317, 68.5936, 96.3382, 98.8990,299.0245
12191.53002399,26502.005124,0.6843008, 68.5931, 96.2457, 98.8535,300.0138
12192.52530897,26501.830783,0.6843697, 68.5925, 96.1510, 98.8098,301.0240
12193.52058907,26501.688151,0.6844264, 68.5921, 96.0544, 98.7679,302.0387
12194.51587548,26501.578214,0.6844628, 68.5924, 95.9570, 98.7270,303.0662
12195.51116790,26501.491450,0.6844776, 68.5936, 95.8600, 98.6860,304.1064
12196.00882115,26501.444184,0.6844786, 68.5945, 95.8119, 98.6655,304.6346
12196.50647075,26501.415051,0.6844765, 68.5955, 95.7645, 98.6438,305.1620
12199.49241832,26501.158058,0.6844761, 68.6021, 95.4892, 98.5075,308.3957
12200.98542823,26500.994720,0.6845183, 68.6042, 95.3547, 98.4371,310.0554
12203.97152108,26500.795623,0.6846778, 68.6048, 95.0810, 98.3007,313.4522
12206.46000030,26500.857795,0.6848063, 68.6044, 94.8445, 98.1956,316.3552
12211.43716385,26501.570876,0.6848402, 68.6095, 94.3661, 97.9909,322.3699
12219.40117848,26504.743872,0.6850227, 68.6148, 93.6321, 97.6209,332.4571
12220.89451808,26505.749008,0.6851077, 68.6139, 93.4865, 97.5572,334.4006
12221.89009190,26506.590461,0.6851407, 68.6139, 93.3882, 97.5158,335.7036
12222.88567848,26507.529269,0.6851521, 68.6148, 93.2904, 97.4743,337.0138
12223.38347147,26508.095662,0.6851515, 68.6155, 93.2421, 97.4529,337.6675
12225.37466327,26510.201128,0.6851403, 68.6195, 93.0548, 97.3636,340.2885
12225.87247284,26510.678395,0.6851427, 68.6205, 93.0093, 97.3403,340.9493
12227.36591340,26512.181184,0.6851763, 68.6223, 92.8748, 97.2698,342.9291
12227.86368491,26512.527918,0.6851961, 68.6227, 92.8301, 97.2466,343.5553
12229.85504738,26512.971426,0.6853024, 68.6222, 92.6498, 97.1583,346.2381
12232.34425580,26507.015327,0.6853862, 68.6194, 92.4169, 97.0628,349.5458
12232.84206392,26504.483750,0.6853824, 68.6187, 92.3692, 97.0453,350.1769
12233.83775100,26496.730731,0.6853320, 68.6174, 92.2731, 97.0120,351.4835
12233.83777783,26496.586345,0.6853304, 68.6174, 92.2731, 97.0121,351.5029
12234.83344305,26485.471311,0.6852217, 68.6163, 92.1761, 96.9787,352.7863
12235.82915651,26470.555912,0.6850470, 68.6154, 92.0786, 96.9434,354.0981
12236.82490697,26452.895509,0.6848189, 68.6149, 91.9810, 96.9030,355.4320
12237.82066202,26435.585576,0.6845790, 68.6149, 91.8838, 96.8547,356.7660
12238.81640969,26422.886574,0.6843878, 68.6156, 91.7872, 96.7981,358.0918
12239.81217883,26418.640508,0.6843023, 68.6168, 91.6917, 96.7348,359.4288
12240.80795304,26424.824117,0.6843557, 68.6186, 91.5976, 96.6699,  0.7619
12241.80367607,26439.352604,0.6845267, 68.6206, 91.5049, 96.6090,  2.0467
12242.79945595,26459.102007,0.6847773, 68.6226, 91.4133, 96.5543,  3.3597
12243.29756549,26471.655228,0.6849399, 68.6238, 91.3674, 96.5301,  4.1700
12243.79523857,26479.112626,0.6850445, 68.6243, 91.3222, 96.5071,  4.6612
12244.79108404,26496.532299,0.6852901, 68.6253, 91.2308, 96.4660,  5.9958
12245.78722088,26510.653818,0.6854986, 68.6259, 91.1382, 96.4300,  7.5299
12246.78301308,26517.765857,0.6856236, 68.6258, 91.0443, 96.3941,  8.8066
12247.77874352,26521.442362,0.6856986, 68.6256, 90.9487, 96.3584, 10.0308
12248.77458079,26522.946012,0.6857296, 68.6256, 90.8521, 96.3225, 11.3252
12249.77045870,26522.879296,0.6857207, 68.6263, 90.7554, 96.2851, 12.6425
12250.76634259,26521.908726,0.6856834, 68.6277, 90.6600, 96.2450, 13.9577
12252.75803188,26519.064000,0.6855888, 68.6316, 90.4765, 96.1555, 16.5089
12253.75397503,26517.511311,0.6855597, 68.6334, 90.3881, 96.1069, 17.8423
12253.75433414,26517.176508,0.6855553, 68.6333, 90.3881, 96.1068, 18.1026
12254.74982109,26516.167601,0.6855561, 68.6345, 90.3008, 96.0574, 19.0948
12255.74573042,26514.923920,0.6855755, 68.6350, 90.2135, 96.0080, 20.3819
12257.73757924,26512.924769,0.6856607, 68.6343, 90.0357, 95.9131, 22.9443
12258.73350600,26512.163065,0.6857101, 68.6335, 89.9446, 95.8681, 24.2110
12259.72944735,26511.534015,0.6857544, 68.6328, 89.8522, 95.8247, 25.4783
12260.72536231,26511.039582,0.6857887, 68.6323, 89.7588, 95.7824, 26.7171
12263.71360249,26510.018960,0.6858113, 68.6329, 89.4775, 95.6570, 30.7417
12264.71059066,26509.678633,0.6857957, 68.6338, 89.3849, 95.6137, 32.7255
12265.70665990,26509.608149,0.6857758, 68.6350, 89.2936, 95.5696, 34.0362
12266.70274888,26509.585613,0.6857567, 68.6364, 89.2038, 95.5241, 35.3536
12267.69884283,26509.603495,0.6857446, 68.6377, 89.1153, 95.4772, 36.6671
12268.69493949,26509.651132,0.6857456, 68.6388, 89.0280, 95.4292, 37.9745
12269.69106949,26509.715457,0.6857638, 68.6396, 88.9413, 95.3805, 39.2979
12270.68719446,26509.790452,0.6858011, 68.6399, 88.8545, 95.3317, 40.6089
12271.68334416,26509.865752,0.6858554, 68.6396, 88.7669, 95.2837, 41.9292
12272.67942438,26509.942002,0.6859212, 68.6389, 88.6778, 95.2370, 43.1904
12273.67557713,26510.009910,0.6859901, 68.6379, 88.5867, 95.1920, 44.4959
12273.67557964,26510.009801,0.6859901, 68.6379, 88.5867, 95.1920, 44.4977
12274.67175441,26510.077049,0.6860522, 68.6369, 88.4936, 95.1487, 45.8116
12275.66793326,26510.151673,0.6860983, 68.6363, 88.3992, 95.1067, 47.1217
12276.66408985,26510.244628,0.6861235, 68.6364, 88.3042, 95.0650, 48.4100
12277.66048406,26510.357369,0.6861286, 68.6373, 88.2101, 95.0225, 49.8652
12278.65670409,26510.504084,0.6861209, 68.6389, 88.1178, 94.9783, 51.1894
12279.65291565,26510.674028,0.6861124, 68.6409, 88.0280, 94.9319, 52.5020
12280.64904409,26510.855164,0.6861159, 68.6429, 87.9404, 94.8835, 53.7483
12281.64524722,26511.028780,0.6861404, 68.6444, 87.8544, 94.8340, 55.0416
12282.64148596,26511.182735,0.6861884, 68.6453, 87.7687, 94.7846, 56.3529
12283.63774445,26511.310962,0.6862556, 68.6455, 87.6823, 94.7363, 57.6705
12284.63401668,26511.414113,0.6863341, 68.6452, 87.5945, 94.6897, 58.9904
12285.63030327,26511.497320,0.6864142, 68.6446, 87.5049, 94.6452, 60.3137
12286.62660218,26511.567275,0.6864879, 68.6440, 87.4138, 94.6023, 61.6398
12287.62291293,26511.629959,0.6865493, 68.6435, 87.3214, 94.5608, 62.9693
12288.61922764,26511.690711,0.6865953, 68.6434, 87.2283, 94.5200, 64.2973
12289.61555540,26511.753503,0.6866252, 68.6437, 87.1350, 94.4793, 65.6313
12290.61189706,26511.821587,0.6866406, 68.6443, 87.0421, 94.4382, 66.9724
12291.60825623,26511.897237,0.6866450, 68.6454, 86.9501, 94.3961, 68.3238
12292.60460199,26511.982024,0.6866430, 68.6467, 86.8592, 94.3529, 69.6635
12293.60097968,26512.075502,0.6866408, 68.6482, 86.7697, 94.3082, 71.0244
12294.59736878,26512.176422,0.6866449, 68.6497, 86.6816, 94.2620, 72.3918
12295.59372798,26512.280312,0.6866615, 68.6511, 86.5946, 94.2147, 73.7356
12295.59375399,26512.280280,0.6866615, 68.6511, 86.5946, 94.2147, 73.7544
12296.59012019,26512.381404,0.6866957, 68.6521, 86.5083, 94.1666, 75.1011
12297.58652610,26512.467938,0.6867495, 68.6526, 86.4219, 94.1185, 76.4742
12298.58297003,26512.531767,0.6868215, 68.6526, 86.3346, 94.0710, 77.8724
12299.57940125,26512.562868,0.6869058, 68.6520, 86.2457, 94.0250, 79.2592
12300.57581113,26512.558280,0.6869936, 68.6511, 86.1547, 93.9808, 80.6289
12300.57583642,26512.558313,0.6869936, 68.6511, 86.1547, 93.9808, 80.6472
12301.57228469,26512.521362,0.6870744, 68.6502, 86.0617, 93.9384, 82.0440
12301.57228566,26512.521363,0.6870744, 68.6502, 86.0617, 93.9384, 82.0447
12302.56877130,26512.462916,0.6871394, 68.6496, 85.9671, 93.8973, 83.4689
12303.56523577,26512.396113,0.6871834, 68.6497, 85.8719, 93.8565, 84.8791
12304.56170748,26512.337790,0.6872072, 68.6505, 85.7772, 93.8152, 86.2968
12305.55821409,26512.299629,0.6872173, 68.6521, 85.6841, 93.7723, 87.7423
12306.55471514,26512.285134,0.6872244, 68.6542, 85.5932, 93.7272, 89.1863
12307.55124056,26512.291286,0.6872405, 68.6563, 85.5044, 93.6802, 90.6498
12308.54777260,26512.305337,0.6872751, 68.6581, 85.4173, 93.6318, 92.1194
12309.54432547,26512.310959,0.6873328, 68.6593, 85.3309, 93.5832, 93.6047
12310.54087070,26512.294734,0.6874117, 68.6598, 85.2439, 93.5354, 95.0849
12311.53743280,26512.246762,0.6875049, 68.6598, 85.1555, 93.4893, 96.5777
12312.53400893,26512.164201,0.6876028, 68.6594, 85.0653, 93.4453, 98.0819
12313.53060973,26512.054557,0.6876958, 68.6588, 84.9733, 93.4032, 99.6060
12314.52721932,26511.923417,0.6877765, 68.6584, 84.8797, 93.3625,101.1396
12315.52381136,26511.777785,0.6878407, 68.6582, 84.7851, 93.3228,102.6646
12316.52042493,26511.624703,0.6878874, 68.6585, 84.6902, 93.2832,104.2101
12317.51707324,26511.469816,0.6879180, 68.6591, 84.5955, 93.2433,105.7865
12318.51369391,26511.316550,0.6879361, 68.6602, 84.5016, 93.2025,107.3490
12319.51032165,26511.168472,0.6879469, 68.6616, 84.4088, 93.1603,108.9232
12320.50695455,26511.027568,0.6879564, 68.6632, 84.3173, 93.1167,110.5078
12321.50360144,26510.894948,0.6879711, 68.6649, 84.2272, 93.0717,112.1091
12322.50026333,26510.771027,0.6879975, 68.6665, 84.1382, 93.0254,113.7278
12323.49693096,26510.653373,0.6880407, 68.6678, 84.0499, 92.9782,115.3570
12324.49360510,26510.537014,0.6881036, 68.6686, 83.9616, 92.9309,116.9968
12325.49030878,26510.413495,0.6881853, 68.6687, 83.8724, 92.8843,118.6639
12326.48699862,26510.271453,0.6882805, 68.6683, 83.7816, 92.8390,120.3269
12327.48370131,26510.100973,0.6883801, 68.6675, 83.6885, 92.7956,122.0056
12328.48041248,26509.896879,0.6884728, 68.6666, 83.5932, 92.7542,123.6976
12329.47713486,26509.662051,0.6885486, 68.6660, 83.4962, 92.7143,125.4061
12330.47386063,26509.406177,0.6886019, 68.6660, 83.3983, 92.6748,127.1262
12331.47059478,26509.144395,0.6886335, 68.6668, 83.3010, 92.6346,128.8623
12332.46733327,26508.892111,0.6886503, 68.6683, 83.2051, 92.5929,130.6117
12333.46408026,26508.659305,0.6886628, 68.6704, 83.1114, 92.5490,132.3770
12334.46082902,26508.449543,0.6886828, 68.6727, 83.0199, 92.5031,134.1528
12335.45759231,26508.259707,0.6887193, 68.6747, 82.9300, 92.4559,135.9475
12336.45437222,26508.081020,0.6887771, 68.6761, 82.8408, 92.4083,137.7619
12337.45115380,26507.902360,0.6888554, 68.6769, 82.7513, 92.3613,139.5847
12338.44794136,26507.714696,0.6889486, 68.6771, 82.6606, 92.3157,141.4191
12339.44473797,26507.510641,0.6890478, 68.6768, 82.5680, 92.2722,143.2675
12340.44154079,26507.285934,0.6891436, 68.6763, 82.4735, 92.2307,145.1287
12341.43836343,26507.040629,0.6892278, 68.6759, 82.3773, 92.1907,147.0132
12342.43520237,26506.778300,0.6892950, 68.6756, 82.2799, 92.1518,148.9194
12343.43204019,26506.503497,0.6893433, 68.6758, 82.1820, 92.1132,150.8355
12344.42888629,26506.221605,0.6893737, 68.6763, 82.0842, 92.0742,152.7687
12345.42596745,26505.937186,0.6893901, 68.6774, 81.9871, 92.0343,154.8837
12346.42281414,26505.653625,0.6893976, 68.6788, 81.8912, 91.9931,156.8405
12347.41968461,26505.373620,0.6894026, 68.6804, 81.7966, 91.9503,158.8259
12348.41654084,26505.100289,0.6894118, 68.6822, 81.7033, 91.9060,160.8123
12349.41339312,26504.835650,0.6894313, 68.6839, 81.6113, 91.8604,162.8066
12350.41027614,26504.581960,0.6894666, 68.6853, 81.5200, 91.8138,164.8333
12351.40718583,26504.340852,0.6895207, 68.6863, 81.4288, 91.7670,166.8891
12352.40407847,26504.111952,0.6895936, 68.6867, 81.3369, 91.7206,168.9417
12353.40099122,26503.893059,0.6896810, 68.6865, 81.2435, 91.6755,171.0178
12354.39791776,26503.678759,0.6897744, 68.6858, 81.1478, 91.6323,173.1130
12355.39486280,26503.459334,0.6898620, 68.6848, 81.0496, 91.5911,175.2312
12356.39182974,26503.225061,0.6899325, 68.6839, 80.9494, 91.5515,177.3759
12357.38875463,26502.973123,0.6899786, 68.6836, 80.8482, 91.5126,179.5016
12358.38572591,26502.703325,0.6900004, 68.6842, 80.7474, 91.4731,181.6727
12359.38268145,26502.423939,0.6900049, 68.6856, 80.6482, 91.4318,183.8441
12362.37356850,26501.639551,0.6900333, 68.6919, 80.3641, 91.2954,190.4343
12363.37056473,26501.419394,0.6900769, 68.6935, 80.2722, 91.2478,192.6720
12364.36754857,26501.220640,0.6901404, 68.6944, 80.1800, 91.2008,194.9075
12365.36455656,26501.040332,0.6902181, 68.6947, 80.0867, 91.1551,197.1668
12366.36158454,26500.872686,0.6903018, 68.6945, 79.9917, 91.1114,199.4469
12367.35860302,26500.712231,0.6903824, 68.6939, 79.8948, 91.0696,201.7267
12368.35558951,26500.553577,0.6904518, 68.6933, 79.7962, 91.0294,203.9904
12369.35266736,26500.393577,0.6905042, 68.6929, 79.6963, 90.9902,206.3280
12370.34972473,26500.230297,0.6905373, 68.6927, 79.5959, 90.9515,208.6587
12372.34385367,26499.896113,0.6905505, 68.6937, 79.3958, 90.8723,213.3550
12374.33800018,26499.557412,0.6905257, 68.6962, 79.2004, 90.7878,218.0954
12374.33802780,26499.557413,0.6905256, 68.6962, 79.2004, 90.7878,218.1154
12375.33510240,26499.391615,0.6905152, 68.6977, 79.1048, 90.7432,220.4970
12376.33221201,26499.231084,0.6905147, 68.6993, 79.0106, 90.6972,222.9097
12378.32640351,26498.941531,0.6905625, 68.7015, 78.8242, 90.6029,227.7285
12379.32353084,26498.820990,0.6906143, 68.7019, 78.7307, 90.5559,230.1656
12380.32066227,26498.723005,0.6906818, 68.7017, 78.6359, 90.5099,232.6079
12381.31782545,26498.653477,0.6907576, 68.7009, 78.5390, 90.4657,235.0751
12382.31494535,26498.614587,0.6908307, 68.6997, 78.4397, 90.4234,237.5129
12383.31210877,26498.605538,0.6908889, 68.6985, 78.3380, 90.3830,239.9848
12384.30925984,26498.616605,0.6909226, 68.6976, 78.2349, 90.3435,242.4510
12385.30641528,26498.628906,0.6909290, 68.6974, 78.1319, 90.3036,244.9242
12386.30357251,26498.629647,0.6909141, 68.6981, 78.0304, 90.2621,247.4023
12387.30077224,26498.611252,0.6908910, 68.6996, 77.9316, 90.2181,249.9138
12388.29796787,26498.576786,0.6908747, 68.7015, 77.8355, 90.1716,252.4232
12388.29797482,26498.576791,0.6908747, 68.7015, 77.8355, 90.1716,252.4282
12390.29234139,26498.513037,0.6909020, 68.7048, 77.6490, 90.0745,257.4240
12391.28949173,26498.511164,0.6909493, 68.7055, 77.5562, 90.0263,259.8927
12392.28668870,26498.539599,0.6910118, 68.7055, 77.4624, 89.9796,262.3905
12393.28389881,26498.599300,0.6910804, 68.7050, 77.3669, 89.9348,264.8930
12394.28115319,26498.688856,0.6911458, 68.7042, 77.2695, 89.8920,267.4231
12395.27840897,26498.803001,0.6911999, 68.7032, 77.1705, 89.8509,269.9500
12396.77429963,26499.057680,0.6912480, 68.7018, 77.0200, 89.7907,273.7382
12397.27296948,26499.087180,0.6912546, 68.7016, 76.9695, 89.7711,275.0283
12398.27024299,26499.244898,0.6912532, 68.7013, 76.8688, 89.7310,277.5576
12399.26753021,26499.406556,0.6912359, 68.7014, 76.7689, 89.6901,280.0937
12403.25668760,26500.039993,0.6911319, 68.7050, 76.3838, 89.5113,290.2019
12404.25409719,26500.195424,0.6911299, 68.7060, 76.2910, 89.4634,292.8016
12405.25142117,26500.353347,0.6911467, 68.7067, 76.1986, 89.4151,295.3316
12406.24875634,26500.520781,0.6911827, 68.7069, 76.1061, 89.3670,297.8612
12410.23817833,26501.438143,0.6914160, 68.7030, 75.7197, 89.1888,307.9467
12410.73688753,26501.620565,0.6914352, 68.7023, 75.6690, 89.1684,309.2204
12411.23551739,26501.776453,0.6914485, 68.7017, 75.6180, 89.1482,310.4351
12412.23293655,26502.174332,0.6914535, 68.7010, 75.5156, 89.1075,312.9751
12414.22773252,26503.119785,0.6913991, 68.7022, 75.3153, 89.0207,318.0073
12415.22515681,26503.658480,0.6913677, 68.7039, 75.2196, 88.9729,320.5326
12416.22256615,26504.249461,0.6913556, 68.7058, 75.1269, 88.9228,323.0383
12418.71611488,26506.200499,0.6914496, 68.7086, 74.8997, 88.7955,329.2713
12419.21481079,26506.742691,0.6914860, 68.7086, 74.8538, 88.7709,330.4985
12420.21228798,26508.051637,0.6915667, 68.7083, 74.7606, 88.7234,333.0057
12420.71102291,26508.810971,0.6916085, 68.7080, 74.7132, 88.7004,334.2523
12421.20975252,26509.731466,0.6916500, 68.7076, 74.6654, 88.6779,335.4921
12422.20722939,26511.886005,0.6917287, 68.7067, 74.5685, 88.6341,337.9769
12423.20471042,26514.574767,0.6917987, 68.7059, 74.4704, 88.5917,340.4550
12424.20220014,26517.732668,0.6918585, 68.7051, 74.3717, 88.5505,342.9302
12425.19970028,26520.900566,0.6919056, 68.7046, 74.2731, 88.5109,345.4036
12426.19721308,26522.624666,0.6919282, 68.7041, 74.1751, 88.4741,347.8761
12427.19473315,26519.420648,0.6918901, 68.7035, 74.0781, 88.4414,350.3422
12428.19228796,26504.942823,0.6917161, 68.7024, 73.9818, 88.4123,352.8210
12429.18982288,26474.087098,0.6913375, 68.7008, 73.8855, 88.3779,355.2771
12430.18737214,26435.016191,0.6908504, 68.6994, 73.7884, 88.3214,357.7454
12431.18494370,26416.482469,0.6906233, 68.6993, 73.6905, 88.2379,  0.2354
12432.18248189,26436.105132,0.6908878, 68.7013, 73.5935, 88.1556,  2.6902
12433.18006437,26474.279364,0.6913896, 68.7042, 73.4984, 88.0990,  5.1519
12434.17765078,26503.985859,0.6917861, 68.7066, 73.4048, 88.0626,  7.5960
12435.17525499,26518.548931,0.6920014, 68.7078, 73.3113, 88.0307, 10.0425
12436.17286664,26522.859564,0.6920988, 68.7077, 73.2166, 87.9961, 12.4882
12436.17286678,26522.859606,0.6920988, 68.7077, 73.2166, 87.9961, 12.4883
12438.16812466,26520.410052,0.6921528, 68.7059, 73.0215, 87.9186, 17.3864
12439.16576553,26518.194717,0.6921452, 68.7050, 72.9220, 87.8774, 19.8349
12441.16106425,26514.763274,0.6920836, 68.7053, 72.7254, 87.7889, 24.7278
12442.15873109,26513.623172,0.6920492, 68.7066, 72.6308, 87.7405, 27.1788
12443.15639735,26512.790200,0.6920328, 68.7083, 72.5393, 87.6894, 29.6225
12444.15407260,26512.183475,0.6920471, 68.7100, 72.4503, 87.6367, 32.0638
12445.15170631,26511.750059,0.6920963, 68.7111, 72.3622, 87.5841, 34.4645
12445.15175450,26511.742081,0.6920963, 68.7111, 72.3622, 87.5841, 34.4994
12447.14716403,26511.187287,0.6922688, 68.7112, 72.1832, 87.4846, 39.3690
12448.14488780,26511.027908,0.6923649, 68.7104, 72.0906, 87.4388, 41.8012
12449.14257061,26510.932241,0.6924505, 68.7093, 71.9959, 87.3953, 44.1945
12450.14037583,26510.881444,0.6925179, 68.7083, 71.8996, 87.3532, 46.6685
12451.13814146,26510.878005,0.6925640, 68.7074, 71.8026, 87.3118, 49.1074
12452.13591685,26510.911747,0.6925895, 68.7070, 71.7055, 87.2702, 51.5477
12455.12928045,26511.187782,0.6925903, 68.7082, 71.4201, 87.1385, 58.8675
12456.12708707,26511.322023,0.6925880, 68.7094, 71.3281, 87.0915, 61.3120
12457.12490185,26511.468904,0.6925966, 68.7106, 71.2377, 87.0430, 63.7574
12459.12056503,26511.774888,0.6926674, 68.7128, 71.0600, 86.9439, 68.6555
12460.11841560,26511.916254,0.6927341, 68.7134, 70.9715, 86.8945, 71.1088
12461.11628022,26512.040244,0.6928189, 68.7134, 70.8820, 86.8462, 73.5655
12462.11415953,26512.140339,0.6929157, 68.7128, 70.7909, 86.7995, 76.0262
12463.11204032,26512.214487,0.6930155, 68.7118, 70.6977, 86.7549, 78.4820
12463.11205063,26512.214468,0.6930155, 68.7118, 70.6977, 86.7549, 78.4894
12464.10995517,26512.262021,0.6931084, 68.7104, 70.6023, 86.7122, 80.9572
12465.10787259,26512.288896,0.6931851, 68.7091, 70.5049, 86.6709, 83.4305
12466.10580085,26512.303621,0.6932393, 68.7081, 70.4063, 86.6303, 85.9094
12467.10373714,26512.321396,0.6932699, 68.7078, 70.3077, 86.5890, 88.3930
12468.10168601,26512.355128,0.6932820, 68.7083, 70.2102, 86.5461, 90.8856
12468.10168637,26512.355128,0.6932820, 68.7083, 70.2102, 86.5461, 90.8859
12469.09963845,26512.417215,0.6932868, 68.7096, 70.1150, 86.5006, 93.3809
12470.09759829,26512.510982,0.6932996, 68.7115, 70.0226, 86.4525, 95.8810
12471.09548705,26512.627585,0.6933347, 68.7134, 69.9327, 86.4024, 98.3277
12471.09556887,26512.627336,0.6933347, 68.7134, 69.9327, 86.4024, 98.3869
12472.09355004,26512.748440,0.6934009, 68.7150, 69.8442, 86.3516,100.8971
12473.09154969,26512.851070,0.6934977, 68.7158, 69.7556, 86.3020,103.4160
12474.08956413,26512.917322,0.6936153, 68.7158, 69.6655, 86.2546,105.9407
12475.08759087,26512.939093,0.6937391, 68.7151, 69.5729, 86.2100,108.4699
12477.08368926,26512.873342,0.6939502, 68.7128, 69.3807, 86.1280,113.5541
12478.08174349,26512.808288,0.6940222, 68.7118, 69.2824, 86.0887,116.0996
12479.07969782,26512.735145,0.6940707, 68.7112, 69.1839, 86.0492,118.5746
12480.07782811,26512.662981,0.6941001, 68.7111, 69.0859, 86.0088,121.1796
12480.07783367,26512.662980,0.6941001, 68.7111, 69.0859, 86.0088,121.1836
12481.07592550,26512.594014,0.6941172, 68.7115, 68.9890, 85.9669,123.7638
12481.07592787,26512.594013,0.6941172, 68.7115, 68.9890, 85.9669,123.7655
12482.07404526,26512.532119,0.6941296, 68.7124, 68.8936, 85.9233,126.3675
12483.07218135,26512.478586,0.6941451, 68.7136, 68.7999, 85.8781,128.9861
12484.07031434,26512.432232,0.6941710, 68.7149, 68.7077, 85.8314,131.6052
12485.06845780,26512.392615,0.6942132, 68.7162, 68.6167, 85.7837,134.2344
12486.06661729,26512.356988,0.6942753, 68.7172, 68.5263, 85.7357,136.8771
12487.06472626,26512.321118,0.6943580, 68.7178, 68.4357, 85.6880,139.4847
12487.06479504,26512.320895,0.6943580, 68.7178, 68.4357, 85.6881,139.5345
12488.06299920,26512.278062,0.6944586, 68.7178, 68.3441, 85.6416,142.2125
12488.56210915,26512.205236,0.6945137, 68.7177, 68.2976, 85.6190,143.5576
12489.06117705,26512.221277,0.6945706, 68.7171, 68.2508, 85.5969,144.8730
12490.05939179,26512.142373,0.6946847, 68.7159, 68.1552, 85.5543,147.5624
12491.05761702,26512.035138,0.6947904, 68.7144, 68.0573, 85.5138,150.2628
12492.05584545,26511.896823,0.6948784, 68.7129, 67.9573, 85.4747,152.9702
12492.05584550,26511.896823,0.6948784, 68.7129, 67.9573, 85.4747,152.9703
12493.05409219,26511.727975,0.6949430, 68.7117, 67.8562, 85.4362,155.6971
12494.05235335,26511.537331,0.6949838, 68.7112, 67.7550, 85.3971,158.4420
12495.05063034,26511.333021,0.6950064, 68.7115, 67.6549, 85.3563,161.2065
12496.04889863,26511.129139,0.6950215, 68.7126, 67.5569, 85.3131,163.9732
12497.04717500,26510.935756,0.6950423, 68.7142, 67.4613, 85.2674,166.7535
12498.04541269,26510.762765,0.6950816, 68.7161, 67.3680, 85.2198,169.5125
12499.04372015,26510.611862,0.6951478, 68.7177, 67.2761, 85.1713,172.3274
12500.04204556,26510.476723,0.6952424, 68.7187, 67.1843, 85.1234,175.1595
12501.04037953,26510.347699,0.6953590, 68.7189, 67.0913, 85.0774,178.0016
12501.53954008,26510.233983,0.6954220, 68.7187, 67.0440, 85.0553,179.4195
12503.03708960,26510.059016,0.6956056, 68.7170, 66.8980, 84.9937,183.7297
12503.53625253,26509.925323,0.6956600, 68.7164, 66.8481, 84.9742,185.1549
12504.03549443,26509.879802,0.6957082, 68.7156, 66.7977, 84.9554,186.6391
12505.53311307,26509.514217,0.6958144, 68.7139, 66.6446, 84.8995,191.0281
12506.03231723,26509.444688,0.6958363, 68.7134, 66.5933, 84.8810,192.4946
12506.53153227,26509.277371,0.6958533, 68.7132, 66.5422, 84.8618,193.9718
12507.03074483,26509.199372,0.6958647, 68.7130, 66.4913, 84.8428,195.4499
12508.02914448,26508.940624,0.6958779, 68.7132, 66.3904, 84.8030,198.3962
12508.02918816,26508.940568,0.6958779, 68.7132, 66.3904, 84.8030,198.4278
12509.02764340,26508.673669,0.6958846, 68.7139, 66.2911, 84.7613,201.4256
12510.02610736,26508.402769,0.6958934, 68.7150, 66.1936, 84.7178,204.4407
12511.02456808,26508.129179,0.6959120, 68.7163, 66.0976, 84.6727,207.4637
12511.52381000,26507.946855,0.6959273, 68.7170, 66.0502, 84.6495,208.9874
12512.02300080,26507.854738,0.6959463, 68.7176, 66.0029, 84.6265,210.4763
12513.02153244,26507.582210,0.6959998, 68.7187, 65.9087, 84.5799,213.5696
12514.02004004,26507.314715,0.6960734, 68.7194, 65.8145, 84.5336,216.6540
12514.51929226,26507.141339,0.6961175, 68.7196, 65.7671, 84.5106,218.1982
12515.01855268,26507.055747,0.6961644, 68.7195, 65.7193, 84.4884,219.7502
12516.01709243,26506.806948,0.6962667, 68.7189, 65.6223, 84.4449,222.8742
12517.01564380,26506.570284,0.6963708, 68.7177, 65.5231, 84.4035,226.0151
12517.51492552,26506.412727,0.6964205, 68.7171, 65.4726, 84.3833,227.5935
12518.01420623,26506.341664,0.6964656, 68.7161, 65.4213, 84.3642,229.1734
12519.01279060,26506.115751,0.6965407, 68.7144, 65.3174, 84.3264,232.3585
12519.51208438,26505.960977,0.6965690, 68.7137, 65.2650, 84.3075,233.9568
12520.01132782,26505.884585,0.6965896, 68.7130, 65.2122, 84.2892,235.5216
12520.51063131,26505.723604,0.6966044, 68.7126, 65.1596, 84.2701,237.1335
12521.50924967,26505.467315,0.6966158, 68.7122, 65.0549, 84.2313,240.3758
12522.00854051,26505.368656,0.6966149, 68.7122, 65.0031, 84.2115,241.9888
12523.00718849,26505.072936,0.6966094, 68.7132, 64.9014, 84.1692,245.2733
12523.50650446,26504.878167,0.6966083, 68.7140, 64.8516, 84.1468,246.9147
12524.50514151,26504.552270,0.6966160, 68.7157, 64.7537, 84.1008,250.2097
12525.00445383,26504.422715,0.6966275, 68.7165, 64.7054, 84.0776,251.8565
12525.50377984,26504.216673,0.6966462, 68.7175, 64.6577, 84.0534,253.5160
12526.00310683,26504.084633,0.6966710, 68.7182, 64.6100, 84.0298,255.1780
12526.50243794,26503.881485,0.6967032, 68.7189, 64.5626, 84.0057,256.8454
12527.50110666,26503.561328,0.6967848, 68.7198, 64.4671, 83.9591,260.1901
12528.00044452,26503.445274,0.6968319, 68.7198, 64.4187, 83.9369,261.8676
12528.49979619,26503.264473,0.6968823, 68.7198, 64.3700, 83.9146,263.5572
12528.99909482,26503.161841,0.6969329, 68.7195, 64.3205, 83.8936,265.2099
12528.99911834,26503.161732,0.6969329, 68.7195, 64.3205, 83.8936,265.2269
12529.49847102,26502.996226,0.6969831, 68.7191, 64.2705, 83.8726,266.9211
12530.99655343,26502.674661,0.6971116, 68.7172, 64.1166, 83.8143,272.0339
12531.99527752,26502.456629,0.6971681, 68.7158, 64.0117, 83.7769,275.4572
12532.99402623,26502.246731,0.6971967, 68.7147, 63.9059, 83.7397,278.9103
12533.49340486,26502.111435,0.6972013, 68.7144, 63.8532, 83.7205,280.6447
12534.99154739,26501.814146,0.6971850, 68.7140, 63.6960, 83.6619,285.8715
12535.49093408,26501.671469,0.6971736, 68.7143, 63.6445, 83.6408,287.6245
12535.99032201,26501.580518,0.6971610, 68.7146, 63.5933, 83.6200,289.3811
12535.99032380,26501.580511,0.6971610, 68.7146, 63.5933, 83.6200,289.3824
12536.48971372,26501.433154,0.6971487, 68.7151, 63.5428, 83.5979,291.1438
12537.98789735,26501.083232,0.6971232, 68.7169, 63.3937, 83.5303,296.4538
12538.98669728,26500.833738,0.6971246, 68.7183, 63.2962, 83.4832,300.0141
12539.48610064,26500.689331,0.6971323, 68.7190, 63.2479, 83.4590,301.8001
12540.48491684,26500.455457,0.6971632, 68.7201, 63.1514, 83.4112,305.3844
12540.98432862,26500.366916,0.6971862, 68.7205, 63.1030, 83.3879,307.1818
12541.98316334,26500.179695,0.6972453, 68.7209, 63.0057, 83.3411,310.7897
12542.48258433,26500.090426,0.6972799, 68.7209, 62.9567, 83.3177,312.5987
12542.98201153,26500.051593,0.6973170, 68.7207, 62.9069, 83.2957,314.4134
12543.48143620,26500.006835,0.6973548, 68.7204, 62.8568, 83.2732,316.2280
12543.98087152,26500.017894,0.6973928, 68.7199, 62.8059, 83.2521,318.0516
12544.97974081,26500.130459,0.6974624, 68.7186, 62.7025, 83.2104,321.7028
12545.97862153,26500.469340,0.6975152, 68.7171, 62.5966, 83.1699,325.3696
12546.97750722,26501.158302,0.6975444, 68.7157, 62.4892, 83.1298,329.0486
12547.47695391,26501.699877,0.6975494, 68.7153, 62.4355, 83.1088,330.8946
12548.97530210,26504.511379,0.6975419, 68.7151, 62.2750, 83.0445,336.4541
12549.47475267,26506.080350,0.6975387, 68.7155, 62.2227, 83.0209,338.3135
12549.97420361,26507.957111,0.6975406, 68.7162, 62.1709, 82.9975,340.1755
12550.47365683,26510.415220,0.6975509, 68.7169, 62.1202, 82.9725,342.0413
12550.97311017,26513.109603,0.6975715, 68.7178, 62.0699, 82.9484,343.9087
12551.97201890,26518.732142,0.6976434, 68.7193, 61.9717, 82.9019,347.6471
12552.97093296,26516.191713,0.6976709, 68.7195, 61.8749, 82.8668,351.3847
12553.47039252,26504.748823,0.6975808, 68.7185, 61.8262, 82.8546,353.2512
12554.96878490,26416.086659,0.6966563, 68.7128, 61.6709, 82.7807,358.8772
12555.96772713,26417.791678,0.6967698, 68.7122, 61.5600, 82.6773,  2.6678
12556.46720359,26447.064618,0.6971634, 68.7133, 61.5049, 82.6444,  4.5562
12556.96670973,26475.411382,0.6975306, 68.7148, 61.4509, 82.6263,  6.4586
12557.46616061,26495.298719,0.6977819, 68.7159, 61.3975, 82.6170,  8.3175
12557.96565396,26506.303081,0.6979184, 68.7166, 61.3447, 82.6074, 10.2092
12558.46513972,26511.034074,0.6979760, 68.7168, 61.2918, 82.5967, 12.0975
12558.96462939,26512.232692,0.6979894, 68.7166, 61.2390, 82.5821, 13.9922
12559.46412287,26511.484180,0.6979784, 68.7162, 61.1860, 82.5661, 15.8914
12560.46310435,26508.522243,0.6979307, 68.7151, 61.0801, 82.5283, 19.6912
12560.96261258,26507.079410,0.6979020, 68.7146, 61.0274, 82.5075, 21.6059
12561.46210318,26505.663043,0.6978719, 68.7142, 60.9748, 82.4866, 23.5080
12562.96057577,26502.809518,0.6977834, 68.7136, 60.8195, 82.4190, 29.2202
12563.46006682,26502.101115,0.6977568, 68.7138, 60.7687, 82.3958, 31.1247
12564.45904927,26501.131338,0.6977125, 68.7143, 60.6686, 82.3475, 34.9351
12564.95855624,26500.824247,0.6976962, 68.7145, 60.6194, 82.3224, 36.8519
12565.45804914,26500.491321,0.6976852, 68.7150, 60.5705, 82.2977, 38.7573
12566.95655731,26499.977792,0.6976848, 68.7160, 60.4259, 82.2214, 44.4924
12567.45605423,26499.816561,0.6976965, 68.7164, 60.3779, 82.1964, 46.3974
12567.95556168,26499.774329,0.6977134, 68.7165, 60.3301, 82.1710, 48.3096
12568.45506205,26499.659610,0.6977358, 68.7166, 60.2820, 82.1464, 50.2145
12569.45406351,26499.573116,0.6977930, 68.7163, 60.1853, 82.0977, 54.0211
12569.95357025,26499.595449,0.6978261, 68.7157, 60.1364, 82.0738, 55.9267
12570.95258498,26499.571556,0.6978963, 68.7144, 60.0371, 82.0281, 59.7330
12571.45208749,26499.521861,0.6979310, 68.7136, 59.9866, 82.0063, 61.6298
12572.95061071,26499.589576,0.6980160, 68.7102, 59.8317, 81.9430, 67.3241
12573.94962555,26499.625096,0.6980458, 68.7079, 59.7261, 81.9024, 71.1133
12574.44913406,26499.605769,0.6980505, 68.7071, 59.6729, 81.8823, 73.0069
12575.94764790,26499.781127,0.6980251, 68.7051, 59.5141, 81.8195, 78.6760
12576.94665076,26499.922565,0.6979872, 68.7051, 59.4106, 81.7747, 82.4471
12577.94564697,26500.112997,0.6979505, 68.7059, 59.3101, 81.7269, 86.2095
12578.94463714,26500.344629,0.6979317, 68.7073, 59.2127, 81.6764, 89.9617
12579.94362263,26500.598784,0.6979426, 68.7086, 59.1177, 81.6245, 93.7022
12580.44311425,26500.693400,0.6979604, 68.7093, 59.0706, 81.5987, 95.5677
12581.44209663,26500.950815,0.6980177, 68.7098, 58.9764, 81.5479, 99.2895
12581.94159471,26501.105451,0.6980546, 68.7097, 58.9290, 81.5232,101.1511
12582.94057411,26501.329568,0.6981370, 68.7090, 58.8327, 81.4760,104.8522
12583.93957505,26501.529064,0.6982184, 68.7076, 58.7341, 81.4315,108.5571
12584.43905767,26501.594962,0.6982546, 68.7068, 58.6839, 81.4102,110.3923
12584.93855376,26501.707965,0.6982863, 68.7058, 58.6333, 81.3892,112.2351
12585.93754471,26501.873351,0.6983323, 68.7038, 58.5307, 81.3484,115.9124
12587.43601634,26502.098122,0.6983541, 68.7013, 58.3755, 81.2875,121.4024
12587.93551360,26502.197815,0.6983499, 68.7007, 58.3240, 81.2667,123.2337
12588.43500931,26502.269982,0.6983409, 68.7003, 58.2725, 81.2456,125.0621
12588.93450326,26502.372828,0.6983285, 68.6999, 58.2215, 81.2240,126.8877
12589.43398432,26502.456308,0.6983134, 68.6998, 58.1709, 81.2020,128.7020
12590.93241717,26502.776854,0.6982661, 68.7003, 58.0219, 81.1325,134.1271
12591.93135967,26503.009982,0.6982444, 68.7011, 57.9252, 81.0838,137.7244
12591.93137092,26503.009967,0.6982444, 68.7011, 57.9252, 81.0838,137.7326
12592.43082801,26503.133359,0.6982394, 68.7016, 57.8775, 81.0588,139.5175
12593.92922688,26503.529284,0.6982563, 68.7031, 57.7365, 80.9827,144.8772
12595.42761237,26503.956640,0.6983230, 68.7039, 57.5964, 80.9071,150.2015
12596.92598751,26504.368715,0.6984289, 68.7033, 57.4547, 80.8342,155.4907
12597.92489786,26504.641174,0.6985090, 68.7021, 57.3581, 80.7881,158.9969
12598.42435053,26504.790267,0.6985483, 68.7012, 57.3090, 80.7659,160.7437
12598.92379221,26504.900103,0.6985859, 68.7003, 57.2595, 80.7441,162.4798
12599.92269882,26505.140717,0.6986502, 68.6981, 57.1587, 80.7018,165.9610
12600.92158769,26505.359156,0.6986942, 68.6960, 57.0563, 80.6607,169.4200
12601.42102613,26505.484310,0.6987069, 68.6949, 57.0047, 80.6403,171.1422
12602.91932215,26505.726620,0.6987101, 68.6931, 56.8502, 80.5771,176.2845
12603.91817459,26505.886492,0.6986916, 68.6930, 56.7490, 80.5323,179.6966
12604.41759274,26505.996505,0.6986808, 68.6933, 56.6993, 80.5090,181.3944
12605.91581864,26506.222991,0.6986691, 68.6956, 56.5550, 80.4338,186.4562
12605.91582797,26506.222983,0.6986691, 68.6956, 56.5550, 80.4338,186.4630
12606.91463377,26506.430583,0.6986953, 68.6974, 56.4620, 80.3814,189.8173
12607.41403363,26506.581607,0.6987213, 68.6981, 56.4161, 80.3552,191.4879
12608.91221541,26506.932756,0.6988469, 68.6994, 56.2781, 80.2781,196.4671
12609.91099583,26507.205354,0.6989537, 68.6990, 56.1841, 80.2302,199.7642
12610.41038517,26507.378927,0.6990077, 68.6984, 56.1362, 80.2076,201.4073
12611.90854670,26507.728388,0.6991520, 68.6960, 55.9888, 80.1430,206.3151
12612.90731188,26507.962777,0.6992199, 68.6941, 55.8881, 80.1021,209.5685
12612.90731860,26507.962755,0.6992199, 68.6941, 55.8881, 80.1021,209.5734
12613.90606628,26508.176316,0.6992611, 68.6923, 55.7865, 80.0616,212.8067
12614.90480808,26508.370199,0.6992781, 68.6910, 55.6851, 80.0204,216.0294
12615.40417470,26508.496300,0.6992790, 68.6904, 55.6346, 79.9995,217.6354
12616.40289506,26508.663048,0.6992728, 68.6901, 55.5348, 79.9557,220.8343
12617.40160128,26508.816673,0.6992627, 68.6904, 55.4369, 79.9099,224.0173
12618.40029313,26508.959921,0.6992585, 68.6912, 55.3409, 79.8620,227.1839
12619.39896746,26509.096990,0.6992685, 68.6924, 55.2468, 79.8124,230.3309
12619.89832833,26509.131225,0.6992813, 68.6931, 55.2003, 79.7869,231.9188
12620.39763179,26509.232443,0.6992988, 68.6936, 55.1541, 79.7619,233.4628
12621.89560611,26509.407807,0.6993879, 68.6952, 55.0162, 79.6857,238.1281
12622.39492628,26509.508014,0.6994278, 68.6954, 54.9700, 79.6611,239.6749
12624.39217946,26509.813784,0.6996242, 68.6947, 54.7825, 79.5657,245.8181
12625.39078821,26509.979435,0.6997281, 68.6934, 54.6859, 79.5212,248.8629
12626.38939128,26510.153832,0.6998231, 68.6914, 54.5870, 79.4787,251.8954
12627.38797941,26510.335053,0.6999006, 68.6893, 54.4863, 79.4377,254.9106
12627.88726512,26510.406164,0.6999314, 68.6882, 54.4354, 79.4171,256.4102
12629.38511187,26510.687923,0.6999854, 68.6855, 54.2816, 79.3565,260.8952
12630.88291695,26510.895845,0.6999965, 68.6845, 54.1296, 79.2918,265.3447
12631.38217494,26510.967378,0.6999956, 68.6846, 54.0799, 79.2694,266.8192
12633.37916308,26511.097843,0.7000241, 68.6871, 53.8880, 79.1718,272.6783
12633.87839244,26511.100546,0.7000482, 68.6880, 53.8417, 79.1458,274.1273
12633.87840002,26511.100523,0.7000482, 68.6880, 53.8417, 79.1458,274.1328
12634.37763262,26511.109853,0.7000804, 68.6889, 53.7956, 79.1204,275.5822
12635.37608821,26511.108997,0.7001728, 68.6903, 53.7038, 79.0695,278.4681
12636.37453287,26511.119146,0.7002941, 68.6908, 53.6111, 79.0206,281.3367
12637.37297444,26511.158876,0.7004287, 68.6902, 53.5160, 78.9750,284.1938
12637.87219086,26511.195788,0.7004955, 68.6896, 53.4674, 78.9531,285.6161
12638.37140741,26511.234472,0.7005578, 68.6888, 53.4180, 78.9326,287.0368
12639.36982923,26511.338930,0.7006655, 68.6867, 53.3173, 78.8928,289.8662
12639.86903601,26511.405531,0.7007088, 68.6856, 53.2662, 78.8731,291.2765
12640.36824704,26511.455408,0.7007433, 68.6845, 53.2147, 78.8542,292.6894
12640.86745411,26511.526326,0.7007709, 68.6835, 53.1632, 78.8346,294.0991
12641.36664517,26511.573475,0.7007905, 68.6826, 53.1115, 78.8155,295.4971
12642.36503547,26511.678600,0.7008127, 68.6812, 53.0088, 78.7755,298.2992
12643.86257611,26511.816889,0.7008203, 68.6803, 52.8574, 78.7116,302.4709
12644.36174954,26511.827549,0.7008207, 68.6805, 52.8078, 78.6896,303.8569
12645.36008080,26511.869918,0.7008274, 68.6811, 52.7102, 78.6434,306.6175
12645.85924711,26511.906612,0.7008359, 68.6815, 52.6622, 78.6194,307.9980
12646.35842007,26511.894838,0.7008481, 68.6821, 52.6144, 78.5956,309.3832
12646.85758408,26511.928392,0.7008660, 68.6826, 52.5671, 78.5710,310.7614
12647.35673152,26511.911577,0.7008888, 68.6832, 52.5200, 78.5467,312.1273
12647.85585528,26511.948934,0.7009181, 68.6837, 52.4732, 78.5219,313.4753
12648.35502500,26511.933381,0.7009524, 68.6843, 52.4263, 78.4976,314.8561
12648.85416365,26511.980706,0.7009932, 68.6846, 52.3795, 78.4731,316.2133
12649.35330488,26511.974684,0.7010383, 68.6850, 52.3324, 78.4491,317.5719
12650.35156941,26512.057880,0.7011421, 68.6851, 52.2376, 78.4020,320.2734
12651.34982081,26512.211800,0.7012564, 68.6845, 52.1411, 78.3567,322.9622
12652.34806353,26512.478810,0.7013717, 68.6832, 52.0424, 78.3134,325.6424
12653.34629516,26512.914447,0.7014786, 68.6814, 51.9414, 78.2721,328.3134
12653.84540562,26513.256281,0.7015266, 68.6802, 51.8901, 78.2517,329.6448
12654.34447665,26513.587374,0.7015689, 68.6792, 51.8383, 78.2319,330.9485
12654.84357244,26514.084339,0.7016067, 68.6780, 51.7862, 78.2119,332.2703
12655.34268503,26514.619409,0.7016383, 68.6771, 51.7337, 78.1921,333.6055
12656.34087712,26516.169577,0.7016880, 68.6755, 51.6286, 78.1514,336.2548
12656.83996416,26517.229500,0.7017076, 68.6748, 51.5762, 78.1304,337.5746
12657.33904499,26518.447891,0.7017250, 68.6745, 51.5240, 78.1089,338.8920
12658.33720370,26521.741464,0.7017631, 68.6744, 51.4211, 78.0639,341.5288
12659.33534143,26526.267602,0.7018201, 68.6752, 51.3205, 78.0165,344.1561
12660.83250296,26534.547277,0.7019711, 68.6769, 51.1746, 77.9454,348.0705
12660.83251333,26534.562091,0.7019714, 68.6769, 51.1746, 77.9454,348.0780
12662.82869360,26528.337677,0.7021286, 68.6770, 50.9841, 77.8730,353.2626
12663.82673090,26495.796516,0.7019117, 68.6742, 50.8858, 77.8461,355.8083
12664.32575724,26469.732605,0.7016877, 68.6721, 50.8345, 77.8271,357.0893
12664.82481629,26443.209500,0.7014527, 68.6697, 50.7818, 77.7998,358.3981
12665.82287506,26413.687082,0.7012502, 68.6658, 50.6718, 77.7220,  0.9877
12667.81896153,26475.949474,0.7021818, 68.6639, 50.4466, 77.6084,  6.1329
12668.81700998,26505.646120,0.7025456, 68.6641, 50.3364, 77.5859,  8.7023
12669.31600006,26514.153018,0.7026380, 68.6642, 50.2822, 77.5750,  9.9664
12670.31400419,26522.100998,0.7027051, 68.6643, 50.1758, 77.5483, 12.5219
12671.31199330,26523.538910,0.7026952, 68.6646, 50.0719, 77.5140, 15.0802
12672.30996118,26522.422029,0.7026675, 68.6652, 49.9704, 77.4736, 17.6349
12672.30996253,26522.421445,0.7026675, 68.6652, 49.9704, 77.4736, 17.6358
12673.30792082,26520.562874,0.7026513, 68.6660, 49.8709, 77.4291, 20.1930
12674.30586025,26518.678276,0.7026596, 68.6669, 49.7730, 77.3822, 22.7443
12675.80275111,26516.226898,0.7027255, 68.6681, 49.6274, 77.3108, 26.5693
12675.80275690,26516.224884,0.7027255, 68.6681, 49.6274, 77.3108, 26.5735
12677.29958144,26514.367556,0.7028466, 68.6679, 49.4808, 77.2413, 30.3628
12678.29750591,26513.344841,0.7029463, 68.6669, 49.3812, 77.1974, 32.9249
12678.79644331,26512.860718,0.7029983, 68.6663, 49.3306, 77.1761, 34.1896
12679.29537167,26512.484021,0.7030493, 68.6652, 49.2795, 77.1557, 35.4499
12680.29324993,26511.741320,0.7031444, 68.6629, 49.1754, 77.1163, 37.9904
12680.79215935,26511.369396,0.7031860, 68.6616, 49.1225, 77.0971, 39.2417
12681.29107811,26511.102228,0.7032218, 68.6601, 49.0691, 77.0786, 40.5026
12681.78999095,26510.772087,0.7032519, 68.6589, 49.0153, 77.0600, 41.7609
12682.28890025,26510.544775,0.7032749, 68.6574, 48.9612, 77.0417, 43.0200
12682.28890826,26510.544134,0.7032749, 68.6574, 48.9612, 77.0417, 43.0258
12682.78788919,26510.243006,0.7032917, 68.6562, 48.9070, 77.0231, 44.3390
12683.28680929,26510.049653,0.7033017, 68.6550, 48.8527, 77.0045, 45.6118
12684.28463346,26509.621036,0.7033060, 68.6532, 48.7446, 76.9660, 48.1548
12685.28243288,26509.246329,0.7032966, 68.6523, 48.6381, 76.9253, 50.6933
12686.28022153,26508.913482,0.7032858, 68.6524, 48.5338, 76.8819, 53.2372
12687.27795709,26508.612691,0.7032868, 68.6531, 48.4319, 76.8361, 55.7549
12688.27569340,26508.328799,0.7033113, 68.6543, 48.3322, 76.7886, 58.2840
12689.27342365,26508.049573,0.7033662, 68.6554, 48.2339, 76.7407, 60.8177
12689.77228773,26507.861281,0.7034056, 68.6559, 48.1848, 76.7168, 62.0864
12689.77237403,26507.859695,0.7034056, 68.6559, 48.1848, 76.7168, 62.1489
12691.26887274,26507.439538,0.7035580, 68.6557, 48.0358, 76.6493, 65.8980
12692.26659290,26507.092404,0.7036722, 68.6545, 47.9336, 76.6080, 68.4445
12693.26430375,26506.721279,0.7037761, 68.6523, 47.8283, 76.5697, 70.9917
12694.26201300,26506.336440,0.7038540, 68.6496, 47.7203, 76.5336, 73.5473
12695.25971194,26505.956266,0.7038975, 68.6469, 47.6104, 76.4983, 76.1073
12696.25739308,26505.596790,0.7039069, 68.6445, 47.5002, 76.4622, 78.6685
12697.25507153,26505.268930,0.7038904, 68.6429, 47.3909, 76.4241, 81.2429
12697.25517743,26505.268395,0.7038905, 68.6429, 47.3909, 76.4241, 81.3196
12699.25037871,26504.709823,0.7038328, 68.6422, 47.1783, 76.3399, 86.4014
12700.24799718,26504.468119,0.7038168, 68.6428, 47.0754, 76.2943, 88.9758
12701.24560694,26504.239840,0.7038207, 68.6438, 46.9743, 76.2473, 91.5559
12702.24320565,26504.015835,0.7038480, 68.6446, 46.8743, 76.1998, 94.1386
12703.24079976,26503.788247,0.7038978, 68.6452, 46.7744, 76.1527, 96.7272
12707.72984378,26502.532089,0.7042257, 68.6391, 46.3078, 75.9621,108.3881
12710.22369870,26501.751883,0.7042796, 68.6325, 46.0326, 75.8685,114.9131
12712.21882522,26501.138514,0.7042218, 68.6300, 45.8137, 75.7876,120.2232
12713.21630628,26500.879515,0.7041838, 68.6301, 45.7073, 75.7432,122.8388
12714.21377948,26500.660545,0.7041573, 68.6310, 45.6035, 75.6961,125.4605
12715.21123589,26500.479129,0.7041534, 68.6323, 45.5018, 75.6473,128.0799
12716.20868150,26500.326508,0.7041783, 68.6335, 45.4016, 75.5980,130.6993
12717.20611771,26500.189870,0.7042314, 68.6342, 45.3016, 75.5495,133.3177
12717.70483343,26500.098719,0.7042666, 68.6343, 45.2513, 75.5256,134.6269
12718.20354769,26500.052811,0.7043054, 68.6341, 45.2005, 75.5031,135.9362
12719.20097628,26499.902109,0.7043877, 68.6329, 45.0973, 75.4595,138.5578
12720.19839976,26499.728229,0.7044630, 68.6309, 44.9914, 75.4188,141.1803
12721.19581673,26499.526308,0.7045170, 68.6282, 44.8830, 75.3804,143.8039
12722.19322610,26499.300782,0.7045404, 68.6253, 44.7727, 75.3429,146.4295
12724.18799417,26498.829829,0.7044952, 68.6210, 44.5513, 75.2652,151.6722
12724.18801284,26498.829839,0.7044952, 68.6210, 44.5513, 75.2652,151.6858
12725.18538921,26498.616630,0.7044441, 68.6200, 44.4427, 75.2228,154.3166
12726.18275042,26498.436482,0.7043920, 68.6200, 44.3364, 75.1774,156.9454
12727.18009713,26498.294179,0.7043518, 68.6206, 44.2325, 75.1296,159.5712
12728.17743081,26498.188499,0.7043325, 68.6216, 44.1306, 75.0800,162.1928
12729.17475116,26498.116493,0.7043382, 68.6226, 44.0301, 75.0298,164.8081
12731.16937562,26498.045774,0.7044174, 68.6231, 43.8291, 74.9315,170.0306
12732.16667349,26498.034123,0.7044783, 68.6222, 43.7271, 74.8849,172.6314
12735.15855658,26498.018922,0.7046351, 68.6151, 43.4092, 74.7574,180.4240
12735.65716760,26498.043275,0.7046457, 68.6135, 43.3546, 74.7370,181.6971
12736.15581340,26498.002796,0.7046504, 68.6121, 43.2997, 74.7175,182.9958
12736.65444697,26498.024530,0.7046481, 68.6105, 43.2447, 74.6972,184.2861
12737.65167927,26497.994998,0.7046257, 68.6081, 43.1346, 74.6565,186.8435
12738.15029545,26497.939965,0.7046069, 68.6072, 43.0797, 74.6359,188.1233
12739.14753377,26497.904506,0.7045598, 68.6061, 42.9715, 74.5920,190.6891
12739.64614174,26497.932177,0.7045346, 68.6058, 42.9182, 74.5686,191.9646
12740.14474701,26497.879760,0.7045112, 68.6060, 42.8656, 74.5452,193.2385
12741.14195496,26497.878900,0.7044752, 68.6067, 42.7623, 74.4957,195.7842
12742.13914874,26497.912867,0.7044635, 68.6079, 42.6614, 74.4444,198.3173
12743.13633070,26497.988415,0.7044822, 68.6091, 42.5620, 74.3925,200.8372
12744.13350217,26498.103583,0.7045302, 68.6097, 42.4629, 74.3415,203.3425
12745.13066734,26498.253734,0.7045993, 68.6095, 42.3629, 74.2927,205.8350
12746.12782862,26498.427192,0.7046766, 68.6082, 42.2609, 74.2467,208.3158
12747.12499508,26498.612432,0.7047474, 68.6060, 42.1565, 74.2036,210.7920
12747.62358921,26498.759027,0.7047760, 68.6044, 42.1034, 74.1827,212.0351
12748.12216598,26498.797684,0.7047986, 68.6031, 42.0498, 74.1627,213.2642
12749.11931713,26498.975499,0.7048217, 68.6000, 41.9413, 74.1230,215.7164
12750.11645971,26499.139411,0.7048147, 68.5971, 41.8322, 74.0830,218.1581
12751.11359583,26499.288009,0.7047821, 68.5948, 41.7235, 74.0415,220.5917
12752.11071428,26499.424284,0.7047343, 68.5934, 41.6164, 73.9976,223.0094
12753.10781316,26499.554844,0.7046847, 68.5929, 41.5116, 73.9509,225.4090
12754.10491032,26499.686402,0.7046466, 68.5933, 41.4092, 73.9016,227.8020
12755.10198855,26499.828180,0.7046301, 68.5941, 41.3090, 73.8505,230.1742
12756.09906208,26499.987633,0.7046406, 68.5951, 41.2102, 73.7987,232.5337
12758.09316469,26500.369993,0.7047368, 68.5957, 41.0134, 73.6970,237.1872
12758.59168784,26500.518680,0.7047721, 68.5953, 40.9637, 73.6725,238.3410
12760.08725737,26500.840202,0.7048850, 68.5933, 40.8120, 73.6029,241.7843
12761.08429377,26501.101688,0.7049539, 68.5908, 40.7083, 73.5592,244.0579
12762.08132739,26501.373495,0.7050071, 68.5879, 40.6028, 73.5173,246.3188
12764.07536360,26501.928580,0.7050443, 68.5817, 40.3879, 73.4354,250.7916
12765.07236948,26502.191111,0.7050279, 68.5793, 40.2804, 73.3933,253.0084
12766.06934422,26502.433105,0.7049964, 68.5778, 40.1741, 73.3491,255.1964
12767.06632301,26502.645464,0.7049619, 68.5774, 40.0701, 73.3021,257.3810
12767.06632515,26502.645456,0.7049619, 68.5774, 40.0701, 73.3021,257.3826
12768.06328696,26502.828449,0.7049390, 68.5780, 39.9687, 73.2524,259.5475
12768.56176257,26502.916863,0.7049365, 68.5786, 39.9191, 73.2266,260.6227
12770.05718315,26503.139392,0.7049764, 68.5808, 39.7729, 73.1479,263.8272
12770.55564693,26503.217267,0.7050071, 68.5814, 39.7247, 73.1218,264.8818
12771.05411967,26503.300842,0.7050448, 68.5818, 39.6763, 73.0962,265.9392
12772.05103891,26503.487627,0.7051377, 68.5820, 39.5789, 73.0466,268.0239
12773.04795367,26503.709686,0.7052406, 68.5811, 39.4794, 73.0000,270.0906
12775.04177501,26504.240062,0.7054133, 68.5766, 39.2731, 72.9153,274.1787
12776.03868024,26504.529503,0.7054607, 68.5736, 39.1670, 72.8753,276.2032
12777.03558087,26504.814792,0.7054778, 68.5708, 39.0603, 72.8352,278.2167
12778.03247045,26505.084857,0.7054695, 68.5685, 38.9539, 72.7936,280.2158
12779.02934748,26505.329628,0.7054456, 68.5671, 38.8489, 72.7498,282.2003
12780.02620792,26505.543173,0.7054190, 68.5667, 38.7461, 72.7033,284.1669
12781.02305850,26505.724809,0.7054028, 68.5672, 38.6456, 72.6542,286.1197
12782.01989880,26505.876312,0.7054075, 68.5682, 38.5472, 72.6033,288.0570
12783.01672478,26506.008462,0.7054396, 68.5695, 38.4504, 72.5515,289.9742
12784.01354239,26506.128981,0.7054999, 68.5706, 38.3542, 72.5000,291.8743
12785.01034821,26506.249678,0.7055842, 68.5712, 38.2577, 72.4497,293.7538
12786.00715328,26506.379943,0.7056839, 68.5709, 38.1600, 72.4014,295.6203
12786.50554561,26506.415971,0.7057367, 68.5705, 38.1105, 72.3779,296.5419
12788.00073217,26506.686215,0.7058871, 68.5677, 37.9588, 72.3118,299.2956
12788.00074271,26506.686058,0.7058871, 68.5677, 37.9588, 72.3118,299.3032
12789.99429896,26507.061704,0.7060316, 68.5622, 37.7499, 72.2294,302.9235
12790.99106615,26507.272827,0.7060682, 68.5593, 37.6437, 72.1888,304.7151
12791.98782336,26507.489139,0.7060816, 68.5569, 37.5374, 72.1474,306.4944
12792.98455778,26507.703940,0.7060781, 68.5553, 37.4321, 72.1041,308.2530
12794.97800298,26508.077287,0.7060650, 68.5551, 37.2274, 72.0097,311.7412
12794.97802324,26508.077039,0.7060650, 68.5551, 37.2274, 72.0097,311.7558
12796.97138931,26508.307572,0.7061337, 68.5580, 37.0321, 71.9068,315.1635
12797.96806559,26508.370393,0.7062202, 68.5595, 36.9363, 71.8551,316.8486
12798.96473371,26508.423676,0.7063370, 68.5602, 36.8398, 71.8054,318.5161
12799.96139807,26508.499218,0.7064698, 68.5597, 36.7414, 71.7589,320.1687
12800.95805909,26508.623741,0.7065997, 68.5581, 36.6401, 71.7159,321.8075
12801.45639105,26508.689652,0.7066583, 68.5569, 36.5884, 71.6951,322.6246
12802.95137559,26509.074531,0.7067869, 68.5524, 36.4296, 71.6367,325.0563
12803.94802139,26509.399439,0.7068308, 68.5493, 36.3223, 71.5977,326.6647
12805.94128774,26510.225508,0.7068445, 68.5451, 36.1095, 71.5144,329.8576
12806.93790404,26510.732681,0.7068390, 68.5445, 36.0057, 71.4687,331.4401
12807.93450039,26511.320994,0.7068434, 68.5447, 35.9042, 71.4205,333.0060
12808.93108037,26512.018294,0.7068687, 68.5456, 35.8047, 71.3702,334.5569
12808.93108925,26512.021123,0.7068687, 68.5456, 35.8047, 71.3702,334.5633
12809.92764788,26512.869827,0.7069222, 68.5468, 35.7067, 71.3188,336.0940
12810.92420412,26513.932264,0.7070061, 68.5479, 35.6094, 71.2674,337.6168
12811.92075517,26515.280248,0.7071178, 68.5486, 35.5117, 71.2170,339.1287
12812.91729888,26516.999653,0.7072505, 68.5484, 35.4129, 71.1684,340.6277
12813.91382914,26519.178638,0.7073949, 68.5473, 35.3123, 71.1222,342.1098
12813.91385243,26519.206465,0.7073952, 68.5473, 35.3122, 71.1222,342.1267
12814.91035661,26521.927749,0.7075411, 68.5453, 35.2094, 71.0784,343.5835
12815.40861134,26523.434486,0.7076117, 68.5440, 35.1572, 71.0571,344.3118
12815.90687547,26525.319217,0.7076806, 68.5426, 35.1044, 71.0367,345.0460
12816.40513373,26527.146017,0.7077451, 68.5410, 35.0513, 71.0164,345.7749
12816.90338364,26529.361189,0.7078072, 68.5394, 34.9976, 70.9968,346.4974
12817.89988783,26533.928242,0.7079175, 68.5362, 34.8898, 70.9581,347.9439
12818.39813246,26536.123526,0.7079642, 68.5345, 34.8358, 70.9390,348.6613
12819.89285741,26542.262442,0.7080761, 68.5306, 34.6743, 70.8839,350.8067
12820.88931486,26543.276174,0.7081089, 68.5287, 34.5682, 70.8485,352.2174
12821.88575986,26538.986715,0.7080878, 68.5272, 34.4639, 70.8142,353.6180
12822.88218882,26526.429378,0.7079885, 68.5261, 34.3613, 70.7798,355.0057
12822.88221640,26526.174986,0.7079859, 68.5261, 34.3613, 70.7800,355.0255
12823.87859722,26503.994822,0.7077997, 68.5251, 34.2600, 70.7423,356.3778
12824.87499937,26473.526811,0.7075467, 68.5237, 34.1588, 70.6973,357.7461
12826.36958250,26429.363639,0.7072366, 68.5208, 34.0045, 70.6108,359.7866
12827.86415398,26411.385867,0.7072642, 68.5169, 33.8435, 70.5128,  1.8162
12828.36233876,26413.850688,0.7073677, 68.5153, 33.7885, 70.4824,  2.4855
12828.86051983,26419.583213,0.7075023, 68.5138, 33.7324, 70.4543,  3.1510
12829.85689247,26438.148078,0.7078240, 68.5105, 33.6191, 70.4066,  4.4846
12830.85326078,26459.943893,0.7081353, 68.5074, 33.5050, 70.3688,  5.8121
12831.35143850,26470.070781,0.7082652, 68.5060, 33.4482, 70.3522,  6.4714
12832.84594859,26495.228849,0.7085438, 68.5033, 33.2800, 70.3051,  8.4402
12833.34411175,26501.159220,0.7086001, 68.5028, 33.2251, 70.2888,  9.0944
12834.83857560,26513.532585,0.7087098, 68.5028, 33.0647, 70.2352, 11.0496
12835.83487117,26517.970379,0.7087612, 68.5035, 32.9610, 70.1955, 12.3503
12836.83114205,26520.409985,0.7088172, 68.5044, 32.8589, 70.1534, 13.6371
12837.82740514,26521.544498,0.7088877, 68.5052, 32.7578, 70.1103, 14.9208
12838.32553295,26521.781280,0.7089296, 68.5054, 32.7072, 70.0887, 15.5602
12838.82365534,26521.839037,0.7089746, 68.5054, 32.6565, 70.0673, 16.1966
12839.81989642,26521.618784,0.7090740, 68.5047, 32.5541, 70.0254, 17.4665
12840.81612547,26521.100074,0.7091779, 68.5031, 32.4500, 69.9853, 18.7287
12841.81235017,26520.422092,0.7092762, 68.5004, 32.3437, 69.9473, 19.9894
12842.80855609,26519.679236,0.7093593, 68.4969, 32.2352, 69.9110, 21.2396
12843.30666046,26519.299554,0.7093930, 68.4951, 32.1801, 69.8933, 21.8671
12844.30285251,26518.546118,0.7094407, 68.4910, 32.0691, 69.8583, 23.1152
12844.80094310,26518.185976,0.7094545, 68.4889, 32.0132, 69.8407, 23.7384
12845.79712669,26517.482492,0.7094644, 68.4852, 31.9013, 69.8049, 24.9922
12846.79328602,26516.824818,0.7094551, 68.4821, 31.7900, 69.7675, 26.2379
12847.78942812,26516.208844,0.7094354, 68.4800, 31.6800, 69.7277, 27.4811
12849.28360824,26515.330647,0.7094109, 68.4786, 31.5186, 69.6635, 29.3405
12849.78166152,26515.080064,0.7094093, 68.4784, 31.4659, 69.6410, 29.9605
12851.27579112,26514.260601,0.7094431, 68.4790, 31.3103, 69.5714, 31.8090
12851.77382671,26514.026296,0.7094689, 68.4792, 31.2589, 69.5481, 32.4233
12853.26791496,26513.206182,0.7095917, 68.4792, 31.1048, 69.4798, 34.2584
12853.76594025,26512.970345,0.7096441, 68.4787, 31.0529, 69.4582, 34.8694
12854.76198401,26512.433606,0.7097565, 68.4769, 30.9472, 69.4175, 36.0881
12855.75801948,26511.903125,0.7098627, 68.4738, 30.8385, 69.3802, 37.3048
12856.75404011,26511.397236,0.7099441, 68.4697, 30.7266, 69.3457, 38.5168
12858.24806973,26510.684949,0.7099937, 68.4629, 30.5550, 69.2957, 40.3518
12858.74607607,26510.524736,0.7099900, 68.4606, 30.4974, 69.2787, 40.9678
12860.24005977,26509.964118,0.7099400, 68.4557, 30.3267, 69.2233, 42.8113
12861.23602286,26509.653304,0.7098952, 68.4539, 30.2156, 69.1824, 44.0407
12861.73399760,26509.541651,0.7098758, 68.4533, 30.1611, 69.1609, 44.6561
12862.72993273,26509.235533,0.7098526, 68.4531, 30.0540, 69.1158, 45.8856
12863.22790594,26509.035400,0.7098511, 68.4533, 30.0013, 69.0924, 46.5085
12863.72585087,26508.915394,0.7098562, 68.4534, 29.9488, 69.0692, 47.1140
12864.72175414,26508.574322,0.7098885, 68.4537, 29.8447, 69.0224, 48.3410
12866.71352442,26507.830997,0.7100205, 68.4528, 29.6354, 68.9324, 50.7926
12868.20731149,26507.191646,0.7101419, 68.4499, 29.4746, 68.8703, 52.6216
12868.70523674,26507.034160,0.7101787, 68.4484, 29.4198, 68.8511, 53.2332
12869.70108047,26506.632187,0.7102408, 68.4449, 29.3089, 68.8136, 54.4580
12870.69691724,26506.237840,0.7102801, 68.4409, 29.1961, 68.7773, 55.6888
12871.69274038,26505.860097,0.7102927, 68.4369, 29.0821, 68.7415, 56.9222
12872.68854224,26505.504238,0.7102791, 68.4332, 28.9678, 68.7049, 58.1543
12873.68432357,26505.174547,0.7102447, 68.4302, 28.8541, 68.6667, 59.3865
12874.68009186,26504.869974,0.7101981, 68.4282, 28.7418, 68.6262, 60.6246
12876.67156730,26504.323537,0.7101137, 68.4270, 28.5232, 68.5377, 63.1011
12877.66727513,26504.068597,0.7100967, 68.4276, 28.4169, 68.4905, 64.3377
12878.66296385,26503.813487,0.7101061, 68.4283, 28.3120, 68.4426, 65.5714
12879.65863762,26503.549307,0.7101434, 68.4289, 28.2077, 68.3950, 66.8036
12880.65430210,26503.265173,0.7102044, 68.4288, 28.1028, 68.3491, 68.0369
12881.64995387,26502.953482,0.7102796, 68.4277, 27.9964, 68.3056, 69.2678
12882.64559697,26502.612315,0.7103544, 68.4255, 27.8875, 68.2651, 70.4993
12883.64123308,26502.246280,0.7104126, 68.4221, 27.7758, 68.2274, 71.7336
12884.63686027,26501.871224,0.7104399, 68.4181, 27.6617, 68.1914, 72.9711
12885.63247469,26501.512046,0.7104290, 68.4140, 27.5460, 68.1555, 74.2116
12885.63248232,26501.511965,0.7104290, 68.4140, 27.5460, 68.1555, 74.2172
12886.62807425,26501.191533,0.7103828, 68.4104, 27.4304, 68.1179, 75.4558
12887.62365488,26500.925438,0.7103145, 68.4079, 27.3164, 68.0773, 76.7020
12888.61921722,26500.713763,0.7102427, 68.4068, 27.2049, 68.0330, 77.9501
12889.61475523,26500.542306,0.7101860, 68.4069, 27.0963, 67.9855, 79.1941
12890.61027331,26500.390158,0.7101571, 68.4077, 26.9901, 67.9359, 80.4345
12891.60577581,26500.237073,0.7101607, 68.4086, 26.8854, 67.8858, 81.6719
12893.59673961,26499.882053,0.7102470, 68.4090, 26.6761, 67.7886, 84.1342
12894.59220348,26499.672912,0.7103096, 68.4078, 26.5695, 67.7432, 85.3591
12895.58765658,26499.446679,0.7103695, 68.4056, 26.4611, 67.7002, 86.5807
12896.58309459,26499.210673,0.7104161, 68.4026, 26.3506, 67.6592, 87.7967
12897.57852455,26498.972733,0.7104416, 68.3991, 26.2384, 67.6195, 89.0130
12898.57394228,26498.743154,0.7104418, 68.3955, 26.1251, 67.5801, 90.2278
12899.56934029,26498.532614,0.7104171, 68.3921, 26.0114, 67.5402, 91.4366
12901.06241465,26498.263852,0.7103441, 68.3885, 25.8422, 67.4765, 93.2498
12901.56009718,26498.204900,0.7103148, 68.3877, 25.7864, 67.4548, 93.8522
12902.55545128,26498.099661,0.7102568, 68.3871, 25.6766, 67.4084, 95.0549
12904.54609699,26498.004475,0.7101833, 68.3883, 25.4635, 67.3089, 97.4336
12905.54139415,26497.999994,0.7101841, 68.3895, 25.3595, 67.2574, 98.6095
12906.53667580,26498.008598,0.7102133, 68.3905, 25.2562, 67.2062, 99.7748
12907.53194613,26498.018127,0.7102668, 68.3909, 25.1526, 67.1566,100.9305
12908.52720741,26498.016616,0.7103353, 68.3902, 25.0478, 67.1093,102.0771
12909.02484021,26498.030097,0.7103711, 68.3895, 24.9946, 67.0862,102.6509
12909.52246816,26497.994871,0.7104059, 68.3885, 24.9408, 67.0649,103.2202
12911.01534006,26497.948460,0.7104852, 68.3839, 24.7760, 67.0024,104.9165
12911.51296238,26497.885113,0.7104987, 68.3821, 24.7198, 66.9831,105.4799
12913.00580998,26497.816424,0.7104887, 68.3763, 24.5499, 66.9231,107.1577
12913.50342115,26497.753554,0.7104696, 68.3748, 24.4931, 66.9032,107.7143
12914.00102794,26497.775477,0.7104442, 68.3732, 24.4366, 66.8816,108.2688
12914.99622594,26497.781477,0.7103830, 68.3712, 24.3250, 66.8370,109.3684
12915.49381836,26497.762884,0.7103515, 68.3708, 24.2700, 66.8139,109.9142
12916.48899109,26497.859503,0.7102984, 68.3707, 24.1622, 66.7643,110.9980
12917.48414772,26498.013029,0.7102712, 68.3715, 24.0571, 66.7122,112.0690
12920.96710598,26498.760442,0.7104267, 68.3731, 23.6966, 66.5308,115.7045
12920.96710610,26498.760441,0.7104267, 68.3731, 23.6966, 66.5308,115.7046
12921.46466649,26498.792308,0.7104678, 68.3727, 23.6443, 66.5073,116.2110
12922.45977757,26498.951334,0.7105486, 68.3705, 23.5381, 66.4617,117.2102
12923.45488172,26499.089286,0.7106178, 68.3675, 23.4298, 66.4184,118.1955
12923.95242728,26499.211531,0.7106454, 68.3656, 23.3751, 66.3972,118.6806
12924.44997772,26499.212983,0.7106669, 68.3639, 23.3199, 66.3767,119.1670
12925.94261066,26499.448793,0.7106954, 68.3580, 23.1530, 66.3148,120.6041
12926.44014949,26499.451095,0.7106927, 68.3565, 23.0972, 66.2942,121.0760
12927.43522603,26499.585300,0.7106736, 68.3536, 22.9860, 66.2515,122.0157
12927.93275894,26499.718292,0.7106591, 68.3523, 22.9309, 66.2292,122.4800
12928.92782033,26499.888498,0.7106255, 68.3508, 22.8218, 66.1832,123.4012
12929.42534479,26499.930644,0.7106092, 68.3506, 22.7680, 66.1595,123.8550
12930.91790263,26500.338207,0.7105820, 68.3508, 22.6099, 66.0843,125.1959
12931.41541580,26500.422279,0.7105835, 68.3515, 22.5582, 66.0585,125.6341
12932.41043517,26500.719321,0.7106086, 68.3526, 22.4560, 66.0063,126.4983
12932.90794124,26500.925070,0.7106330, 68.3530, 22.4053, 65.9801,126.9237
12933.40544555,26501.036821,0.7106638, 68.3536, 22.3546, 65.9544,127.3443
12934.89795223,26501.559132,0.7107931, 68.3537, 22.2019, 65.8798,128.5819
12935.89295711,26501.853841,0.7108943, 68.3525, 22.0982, 65.8335,129.3892
12936.88796418,26502.116332,0.7109916, 68.3501, 21.9923, 65.7902,130.1842
12937.38547314,26502.198104,0.7110340, 68.3486, 21.9384, 65.7695,130.5807
12938.87798772,26502.531350,0.7111241, 68.3429, 21.7739, 65.7099,131.7450
12940.37050740,26502.752210,0.7111447, 68.3372, 21.6071, 65.6503,132.8931
12940.86801106,26502.856227,0.7111388, 68.3356, 21.5516, 65.6297,133.2704
12941.86301355,26503.026143,0.7111143, 68.3332, 21.4417, 65.5864,134.0171
12942.85800437,26503.226736,0.7110873, 68.3321, 21.3338, 65.5399,134.7494
12943.85299641,26503.470512,0.7110744, 68.3322, 21.2285, 65.4905,135.4759
12944.84797475,26503.757966,0.7110893, 68.3331, 21.1256, 65.4391,136.1836
12945.34546774,26503.909524,0.7111092, 68.3337, 21.0747, 65.4130,136.5363
12946.34044408,26504.245424,0.7111761, 68.3347, 20.9736, 65.3612,137.2254
12946.83793230,26504.415385,0.7112217, 68.3349, 20.9231, 65.3359,137.5650
12947.83291302,26504.743250,0.7113286, 68.3346, 20.8213, 65.2869,138.2367
12948.33040479,26504.904206,0.7113863, 68.3340, 20.7697, 65.2635,138.5681
12949.32539288,26505.191538,0.7115032, 68.3320, 20.6652, 65.2188,139.2241
12949.82288628,26505.310036,0.7115590, 68.3305, 20.6122, 65.1975,139.5467
12950.81788376,26505.537321,0.7116567, 68.3270, 20.5045, 65.1565,140.1910
12952.31037397,26505.837196,0.7117584, 68.3209, 20.3401, 65.0972,141.1346
12952.80787349,26505.901030,0.7117802, 68.3189, 20.2849, 65.0775,141.4469
12953.80288008,26506.057028,0.7118055, 68.3153, 20.1744, 65.0375,142.0719
12955.29539181,26506.314808,0.7118123, 68.3113, 20.0100, 64.9745,142.9994
12955.79289659,26506.370656,0.7118115, 68.3105, 19.9560, 64.9524,143.3063
12956.29041190,26506.485647,0.7118101, 68.3099, 19.9023, 64.9297,143.6194
12957.28540607,26506.677596,0.7118149, 68.3096, 19.7966, 64.8826,144.2145
12957.78291022,26506.750921,0.7118238, 68.3098, 19.7445, 64.8581,144.5145
12959.27542484,26507.143643,0.7118856, 68.3110, 19.5906, 64.7833,145.4040
12961.26544890,26507.699316,0.7120694, 68.3123, 19.3882, 64.6845,146.5572
12962.26048064,26507.976428,0.7121944, 68.3117, 19.2857, 64.6383,147.1299
12962.75800255,26508.068555,0.7122604, 68.3110, 19.2339, 64.6162,147.4158
12963.25553737,26508.228895,0.7123249, 68.3097, 19.1813, 64.5952,147.7082
12964.25056633,26508.441210,0.7124452, 68.3065, 19.0743, 64.5552,148.2550
12964.74810579,26508.490360,0.7124977, 68.3047, 19.0200, 64.5359,148.5428
12966.24072440,26508.729115,0.7126067, 68.2979, 18.8540, 64.4805,149.3953
12966.73827467,26508.738069,0.7126272, 68.2958, 18.7981, 64.4618,149.6844
12967.73336311,26508.821955,0.7126456, 68.2918, 18.6865, 64.4236,150.2512
12968.72847206,26508.902303,0.7126445, 68.2888, 18.5758, 64.3830,150.8302
12969.72356824,26508.999530,0.7126386, 68.2870, 18.4671, 64.3393,151.3975
12970.22112512,26509.097643,0.7126384, 68.2865, 18.4135, 64.3166,151.6864
12970.71867677,26509.126870,0.7126438, 68.2865, 18.3606, 64.2928,151.9705
12972.21133776,26509.425597,0.7126992, 68.2870, 18.2047, 64.2198,152.8192
12972.70889582,26509.492349,0.7127346, 68.2874, 18.1535, 64.1948,153.1017
12974.20160810,26509.868207,0.7128845, 68.2874, 17.9998, 64.1225,153.9633
12974.69917810,26509.948634,0.7129467, 68.2870, 17.9482, 64.0991,154.2449
12976.19191320,26510.298823,0.7131432, 68.2837, 17.7905, 64.0344,155.0932
12976.68949823,26510.356724,0.7132072, 68.2820, 17.7368, 64.0139,155.3762
12977.68467990,26510.508880,0.7133217, 68.2779, 17.6278, 63.9753,155.9447
12979.17747224,26510.696602,0.7134472, 68.2705, 17.4609, 63.9204,156.8007
12979.67507823,26510.706884,0.7134761, 68.2681, 17.4048, 63.9019,157.0901
12981.16791885,26510.817380,0.7135246, 68.2614, 17.2361, 63.8464,157.9709
12982.16316786,26510.863235,0.7135357, 68.2579, 17.1245, 63.8071,158.5718
12982.66079065,26510.865918,0.7135386, 68.2566, 17.0692, 63.7864,158.8705
12983.65604033,26510.923992,0.7135438, 68.2548, 16.9599, 63.7439,159.4697
12984.15366949,26510.977256,0.7135486, 68.2542, 16.9059, 63.7220,159.7717
12984.65130237,26510.999152,0.7135579, 68.2539, 16.8523, 63.6992,160.0758
12985.14893285,26511.061180,0.7135710, 68.2537, 16.7992, 63.6765,160.3774
12985.64657062,26511.097345,0.7135905, 68.2537, 16.7465, 63.6529,160.6834
12987.13948417,26511.305102,0.7136872, 68.2538, 16.5900, 63.5826,161.5942
12987.63713571,26511.370349,0.7137339, 68.2538, 16.5381, 63.5591,161.9047
12988.63243227,26511.534672,0.7138448, 68.2531, 16.4338, 63.5140,162.5155
12990.12541825,26511.781883,0.7140366, 68.2498, 16.2744, 63.4518,163.4467
12990.62308722,26511.845030,0.7141005, 68.2480, 16.2200, 63.4324,163.7584
12991.61843859,26511.951935,0.7142144, 68.2435, 16.1093, 63.3964,164.3869
12992.11613353,26511.988139,0.7142607, 68.2408, 16.0529, 63.3796,164.7134
12993.11154114,26512.016946,0.7143278, 68.2351, 15.9387, 63.3462,165.3775
12993.60925238,26512.015407,0.7143478, 68.2323, 15.8812, 63.3293,165.7147
12994.60465738,26511.984947,0.7143620, 68.2270, 15.7660, 63.2950,166.3776
12995.10238098,26511.956854,0.7143589, 68.2247, 15.7086, 63.2772,166.7252
12995.60008841,26511.936693,0.7143525, 68.2227, 15.6517, 63.2582,167.0619
12997.09323525,26511.868085,0.7143287, 68.2189, 15.4839, 63.1973,168.0941
12997.59095305,26511.868030,0.7143271, 68.2182, 15.4292, 63.1752,168.4408
12998.08867270,26511.856582,0.7143306, 68.2178, 15.3750, 63.1530,168.7890
12998.58639544,26511.874223,0.7143418, 68.2176, 15.3213, 63.1300,169.1394
12999.58184749,26511.911091,0.7143870, 68.2173, 15.2149, 63.0838,169.8440
13000.57731688,26511.972921,0.7144631, 68.2168, 15.1091, 63.0381,170.5584
13001.57279982,26512.047329,0.7145637, 68.2155, 15.0027, 62.9942,171.2788
13003.06605454,26512.129876,0.7147340, 68.2113, 14.8401, 62.9334,172.3740
13003.06605666,26512.129865,0.7147340, 68.2113, 14.8401, 62.9334,172.3755
13004.06158430,26512.167114,0.7148409, 68.2070, 14.7290, 62.8963,173.1197
13004.55935086,26512.194168,0.7148878, 68.2043, 14.6727, 62.8785,173.4933
13006.05268366,26512.132368,0.7149893, 68.1959, 14.5009, 62.8278,174.6388
13006.55046488,26512.124479,0.7150092, 68.1929, 14.4431, 62.8110,175.0244
13007.54605401,26512.037974,0.7150288, 68.1874, 14.3271, 62.7772,175.8177
13008.04384515,26511.960132,0.7150299, 68.1850, 14.2692, 62.7599,176.2136
13008.54164750,26511.929408,0.7150268, 68.1827, 14.2115, 62.7420,176.6190
13009.53725712,26511.807562,0.7150115, 68.1789, 14.0970, 62.7047,177.4374
13011.03069203,26511.594399,0.7149856, 68.1754, 13.9283, 62.6447,178.6903
13011.52850891,26511.564999,0.7149813, 68.1747, 13.8729, 62.6236,179.1143
13013.02196967,26511.380188,0.7149952, 68.1737, 13.7092, 62.5581,180.3997
13013.51979141,26511.367799,0.7150113, 68.1735, 13.6553, 62.5359,180.8309
13014.51544814,26511.295964,0.7150628, 68.1731, 13.5479, 62.4915,181.7044
13015.51111872,26511.241385,0.7151384, 68.1722, 13.4404, 62.4483,182.5892
13016.50680570,26511.197201,0.7152317, 68.1703, 13.3318, 62.4072,183.4863
13017.50251286,26511.151590,0.7153311, 68.1671, 13.2212, 62.3691,184.3986
13018.49824021,26511.089149,0.7154212, 68.1626, 13.1080, 62.3341,185.3268
13019.99186844,26510.885825,0.7155056, 68.1539, 12.9335, 62.2859,186.7531
13020.48975155,26510.839086,0.7155149, 68.1506, 12.8744, 62.2703,187.2370
13021.98342744,26510.482285,0.7154890, 68.1421, 12.6967, 62.2215,188.7225
13022.48132619,26510.393291,0.7154664, 68.1397, 12.6379, 62.2039,189.2282
13023.47712738,26510.131035,0.7154147, 68.1363, 12.5218, 62.1661,190.2515
13023.97503437,26509.963405,0.7153905, 68.1353, 12.4648, 62.1458,190.7721
13024.47293934,26509.873065,0.7153697, 68.1344, 12.4084, 62.1247,191.2940
13025.46875480,26509.636145,0.7153479, 68.1337, 12.2973, 62.0806,192.3487
13025.96666351,26509.491067,0.7153491, 68.1337, 12.2426, 62.0579,192.8798
13026.96249393,26509.298299,0.7153759, 68.1336, 12.1339, 62.0125,193.9561
13027.46041405,26509.250501,0.7154005, 68.1332, 12.0796, 61.9901,194.4998
13028.45626657,26509.093115,0.7154682, 68.1322, 11.9707, 61.9465,195.5994
13029.45213283,26508.943914,0.7155490, 68.1299, 11.8604, 61.9055,196.7134
13029.95006427,26508.830092,0.7155904, 68.1284, 11.8045, 61.8859,197.2711
13030.44800001,26508.791379,0.7156291, 68.1263, 11.7481, 61.8671,197.8332
13031.44390544,26508.622651,0.7156955, 68.1217, 11.6337, 61.8313,198.9872
13032.93778218,26508.279855,0.7157505, 68.1136, 11.4589, 61.7802,200.7479
13033.43575447,26508.203195,0.7157542, 68.1107, 11.4000, 61.7635,201.3497
13034.43170036,26507.946276,0.7157425, 68.1055, 11.2821, 61.7295,202.5634
13034.92967683,26507.765313,0.7157285, 68.1032, 11.2233, 61.7119,203.1777
13035.42765572,26507.660873,0.7157089, 68.1010, 11.1646, 61.6941,203.7970
13036.42361473,26507.356772,0.7156617, 68.0975, 11.0482, 61.6566,205.0470
13037.41959101,26507.038886,0.7156110, 68.0953, 10.9334, 61.6167,206.3231
13038.41556818,26506.717685,0.7155669, 68.0941, 10.8205, 61.5745,207.6131
13039.41155955,26506.401212,0.7155380, 68.0938, 10.7093, 61.5305,208.9256
13040.40755415,26506.094272,0.7155302, 68.0940, 10.5995, 61.4853,210.2516
13041.90156509,26505.618879,0.7155642, 68.0944, 10.4362, 61.4173,212.2728
13042.39955835,26505.529366,0.7155860, 68.0941, 10.3816, 61.3952,212.9433
13043.39559579,26505.275392,0.7156433, 68.0932, 10.2719, 61.3523,214.3272
13044.39164518,26505.039957,0.7157091, 68.0911, 10.1606, 61.3118,215.7275
13045.38771563,26504.814044,0.7157706, 68.0877, 10.0471, 61.2740,217.1511
13046.38379944,26504.587327,0.7158133, 68.0831,  9.9312, 61.2388,218.5938
13047.37991351,26504.345443,0.7158245, 68.0776,  9.8131, 61.2051,220.0699
13048.37603093,26504.070964,0.7157983, 68.0722,  9.6938, 61.1713,221.5625
13049.37215747,26503.754731,0.7157386, 68.0675,  9.5747, 61.1356,223.0781
13051.36443578,26503.019349,0.7155837, 68.0628,  9.3423, 61.0535,226.1799
13051.86250731,26502.777178,0.7155535, 68.0627,  9.2860, 61.0304,226.9670
13052.36058147,26502.638022,0.7155299, 68.0628,  9.2302, 61.0071,227.7593
13053.35674038,26502.276104,0.7155112, 68.0636,  9.1203, 60.9588,229.3606
13054.35290231,26501.947888,0.7155298, 68.0644,  9.0114, 60.9105,230.9737
13055.34907757,26501.655273,0.7155778, 68.0644,  8.9022, 60.8636,232.6043
13056.34526684,26501.395989,0.7156416, 68.0631,  8.7918, 60.8192,234.2521
13057.34147142,26501.161459,0.7157055, 68.0605,  8.6794, 60.7776,235.9183
13058.33766041,26500.942652,0.7157561, 68.0566,  8.5649, 60.7385,237.5817
13059.33388132,26500.729699,0.7157837, 68.0521,  8.4487, 60.7010,239.2782
13060.33016221,26500.512425,0.7157840, 68.0472,  8.3314, 60.6641,241.0294
13062.32270508,26500.042255,0.7157101, 68.0390,  8.0964, 60.5880,244.5564
13063.31895793,26499.782355,0.7156497, 68.0363,  7.9804, 60.5471,246.3264
13063.81709457,26499.599285,0.7156181, 68.0355,  7.9231, 60.5254,247.2239
13064.31523962,26499.509406,0.7155867, 68.0348,  7.8660, 60.5038,248.1303
13064.81337715,26499.322066,0.7155577, 68.0346,  7.8096, 60.4809,249.0346
13065.31152481,26499.226318,0.7155313, 68.0344,  7.7535, 60.4582,249.9486
13066.30782516,26498.941799,0.7154922, 68.0349,  7.6427, 60.4108,251.7884
13067.30411036,26498.660143,0.7154754, 68.0360,  7.5335, 60.3622,253.6259
13069.29672872,26498.142064,0.7155147, 68.0379,  7.3168, 60.2653,257.3553
13070.29304881,26497.919033,0.7155643, 68.0379,  7.2079, 60.2187,259.2349
13070.79121774,26497.784559,0.7155934, 68.0376,  7.1531, 60.1957,260.1826
13072.28575323,26497.567111,0.7156810, 68.0344,  6.9854, 60.1324,263.0507
13072.28575366,26497.567106,0.7156810, 68.0344,  6.9854, 60.1324,263.0510
13074.27851851,26497.347328,0.7157420, 68.0263,  6.7547, 60.0549,266.9263
13075.27492044,26497.268845,0.7157263, 68.0215,  6.6369, 60.0174,268.8873
13076.27133588,26497.191605,0.7156777, 68.0171,  6.5189, 59.9786,270.8668
13076.76954122,26497.132731,0.7156437, 68.0153,  6.4604, 59.9577,271.8586
13077.26775613,26497.095605,0.7156061, 68.0138,  6.4020, 59.9371,272.8596
13077.76596812,26497.025124,0.7155672, 68.0128,  6.3445, 59.9144,273.8611
13078.76239649,26496.880539,0.7154976, 68.0121,  6.2312, 59.8672,275.8736
13079.26061140,26496.799208,0.7154723, 68.0123,  6.1756, 59.8430,276.8829
13079.75882794,26496.703898,0.7154560, 68.0128,  6.1208, 59.8169,277.8946
13081.25348302,26496.420067,0.7154708, 68.0150,  5.9585, 59.7397,280.9356
13081.75170611,26496.340818,0.7154957, 68.0155,  5.9048, 59.7135,281.9521
13082.24992714,26496.256034,0.7155284, 68.0158,  5.8508, 59.6891,282.9662
13083.24638724,26496.131552,0.7156079, 68.0151,  5.7417, 59.6411,285.0045
13084.24285440,26496.054046,0.7156910, 68.0130,  5.6307, 59.5963,287.0438
13085.23934529,26496.019186,0.7157615, 68.0094,  5.5175, 59.5542,289.0970
13086.23585059,26496.019938,0.7158085, 68.0049,  5.4024, 59.5141,291.1586
13087.23236336,26496.044394,0.7158273, 68.0000,  5.2861, 59.4747,293.2250
13088.22888840,26496.083723,0.7158190, 67.9955,  5.1695, 59.4350,295.3005
13089.22542301,26496.130123,0.7157892, 67.9916,  5.0534, 59.3939,297.3835
13090.22195476,26496.171403,0.7157467, 67.9888,  4.9384, 59.3509,299.4650
13090.72022399,26496.234298,0.7157239, 67.9877,  4.8816, 59.3281,300.5078
13091.21849325,26496.203531,0.7157017, 67.9871,  4.8252, 59.3056,301.5510
13091.71676575,26496.261594,0.7156817, 67.9866,  4.7693, 59.2817,302.5955
13092.71332281,26496.268915,0.7156521, 67.9866,  4.6588, 59.2333,304.6920
13093.21159396,26496.214527,0.7156446, 67.9871,  4.6042, 59.2090,305.7338
13093.70986688,26496.260465,0.7156431, 67.9874,  4.5500, 59.1835,306.7748
13095.20470037,26496.159106,0.7156766, 67.9892,  4.3889, 59.1084,309.8999
13095.20471114,26496.158647,0.7156766, 67.9892,  4.3889, 59.1084,309.9077
13095.70299197,26496.194611,0.7157006, 67.9895,  4.3354, 59.0832,310.9468
13096.20127304,26496.114091,0.7157299, 67.9900,  4.2818, 59.0590,311.9846
13096.69956823,26496.151846,0.7157643, 67.9899,  4.2281, 59.0345,313.0290
13097.69615317,26496.113400,0.7158428, 67.9894,  4.1198, 58.9878,315.1067
13098.69275533,26496.090346,0.7159261, 67.9877,  4.0099, 58.9435,317.1855
13099.68937177,26496.091655,0.7160025, 67.9848,  3.8981, 58.9017,319.2633
13100.68601047,26496.128447,0.7160605, 67.9807,  3.7842, 58.8620,321.3469
13101.68265754,26496.207308,0.7160912, 67.9760,  3.6686, 58.8234,323.4276
13102.67931651,26496.329403,0.7160902, 67.9711,  3.5521, 58.7847,325.5097
13103.67599030,26496.500091,0.7160603, 67.9668,  3.4355, 58.7445,327.5970
13104.67266387,26496.719318,0.7160122, 67.9636,  3.3203, 58.7015,329.6800
13105.66933934,26496.997024,0.7159642, 67.9622,  3.2072, 58.6548,331.7600
13106.66601485,26497.360478,0.7159374, 67.9623,  3.0967, 58.6045,333.8344
13107.16435221,26497.528740,0.7159375, 67.9630,  3.0424, 58.5785,334.8689
13108.65937879,26498.700756,0.7160085, 67.9649,  2.8815, 58.4987,337.9638
13109.65607370,26500.027252,0.7161097, 67.9656,  2.7742, 58.4466,340.0175
13110.15442761,26500.894015,0.7161716, 67.9655,  2.7200, 58.4216,341.0437
13111.15114403,26503.632009,0.7163098, 67.9639,  2.6100, 58.3732,343.0900
13112.14787513,26507.973265,0.7164559, 67.9606,  2.4975, 58.3273,345.1330
13113.14461777,26514.597585,0.7166049, 67.9563,  2.3830, 58.2833,347.1724
13114.14136793,26524.033483,0.7167595, 67.9515,  2.2673, 58.2412,349.2069
13115.13812589,26535.718295,0.7169190, 67.9466,  2.1512, 58.2023,351.2369
13116.13490135,26545.623265,0.7170496, 67.9418,  2.0356, 58.1701,353.2678
13117.13163897,26543.185116,0.7170420, 67.9369,  1.9207, 58.1467,355.2571
13117.63006953,26531.499129,0.7169228, 67.9344,  1.8636, 58.1372,356.2910
13118.62685187,26488.814936,0.7164641, 67.9291,  1.7489, 58.1088,358.2998
13119.62364352,26435.185673,0.7158868, 67.9246,  1.6332, 58.0522,  0.3206
13120.12203772,26415.289929,0.7156844, 67.9229,  1.5752, 58.0132,  1.3319
13121.11883711,26406.932432,0.7156536, 67.9218,  1.4597, 57.9293,  3.3560
13123.11245212,26457.807788,0.7163976, 67.9247,  1.2344, 57.8101,  7.3516
13124.10923891,26480.872174,0.7167488, 67.9260,  1.1240, 57.7720,  9.3051
13124.10926944,26481.083053,0.7167510, 67.9260,  1.1240, 57.7721,  9.3271
13125.10609293,26496.060327,0.7170141, 67.9261,  1.0135, 57.7388, 11.2935
13126.10293085,26504.662958,0.7172040, 67.9246,  0.9020, 57.7070, 13.2589
13127.09978568,26509.221941,0.7173382, 67.9215,  0.7890, 57.6755, 15.2262
13128.09665043,26511.440531,0.7174266, 67.9172,  0.6743, 57.6437, 17.1915
13130.09043489,26512.684271,0.7174869, 67.9072,  0.4419, 57.5770, 21.1414
13131.08732564,26512.664968,0.7174737, 67.9028,  0.3260, 57.5402, 23.1084
13131.08733269,26512.663974,0.7174737, 67.9028,  0.3260, 57.5402, 23.1135
13133.08114570,26512.301709,0.7174293, 67.8979,  0.0993, 57.4565, 27.0605
13134.07804990,26512.079334,0.7174346, 67.8976,359.9894, 57.4099, 29.0261
13135.07496460,26511.847958,0.7174782, 67.8981,359.8814, 57.3617, 30.9922
13136.07187095,26511.610335,0.7175647, 67.8984,359.7741, 57.3136, 32.9425
13137.06879512,26511.373175,0.7176866, 67.8977,359.6662, 57.2674, 34.8937
13138.06573295,26511.147672,0.7178263, 67.8952,359.5564, 57.2246, 36.8418
13139.06269082,26510.950701,0.7179629, 67.8909,359.4440, 57.1852, 38.7921
13139.56117185,26510.909381,0.7180237, 67.8881,359.3868, 57.1668, 39.7652
13140.55814820,26510.778699,0.7181244, 67.8818,359.2708, 57.1313, 41.7147
13142.05362237,26510.629605,0.7182145, 67.8720,359.0948, 57.0791, 44.6344
13142.05362984,26510.629085,0.7182145, 67.8720,359.0948, 57.0791, 44.6398
13143.05063104,26510.611118,0.7182391, 67.8661,358.9774, 57.0433, 46.5949
13144.04764211,26510.629033,0.7182463, 67.8613,358.8609, 57.0056, 48.5543
13145.04465604,26510.673648,0.7182470, 67.8577,358.7460, 56.9658, 50.5129
13146.04166635,26510.736824,0.7182521, 67.8555,358.6329, 56.9238, 52.4656
13147.53720304,26510.896242,0.7182868, 67.8538,358.4663, 56.8580, 55.4025
13148.53422609,26510.979102,0.7183375, 67.8534,358.3568, 56.8129, 57.3523
13149.53126024,26511.057910,0.7184129, 67.8530,358.2480, 56.7680, 59.3033
13150.52829502,26511.126296,0.7185113, 67.8522,358.1390, 56.7241, 61.2466
13151.02681983,26511.117520,0.7185678, 67.8515,358.0842, 56.7027, 62.2202
13151.52534265,26511.177352,0.7186266, 67.8504,358.0291, 56.6823, 63.1905
13152.52240453,26511.205694,0.7187490, 67.8474,357.9176, 56.6429, 65.1357
13153.51947316,26511.213564,0.7188664, 67.8430,357.8041, 56.6063, 67.0772
13154.01801783,26511.178954,0.7189196, 67.8403,357.7464, 56.5886, 68.0524
13155.01511494,26511.166897,0.7190063, 67.8341,357.6296, 56.5552, 70.0042
13156.51078499,26511.183672,0.7190773, 67.8238,357.4516, 56.5065, 72.9423
13157.50791868,26511.199228,0.7190864, 67.8174,357.3325, 56.4728, 74.9138
13158.50505126,26511.248408,0.7190747, 67.8120,357.2142, 56.4368, 76.8848
13159.00364073,26511.264252,0.7190659, 67.8099,357.1557, 56.4175, 77.8872
13159.50219786,26511.335110,0.7190570, 67.8081,357.0976, 56.3979, 78.8667
13160.49933541,26511.458276,0.7190507, 67.8057,356.9832, 56.3561, 80.8424
13161.49647973,26511.603347,0.7190711, 67.8044,356.8708, 56.3121, 82.8217
13162.49362909,26511.749285,0.7191274, 67.8035,356.7599, 56.2674, 84.8011
13162.99220408,26511.801252,0.7191699, 67.8030,356.7046, 56.2450, 85.7889
13163.98936319,26511.910148,0.7192774, 67.8011,356.5934, 56.2021, 87.7661
13165.48512856,26511.991498,0.7194677, 67.7952,356.4234, 56.1438, 90.7368
13165.98371359,26511.981909,0.7195299, 67.7923,356.3655, 56.1258, 91.7210
13166.48232191,26511.977820,0.7195868, 67.7890,356.3069, 56.1090, 92.7207
13167.47951345,26511.932866,0.7196808, 67.7815,356.1880, 56.0766, 94.6986
13168.47672294,26511.876400,0.7197414, 67.7736,356.0674, 56.0455, 96.6873
13169.47395102,26511.822967,0.7197690, 67.7658,355.9462, 56.0140, 98.6894
13170.47119322,26511.785899,0.7197705, 67.7590,355.8254, 55.9812,100.7033
13170.96980655,26511.777010,0.7197651, 67.7561,355.7654, 55.9638,101.7055
13171.46844101,26511.769462,0.7197567, 67.7535,355.7058, 55.9463,102.7234
13172.46568661,26511.773080,0.7197393, 67.7493,355.5879, 55.9091,104.7441
13172.96431039,26511.787344,0.7197328, 67.7477,355.5297, 55.8895,105.7558
13172.96431206,26511.787335,0.7197328, 67.7477,355.5297, 55.8895,105.7570
13173.96156811,26511.817022,0.7197287, 67.7453,355.4144, 55.8494,107.7873
13174.95882874,26511.856289,0.7197425, 67.7436,355.3006, 55.8080,109.8212
13176.45473129,26511.909389,0.7198038, 67.7416,355.1315, 55.7457,112.8788
13176.95336019,26511.941022,0.7198356, 67.7408,355.0753, 55.7250,113.8934
13179.44656656,26511.968966,0.7200487, 67.7336,354.7910, 55.6290,119.0015
13179.94521536,26511.974145,0.7200949, 67.7311,354.7330, 55.6114,120.0267
13181.44119632,26511.866260,0.7202128, 67.7220,354.5556, 55.5630,123.1251
13181.93986135,26511.835142,0.7202406, 67.7183,354.4953, 55.5477,124.1614
13182.93720883,26511.706087,0.7202718, 67.7106,354.3737, 55.5180,126.2482
13183.93456511,26511.549735,0.7202688, 67.7030,354.2510, 55.4880,128.3456
13184.93193378,26511.383518,0.7202365, 67.6961,354.1286, 55.4563,130.4583
13186.42799477,26511.135912,0.7201628, 67.6888,353.9478, 55.4031,133.6479
13187.42537883,26511.027038,0.7201230, 67.6860,353.8301, 55.3635,135.7910
13188.42276242,26510.954680,0.7201096, 67.6843,353.7145, 55.3216,137.9396
13189.42014475,26510.911170,0.7201309, 67.6831,353.6004, 55.2788,140.0912
13189.91884138,26510.923429,0.7201548, 67.6824,353.5435, 55.2576,141.1718
13190.91623728,26510.893525,0.7202243, 67.6802,353.4294, 55.2165,143.3356
13192.41235848,26510.777830,0.7203557, 67.6741,353.2553, 55.1601,146.6021
13192.91106744,26510.757739,0.7203979, 67.6711,353.1961, 55.1429,147.6930
13194.40723372,26510.512952,0.7204938, 67.6604,353.0152, 55.0950,150.9991
13195.40467457,26510.314874,0.7205201, 67.6525,352.8925, 55.0648,153.2077
13195.90340254,26510.235509,0.7205208, 67.6485,352.8308, 55.0497,154.3204
13196.90087276,26510.000041,0.7205011, 67.6413,352.7075, 55.0186,156.5629
13198.39711243,26509.602606,0.7204352, 67.6329,352.5243, 54.9684,159.9706
13198.89584114,26509.515489,0.7204088, 67.6307,352.4640, 54.9505,161.0988
13199.89334251,26509.284884,0.7203586, 67.6275,352.3449, 54.9129,163.3947
13201.38959671,26508.927592,0.7203059, 67.6250,352.1694, 54.8528,166.8578
13201.88834529,26508.860540,0.7202970, 67.6244,352.1117, 54.8321,168.0145
13202.88585780,26508.666987,0.7202957, 67.6237,351.9969, 54.7905,170.3447
13203.88336779,26508.480550,0.7203156, 67.6229,351.8827, 54.7490,172.6802
13204.88088923,26508.300294,0.7203539, 67.6216,351.7682, 54.7085,175.0305
13206.37720038,26507.990261,0.7204333, 67.6179,351.5949, 54.6509,178.5885
13206.87595039,26507.931950,0.7204606, 67.6160,351.5363, 54.6329,179.7629
13207.87351275,26507.732259,0.7205105, 67.6113,351.4178, 54.5985,182.1622
13208.87109045,26507.511311,0.7205431, 67.6054,351.2973, 54.5661,184.5808
13209.86868269,26507.260755,0.7205485, 67.5987,351.1750, 54.5349,187.0198
13210.86629143,26506.972708,0.7205211, 67.5919,351.0515, 54.5038,189.4829
13211.86390978,26506.647572,0.7204628, 67.5858,350.9281, 54.4712,191.9674
13212.86153434,26506.293035,0.7203850, 67.5812,350.8059, 54.4356,194.4722
13213.85916618,26505.925254,0.7203062, 67.5785,350.6858, 54.3963,196.9984
13214.85680075,26505.565183,0.7202469, 67.5775,350.5684, 54.3536,199.5415
13214.85681026,26505.565176,0.7202469, 67.5775,350.5684, 54.3536,199.5484
13215.85443718,26505.232945,0.7202223, 67.5777,350.4530, 54.3088,202.0986
13217.35089692,26504.756401,0.7202581, 67.5778,350.2817, 54.2414,205.9561
13217.84972966,26504.673713,0.7202845, 67.5772,350.2243, 54.2199,207.2550
13218.84739526,26504.434569,0.7203496, 67.5749,350.1084, 54.1789,209.8587
13219.84507446,26504.204540,0.7204141, 67.5708,349.9905, 54.1409,212.4801
13220.84277398,26503.969227,0.7204620, 67.5653,349.8704, 54.1055,215.1257
13221.84048877,26503.717260,0.7204827, 67.5589,349.7486, 54.0718,217.7936
13223.33708310,26503.244679,0.7204575, 67.5497,349.5645, 54.0212,221.8368
13223.83593184,26503.144136,0.7204351, 67.5469,349.5031, 54.0040,223.1801
13224.83367689,26502.824019,0.7203783, 67.5424,349.3812, 53.9678,225.9130
13226.33029005,26502.263345,0.7202810, 67.5387,349.2015, 53.9088,230.0377
13227.32803530,26501.915649,0.7202232, 67.5379,349.0840, 53.8667,232.8076
13228.32578967,26501.568944,0.7201813, 67.5381,348.9681, 53.8227,235.5969
13229.32356407,26501.230547,0.7201601, 67.5390,348.8536, 53.7778,238.4124
13230.32134496,26500.903131,0.7201613, 67.5400,348.7399, 53.7325,241.2429
13232.31692885,26500.294215,0.7202215, 67.5408,348.5125, 53.6442,246.9466
13232.81582066,26500.210260,0.7202443, 67.5403,348.4551, 53.6233,248.3743
13233.81363926,26499.942404,0.7202939, 67.5387,348.3395, 53.5825,251.2613
13235.31039243,26499.519845,0.7203592, 67.5341,348.1632, 53.5246,255.6251
13236.30822306,26499.299671,0.7203820, 67.5296,348.0433, 53.4884,258.5414
13237.30609676,26499.092540,0.7203788, 67.5245,347.9220, 53.4530,261.4989
13238.30398342,26498.889130,0.7203457, 67.5193,347.8000, 53.4173,264.4774
13239.30188182,26498.675406,0.7202858, 67.5149,347.6781, 53.3799,267.4775
13239.80083276,26498.613767,0.7202489, 67.5130,347.6175, 53.3606,268.9838
13241.29769558,26498.158722,0.7201406, 67.5111,347.4394, 53.2955,273.5318
13243.29352387,26497.504797,0.7200956, 67.5137,347.2103, 53.1990,279.6414
13243.79247363,26497.380999,0.7201120, 67.5144,347.1538, 53.1749,281.1672
13244.79040571,26497.050599,0.7201743, 67.5153,347.0407, 53.1269,284.2448
13245.28937660,26496.852889,0.7202158, 67.5153,346.9838, 53.1035,285.7879
13245.78835383,26496.751755,0.7202602, 67.5144,346.9262, 53.0819,287.3354
13246.78631654,26496.493249,0.7203477, 67.5115,346.8094, 53.0403,290.4380
13248.78229760,26496.067330,0.7204588, 67.5012,346.5694, 52.9645,296.6933
13249.78028694,26495.873267,0.7204680, 67.4955,346.4476, 52.9279,299.8283
13250.77830169,26495.670764,0.7204494, 67.4905,346.3259, 52.8904,302.9885
13251.27730197,26495.539165,0.7204324, 67.4885,346.2655, 52.8704,304.5663
13251.77630967,26495.447434,0.7204119, 67.4867,346.2052, 52.8511,306.1509
13253.27339023,26495.028674,0.7203444, 67.4838,346.0271, 52.7874,310.9563
13253.77242009,26494.889965,0.7203242, 67.4835,345.9686, 52.7658,312.5628
13254.77047970,26494.543819,0.7202942, 67.4839,345.8529, 52.7201,315.7785
13256.26758543,26493.923079,0.7202854, 67.4860,345.6821, 52.6487,320.6173
13257.76469759,26493.213530,0.7203255, 67.4885,345.5127, 52.5781,325.4597
13258.26373625,26492.963462,0.7203484, 67.4890,345.4563, 52.5540,327.0735
13259.76088820,26492.265524,0.7204371, 67.4898,345.2858, 52.4859,331.9360
13260.75900132,26492.016324,0.7205039, 67.4889,345.1706, 52.4417,335.1810
13260.75900756,26492.016265,0.7205039, 67.4889,345.1706, 52.4417,335.1856
13262.25622018,26492.889160,0.7206009, 67.4856,344.9946, 52.3760,340.0764
13263.25439040,26495.738688,0.7206662, 67.4823,344.8751, 52.3320,343.3543
13264.25256583,26503.050040,0.7207543, 67.4787,344.7542, 52.2859,346.6349
13264.75167418,26509.461328,0.7208209, 67.4771,344.6934, 52.2628,348.2906
13266.24899225,26541.933454,0.7211570, 67.4713,344.5117, 52.2010,353.2452
13267.24721471,26537.982447,0.7211265, 67.4656,344.3912, 52.1907,356.5354
13268.24544539,26457.266474,0.7202504, 67.4572,344.2677, 52.1652,359.8322
13268.74456407,26416.676876,0.7198125, 67.4534,344.2037, 52.1215,  1.4981
13269.74280189,26411.644794,0.7198132, 67.4515,344.0763, 52.0204,  4.8291
13271.73930550,26485.238679,0.7207575, 67.4576,343.8375, 51.9278, 11.4232
13272.73758340,26498.285352,0.7209944, 67.4584,343.7219, 51.8952, 14.7190
13273.73587657,26502.959697,0.7211546, 67.4561,343.6051, 51.8615, 18.0161
13274.73419294,26504.286904,0.7212714, 67.4512,343.4860, 51.8276, 21.3196
13275.73252159,26504.407017,0.7213503, 67.4447,343.3650, 51.7940, 24.6224
13276.73087103,26504.158814,0.7213937, 67.4376,343.2430, 51.7600, 27.9321
13277.72923668,26503.854901,0.7214083, 67.4311,343.1209, 51.7247, 31.2465
13278.72761262,26503.600215,0.7214045, 67.4258,342.9999, 51.6873, 34.5617
13279.72600888,26503.423703,0.7213941, 67.4220,342.8804, 51.6478, 37.8847
13280.72439994,26503.324978,0.7213884, 67.4197,342.7627, 51.6061, 41.1962
13281.22360543,26503.225694,0.7213894, 67.4193,342.7045, 51.5845, 42.8554
13282.22201972,26503.224418,0.7214070, 67.4187,342.5894, 51.5404, 46.1700
13282.72123341,26503.309026,0.7214246, 67.4185,342.5323, 51.5180, 47.8285
13284.21888063,26503.345113,0.7215097, 67.4189,342.3624, 51.4507, 52.7890
13285.21732789,26503.445344,0.7215946, 67.4188,342.2494, 51.4067, 56.0918
13286.71502240,26503.670019,0.7217526, 67.4168,342.0789, 51.3438, 61.0377
13287.71350464,26503.787269,0.7218664, 67.4141,341.9637, 51.3044, 64.3313
13288.71201030,26503.905261,0.7219771, 67.4102,341.8470, 51.2671, 67.6285
13289.71053598,26504.024663,0.7220759, 67.4050,341.7286, 51.2318, 70.9275
13290.70908257,26504.144558,0.7221553, 67.3990,341.6087, 51.1979, 74.2302
13291.70764418,26504.268154,0.7222106, 67.3924,341.4876, 51.1647, 77.5338
13292.70623386,26504.400398,0.7222406, 67.3860,341.3660, 51.1311, 80.8494
13293.70483194,26504.551017,0.7222493, 67.3802,341.2446, 51.0962, 84.1642
13294.70343994,26504.729463,0.7222459, 67.3758,341.1242, 51.0589, 87.4802
13295.70205287,26504.944918,0.7222450, 67.3729,341.0055, 51.0189, 90.7942
13296.70067443,26505.200215,0.7222640, 67.3715,340.8889, 50.9763, 94.1081
13297.69930645,26505.486014,0.7223186, 67.3711,340.7740, 50.9319, 97.4214
13298.69794512,26505.777108,0.7224163, 67.3704,340.6600, 50.8877,100.7287
13299.69660285,26506.042446,0.7225511, 67.3683,340.5452, 50.8456,104.0367
13300.69528052,26506.253324,0.7227038, 67.3639,340.4283, 50.8071,107.3451
13301.69398006,26506.402391,0.7228491, 67.3569,340.3085, 50.7725,110.6561
13302.69268900,26506.503529,0.7229661, 67.3483,340.1861, 50.7409,113.9631
13303.69142329,26506.583138,0.7230450, 67.3391,340.0619, 50.7105,117.2803
13304.69016822,26506.664864,0.7230883, 67.3305,339.9374, 50.6797,120.5994
13305.68892900,26506.765315,0.7231065, 67.3233,339.8138, 50.6470,123.9255
13306.68770570,26506.888290,0.7231131, 67.3178,339.6917, 50.6122,127.2586
13307.68649176,26507.033807,0.7231209, 67.3140,339.5715, 50.5750,130.5937
13308.68528727,26507.197444,0.7231397, 67.3116,339.4531, 50.5360,133.9299
13309.68407922,26507.374304,0.7231761, 67.3100,339.3361, 50.4959,137.2569
13310.68288945,26507.559388,0.7232330, 67.3088,339.2202, 50.4554,140.5895
13311.68170209,26507.749336,0.7233104, 67.3074,339.1046, 50.4153,143.9155
13312.68051951,26507.936511,0.7234050, 67.3054,338.9888, 50.3763,147.2360
13313.67938111,26508.118361,0.7235111, 67.3025,338.8722, 50.3389,150.5793
13314.67823415,26508.287833,0.7236213, 67.2982,338.7543, 50.3035,153.9074
13315.67710342,26508.441645,0.7237266, 67.2927,338.6348, 50.2703,157.2388
13316.67598537,26508.575047,0.7238182, 67.2859,338.5136, 50.2389,160.5717
13317.67488374,26508.685800,0.7238889, 67.2782,338.3909, 50.2089,163.9103
13318.67380311,26508.773997,0.7239342, 67.2702,338.2670, 50.1793,167.2594
13319.67273585,26508.839036,0.7239538, 67.2623,338.1427, 50.1493,170.6148
13320.67168454,26508.887955,0.7239524, 67.2553,338.0185, 50.1178,173.9798
13321.67063509,26508.927977,0.7239397, 67.2496,337.8955, 50.0840,177.3448
13322.66959060,26508.966930,0.7239294, 67.2455,337.7740, 50.0475,180.7122
13323.66854743,26509.017550,0.7239368, 67.2428,337.6543, 50.0086,184.0784
13325.66646225,26509.194987,0.7240506, 67.2390,337.4187, 49.9272,190.7980
13326.66543004,26509.333084,0.7241595, 67.2357,337.3007, 49.8882,194.1544
13327.66440860,26509.494237,0.7242863, 67.2301,337.1809, 49.8523,197.5097
13328.66339693,26509.658644,0.7244087, 67.2221,337.0583, 49.8201,200.8638
13329.66239743,26509.803916,0.7245059, 67.2121,336.9329, 49.7911,204.2204
13330.66141858,26509.914603,0.7245656, 67.2013,336.8058, 49.7636,207.5883
13331.66044121,26509.988166,0.7245880, 67.1911,336.6780, 49.7358,210.9559
13332.65947137,26510.030299,0.7245826, 67.1823,336.5509, 49.7064,214.3288
13333.65850478,26510.052521,0.7245635, 67.1754,336.4254, 49.6747,217.7040
13334.65753960,26510.065077,0.7245445, 67.1704,336.3018, 49.6405,221.0797
13335.65657501,26510.075429,0.7245364, 67.1669,336.1801, 49.6044,224.4543
13336.65560819,26510.088654,0.7245458, 67.1644,336.0599, 49.5670,227.8246
13337.65463916,26510.106388,0.7245752, 67.1623,335.9407, 49.5292,231.1897
13338.65366569,26510.129433,0.7246240, 67.1601,335.8219, 49.4918,234.5474
13339.65269187,26510.158121,0.7246889, 67.1572,335.7028, 49.4554,237.8999
13340.65171972,26510.192746,0.7247643, 67.1534,335.5830, 49.4206,241.2487
13341.65074703,26510.232728,0.7248427, 67.1483,335.4620, 49.3877,244.5924
13342.64978113,26510.277123,0.7249158, 67.1420,335.3394, 49.3568,247.9367
13343.64882210,26510.323867,0.7249750, 67.1344,335.2151, 49.3277,251.2829
13344.64786903,26510.368731,0.7250126, 67.1260,335.0894, 49.2999,254.6315
13345.64692077,26510.403915,0.7250240, 67.1171,334.9626, 49.2726,257.9835
13346.64597444,26510.425184,0.7250086, 67.1086,334.8353, 49.2447,261.3384
13347.64502514,26510.421323,0.7249715, 67.1010,334.7085, 49.2153,264.6940
13348.64407319,26510.383856,0.7249230, 67.0950,334.5828, 49.1835,268.0514
13349.64310933,26510.307717,0.7248777, 67.0906,334.4589, 49.1490,271.4039
13350.64213596,26510.190609,0.7248507, 67.0879,334.3369, 49.1121,274.7524
13351.64115032,26510.038464,0.7248544, 67.0861,334.2164, 49.0736,278.0932
13352.64015703,26509.861553,0.7248941, 67.0843,334.0966, 49.0349,281.4277
13353.63915820,26509.675211,0.7249654, 67.0812,333.9763, 48.9978,284.7558
13354.63815724,26509.495082,0.7250542, 67.0762,333.8543, 48.9634,288.0793
13355.13766824,26509.395964,0.7250988, 67.0728,333.7925, 48.9476,289.7484
13355.63715517,26509.332241,0.7251404, 67.0687,333.7299, 48.9323,291.3995
13356.63615158,26509.186385,0.7252041, 67.0593,333.6028, 48.9042,294.7182
13357.63514864,26509.044860,0.7252323, 67.0490,333.4738, 48.8776,298.0396
13358.63414087,26508.886960,0.7252226, 67.0390,333.3442, 48.8510,301.3622
13359.63312708,26508.687904,0.7251827, 67.0303,333.2151, 48.8229,304.6870
13360.63210539,26508.428726,0.7251262, 67.0237,333.0875, 48.7924,308.0131
13361.63107271,26508.094485,0.7250678, 67.0191,332.9620, 48.7593,311.3379
13362.13054163,26507.871507,0.7250418, 67.0176,332.9000, 48.7420,312.9921
13362.63001847,26507.677325,0.7250194, 67.0163,332.8385, 48.7241,314.6529
13363.62895566,26507.172045,0.7249882, 67.0147,332.7166, 48.6875,317.9664
13364.62788189,26506.575397,0.7249769, 67.0137,332.5959, 48.6502,321.2757
13365.62678768,26505.888409,0.7249843, 67.0128,332.4755, 48.6131,324.5733
13366.62568114,26505.116271,0.7250063, 67.0114,332.3549, 48.5768,327.8650
13367.62456478,26504.294041,0.7250369, 67.0092,332.2336, 48.5415,331.1525
13368.62344256,26503.509168,0.7250692, 67.0059,332.1110, 48.5073,334.4391
13369.62231306,26502.995368,0.7250965, 67.0016,331.9869, 48.4739,337.7250
13370.62116845,26503.348813,0.7251158, 66.9964,331.8610, 48.4404,341.0059
13371.62002368,26506.000218,0.7251340, 66.9907,331.7336, 48.4053,344.2949
13372.11944613,26509.004465,0.7251504, 66.9879,331.6694, 48.3865,345.9400
13373.61771171,26533.055211,0.7253266, 66.9798,331.4764, 48.3265,350.8920
13374.61653910,26560.049982,0.7255683, 66.9747,331.3488, 48.2991,354.1903
13375.11594997,26563.790325,0.7255968, 66.9717,331.2854, 48.2980,355.8344
13376.61414747,26452.147531,0.7243596, 66.9575,331.0908, 48.2732,  0.7610
13377.61292055,26413.451037,0.7239509, 66.9520,330.9557, 48.1789,  4.0771
13378.11229936,26429.446523,0.7241381, 66.9518,330.8892, 48.1415,  5.7259
13379.61040922,26485.950014,0.7247696, 66.9552,330.6993, 48.0872, 10.6338
13380.60912988,26502.500930,0.7249741, 66.9563,330.5766, 48.0618, 13.8987
13381.60783705,26508.789153,0.7250886, 66.9549,330.4539, 48.0345, 17.1637
13382.60653540,26510.657462,0.7251618, 66.9506,330.3297, 48.0063, 20.4314
13383.10588241,26510.891212,0.7251862, 66.9476,330.2667, 47.9922, 22.0675
13383.60522040,26510.787587,0.7252032, 66.9441,330.2033, 47.9782, 23.6989
13384.60390141,26510.287485,0.7252108, 66.9364,330.0753, 47.9501, 26.9744
13385.60257273,26509.599360,0.7251845, 66.9287,329.9467, 47.9213, 30.2557
13386.10189991,26509.275135,0.7251602, 66.9251,329.8823, 47.9064, 31.8958
13387.59987501,26508.227507,0.7250633, 66.9173,329.6916, 47.8576, 36.8321
13388.59849206,26507.617718,0.7249944, 66.9146,329.5668, 47.8217, 40.1174
13389.59709155,26507.056663,0.7249368, 66.9137,329.4440, 47.7835, 43.4035
13390.09638199,26506.830349,0.7249145, 66.9136,329.3832, 47.7637, 45.0448
13390.59567335,26506.535832,0.7248988, 66.9140,329.3231, 47.7436, 46.6890
13391.59423388,26506.046295,0.7248841, 66.9151,329.2034, 47.7029, 49.9702
13392.09350341,26505.852120,0.7248850, 66.9156,329.1437, 47.6826, 51.6072
13393.09203738,26505.395031,0.7249033, 66.9165,329.0247, 47.6423, 54.8840
13394.09055731,26504.950961,0.7249378, 66.9167,328.9054, 47.6030, 58.1599
13395.08904840,26504.517667,0.7249820, 66.9159,328.7853, 47.5652, 61.4241
13396.08754112,26504.090225,0.7250285, 66.9139,328.6641, 47.5291, 64.6989
13397.08600235,26503.668129,0.7250697, 66.9108,328.5415, 47.4946, 67.9607
13397.58523895,26503.407439,0.7250865, 66.9089,328.4798, 47.4778, 69.5995
13398.58370235,26502.990147,0.7251065, 66.9042,328.3552, 47.4451, 72.8790
13399.58214062,26502.580422,0.7251054, 66.8990,328.2294, 47.4130, 76.1523
13400.08136137,26502.434544,0.7250957, 66.8962,328.1661, 47.3971, 77.7953
13401.07979163,26502.048497,0.7250600, 66.8912,328.0397, 47.3642, 81.0830
13402.07819656,26501.690312,0.7250058, 66.8872,327.9137, 47.3295, 84.3672
13403.57577599,26501.170672,0.7249147, 66.8846,327.7274, 47.2723, 89.3013
13404.57412638,26500.922294,0.7248704, 66.8849,327.6056, 47.2307, 92.5829
13405.57245913,26500.713683,0.7248576, 66.8866,327.4858, 47.1871, 95.8640
13406.57077224,26500.522895,0.7248848, 66.8883,327.3670, 47.1428, 99.1404
13407.06992073,26500.486724,0.7249124, 66.8887,327.3075, 47.1214,100.7758
13408.06821067,26500.273532,0.7249893, 66.8884,327.1880, 47.0796,104.0455
13409.06648674,26500.022958,0.7250779, 66.8857,327.0666, 47.0409,107.3108
13410.06475175,26499.735271,0.7251574, 66.8807,326.9427, 47.0052,110.5743
13411.06300154,26499.423045,0.7252116, 66.8742,326.8167, 46.9718,113.8346
13411.56213502,26499.203619,0.7252269, 66.8709,326.7532, 46.9551,115.4741
13412.56035259,26498.892951,0.7252328, 66.8643,326.6257, 46.9222,118.7257
13413.05946870,26498.803944,0.7252251, 66.8613,326.5618, 46.9058,120.3611
13415.05588812,26498.291555,0.7251586, 66.8541,326.3100, 46.8333,126.8967
13416.55315500,26497.949988,0.7251143, 66.8537,326.1261, 46.7726,131.7893
13417.55129849,26497.800398,0.7251057, 66.8549,326.0056, 46.7304,135.0357
13418.54941997,26497.675612,0.7251192, 66.8567,325.8863, 46.6876,138.2718
13419.54752737,26497.569073,0.7251548, 66.8585,325.7676, 46.6448,141.5021
13420.04656634,26497.563402,0.7251797, 66.8591,325.7081, 46.6243,143.1078
13421.54367818,26497.388335,0.7252759, 66.8599,325.5296, 46.5625,147.9250
13422.54173615,26497.305860,0.7253487, 66.8589,325.4094, 46.5236,151.1270
13423.04076039,26497.296145,0.7253850, 66.8578,325.3487, 46.5055,152.7254
13424.03880350,26497.211348,0.7254530, 66.8549,325.2266, 46.4691,155.9195
13426.03484999,26497.039627,0.7255490, 66.8461,324.9784, 46.4002,162.2857
13427.03286027,26496.951514,0.7255685, 66.8410,324.8528, 46.3664,165.4637
13427.53186021,26496.899060,0.7255707, 66.8385,324.7899, 46.3487,167.0502
13428.52985277,26496.815454,0.7255608, 66.8339,324.6640, 46.3139,170.2207
13429.52782969,26496.736375,0.7255379, 66.8305,324.5387, 46.2772,173.3837
13430.52578813,26496.669517,0.7255130, 66.8286,324.4147, 46.2381,176.5368
13431.52372460,26496.627013,0.7255014, 66.8285,324.2925, 46.1963,179.6763
13432.52163717,26496.624444,0.7255189, 66.8296,324.1720, 46.1523,182.7986
13433.51953173,26496.674591,0.7255759, 66.8309,324.0527, 46.1076,185.9050
13434.51740804,26496.780583,0.7256716, 66.8310,323.9333, 46.0640,188.9925
13435.01634587,26496.814176,0.7257296, 66.8303,323.8732, 46.0437,190.5333
13436.01420507,26496.972845,0.7258539, 66.8267,323.7513, 46.0046,193.5968
13437.01205623,26497.141605,0.7259690, 66.8204,323.6268, 45.9689,196.6470
13438.00990173,26497.300972,0.7260571, 66.8124,323.5000, 45.9358,199.6870
13439.00774824,26497.443659,0.7261111, 66.8040,323.3720, 45.9037,202.7230
13439.00775122,26497.443648,0.7261111, 66.8040,323.3720, 45.9037,202.7251
13440.00557923,26497.571881,0.7261346, 66.7966,323.2438, 45.8711,205.7439
13441.50230211,26497.824506,0.7261376, 66.7884,323.0535, 45.8184,210.2506
13442.00119963,26497.819688,0.7261356, 66.7870,322.9909, 45.8004,211.7432
13442.99898729,26497.956966,0.7261383, 66.7850,322.8670, 45.7621,214.7180
13443.99674246,26498.111365,0.7261558, 66.7844,322.7448, 45.7222,217.6616
13444.99449177,26498.286724,0.7261934, 66.7846,322.6239, 45.6816,220.5917
13445.99223390,26498.483904,0.7262523, 66.7850,322.5038, 45.6410,223.5059
13446.49108425,26498.671626,0.7262901, 66.7847,322.4438, 45.6206,224.9435
13447.48878435,26498.901169,0.7263764, 66.7842,322.3238, 45.5813,227.8092
13447.98763455,26498.940463,0.7264235, 66.7839,322.2636, 45.5625,229.2376
13448.98532446,26499.195421,0.7265245, 66.7816,322.1424, 45.5256,232.0768
13449.98300011,26499.464019,0.7266264, 66.7781,322.0201, 45.4906,234.8929
13450.98067004,26499.742864,0.7267220, 66.7732,321.8964, 45.4574,237.6923
13451.97833292,26500.028015,0.7268052, 66.7673,321.7715, 45.4256,240.4746
13452.97599077,26500.315102,0.7268710, 66.7605,321.6454, 45.3949,243.2421
13453.97364044,26500.599790,0.7269171, 66.7535,321.5185, 45.3645,245.9934
13455.47009113,26501.082343,0.7269512, 66.7433,321.3276, 45.3183,250.0855
13455.96890380,26501.140367,0.7269538, 66.7406,321.2642, 45.3023,251.4426
13456.96651747,26501.383680,0.7269551, 66.7359,321.1380, 45.2689,254.1418
13457.96411631,26501.600883,0.7269589, 66.7327,321.0131, 45.2333,256.8221
13458.96169688,26501.789361,0.7269792, 66.7311,320.8898, 45.1956,259.4804
13459.95925815,26501.952706,0.7270300, 66.7306,320.7680, 45.1563,262.1145
13460.95680639,26502.105031,0.7271199, 66.7299,320.6469, 45.1167,264.7266
13461.95433838,26502.268811,0.7272459, 66.7277,320.5253, 45.0786,267.3125
13463.45063033,26502.622568,0.7274653, 66.7189,320.3390, 45.0276,271.1582
13463.94938717,26502.711179,0.7275327, 66.7147,320.2755, 45.0123,272.4282
13464.94690127,26502.988712,0.7276461, 66.7044,320.1466, 44.9839,274.9593
13466.44316483,26503.436529,0.7277444, 66.6881,319.9507, 44.9435,278.7336
13467.44066067,26503.683505,0.7277689, 66.6788,319.8203, 44.9154,281.2318
13468.43815255,26503.889892,0.7277771, 66.6718,319.6914, 44.8852,283.7206
13469.43562934,26504.053674,0.7277839, 66.6670,319.5643, 44.8529,286.1915
13469.93436039,26504.114154,0.7277900, 66.6654,319.5014, 44.8358,287.4188
13470.93181704,26504.228051,0.7278152, 66.6631,319.3770, 44.8011,289.8627
13472.42796964,26504.344427,0.7278906, 66.6611,319.1928, 44.7479,293.4871
13473.42538854,26504.396767,0.7279648, 66.6598,319.0705, 44.7126,295.8787
13474.42279015,26504.436375,0.7280547, 66.6578,318.9480, 44.6784,298.2471
13475.42018413,26504.466436,0.7281545, 66.6547,318.8249, 44.6455,300.5993
13476.41756607,26504.489574,0.7282572, 66.6503,318.7007, 44.6144,302.9325
13477.41494461,26504.506561,0.7283556, 66.6445,318.5751, 44.5850,305.2537
13477.91363103,26504.539351,0.7284005, 66.6411,318.5118, 44.5708,306.4088
13479.40968614,26504.518101,0.7285131, 66.6296,318.3201, 44.5304,309.8599
13480.40706151,26504.502963,0.7285632, 66.6212,318.1909, 44.5042,312.1561
13481.40442149,26504.466589,0.7285918, 66.6127,318.0612, 44.4779,314.4359
13482.40177361,26504.398995,0.7286009, 66.6047,317.9314, 44.4509,316.7058
13483.39911605,26504.290283,0.7285956, 66.5978,317.8020, 44.4225,318.9653
13484.39644461,26504.127567,0.7285844, 66.5924,317.6737, 44.3922,321.2117
13485.39376014,26503.897874,0.7285782, 66.5885,317.5467, 44.3597,323.4456
13486.39105593,26503.590016,0.7285896, 66.5860,317.4211, 44.3253,325.6613
13487.38833545,26503.196946,0.7286296, 66.5843,317.2966, 44.2897,327.8600
13487.88696999,26503.011831,0.7286621, 66.5832,317.2345, 44.2718,328.9527
13489.38285659,26502.190032,0.7288077, 66.5785,317.0475, 44.2198,332.2074
13489.88149012,26501.950472,0.7288662, 66.5755,316.9841, 44.2038,333.2905
13491.37736263,26501.153914,0.7290342, 66.5624,316.7901, 44.1599,336.5084
13492.37461206,26500.838138,0.7291111, 66.5507,316.6571, 44.1336,338.6465
13492.87323522,26500.815929,0.7291339, 66.5445,316.5899, 44.1209,339.7128
13494.36909834,26501.651352,0.7291501, 66.5278,316.3877, 44.0793,342.9078
13495.36632776,26503.785087,0.7291412, 66.5195,316.2542, 44.0473,345.0290
13496.36354669,26508.431984,0.7291510, 66.5140,316.1227, 44.0109,347.1431
13497.36075186,26517.345634,0.7292148, 66.5110,315.9933, 43.9706,349.2467
13498.35794753,26532.481667,0.7293673, 66.5096,315.8659, 43.9290,351.3410
13499.35512740,26553.420665,0.7296158, 66.5087,315.7400, 43.8922,353.4171
13499.85371147,26564.657572,0.7297623, 66.5079,315.6774, 43.8787,354.4463
13501.34945167,26561.734005,0.7298680, 66.5019,315.4893, 43.8637,357.5017
13502.34659898,26509.574783,0.7294208, 66.4937,315.3608, 43.8527,359.5205
13503.84229879,26424.210162,0.7286793, 66.4786,315.1598, 43.7776,  2.5530
13504.34086497,26416.529109,0.7286551, 66.4737,315.0914, 43.7457,  3.5644
13505.33798743,26427.153973,0.7288715, 66.4650,314.9540, 43.6934,  5.5689
13506.33511191,26452.502398,0.7292084, 66.4570,314.8172, 43.6611,  7.5599
13507.33223183,26475.513476,0.7294793, 66.4490,314.6813, 43.6411,  9.5395
13508.32934720,26491.595382,0.7296427, 66.4411,314.5464, 43.6249, 11.5135
13508.32935539,26491.633277,0.7296431, 66.4411,314.5464, 43.6249, 11.5194
13509.32645441,26501.642418,0.7297178, 66.4336,314.4124, 43.6076, 13.4824
13510.32355859,26507.601168,0.7297350, 66.4269,314.2796, 43.5875, 15.4510
13511.32064712,26511.008190,0.7297211, 66.4215,314.1482, 43.5638, 17.4104
13512.31772131,26512.898405,0.7296983, 66.4176,314.0185, 43.5368, 19.3609
13512.81625562,26513.435644,0.7296890, 66.4162,313.9542, 43.5219, 20.3344
13514.31182672,26514.364375,0.7296934, 66.4132,313.7635, 43.4749, 23.2310
13514.81034582,26514.429830,0.7297088, 66.4123,313.7004, 43.4584, 24.1921
13516.30588169,26514.477106,0.7297996, 66.4078,313.5106, 43.4105, 27.0545
13516.80439416,26514.378150,0.7298411, 66.4052,313.4467, 43.3951, 28.0067
13518.29991562,26514.113292,0.7299701, 66.3933,313.2517, 43.3537, 30.8451
13519.29692729,26513.886491,0.7300338, 66.3822,313.1184, 43.3293, 32.7318
13520.29394226,26513.673273,0.7300617, 66.3700,312.9832, 43.3062, 34.6208
13520.79244707,26513.560214,0.7300611, 66.3639,312.9153, 43.2944, 35.5642
13522.28795012,26513.333705,0.7300137, 66.3486,312.7125, 43.2575, 38.3911
13522.78644950,26513.253125,0.7299898, 66.3447,312.6457, 43.2437, 39.3341
13523.78343336,26513.125490,0.7299425, 66.3391,312.5139, 43.2145, 41.2115
13525.27887702,26512.940159,0.7298979, 66.3347,312.3201, 43.1672, 44.0074
13525.77735439,26512.869721,0.7298939, 66.3339,312.2563, 43.1507, 44.9368
13526.77429118,26512.729984,0.7299022, 66.3325,312.1295, 43.1179, 46.7820
13527.77121783,26512.579909,0.7299301, 66.3309,312.0030, 43.0856, 48.6190
13528.76813450,26512.419472,0.7299719, 66.3285,311.8762, 43.0544, 50.4478
13529.76504377,26512.249426,0.7300209, 66.3250,311.7488, 43.0247, 52.2707
13530.76194563,26512.071373,0.7300699, 66.3203,311.6202, 42.9965, 54.0883
13532.25728877,26511.782346,0.7301289, 66.3109,311.4252, 42.9568, 56.8097
13532.75572870,26511.696152,0.7301420, 66.3073,311.3595, 42.9441, 57.7124
13533.75261812,26511.504291,0.7301547, 66.2996,311.2275, 42.9193, 59.5271
13534.74950371,26511.314566,0.7301475, 66.2916,311.0948, 42.8946, 61.3433
13535.74638406,26511.132682,0.7301207, 66.2840,310.9618, 42.8695, 63.1613
13536.74325751,26510.964419,0.7300773, 66.2773,310.8291, 42.8433, 64.9808
13538.73696874,26510.685875,0.7299707, 66.2684,310.5666, 42.7853, 68.6157
13539.73380466,26510.573765,0.7299282, 66.2665,310.4375, 42.7533, 70.4298
13540.73062422,26510.470877,0.7299074, 66.2658,310.3099, 42.7196, 72.2383
13541.72743033,26510.363506,0.7299151, 66.2657,310.1833, 42.6851, 74.0422
13542.72422119,26510.233626,0.7299525, 66.2649,310.0569, 42.6510, 75.8392
13543.72101184,26510.065107,0.7300130, 66.2625,309.9298, 42.6184, 77.6394
13544.71778666,26509.849860,0.7300832, 66.2577,309.8009, 42.5881, 79.4316
13545.71455944,26509.588602,0.7301456, 66.2504,309.6699, 42.5603, 81.2270
13546.71132562,26509.297283,0.7301845, 66.2415,309.5366, 42.5345, 83.0240
13547.70809607,26508.998000,0.7301907, 66.2320,309.4020, 42.5095, 84.8328
13548.70485524,26508.715901,0.7301654, 66.2236,309.2672, 42.4836, 86.6439
13550.69835628,26508.249404,0.7300678, 66.2137,309.0016, 42.4254, 90.2872
13551.69508083,26508.057151,0.7300262, 66.2125,308.8719, 42.3927, 92.1056
13552.69179846,26507.874347,0.7300044, 66.2130,308.7441, 42.3586, 93.9278
13553.68849958,26507.686998,0.7300061, 66.2143,308.6177, 42.3238, 95.7457
13554.68517970,26507.484862,0.7300293, 66.2154,308.4918, 42.2894, 97.5556
13555.68185114,26507.262473,0.7300686, 66.2158,308.3658, 42.2559, 99.3662
13557.67517339,26506.750741,0.7301658, 66.2130,308.1114, 42.1932,102.9951
13558.67182449,26506.463107,0.7302096, 66.2097,307.9827, 42.1640,104.8151
13559.66846571,26506.157769,0.7302425, 66.2054,307.8528, 42.1358,106.6378
13560.66510230,26505.836917,0.7302601, 66.2005,307.7219, 42.1083,108.4680
13561.66173752,26505.504679,0.7302601, 66.1953,307.5903, 42.0810,110.3090
13562.65836503,26505.166455,0.7302425, 66.1904,307.4584, 42.0532,112.1572
13563.65498455,26504.828840,0.7302100, 66.1863,307.3267, 42.0243,114.0133
13564.65159272,26504.500694,0.7301684, 66.1835,307.1956, 41.9938,115.8752
13565.64818212,26504.190635,0.7301268, 66.1825,307.0658, 41.9612,117.7377
13566.64476255,26503.906752,0.7300963, 66.1831,306.9374, 41.9265,119.6074
13567.64132640,26503.651629,0.7300880, 66.1850,306.8105, 41.8900,121.4777
13568.63787338,26503.418871,0.7301091, 66.1874,306.6847, 41.8527,123.3471
13569.63440709,26503.195267,0.7301608, 66.1890,306.5591, 41.8156,125.2167
13570.63092976,26502.961321,0.7302357, 66.1890,306.4328, 41.7800,127.0875
13571.62744586,26502.698699,0.7303200, 66.1865,306.3049, 41.7467,128.9625
13572.62396510,26502.398301,0.7303969, 66.1816,306.1750, 41.7158,130.8496
13573.62046284,26502.062508,0.7304522, 66.1750,306.0431, 41.6867,132.7325
13574.61695813,26501.704870,0.7304787, 66.1681,305.9099, 41.6583,134.6264
13575.61345291,26501.345817,0.7304780, 66.1621,305.7765, 41.6292,136.5336
13576.60993779,26501.005110,0.7304591, 66.1580,305.6438, 41.5984,138.4477
13577.60640959,26500.696234,0.7304352, 66.1563,305.5127, 41.5653,140.3657
13578.60286623,26500.424176,0.7304199, 66.1568,305.3835, 41.5302,142.2847
13579.59930688,26500.185949,0.7304229, 66.1590,305.2561, 41.4935,144.2025
13580.59572976,26499.972945,0.7304490, 66.1618,305.1299, 41.4561,146.1165
13581.59213934,26499.774738,0.7304973, 66.1645,305.0043, 41.4190,148.0286
13582.58853396,26499.582195,0.7305629, 66.1664,304.8786, 41.3829,149.9370
13583.58491880,26499.388880,0.7306388, 66.1670,304.7523, 41.3482,151.8451
13584.58129617,26499.191145,0.7307172, 66.1662,304.6249, 41.3150,153.7547
13585.57766468,26498.987866,0.7307910, 66.1639,304.4964, 41.2832,155.6651
13586.57402637,26498.779213,0.7308545, 66.1605,304.3668, 41.2526,157.5782
13587.57037099,26498.566813,0.7309038, 66.1564,304.2361, 41.2229,159.4871
13588.56671698,26498.351396,0.7309369, 66.1519,304.1048, 41.1933,161.4053
13589.56305431,26498.135576,0.7309539, 66.1475,303.9730, 41.1635,163.3261
13590.55937945,26497.920792,0.7309572, 66.1439,303.8413, 41.1329,165.2470
13591.55569358,26497.712168,0.7309521, 66.1413,303.7101, 41.1009,167.1687
13592.55199367,26497.514616,0.7309465, 66.1403,303.5798, 41.0672,169.0887
13593.54827481,26497.335863,0.7309504, 66.1408,303.4508, 41.0315,171.0024
13594.54453940,26497.185347,0.7309749, 66.1426,303.3231, 40.9941,172.9102
13595.54079065,26497.071119,0.7310286, 66.1449,303.1964, 40.9558,174.8126
13596.53702669,26496.995575,0.7311139, 66.1464,303.0700, 40.9177,176.7062
13597.53324532,26496.952622,0.7312245, 66.1460,302.9429, 40.8811,178.5882
13598.52944852,26496.928425,0.7313457, 66.1429,302.8141, 40.8468,180.4594
13599.52564701,26496.904690,0.7314591, 66.1370,302.6832, 40.8152,182.3282
13600.52183905,26496.868746,0.7315497, 66.1293,302.5502, 40.7856,184.1943
13601.51802633,26496.816666,0.7316106, 66.1212,302.4160, 40.7568,186.0601
13602.51420469,26496.755632,0.7316444, 66.1140,302.2816, 40.7275,187.9228
13603.51037252,26496.697764,0.7316611, 66.1087,302.1479, 40.6968,189.7808
13604.50652604,26496.656443,0.7316737, 66.1058,302.0157, 40.6641,191.6301
13605.50266392,26496.641931,0.7316944, 66.1049,301.8851, 40.6297,193.4680
13606.49878398,26496.660240,0.7317321, 66.1055,301.7560, 40.5940,195.2910
13607.49488415,26496.712901,0.7317911, 66.1067,301.6279, 40.5578,197.0958
13608.49096835,26496.797936,0.7318708, 66.1077,301.5004, 40.5220,198.8838
13609.48703630,26496.911831,0.7319669, 66.1077,301.3726, 40.4872,200.6537
13610.48309090,26497.048827,0.7320729, 66.1062,301.2442, 40.4539,202.4070
13611.47913402,26497.204192,0.7321811, 66.1032,301.1148, 40.4223,204.1449
13612.47516388,26497.373469,0.7322843, 66.0986,300.9841, 40.3923,205.8659
13613.47118386,26497.552976,0.7323766, 66.0928,300.8522, 40.3637,207.5727
13614.46719601,26497.739872,0.7324540, 66.0860,300.7193, 40.3360,209.2669
13615.46319677,26497.932017,0.7325147, 66.0788,300.5856, 40.3088,210.9461
13616.45918492,26498.127439,0.7325591, 66.0717,300.4515, 40.2815,212.6094
13617.45516519,26498.324602,0.7325897, 66.0652,300.3174, 40.2537,214.2602
13618.45113095,26498.522145,0.7326113, 66.0597,300.1837, 40.2249,215.8935
13619.44708032,26498.719794,0.7326309, 66.0556,300.0508, 40.1948,217.5073
13620.44301030,26498.917367,0.7326572, 66.0529,299.9189, 40.1632,219.0987
13621.43892026,26499.118334,0.7327002, 66.0515,299.7881, 40.1302,220.6661
13622.43481108,26499.329290,0.7327686, 66.0507,299.6583, 40.0963,222.2086
13623.43068332,26499.560492,0.7328671, 66.0495,299.5288, 40.0625,223.7250
13624.42653710,26499.823380,0.7329927, 66.0466,299.3987, 40.0299,225.2141
13625.42238034,26500.124193,0.7331327, 66.0408,299.2672, 39.9996,226.6811
13626.41821296,26500.456618,0.7332680, 66.0319,299.1333, 39.9721,228.1270
13627.41403337,26500.801065,0.7333801, 66.0207,298.9973, 39.9471,229.5521
13628.40984631,26501.133931,0.7334589, 66.0087,298.8598, 39.9232,230.9619
13629.40564365,26501.438645,0.7335062, 65.9976,298.7219, 39.8992,232.3515
13630.40143194,26501.710768,0.7335331, 65.9888,298.5849, 39.8738,233.7258
13631.39720599,26501.956835,0.7335543, 65.9826,298.4494, 39.8466,235.0803
13632.39296224,26502.188663,0.7335829, 65.9787,298.3155, 39.8178,236.4112
13633.38869914,26502.416411,0.7336275, 65.9764,298.1832, 39.7879,237.7162
13634.38441431,26502.647816,0.7336917, 65.9747,298.0519, 39.7577,238.9927
13635.38010995,26502.886855,0.7337744, 65.9729,297.9210, 39.7279,240.2418
13636.37578857,26503.135512,0.7338715, 65.9701,297.7899, 39.6992,241.4655
13637.37144277,26503.392150,0.7339765, 65.9660,297.6582, 39.6718,242.6586
13638.36709173,26503.654866,0.7340823, 65.9604,297.5254, 39.6460,243.8357
13639.36272918,26503.920848,0.7341818, 65.9532,297.3915, 39.6218,244.9933
13640.35833474,26504.185319,0.7342693, 65.9448,297.2564, 39.5988,246.1175
13641.35394249,26504.442994,0.7343407, 65.9355,297.1204, 39.5768,247.2342
13642.34953912,26504.691317,0.7343942, 65.9259,296.9836, 39.5551,248.3347
13643.34512831,26504.925098,0.7344301, 65.9165,296.8464, 39.5333,249.4226
13644.34070389,26505.142100,0.7344512, 65.9077,296.7093, 39.5109,250.4939
13645.33625094,26505.340625,0.7344624, 65.9001,296.5726, 39.4875,251.5385
13646.33178797,26505.518115,0.7344700, 65.8939,296.4367, 39.4627,252.5698
13647.32730379,26505.673988,0.7344821, 65.8892,296.3018, 39.4365,253.5795
13648.32279865,26505.808991,0.7345072, 65.8859,296.1680, 39.4089,254.5675
13649.81600390,26505.965649,0.7345862, 65.8821,295.9689, 39.3660,256.0086
13650.31372679,26506.035670,0.7346249, 65.8807,295.9026, 39.3514,256.4759
13651.30916526,26506.147629,0.7347224, 65.8769,295.7699, 39.3232,257.3985
13652.30458852,26506.279984,0.7348375, 65.8707,295.6359, 39.2966,258.3009
13653.79768901,26506.509156,0.7350080, 65.8557,295.4312, 39.2611,259.6145
13654.29540048,26506.641086,0.7350538, 65.8493,295.3618, 39.2503,260.0573
13655.29077369,26506.853919,0.7351207, 65.8357,295.2217, 39.2298,260.9042
13656.28614728,26507.054369,0.7351521, 65.8227,295.0809, 39.2093,261.7488
13657.28151303,26507.218391,0.7351572, 65.8118,294.9408, 39.1874,262.5858
13658.77453511,26507.341738,0.7351516, 65.8012,294.7337, 39.1508,263.8169
13659.27219611,26507.423118,0.7351530, 65.7989,294.6655, 39.1376,264.2154
13660.26751267,26507.487435,0.7351700, 65.7958,294.5305, 39.1104,265.0046
13661.26281000,26507.545945,0.7352073, 65.7936,294.3967, 39.0827,265.7733
13662.25807482,26507.609568,0.7352633, 65.7913,294.2633, 39.0552,266.5114
13663.25332933,26507.684549,0.7353331, 65.7881,294.1298, 39.0287,267.2350
13663.25333068,26507.684536,0.7353331, 65.7881,294.1298, 39.0287,267.2360
13664.24856264,26507.772659,0.7354100, 65.7836,293.9956, 39.0034,267.9366
13665.24378994,26507.872884,0.7354868, 65.7776,293.8605, 38.9795,268.6278
13666.23901126,26507.983802,0.7355569, 65.7701,293.7243, 38.9570,269.3096
13667.23420879,26508.102308,0.7356149, 65.7614,293.5870, 38.9355,269.9699
13668.72700303,26508.234995,0.7356714, 65.7471,293.3795, 38.9044,270.9531
13669.72218372,26508.355095,0.7356866, 65.7374,293.2404, 38.8839,271.5944
13670.21977406,26508.461897,0.7356874, 65.7325,293.1707, 38.8737,271.9141
13671.21493661,26508.568393,0.7356793, 65.7238,293.0316, 38.8524,272.5400
13672.70766393,26508.652986,0.7356510, 65.7131,292.8240, 38.8181,273.4647
13673.70279523,26508.719722,0.7356307, 65.7079,292.6867, 38.7936,274.0646
13674.69791012,26508.767546,0.7356186, 65.7042,292.5505, 38.7677,274.6507
13675.69300609,26508.798370,0.7356221, 65.7016,292.4153, 38.7407,275.2203
13676.68808739,26508.816447,0.7356470, 65.6997,292.2808, 38.7129,275.7758
13677.68315282,26508.828251,0.7356957, 65.6973,292.1466, 38.6852,276.3152
13678.67820521,26508.845646,0.7357658, 65.6936,292.0120, 38.6582,276.8402
13679.67324729,26508.881907,0.7358485, 65.6876,291.8760, 38.6329,277.3527
13680.66828272,26508.950048,0.7359295, 65.6787,291.7383, 38.6095,277.8563
13681.66331857,26509.053896,0.7359923, 65.6673,291.5984, 38.5881,278.3576
13682.65833393,26509.182578,0.7360245, 65.6548,291.4570, 38.5677,278.8436
13683.65335396,26509.311262,0.7360239, 65.6431,291.3151, 38.5470,279.3339
13684.64836287,26509.412173,0.7359999, 65.6337,291.1740, 38.5248,279.8176
13685.64337355,26509.468836,0.7359694, 65.6276,291.0346, 38.5005,280.3030
13686.63835732,26509.483001,0.7359486, 65.6245,290.8973, 38.4743,280.7674
13687.63333062,26509.469715,0.7359482, 65.6233,290.7617, 38.4468,281.2213
13688.62829361,26509.447351,0.7359705, 65.6229,290.6271, 38.4191,281.6635
13689.62324332,26509.430033,0.7360122, 65.6220,290.4928, 38.3919,282.0915
13690.61818420,26509.425308,0.7360661, 65.6200,290.3582, 38.3659,282.5090
13691.11564284,26509.441877,0.7360949, 65.6184,290.2907, 38.3536,282.7077
13691.61311945,26509.435129,0.7361244, 65.6165,290.2229, 38.3412,282.9188
13692.60804346,26509.457860,0.7361794, 65.6115,290.0865, 38.3180,283.3179
13693.60296705,26509.489920,0.7362250, 65.6052,289.9492, 38.2959,283.7152
13694.59790216,26509.526788,0.7362568, 65.5978,289.8109, 38.2747,284.1204
13695.59282167,26509.565023,0.7362722, 65.5901,289.6719, 38.2540,284.5148
13696.58774422,26509.598580,0.7362708, 65.5823,289.5325, 38.2333,284.9128
13697.58266668,26509.622183,0.7362539, 65.5752,289.3930, 38.2121,285.3129
13698.57758675,26509.631131,0.7362255, 65.5691,289.2539, 38.1900,285.7138
13699.57250255,26509.620589,0.7361911, 65.5645,289.1156, 38.1667,286.1144
13700.56742142,26509.586279,0.7361579, 65.5616,288.9782, 38.1420,286.5200
13701.56231418,26509.527254,0.7361335, 65.5603,288.8419, 38.1160,286.9090
13702.55721910,26509.444535,0.7361251, 65.5603,288.7068, 38.0887,287.3087
13703.55210101,26509.342014,0.7361379, 65.5609,288.5724, 38.0609,287.6929
13704.54698704,26509.226238,0.7361739, 65.5612,288.4383, 38.0329,288.0806
13705.54187299,26509.107343,0.7362302, 65.5604,288.3039, 38.0057,288.4687
13706.53676323,26508.996715,0.7362991, 65.5575,288.1685, 37.9797,288.8606
13707.53165170,26508.905020,0.7363686, 65.5522,288.0315, 37.9554,289.2528
13708.52654492,26508.837808,0.7364251, 65.5445,287.8929, 37.9328,289.6518
13709.52144542,26508.791097,0.7364572, 65.5355,287.7527, 37.9111,290.0613
13710.51635410,26508.750617,0.7364607, 65.5268,287.6119, 37.8895,290.4836
13711.51126800,26508.693829,0.7364406, 65.5198,287.4715, 37.8667,290.9175
13712.00872640,26508.636973,0.7364256, 65.5175,287.4018, 37.8547,291.1385
13713.00364746,26508.517725,0.7363962, 65.5151,287.2636, 37.8289,291.5883
13713.99857285,26508.351110,0.7363802, 65.5156,287.1274, 37.8013,292.0466
13714.99349323,26508.149150,0.7363872, 65.5178,286.9928, 37.7726,292.5050
13715.98841285,26507.930607,0.7364191, 65.5206,286.8591, 37.7438,292.9657
13716.48587232,26507.838419,0.7364429, 65.5217,286.7922, 37.7296,293.1966
13716.98333361,26507.712310,0.7364710, 65.5226,286.7254, 37.7157,293.4297
13717.97825838,26507.504791,0.7365346, 65.5232,286.5913, 37.6889,293.8999
13718.97319100,26507.311330,0.7366005, 65.5221,286.4563, 37.6635,294.3799
13719.96813643,26507.129658,0.7366608, 65.5194,286.3202, 37.6394,294.8747
13720.96308951,26506.956140,0.7367096, 65.5154,286.1831, 37.6163,295.3816
13721.95805780,26506.785118,0.7367433, 65.5106,286.0452, 37.5939,295.9074
13722.95303715,26506.611153,0.7367606, 65.5056,285.9067, 37.5717,296.4501
13723.94802993,26506.429786,0.7367624, 65.5008,285.7680, 37.5492,297.0120
13724.94305013,26506.235727,0.7367513, 65.4969,285.6294, 37.5260,297.6040
13725.93805195,26506.025677,0.7367320, 65.4943,285.4914, 37.5018,298.1933
13726.93306934,26505.794119,0.7367107, 65.4932,285.3542, 37.4763,298.8044
13727.92811419,26505.537374,0.7366948, 65.4938,285.2180, 37.4494,299.4459
13728.92318350,26505.253931,0.7366918, 65.4959,285.0829, 37.4212,300.1149
13729.91823311,26504.945913,0.7367083, 65.4990,284.9487, 37.3921,300.7790
13730.41573789,26504.814191,0.7367247, 65.5007,284.8817, 37.3774,301.0995
13730.91325982,26504.619177,0.7367480, 65.5024,284.8150, 37.3626,301.4350
13731.41079117,26504.480419,0.7367761, 65.5038,284.7482, 37.3479,301.7789
13731.90834400,26504.278577,0.7368104, 65.5050,284.6814, 37.3334,302.1407
13732.40587945,26504.139526,0.7368481, 65.5056,284.6143, 37.3191,302.4916
13732.90342277,26503.937482,0.7368900, 65.5059,284.5471, 37.3051,302.8507
13732.90342707,26503.937302,0.7368900, 65.5059,284.5471, 37.3051,302.8538
13733.40096586,26503.803409,0.7369327, 65.5054,284.4794, 37.2915,303.2113
13733.89850121,26503.606603,0.7369767, 65.5045,284.4116, 37.2782,303.5692
13734.89360369,26503.293442,0.7370580, 65.5006,284.2745, 37.2529,304.3151
13735.39116387,26503.180965,0.7370923, 65.4979,284.2052, 37.2408,304.6986
13735.88871007,26503.000351,0.7371221, 65.4949,284.1358, 37.2288,305.0755
13736.38627323,26502.898053,0.7371447, 65.4916,284.0659, 37.2170,305.4676
13736.88384532,26502.720570,0.7371619, 65.4885,283.9961, 37.2052,305.8701
13737.38142717,26502.622136,0.7371716, 65.4854,283.9259, 37.1934,306.2828
13737.38142782,26502.622102,0.7371716, 65.4854,283.9259, 37.1934,306.2833
13737.87901132,26502.440830,0.7371768, 65.4828,283.8561, 37.1812,306.7014
13738.37659405,26502.338706,0.7371765, 65.4806,283.7861, 37.1688,307.1221
13738.87417584,26502.145865,0.7371745, 65.4792,283.7167, 37.1559,307.5463
13739.86937128,26501.817247,0.7371677, 65.4783,283.5786, 37.1288,308.4275
13739.86937961,26501.816756,0.7371677, 65.4783,283.5786, 37.1288,308.4335
13740.86456123,26501.448151,0.7371707, 65.4802,283.4422, 37.1000,309.3172
13741.36216106,26501.296756,0.7371790, 65.4819,283.3745, 37.0851,309.7693
13741.85974306,26501.039826,0.7371945, 65.4841,283.3074, 37.0699,310.2117
13741.85974501,26501.039700,0.7371945, 65.4841,283.3074, 37.0699,310.2131
13742.35734787,26500.875039,0.7372153, 65.4863,283.2402, 37.0547,310.6723
13742.85494760,26500.603832,0.7372436, 65.4888,283.1735, 37.0394,311.1321
13743.35255652,26500.433052,0.7372764, 65.4908,283.1065, 37.0244,311.6000
13743.85018567,26500.154413,0.7373154, 65.4929,283.0398, 37.0095,312.0854
13744.34779901,26499.986651,0.7373569, 65.4943,282.9726, 36.9950,312.5607
13744.84542260,26499.709417,0.7374023, 65.4955,282.9056, 36.9807,313.0464
13745.84068298,26499.275016,0.7374944, 65.4963,282.7704, 36.9533,314.0337
13746.33830609,26499.124475,0.7375388, 65.4957,282.7022, 36.9402,314.5255
13746.83594148,26498.855451,0.7375823, 65.4950,282.6340, 36.9273,315.0296
13747.33358694,26498.711939,0.7376218, 65.4936,282.5652, 36.9149,315.5431
13747.83122692,26498.445750,0.7376590, 65.4922,282.4965, 36.9025,316.0562
13748.32887664,26498.308682,0.7376910, 65.4902,282.4271, 36.8905,316.5786
13748.82654673,26498.039973,0.7377200, 65.4883,282.3579, 36.8784,317.1197
13749.32419722,26497.907427,0.7377434, 65.4860,282.2882, 36.8666,317.6487
13749.82186777,26497.634716,0.7377638, 65.4840,282.2187, 36.8545,318.1965
13750.31953492,26497.500160,0.7377789, 65.4817,282.1488, 36.8426,318.7440
13750.81720582,26497.221768,0.7377914, 65.4799,282.0792, 36.8304,319.2984
13751.31487884,26497.084847,0.7377994, 65.4779,282.0093, 36.8183,319.8567
13751.31488358,26497.084258,0.7377994, 65.4779,282.0093, 36.8183,319.8601
13751.81256815,26496.795850,0.7378057, 65.4765,281.9397, 36.8057,320.4309
13752.31025948,26496.652205,0.7378086, 65.4750,281.8700, 36.7932,321.0088
13752.80795077,26496.351684,0.7378112, 65.4742,281.8007, 36.7801,321.5908
13753.30564019,26496.200883,0.7378121, 65.4734,281.7312, 36.7670,322.1733
13754.30102959,26495.723544,0.7378163, 65.4734,281.5933, 36.7396,323.3559
13755.29644445,26495.210181,0.7378286, 65.4749,281.4563, 36.7109,324.5678
13755.79414911,26494.855150,0.7378405, 65.4764,281.3883, 36.6960,325.1760
13756.29186441,26494.660378,0.7378560, 65.4777,281.3202, 36.6812,325.7931
13757.78499009,26493.674184,0.7379376, 65.4830,281.1174, 36.6354,327.6440
13758.28273948,26493.441742,0.7379758, 65.4843,281.0496, 36.6206,328.2933
13758.78048495,26493.013528,0.7380200, 65.4857,280.9821, 36.6053,328.9425
13759.27819634,26492.776225,0.7380681, 65.4862,280.9141, 36.5908,329.5673
13759.77592160,26492.336585,0.7381201, 65.4865,280.8461, 36.5761,330.2049
13760.27366010,26492.084144,0.7381733, 65.4858,280.7775, 36.5624,330.8524
13761.26913558,26491.371966,0.7382794, 65.4829,280.6394, 36.5354,332.1524
13761.76688268,26490.902017,0.7383287, 65.4806,280.5698, 36.5222,332.8125
13762.26464435,26490.635700,0.7383729, 65.4775,280.4995, 36.5100,333.4838
13763.26016098,26489.879189,0.7384436, 65.4705,280.3582, 36.4855,334.8294
13764.25571340,26489.087949,0.7384873, 65.4635,280.2161, 36.4610,336.2102
13765.25127045,26488.269119,0.7385079, 65.4577,280.0740, 36.4357,337.6038
13765.74904992,26487.721642,0.7385122, 65.4559,280.0033, 36.4220,338.3051
13766.24685986,26487.421036,0.7385150, 65.4543,279.9327, 36.4088,339.0294
13766.74464234,26486.863884,0.7385174, 65.4538,279.8626, 36.3942,339.7366
13767.24243829,26486.591439,0.7385221, 65.4536,279.7927, 36.3800,340.4542
13768.23803792,26485.845536,0.7385417, 65.4554,279.6541, 36.3495,341.8997
13768.73583689,26485.383858,0.7385586, 65.4570,279.5853, 36.3331,342.6236
13769.23365241,26485.328472,0.7385832, 65.4586,279.5166, 36.3176,343.3594
13770.22924984,26485.281658,0.7386511, 65.4622,279.3795, 36.2849,344.8087
13771.22485812,26486.093861,0.7387455, 65.4650,279.2423, 36.2520,346.2671
13771.72266912,26486.811007,0.7388006, 65.4660,279.1735, 36.2348,347.0020
13772.22050523,26488.447152,0.7388652, 65.4663,279.1042, 36.2189,347.7550
13772.71832073,26490.272198,0.7389327, 65.4663,279.0348, 36.2016,348.4939
13773.21614300,26493.276308,0.7390108, 65.4656,278.9649, 36.1858,349.2377
13774.21180717,26502.041025,0.7391891, 65.4630,278.8243, 36.1527,350.7421
13774.21182529,26502.140575,0.7391900, 65.4631,278.8243, 36.1526,350.7552
13774.70964400,26508.337755,0.7392932, 65.4613,278.7537, 36.1353,351.4989
13775.20749778,26516.345391,0.7394128, 65.4591,278.6827, 36.1204,352.2680
13776.20319599,26536.515959,0.7396861, 65.4541,278.5404, 36.0916,353.8007
13777.19891557,26558.918482,0.7399764, 65.4483,278.3979, 36.0711,355.3469
13778.19465256,26571.611134,0.7401648, 65.4417,278.2556, 36.0633,356.9002
13779.19039180,26556.883200,0.7400687, 65.4340,278.1128, 36.0638,358.4502
13780.18614386,26508.050632,0.7396174, 65.4256,277.9688, 36.0549,  0.0131
13781.18192694,26448.320012,0.7390557, 65.4179,277.8229, 36.0197,  1.6101
13782.17771451,26411.850926,0.7387472, 65.4126,277.6758, 35.9649,  3.2166
13783.17350534,26406.799506,0.7387779, 65.4103,277.5293, 35.9104,  4.8191
13784.16930369,26421.031503,0.7390170, 65.4102,277.3844, 35.8672,  6.4140
13785.16509665,26440.580245,0.7393180, 65.4109,277.2411, 35.8354,  7.9917
13786.16090528,26458.275396,0.7396083, 65.4109,277.0988, 35.8107,  9.5693
13787.15672710,26471.928297,0.7398636, 65.4088,276.9565, 35.7900, 11.1467
13787.65464313,26477.317445,0.7399759, 65.4069,276.8853, 35.7812, 11.9349
13788.15256818,26481.736074,0.7400783, 65.4038,276.8135, 35.7714, 12.7293
13789.14841641,26488.511080,0.7402496, 65.3960,276.6694, 35.7540, 14.3096
13789.14842346,26488.528260,0.7402498, 65.3960,276.6694, 35.7540, 14.3147
13790.14428443,26493.156531,0.7403766, 65.3862,276.5240, 35.7368, 15.8978
13791.14016717,26496.326407,0.7404615, 65.3758,276.3781, 35.7192, 17.4907
13792.13606364,26498.497311,0.7405128, 65.3667,276.2325, 35.7003, 19.0875
13793.13197405,26499.995498,0.7405444, 65.3598,276.0879, 35.6795, 20.6872
13793.62993333,26500.457390,0.7405562, 65.3577,276.0162, 35.6688, 21.4858
13794.12789778,26501.042301,0.7405719, 65.3556,275.9447, 35.6569, 22.2875
13795.12382268,26501.783478,0.7406091, 65.3538,275.8031, 35.6328, 23.8777
13796.11975778,26502.323963,0.7406645, 65.3534,275.6627, 35.6079, 25.4623
13797.11569961,26502.729148,0.7407411, 65.3533,275.5230, 35.5829, 27.0374
13798.11162843,26503.044702,0.7408364, 65.3524,275.3831, 35.5586, 28.5882
13798.60960737,26503.065457,0.7408875, 65.3517,275.3131, 35.5470, 29.3677
13799.10757222,26503.303350,0.7409435, 65.3498,275.2427, 35.5355, 30.1350
13799.60555526,26503.306255,0.7409973, 65.3481,275.1721, 35.5246, 30.9102
13800.10353664,26503.525621,0.7410537, 65.3451,275.1011, 35.5139, 31.6824
13801.09952540,26503.724317,0.7411581, 65.3383,274.9583, 35.4937, 33.2340
13802.09552606,26503.910745,0.7412496, 65.3297,274.8143, 35.4747, 34.7821
13803.09154472,26504.090578,0.7413235, 65.3200,274.6693, 35.4564, 36.3321
13804.08753846,26504.271284,0.7413784, 65.3098,274.5236, 35.4384, 37.8538
13805.08356548,26504.454886,0.7414159, 65.3001,274.3778, 35.4201, 39.3900
13806.07961527,26504.640433,0.7414398, 65.2913,274.2322, 35.4013, 40.9334
13807.07566415,26504.832608,0.7414556, 65.2840,274.0871, 35.3817, 42.4668
13808.07172699,26505.028745,0.7414700, 65.2783,273.9429, 35.3610, 44.0009
13809.06779949,26505.228297,0.7414898, 65.2742,273.7996, 35.3395, 45.5322
13809.56583806,26505.263645,0.7415026, 65.2730,273.7282, 35.3281, 46.2952
13810.06384272,26505.427962,0.7415213, 65.2716,273.6572, 35.3171, 47.0319
13810.06385923,26505.427342,0.7415213, 65.2716,273.6572, 35.3171, 47.0439
13811.05992745,26505.624403,0.7415699, 65.2698,273.5155, 35.2941, 48.5511
13812.05601848,26505.812067,0.7416386, 65.2681,273.3742, 35.2711, 50.0637
13813.05211594,26505.983292,0.7417274, 65.2655,273.2327, 35.2486, 51.5696
13814.04820340,26506.133057,0.7418314, 65.2611,273.0905, 35.2270, 53.0573
13815.04430580,26506.254476,0.7419412, 65.2542,272.9471, 35.2068, 54.5456
13815.54236609,26506.277027,0.7419934, 65.2497,272.8746, 35.1970, 55.2929
13816.04040633,26506.349621,0.7420436, 65.2444,272.8019, 35.1881, 56.0240
13816.53847368,26506.367654,0.7420871, 65.2388,272.7287, 35.1789, 56.7729
13817.03652529,26506.427574,0.7421258, 65.2326,272.6552, 35.1705, 57.5092
13817.53459723,26506.448710,0.7421559, 65.2264,272.5813, 35.1616, 58.2588
13818.03266318,26506.504315,0.7421801, 65.2201,272.5075, 35.1533, 59.0032
13819.02882265,26506.595326,0.7422076, 65.2088,272.3597, 35.1355, 60.5092
13819.52690748,26506.644175,0.7422135, 65.2041,272.2860, 35.1259, 61.2644
13820.02498484,26506.710947,0.7422182, 65.2000,272.2128, 35.1165, 62.0132
13821.02114850,26506.848374,0.7422263, 65.1945,272.0674, 35.0959, 63.5133
13822.01732867,26506.997404,0.7422452, 65.1917,271.9236, 35.0740, 65.0188
13823.01351223,26507.145558,0.7422833, 65.1907,271.7812, 35.0514, 66.5189
13824.00967488,26507.281085,0.7423427, 65.1902,271.6394, 35.0290, 67.9953
13824.50775948,26507.359088,0.7423789, 65.1896,271.5685, 35.0178, 68.7327
13825.00585679,26507.395304,0.7424199, 65.1888,271.4976, 35.0072, 69.4770
13825.50396003,26507.464918,0.7424625, 65.1876,271.4264, 34.9966, 70.2239
13826.00204989,26507.485205,0.7425078, 65.1859,271.3552, 34.9866, 70.9589
13826.99825080,26507.550648,0.7425978, 65.1810,271.2118, 34.9672, 72.4395
13827.49636029,26507.603623,0.7426404, 65.1777,271.1396, 34.9579, 73.1844
13827.99447506,26507.594355,0.7426815, 65.1741,271.0672, 34.9491, 73.9315
13828.49258867,26507.642198,0.7427184, 65.1699,270.9944, 34.9404, 74.6771
13828.99070280,26507.622774,0.7427523, 65.1655,270.9215, 34.9320, 75.4218
13829.48882341,26507.668557,0.7427809, 65.1607,270.8481, 34.9235, 76.1708
13829.98694115,26507.642684,0.7428058, 65.1559,270.7748, 34.9154, 76.9167
13830.98316794,26507.660625,0.7428404, 65.1460,270.6275, 34.8989, 78.4011
13830.98318603,26507.660407,0.7428404, 65.1460,270.6275, 34.8989, 78.4142
13831.48131987,26507.710911,0.7428504, 65.1410,270.5537, 34.8904, 79.1709
13831.97942674,26507.683089,0.7428574, 65.1365,270.4801, 34.8820, 79.9072
13831.97943280,26507.683017,0.7428574, 65.1365,270.4801, 34.8820, 79.9116
13832.47757377,26507.740005,0.7428600, 65.1320,270.4063, 34.8733, 80.6728
13832.97570118,26507.715329,0.7428607, 65.1280,270.3329, 34.8644, 81.4235
13833.47384139,26507.780836,0.7428584, 65.1242,270.2594, 34.8553, 82.1835
13833.97196392,26507.761194,0.7428557, 65.1211,270.1863, 34.8459, 82.9299
13833.97196612,26507.761168,0.7428557, 65.1211,270.1863, 34.8459, 82.9315
13834.96825310,26507.820981,0.7428492, 65.1160,270.0405, 34.8262, 84.4539
13835.46640107,26507.903607,0.7428470, 65.1140,269.9679, 34.8160, 85.2178
13835.96453053,26507.894654,0.7428478, 65.1127,269.8957, 34.8055, 85.9672
13836.46268046,26507.984461,0.7428506, 65.1115,269.8236, 34.7949, 86.7312
13836.96080949,26507.978855,0.7428578, 65.1108,269.7519, 34.7840, 87.4787
13837.45897041,26508.073092,0.7428681, 65.1101,269.6802, 34.7730, 88.2490
13837.95710006,26508.069823,0.7428838, 65.1098,269.6088, 34.7618, 88.9953
13837.95710229,26508.069799,0.7428838, 65.1098,269.6088, 34.7618, 88.9969
13838.95339066,26508.160399,0.7429285, 65.1090,269.4661, 34.7395, 90.5079
13839.45154528,26508.254196,0.7429575, 65.1083,269.3947, 34.7285, 91.2697
13839.94966602,26508.242905,0.7429916, 65.1075,269.3233, 34.7174, 92.0054
13840.94600764,26508.307039,0.7430690, 65.1044,269.1800, 34.6961, 93.5467
13841.44416597,26508.380714,0.7431104, 65.1019,269.1080, 34.6860, 94.3073
13841.94229840,26508.342979,0.7431530, 65.0990,269.0356, 34.6759, 95.0479
13842.44046232,26508.399522,0.7431937, 65.0951,268.9629, 34.6664, 95.8112
13842.93861700,26508.343819,0.7432326, 65.0910,268.8898, 34.6570, 96.5669
13843.43678698,26508.381670,0.7432667, 65.0860,268.8163, 34.6480, 97.3341
13843.93493788,26508.311099,0.7432962, 65.0808,268.7425, 34.6390, 98.0871
13844.43313795,26508.336615,0.7433188, 65.0752,268.6683, 34.6304, 98.8764
13844.93129836,26508.260119,0.7433353, 65.0698,268.5940, 34.6214, 99.6369
13844.93130141,26508.260096,0.7433353, 65.0698,268.5940, 34.6214, 99.6391
13845.42947812,26508.286055,0.7433444, 65.0643,268.5196, 34.6127,100.4123
13845.92762687,26508.217094,0.7433482, 65.0595,268.4453, 34.6034,101.1654
13846.42581180,26508.254950,0.7433465, 65.0551,268.3711, 34.5941,101.9454
13846.92398096,26508.203788,0.7433425, 65.0517,268.2972, 34.5841,102.7140
13847.92035955,26508.233765,0.7433321, 65.0473,268.1506, 34.5632,104.2805
13848.41855176,26508.310701,0.7433295, 65.0462,268.0780, 34.5524,105.0656
13848.91671531,26508.302394,0.7433319, 65.0461,268.0058, 34.5409,105.8288
13849.91312947,26508.391728,0.7433522, 65.0470,267.8624, 34.5177,107.4158
13850.90947881,26508.481702,0.7433959, 65.0484,267.7199, 34.4946,108.9510
13851.90584671,26508.556602,0.7434589, 65.0491,267.5774, 34.4723,110.4948
13851.90586433,26508.556476,0.7434589, 65.0491,267.5774, 34.4723,110.5075
13852.90225556,26508.606113,0.7435331, 65.0481,267.4342, 34.4512,112.0637
13853.89865391,26508.629067,0.7436090, 65.0450,267.2901, 34.4313,113.6218
13854.39685396,26508.667992,0.7436446, 65.0425,267.2176, 34.4221,114.4007
13854.89498100,26508.628647,0.7436782, 65.0398,267.1448, 34.4127,115.1261
13855.89141732,26508.608633,0.7437341, 65.0331,266.9984, 34.3950,116.7086
13856.88780761,26508.577470,0.7437731, 65.0255,266.8511, 34.3778,118.2580
13857.88423231,26508.540278,0.7437942, 65.0177,266.7033, 34.3606,119.8331
13858.88066446,26508.503903,0.7437989, 65.0104,266.5555, 34.3431,121.4150
13858.88068715,26508.503800,0.7437989, 65.0104,266.5555, 34.3431,121.4315
13859.87710111,26508.473460,0.7437911, 65.0043,266.4079, 34.3248,123.0016
13860.87357948,26508.453739,0.7437764, 64.9999,266.2610, 34.3056,124.6198
13861.87004099,26508.446438,0.7437614, 64.9974,266.1150, 34.2854,126.2265
13862.86648212,26508.452298,0.7437527, 64.9967,265.9700, 34.2642,127.8187
13863.86294122,26508.469551,0.7437564, 64.9974,265.8260, 34.2422,129.4235
13864.85940458,26508.492223,0.7437767, 64.9991,265.6827, 34.2197,131.0304
13865.85588307,26508.515487,0.7438156, 65.0010,265.5398, 34.1972,132.6469
13865.85589792,26508.515402,0.7438156, 65.0010,265.5398, 34.1972,132.6576
13866.35412089,26508.534246,0.7438415, 65.0017,265.4684, 34.1862,133.4536
13866.85234424,26508.530631,0.7438720, 65.0021,265.3968, 34.1750,134.2495
13867.84881274,26508.530053,0.7439416, 65.0017,265.2534, 34.1535,135.8565
13868.84528744,26508.505562,0.7440173, 64.9992,265.1090, 34.1330,137.4680
13869.84178731,26508.450641,0.7440897, 64.9944,264.9634, 34.1136,139.0991
13870.83827067,26508.362124,0.7441490, 64.9877,264.8165, 34.0950,140.7213
13871.83478047,26508.244384,0.7441880, 64.9800,264.6687, 34.0768,142.3674
13872.83128935,26508.110509,0.7442041, 64.9728,264.5205, 34.0583,144.0187
13873.82780060,26507.977975,0.7442024, 64.9678,264.3728, 34.0387,145.6778
13874.32611000,26507.913329,0.7441981, 64.9664,264.2995, 34.0285,146.5484
13874.82437663,26507.864105,0.7441946, 64.9659,264.2264, 34.0176,147.3891
13875.82091648,26507.778560,0.7441954, 64.9675,264.0816, 33.9950,149.0777
13876.81742429,26507.718683,0.7442171, 64.9716,263.9385, 33.9714,150.7450
13877.31569616,26507.684944,0.7442375, 64.9741,263.8673, 33.9596,151.5919
13877.81395084,26507.666761,0.7442647, 64.9766,263.7962, 33.9477,152.4264
13878.81050836,26507.604846,0.7443354, 64.9809,263.6541, 33.9247,154.1307
13879.80705285,26507.518977,0.7444200, 64.9833,263.5114, 33.9029,155.8270
13880.80360354,26507.402743,0.7445075, 64.9834,263.3676, 33.8825,157.5308
13881.80016209,26507.256464,0.7445880, 64.9813,263.2225, 33.8633,159.2449
13882.79672762,26507.085823,0.7446544, 64.9774,263.0764, 33.8449,160.9704
13883.79330798,26506.894838,0.7447033, 64.9727,262.9294, 33.8269,162.7143
13884.78989548,26506.690223,0.7447343, 64.9679,262.7820, 33.8088,164.4718
13885.78641798,26506.477223,0.7447497, 64.9637,262.6346, 33.7903,166.1914
13886.78302935,26506.258499,0.7447539, 64.9608,262.4875, 33.7710,167.9846
13887.77964706,26506.038253,0.7447526, 64.9597,262.3412, 33.7508,169.7917
13888.77622639,26505.817335,0.7447525, 64.9605,262.1957, 33.7295,171.5798
13889.27453876,26505.692813,0.7447551, 64.9616,262.1234, 33.7185,172.4935
13890.27116836,26505.473860,0.7447691, 64.9650,261.9793, 33.6959,174.3304
13890.76947262,26505.379853,0.7447817, 64.9671,261.9075, 33.6843,175.2442
13892.26442811,26505.035788,0.7448476, 64.9745,261.6933, 33.6492,178.0273
13892.76270390,26504.941137,0.7448789, 64.9768,261.6219, 33.6375,178.9277
13893.75932837,26504.713439,0.7449542, 64.9808,261.4791, 33.6145,180.7871
13894.25763807,26504.578810,0.7449972, 64.9822,261.4075, 33.6032,181.7179
13894.75595241,26504.475443,0.7450420, 64.9831,261.3356, 33.5922,182.6543
13895.75258533,26504.222255,0.7451345, 64.9832,261.1912, 33.5707,184.5374
13896.74922590,26503.954361,0.7452230, 64.9811,261.0456, 33.5502,186.4369
13897.74587534,26503.666151,0.7452989, 64.9772,260.8989, 33.5304,188.3554
13898.74253429,26503.355872,0.7453564, 64.9724,260.7514, 33.5107,190.2949
13899.73920743,26503.026407,0.7453937, 64.9680,260.6036, 33.4908,192.2600
13900.73588369,26502.681944,0.7454151, 64.9653,260.4562, 33.4699,194.2429
13901.23421385,26502.482174,0.7454230, 64.9651,260.3829, 33.4589,195.2343
13902.72918886,26501.975264,0.7454519, 64.9689,260.1648, 33.4241,198.2181
13903.72586380,26501.624549,0.7454926, 64.9749,260.0213, 33.3995,200.2406
13904.72254040,26501.280331,0.7455596, 64.9822,259.8786, 33.3746,202.2749
13905.71922389,26500.938790,0.7456524, 64.9890,259.7361, 33.3503,204.3244
13906.71589379,26500.595446,0.7457634, 64.9938,259.5929, 33.3270,206.3749
13907.71258720,26500.241944,0.7458804, 64.9960,259.4485, 33.3052,208.4549
13908.70927024,26499.874049,0.7459914, 64.9954,259.3027, 33.2845,210.5420
13909.70598253,26499.489267,0.7460876, 64.9927,259.1555, 33.2648,212.6667
13910.70270467,26499.088741,0.7461645, 64.9888,259.0074, 33.2453,214.8166
13911.69943683,26498.676253,0.7462216, 64.9847,258.8588, 33.2257,216.9925
13912.19780513,26498.419790,0.7462443, 64.9830,258.7846, 33.2157,218.0894
13913.69291463,26497.820376,0.7462912, 64.9792,258.5619, 33.1847,221.4117
13914.68961764,26497.381804,0.7463151, 64.9789,258.4143, 33.1628,223.6234
13915.68638707,26496.938476,0.7463407, 64.9804,258.2676, 33.1399,225.9012
13916.68313916,26496.494106,0.7463748, 64.9837,258.1217, 33.1162,228.1834
13917.67988141,26496.045597,0.7464228, 64.9883,257.9766, 33.0919,230.4746
13919.17501770,26495.307306,0.7465295, 64.9964,257.7598, 33.0549,233.9570
13919.67338843,26495.146131,0.7465737, 64.9987,257.6873, 33.0427,235.1192
13920.67014514,26494.703256,0.7466758, 65.0026,257.5424, 33.0186,237.4662
13921.66691404,26494.269121,0.7467895, 65.0046,257.3967, 32.9953,239.8372
13922.66366516,26493.844676,0.7469068, 65.0042,257.2498, 32.9728,242.2114
13923.66043689,26493.430719,0.7470184, 65.0013,257.1016, 32.9512,244.6179
13924.65722877,26493.024615,0.7471159, 64.9965,256.9523, 32.9302,247.0577
13925.65402881,26492.623255,0.7471941, 64.9907,256.8022, 32.9093,249.5231
13926.65083218,26492.221867,0.7472523, 64.9852,256.6519, 32.8881,252.0110
13927.64764573,26491.813947,0.7472951, 64.9814,256.5020, 32.8661,254.5260
13928.64445820,26491.393884,0.7473313, 64.9801,256.3530, 32.8430,257.0588
13929.64125662,26490.956781,0.7473723, 64.9816,256.2053, 32.8189,259.5982
13930.63807262,26490.506778,0.7474294, 64.9855,256.0587, 32.7941,262.1649
13931.63488838,26490.047039,0.7475100, 64.9908,255.9128, 32.7692,264.7444
13932.63169715,26489.588015,0.7476160, 64.9959,255.7671, 32.7447,267.3306
13933.62851294,26489.137754,0.7477421, 64.9993,255.6207, 32.7214,269.9338
13934.62532152,26488.702590,0.7478778, 64.9998,255.4729, 32.6994,272.5449
13935.62215552,26488.284037,0.7480105, 64.9972,255.3236, 32.6787,275.1894
13936.61899850,26487.874199,0.7481293, 64.9919,255.1727, 32.6589,277.8573
13937.61584906,26487.464511,0.7482275, 64.9849,255.0206, 32.6397,280.5493
13938.61270898,26487.046999,0.7483032, 64.9772,254.8679, 32.6204,283.2676
13939.60957698,26486.618090,0.7483593, 64.9701,254.7151, 32.6007,286.0114
13940.60645111,26486.169857,0.7484014, 64.9644,254.5627, 32.5802,288.7787
13941.60333235,26485.704247,0.7484367, 64.9604,254.4110, 32.5589,291.5693
13942.60021774,26485.221083,0.7484727, 64.9584,254.2600, 32.5368,294.3798
13943.59709294,26484.718446,0.7485161, 64.9582,254.1100, 32.5141,297.1982
13944.59398207,26484.195616,0.7485725, 64.9593,253.9606, 32.4910,300.0409
13945.59087271,26483.651038,0.7486457, 64.9610,253.8115, 32.4679,302.8976
13946.58776418,26483.082944,0.7487369, 64.9625,253.6625, 32.4450,305.7671
13947.58466049,26482.486881,0.7488443, 64.9628,253.5130, 32.4228,308.6519
13948.58155579,26481.854277,0.7489625, 64.9610,253.3626, 32.4016,311.5484
13949.57845786,26481.176837,0.7490836, 64.9566,253.2109, 32.3814,314.4633
13950.57537009,26480.439871,0.7491976, 64.9495,253.0578, 32.3623,317.4006
13951.57227950,26479.620638,0.7492952, 64.9402,252.9034, 32.3439,320.3530
13952.56919893,26478.686272,0.7493701, 64.9298,252.7481, 32.3259,323.3310
13953.56613596,26477.586237,0.7494210, 64.9196,252.5925, 32.3077,326.3409
13954.56307791,26476.262541,0.7494515, 64.9111,252.4372, 32.2890,329.3732
13955.56002119,26474.636291,0.7494698, 64.9052,252.2827, 32.2696,332.4241
13956.55696279,26472.622128,0.7494852, 64.9022,252.1293, 32.2494,335.4896
13957.55391450,26470.150163,0.7495061, 64.9017,251.9767, 32.2285,338.5766
13958.55086540,26467.301511,0.7495383, 64.9029,251.8244, 32.2068,341.6765
13959.54781745,26464.737057,0.7495871, 64.9046,251.6718, 32.1835,344.7913
13960.54477223,26465.111911,0.7496711, 64.9058,251.5179, 32.1564,347.9255
13961.54172335,26477.029606,0.7498659, 64.9057,251.3625, 32.1221,351.0806
13962.53868536,26518.609418,0.7503585, 64.9039,251.2063, 32.0860,354.2707
13963.53565841,26569.091443,0.7509824, 64.8967,251.0507, 32.0920,357.4764
13964.53264327,26477.136760,0.7502327, 64.8778,250.8901, 32.1222,  0.7048
13965.52962820,26381.252563,0.7494438, 64.8568,250.7180, 32.0568,  4.0120
13966.52663080,26408.004733,0.7498246, 64.8439,250.5463, 32.0113,  7.3507
13967.52362382,26444.362496,0.7502197, 64.8357,250.3815, 32.0040, 10.7015
13968.52063886,26462.526242,0.7503996, 64.8299,250.2216, 32.0013, 14.1092
13969.01914823,26466.922434,0.7504404, 64.8279,250.1428, 31.9979, 15.8307
13970.51468036,26471.886474,0.7504985, 64.8236,249.9101, 31.9823, 21.0668
13971.01320174,26472.062114,0.7505102, 64.8232,249.8332, 31.9750, 22.8415
13971.51170554,26472.027682,0.7505259, 64.8228,249.7567, 31.9679, 24.6149
13972.50873316,26471.255458,0.7505643, 64.8226,249.6043, 31.9520, 28.2087
13973.50576386,26470.061014,0.7506188, 64.8225,249.4521, 31.9355, 31.8499
13974.50277746,26468.629256,0.7506892, 64.8213,249.2998, 31.9190, 35.5271
13975.49980077,26467.019741,0.7507708, 64.8184,249.1468, 31.9029, 39.2643
13976.49683972,26465.263385,0.7508566, 64.8130,248.9927, 31.8875, 43.0722
13977.49389133,26463.362206,0.7509371, 64.8050,248.8375, 31.8727, 46.9558
13977.99238328,26462.391404,0.7509720, 64.8000,248.7593, 31.8652, 48.9005
13978.49094443,26461.339625,0.7510031, 64.7948,248.6810, 31.8582, 50.9143
13979.48797322,26459.220685,0.7510477, 64.7833,248.5238, 31.8436, 54.9353
13980.48503904,26457.038786,0.7510687, 64.7721,248.3664, 31.8285, 59.0682
13981.48211124,26454.842200,0.7510702, 64.7627,248.2095, 31.8124, 63.2928
13982.47919046,26452.650694,0.7510615, 64.7563,248.0538, 31.7951, 67.6105
13983.47627625,26450.468898,0.7510544, 64.7531,247.8995, 31.7767, 72.0198
13983.97480620,26449.426862,0.7510545, 64.7525,247.8229, 31.7672, 74.2476
13984.97189828,26447.203616,0.7510690, 64.7532,247.6705, 31.7480, 78.7909
13985.47042946,26446.035464,0.7510846, 64.7541,247.5947, 31.7383, 81.0843
13986.46751830,26443.717377,0.7511307, 64.7557,247.4430, 31.7195, 85.7575
13987.46460070,26441.257083,0.7511938, 64.7560,247.2908, 31.7016, 90.5199
13988.46168527,26438.609644,0.7512660, 64.7541,247.1377, 31.6849, 95.3846
13989.45877977,26435.761752,0.7513372, 64.7493,246.9831, 31.6693,100.3663
13990.45588747,26432.691265,0.7513973, 64.7418,246.8270, 31.6546,105.4766
13991.45300660,26429.447957,0.7514386, 64.7322,246.6696, 31.6404,110.7236
13992.45013632,26426.057781,0.7514570, 64.7218,246.5114, 31.6263,116.1141
13993.44727694,26422.561147,0.7514527, 64.7116,246.3530, 31.6117,121.6547
13994.44441913,26419.054729,0.7514307, 64.7029,246.1950, 31.5964,127.3413
13995.44157176,26415.521270,0.7513979, 64.6965,246.0378, 31.5801,133.1814
13996.43872541,26412.020595,0.7513635, 64.6928,245.8817, 31.5629,139.1676
13997.43588496,26408.485861,0.7513350, 64.6916,245.7268, 31.5450,145.3028
13998.43303710,26404.936499,0.7513194, 64.6924,245.5729, 31.5266,151.5783
13999.43020023,26401.310693,0.7513200, 64.6943,245.4197, 31.5082,158.0090
14000.42736349,26397.537287,0.7513372, 64.6963,245.2666, 31.4900,164.5908
14001.42451580,26393.576749,0.7513685, 64.6975,245.1133, 31.4722,171.3231
14002.42168974,26389.309534,0.7514083, 64.6969,244.9592, 31.4552,178.2396
14003.41886655,26384.773956,0.7514498, 64.6941,244.8040, 31.4389,185.3402
14004.41603429,26379.880853,0.7514836, 64.6890,244.6475, 31.4231,192.6300
14005.41322474,26374.696598,0.7515021, 64.6818,244.4899, 31.4077,200.1476
14006.41041459,26369.225371,0.7514988, 64.6737,244.3314, 31.3921,207.8896
14007.40762304,26363.577191,0.7514721, 64.6659,244.1726, 31.3757,215.8809
14008.40484772,26357.858280,0.7514266, 64.6601,244.0144, 31.3581,224.1250
14009.40205796,26352.084606,0.7513712, 64.6574,243.8573, 31.3390,232.6011
14010.39928674,26346.366488,0.7513196, 64.6583,243.7017, 31.3185,241.3308
14011.39650265,26340.622337,0.7512830, 64.6621,243.5474, 31.2973,250.2880
14012.39370036,26334.766140,0.7512683, 64.6675,243.3938, 31.2761,259.4691
14013.39091664,26328.741385,0.7512763, 64.6729,243.2403, 31.2555,268.9053
14014.38813256,26322.366729,0.7513002, 64.6767,243.0860, 31.2362,278.5940
14015.38535768,26315.463184,0.7513295, 64.6778,242.9303, 31.2182,288.5603
14016.38259434,26307.822451,0.7513517, 64.6760,242.7729, 31.2015,298.8320
14017.37983847,26299.315683,0.7513562, 64.6713,242.6138, 31.1859,309.4344
14018.37709322,26289.535854,0.7513316, 64.6645,242.4530, 31.1713,320.3945
14019.37435466,26277.393226,0.7512596, 64.6567,242.2903, 31.1580,331.7313
14020.37163166,26259.983974,0.7510831, 64.6502,242.1237, 31.1419,343.4651
14021.36891165,26332.387487,0.7516647, 64.6549,241.9518, 31.0775,355.6361
14022.36620210,26195.038341,0.7505444, 64.6317,241.7555, 31.0446,  8.1883
14023.36348923,26242.980962,0.7509547, 64.6362,241.5847, 31.0637, 21.0908
14024.36078305,26235.232300,0.7508497, 64.6389,241.4274, 31.0532, 34.4241
14025.35807882,26224.968588,0.7507593, 64.6426,241.2725, 31.0359, 48.1642
14026.35537552,26214.520696,0.7506928, 64.6474,241.1186, 31.0171, 62.3179
14027.35267563,26203.697209,0.7506444, 64.6523,240.9651, 30.9981, 76.9054
14028.34996538,26192.228516,0.7506080, 64.6563,240.8116, 30.9793, 91.9455
14029.34727314,26179.848658,0.7505754, 64.6585,240.6574, 30.9610,107.4973
14030.34459206,26166.302697,0.7505369, 64.6584,240.5021, 30.9436,123.6027
14031.34191927,26151.400097,0.7504824, 64.6558,240.3457, 30.9272,140.3185
14032.33924607,26135.135554,0.7504039, 64.6514,240.1881, 30.9115,157.7014
14033.33659009,26117.668025,0.7502967, 64.6460,240.0298, 30.8957,175.8244
14034.33391966,26099.302951,0.7501612, 64.6409,239.8711, 30.8792,194.7157
14035.33127496,26080.262726,0.7500018, 64.6376,239.7128, 30.8616,214.4425
14036.32860386,26060.989249,0.7498306, 64.6373,239.5553, 30.8424,234.9885
14037.32596474,26041.476410,0.7496593, 64.6403,239.3990, 30.8218,256.4076
14038.32332206,26021.625153,0.7495001, 64.6462,239.2436, 30.8005,278.6811
14039.32067985,26000.617862,0.7493553, 64.6537,239.0884, 30.7805,301.8324
14040.31802960,25975.836399,0.7491993, 64.6610,238.9311, 30.7645,325.9035
14041.31539630,25952.703112,0.7489397, 64.6734,238.7598, 30.7216,351.0130
14042.31276801,25910.687393,0.7487786, 64.6687,238.5500, 30.6957, 17.2963
14043.31014175,25881.531380,0.7485329, 64.6726,238.3901, 30.6963, 44.9463
14044.30752611,25839.246824,0.7482150, 64.6705,238.2321, 30.6812, 74.2754
14045.30491031,25790.816980,0.7478288, 64.6659,238.0732, 30.6651,105.5940
14046.30231971,25736.592101,0.7473653, 64.6603,237.9135, 30.6490,139.2394
14047.29971727,25677.488559,0.7468320, 64.6554,237.7535, 30.6330,175.4684
14048.29714600,25614.933038,0.7462476, 64.6526,237.5938, 30.6161,214.5445
14049.29457428,25550.055403,0.7456327, 64.6522,237.4343, 30.5980,256.6109
14050.29199617,25482.502201,0.7449963, 64.6534,237.2739, 30.5808,301.7913
14051.28943540,25407.794552,0.7441582, 64.6619,237.0966, 30.5463,350.2403
14052.28686586,25305.464357,0.7432282, 64.6626,236.8815, 30.5304, 42.2354
14053.28431003,25219.939968,0.7424068, 64.6691,236.7252, 30.5103, 98.1078
14054.28174467,25122.438835,0.7414959, 64.6749,236.5692, 30.4904,158.4013
14055.27918543,25006.746561,0.7404102, 64.6797,236.4124, 30.4727,224.0241
14055.27919738,25006.746506,0.7404102, 64.6797,236.4124, 30.4727,224.0335
14056.27662858,24863.681005,0.7390433, 64.6818,236.2519, 30.4582,296.3105
14057.27409212,24567.361351,0.7360209, 64.6789,236.0167, 30.4123, 17.5083
14058.27155982,24305.610248,0.7331864, 64.6807,235.8517, 30.4141,111.3936
14059.26903705,23970.040139,0.7295722, 64.6749,235.6879, 30.3989,222.2452
14060.26651562,23633.200356,0.7256635, 64.6809,235.4954, 30.3494,355.4759
14061.26401404,22857.606765,0.7165116, 64.6618,235.2735, 30.3591,159.8099
14062.26146418,22097.464735,0.7067381, 64.6582,235.0721, 30.3798,  0.4761
14062.26151104,22092.254761,0.7066690, 64.6580,235.0720, 30.3798,  0.5209
14063.25898332,21505.142726,0.6987840, 64.6476,234.8493, 30.3202,248.1044
14064.25645600,20665.752840,0.6865489, 64.6440,234.5927, 30.2945,188.4410
14065.25396960,19813.079495,0.6730946, 64.6402,234.3314, 30.2707,191.6566
14066.25147441,18934.451119,0.6580313, 64.6343,234.0631, 30.2525,270.9114
14067.24898868,17711.369674,0.6343582, 64.6280,233.7005, 30.2251, 87.0582
14068.24649064,16417.361997,0.6057853, 64.6083,233.3252, 30.1754, 31.0260
14069.24401282,15102.560257,0.5713634, 64.5947,232.9237, 30.1782,155.3069
14070.24152898,13503.591849,0.5207005, 64.5632,232.3954, 30.1566,176.4326
14071.23905340,11765.307933,0.4500970, 64.5136,231.7013, 30.1422,219.1184
14072.23659795,9805.380903,0.3398505, 64.4390,230.6512, 30.1620,131.3981
14073.23415485,7376.056078,0.1230938, 64.2342,228.8576, 30.3844, 22.7683
