Time(day),a(km),e,i(deg),n(deg),w(deg),m(deg),hp(km)
0.00000000,26505.645337,0.7460744, 64.8057,109.4307,325.5829,  3.5050,352.326895
1.98816468,26505.448882,0.7459850, 64.8197,109.1284,325.5506,  3.3502,354.646136
8.94671085,26504.846272,0.7456290, 64.8278,108.0925,325.4113,  3.0198,363.928283
23.85813953,26503.744580,0.7451520, 64.8966,105.8448,325.1390,  3.7488,376.290434
29.82315497,26503.372111,0.7449549, 64.9486,104.9388,325.0405,  5.0128,381.419897
31.81153827,26503.261235,0.7447937, 64.9586,104.6434,325.0028,  5.5320,385.664487
37.77719789,26502.964078,0.7445973, 64.9744,103.7584,324.8782,  7.9678,390.794161
44.73781586,26502.634016,0.7441753, 65.0399,102.7055,324.7635, 11.9218,401.892764
52.69370490,26502.324938,0.7438112, 65.0692,101.5310,324.5981, 17.9985,411.462526
57.66666943,26502.154450,0.7434280, 65.1114,100.7916,324.5086, 22.6300,421.574914
66.12108660,26501.926321,0.7429738, 65.1371, 99.5584,324.3233, 31.2356,433.555435
66.61888148,26501.913839,0.7429591, 65.1416, 99.4838,324.3144, 32.4352,433.941197
78.55582884,26501.674898,0.7420076, 65.1906, 97.7488,324.0581, 46.6868,459.095873
85.02167277,26501.576413,0.7414839, 65.2295, 96.8107,323.9256, 54.4734,472.947927
92.48439146,26501.488698,0.7410704, 65.2306, 95.7514,323.7411, 66.6445,483.886044
110.39264774,26501.332515,0.7399174, 65.2854, 93.1932,323.3311, 92.7250,514.399651
134.27037381,26501.200824,0.7389943, 65.3187, 89.8208,322.7462,127.9302,538.830388
466.83953390,26500.833025,0.7275790, 66.7679, 45.2135,313.0936,297.5348,841.249086
479.79373130,26500.831068,0.7276250, 66.8245, 43.5588,312.6650,346.5091,840.029348
557.53527670,26500.820935,0.7251963, 67.2430, 33.7236,310.0019,303.8412,904.387840
562.51947359,26500.820416,0.7247921, 67.2446, 33.1355,309.7901,325.3252,915.100789
571.49126964,26500.819514,0.7243458, 67.2885, 32.0265,309.4628,  4.2877,926.926422
583.45427518,26500.818406,0.7240256, 67.3114, 30.5920,308.9842, 57.1735,935.412507
586.44515566,26500.818141,0.7237593, 67.3141, 30.2411,308.8623, 70.5770,942.469826
609.37550738,26500.816203,0.7235191, 67.3656, 27.4802,307.9406,173.7995,948.833283
766.41028720,26500.804507,0.7191275, 67.8662,  8.7986,301.6765,176.7898,1065.211302
840.36696056,26500.800050,0.7187748, 68.0995,  0.1304,298.6960, 50.2813,1074.556491
849.35741208,26500.799546,0.7183816, 68.1236,359.0979,298.3142,116.2624,1084.976597
861.84389320,26500.798878,0.7176031, 68.1552,357.6831,297.7975,207.4851,1105.608985
865.34026912,26500.798698,0.7175831, 68.1721,357.2680,297.6663,233.2542,1106.137501
868.33698621,26500.798546,0.7172138, 68.1878,356.9192,297.5590,255.0601,1115.924514
876.32777474,26500.798164,0.7167810, 68.1965,356.0325,297.1904,312.6985,1127.395474
1212.37196112,26500.788512,0.7048980, 68.6127,319.5354,282.5318,117.2865,1442.301166
1241.73695294,26500.788129,0.7034680, 68.6061,316.5634,281.1716,183.5357,1480.197944
1241.73718061,26500.788129,0.7034680, 68.6061,316.5634,281.1715,183.8656,1480.197842
1265.62049936,26500.787849,0.7026946, 68.5982,314.1392,280.0812,227.8701,1500.692005
1290.99340600,26500.787564,0.7022885, 68.6014,311.5042,278.9821,270.0753,1511.454355
1301.93924689,26500.787445,0.7021917, 68.6092,310.3459,278.5315,289.2285,1514.019398
1317.36405526,26500.787283,0.7015505, 68.6176,308.7419,277.8862,317.8226,1531.011614
1334.78213360,26500.787113,0.7007692, 68.6269,306.9506,277.1450,354.4366,1551.715524
1348.72002618,26500.786989,0.6999420, 68.6346,305.5254,276.5593, 28.6773,1573.637768
1354.19615461,26500.786942,0.6996666, 68.6422,304.9512,276.3442, 42.8822,1580.936245
1362.65996629,26500.786875,0.6990062, 68.6407,304.1282,275.9539, 65.9079,1598.438237
1366.14550294,26500.786848,0.6989121, 68.6434,303.7636,275.8147, 76.0093,1600.930313
1372.61887039,26500.786800,0.6981914, 68.6447,303.1359,275.5283, 95.0965,1620.031384
1377.59855942,26500.786764,0.6980800, 68.6404,302.6469,275.2969,110.0851,1622.983447
1384.57076128,26500.786716,0.6974776, 68.6450,301.9564,274.9988,131.9241,1638.945435
1394.53284475,26500.786651,0.6971284, 68.6381,300.9820,274.5447,165.7949,1648.200079
1398.01863367,26500.786629,0.6967505, 68.6376,300.6507,274.3877,176.2666,1658.215897
1405.49002630,26500.786583,0.6966085, 68.6271,299.9332,274.0315,201.4620,1661.977725
1412.96234201,26500.786539,0.6960947, 68.6260,299.2098,273.6977,227.9365,1675.594906
1427.41019077,26500.786456,0.6956837, 68.6113,297.8076,273.0419,281.1666,1686.484961
1439.86558071,26500.786387,0.6954152, 68.6036,296.5757,272.4975,327.5552,1693.601731
1470.76247884,26500.786223,0.6947977, 68.5839,293.5013,271.1753, 93.5011,1709.965554
1478.73642337,26500.786183,0.6944426, 68.5869,292.6770,270.8720,126.7516,1719.375007
1493.68913750,26500.786112,0.6937019, 68.5877,291.1864,270.2546,191.4295,1739.004590
1499.17149068,26500.786087,0.6935598, 68.5834,290.6522,270.0136,214.7218,1742.772342
1520.60661328,26500.785998,0.6919485, 68.5905,288.5383,269.1331,311.5997,1785.472183
1542.04303708,26500.785921,0.6906162, 68.5816,286.4917,268.1965, 50.4572,1820.778398
1555.00629239,26500.785880,0.6898765, 68.5737,285.2855,267.6119,112.7081,1840.381129
1567.96979027,26500.785842,0.6891642, 68.5611,284.0773,267.0299,175.3316,1859.257135
1569.96378544,26500.785836,0.6890703, 68.5609,283.8833,266.9481,184.3964,1861.746731
1667.73202441,26500.785597,0.6856550, 68.4767,274.6058,262.8252,359.4186,1952.255164
1675.21792999,26500.785582,0.6852571, 68.4709,273.9202,262.4960, 45.6620,1962.799045
1709.16283843,26500.785522,0.6832673, 68.4632,270.7824,261.0508,267.9864,2015.530047
1716.65269868,26500.785511,0.6830765, 68.4543,270.1179,260.7139,319.9667,2020.587071
1730.63505016,26500.785490,0.6824586, 68.4405,268.8521,260.1028, 58.8524,2036.960282
1737.62689901,26500.785480,0.6820921, 68.4383,268.2208,259.7989,109.2588,2046.673269
1748.61470047,26500.785464,0.6819300, 68.4224,267.2235,259.3326,189.3681,2050.968687
1755.60721803,26500.785455,0.6817002, 68.4106,266.6094,259.0135,240.7774,2057.060102
1763.09936783,26500.785444,0.6814904, 68.4041,265.9166,258.7029,296.0826,2062.619562
1768.09416975,26500.785438,0.6814438, 68.3957,265.4774,258.4809,333.0077,2063.853694
1772.58934979,26500.785432,0.6814949, 68.3867,265.0596,258.3017,  6.0314,2062.499142
1794.56483860,26500.785404,0.6808850, 68.3611,263.0529,257.3837,166.1215,2078.661958
1798.06056300,26500.785399,0.6809245, 68.3542,262.7295,257.2448,191.0466,2077.616610
1804.05304224,26500.785392,0.6806682, 68.3510,262.1640,257.0142,233.4775,2084.409063
1811.04375562,26500.785383,0.6804902, 68.3410,261.5350,256.7160,282.2773,2089.124597
1816.53596340,26500.785377,0.6802486, 68.3409,261.0173,256.4992,319.8881,2095.528962
1832.51169385,26500.785358,0.6796348, 68.3324,259.5551,255.8474, 66.9647,2111.793406
1836.50470856,26500.785354,0.6794985, 68.3279,259.2034,255.6716, 92.4199,2115.406271
1838.50139356,26500.785352,0.6794697, 68.3257,259.0201,255.5904,105.4073,2116.170390
1851.97738708,26500.785338,0.6789576, 68.3229,257.8038,255.0240,190.6599,2129.741513
1860.96003468,26500.785329,0.6784411, 68.3233,256.9932,254.6456,245.5343,2143.428032
1866.44906032,26500.785323,0.6783291, 68.3172,256.5077,254.4077,278.5599,2146.396999
1870.44094088,26500.785319,0.6781278, 68.3196,256.1465,254.2390,302.3649,2151.731400
1885.90804331,26500.785305,0.6776432, 68.3105,254.7807,253.5727, 32.5235,2164.574603
1888.90132966,26500.785302,0.6775232, 68.3074,254.5266,253.4321, 49.4808,2167.753023
1901.37263537,26500.785291,0.6772717, 68.2969,253.4336,252.8861,119.0896,2174.418376
1906.85978324,26500.785286,0.6773169, 68.2856,252.9534,252.6539,149.3814,2173.220997
1909.85239631,26500.785284,0.6772681, 68.2821,252.6827,252.5342,165.3544,2174.514449
1922.82026752,26500.785273,0.6770428, 68.2643,251.5428,251.9734,234.4492,2180.483532
1926.81016952,26500.785269,0.6769498, 68.2621,251.1927,251.8003,255.3924,2182.949174
1929.80252140,26500.785267,0.6769610, 68.2563,250.9345,251.6704,270.9922,2182.650996
1937.78194899,26500.785260,0.6769664, 68.2417,250.2172,251.3550,312.3297,2182.510212
1938.77941515,26500.785259,0.6769316, 68.2412,250.1276,251.3142,317.5507,2183.431691
1948.75287465,26500.785251,0.6768260, 68.2247,249.2476,250.8924,  8.0668,2186.230772
1948.75291019,26500.785251,0.6768260, 68.2247,249.2476,250.8924,  8.1183,2186.230787
1951.74485262,26500.785248,0.6767505, 68.2247,248.9775,250.7693, 23.1302,2188.229730
1952.74204976,26500.785248,0.6767266, 68.2244,248.8895,250.7267, 27.9632,2188.865158
1952.74206592,26500.785248,0.6767266, 68.2244,248.8895,250.7267, 27.9866,2188.865167
1956.73118843,26500.785244,0.6767093, 68.2189,248.5413,250.5574, 47.8019,2189.321096
1956.73120506,26500.785244,0.6767093, 68.2189,248.5413,250.5574, 47.8260,2189.321092
1957.72861437,26500.785243,0.6767212, 68.2167,248.4534,250.5169, 52.9664,2189.008125
2015.06376500,26500.785198,0.6759038, 68.1897,243.3678,248.1544,325.5863,2210.669748
2019.05164557,26500.785195,0.6758234, 68.1912,243.0114,247.9943,343.6008,2212.800470
2027.02728272,26500.785189,0.6757039, 68.1897,242.3228,247.6438, 19.4637,2215.965911
2027.52575873,26500.785189,0.6757050, 68.1892,242.2794,247.6228, 21.7046,2215.938225
2033.50724672,26500.785184,0.6756539, 68.1935,241.7541,247.3682, 48.2650,2217.291974
2039.48861773,26500.785180,0.6756945, 68.1896,241.2393,247.1051, 74.6383,2216.214246
2040.98384476,26500.785179,0.6757148, 68.1873,241.1084,247.0439, 81.0634,2215.678341
2051.94900579,26500.785170,0.6756460, 68.1840,240.1517,246.5756,128.4211,2217.500614
2061.91670909,26500.785163,0.6757042, 68.1796,239.2857,246.1470,170.5933,2215.959235
2066.90035884,26500.785159,0.6758107, 68.1706,238.8556,245.9322,191.3722,2213.136662
2080.35540943,26500.785149,0.6758818, 68.1535,237.6790,245.3668,246.3211,2211.252702
2086.83325806,26500.785144,0.6759422, 68.1476,237.1109,245.0977,272.0621,2209.649991
2088.82646543,26500.785143,0.6759655, 68.1472,236.9374,245.0111,280.0098,2209.034863
2090.81956550,26500.785141,0.6760068, 68.1442,236.7648,244.9249,287.8003,2207.938129
2094.80571661,26500.785138,0.6761039, 68.1332,236.4155,244.7624,303.3101,2205.365513
2098.79175987,26500.785135,0.6761295, 68.1262,236.0601,244.6081,318.6645,2204.688445
2121.70896776,26500.785117,0.6763270, 68.0979,234.0476,243.6584, 43.3167,2199.452874
2122.70525911,26500.785116,0.6763359, 68.0957,233.9587,243.6204, 46.8379,2199.216518
2132.16967779,26500.785108,0.6763082, 68.0920,233.1207,243.2403, 79.7847,2199.951080
2134.16201003,26500.785107,0.6763252, 68.0880,232.9470,243.1559, 86.4686,2199.501594
2142.13110347,26500.785100,0.6763510, 68.0880,232.2469,242.8278,112.8824,2198.816770
2146.61354157,26500.785097,0.6764336, 68.0847,231.8549,242.6394,127.4642,2196.628762
2162.05109721,26500.785084,0.6764784, 68.0814,230.4971,242.0117,174.8646,2195.442418
2166.03451830,26500.785081,0.6764867, 68.0818,230.1495,241.8482,186.4428,2195.221908
2173.00512257,26500.785075,0.6766354, 68.0906,229.5435,241.5470,206.1270,2191.280605
2178.97945173,26500.785070,0.6767118, 68.0867,229.0173,241.3073,222.3008,2189.256332
2189.93139218,26500.785061,0.6768663, 68.0934,228.0647,240.8418,250.5103,2185.162118
2211.83091423,26500.785042,0.6774505, 68.1061,226.1559,239.9121,300.6188,2169.679997
2213.82158737,26500.785040,0.6775320, 68.1052,225.9829,239.8242,304.8915,2167.520779
2214.81690957,26500.785039,0.6775711, 68.1036,225.8962,239.7807,307.0078,2166.485181
2218.79812307,26500.785036,0.6776766, 68.0976,225.5489,239.6124,315.3727,2163.689245
2230.74090239,26500.785025,0.6782090, 68.0927,224.5032,239.1013,339.1980,2149.579904
2234.72181766,26500.785021,0.6782915, 68.0895,224.1498,238.9405,347.1219,2147.394116
2237.70737798,26500.785018,0.6783814, 68.0914,223.8874,238.8143,352.8795,2145.011390
2238.70260182,26500.785017,0.6784244, 68.0914,223.8001,238.7711,354.8519,2143.869931
2241.68808664,26500.785014,0.6785672, 68.0861,223.5372,238.6413,  0.5000,2140.086756
2244.67355082,26500.785011,0.6786629, 68.0768,223.2730,238.5159,  6.1263,2137.551534
2249.64949115,26500.785006,0.6788018, 68.0771,222.8364,238.3082, 15.7495,2133.869609
2253.63033588,26500.785002,0.6790330, 68.0744,222.4853,238.1368, 23.5674,2127.741545
2263.58246855,26500.784991,0.6792983, 68.0539,221.5931,237.7358, 43.1529,2120.711710
2266.56846784,26500.784988,0.6794067, 68.0529,221.3285,237.6098, 49.5467,2117.838741
2271.04709482,26500.784983,0.6795631, 68.0392,220.9283,237.4218, 58.6071,2113.693169
2281.99583730,26500.784970,0.6799226, 68.0321,219.9572,236.9675, 82.1940,2104.166863
2287.47056093,26500.784964,0.6800031, 68.0185,219.4624,236.7522, 94.4949,2102.035234
2289.95919152,26500.784961,0.6800170, 68.0200,219.2406,236.6525,100.2604,2101.664358
2292.94562660,26500.784958,0.6800913, 68.0227,218.9761,236.5285,107.2880,2099.696354
2295.43439587,26500.784955,0.6801843, 68.0204,218.7546,236.4238,113.2501,2097.232487
2296.92767402,26500.784953,0.6802286, 68.0166,218.6209,236.3616,116.8539,2096.057331
2298.42096737,26500.784951,0.6802508, 68.0126,218.4872,236.3002,120.4832,2095.470027
2300.41204913,26500.784949,0.6802539, 68.0106,218.3106,236.2190,125.3611,2095.386612
2302.40319451,26500.784946,0.6802714, 68.0144,218.1363,236.1366,130.3307,2094.923367
2304.39450003,26500.784944,0.6803403, 68.0203,217.9627,236.0523,135.5265,2093.098166
2305.88778004,26500.784942,0.6804186, 68.0229,217.8316,235.9886,139.1310,2091.022693
2306.88338862,26500.784941,0.6804742, 68.0232,217.7434,235.9465,141.6613,2089.550775
2307.87904173,26500.784940,0.6805263, 68.0222,217.6546,235.9049,144.2560,2088.168492
2309.37274234,26500.784938,0.6805898, 68.0194,217.5205,235.8438,148.4688,2086.486264
2311.36410806,26500.784935,0.6806377, 68.0151,217.3410,235.7643,153.7477,2085.215639
2312.85767451,26500.784933,0.6806494, 68.0133,217.2067,235.7053,157.7697,2084.907129
2315.34672946,26500.784930,0.6806537, 68.0152,216.9850,235.6061,164.1513,2084.792382
2339.74577894,26500.784899,0.6815515, 68.0411,214.8334,234.5836,235.7949,2061.000386
2354.68742822,26500.784878,0.6821605, 68.0600,213.5145,233.9568,284.6369,2044.860589
2367.63834110,26500.784858,0.6829927, 68.0744,212.3678,233.4096,329.1039,2022.806539
2374.11456818,26500.784848,0.6833330, 68.0892,211.7950,233.1378,352.4441,2013.788347
2382.08582638,26500.784834,0.6838270, 68.0805,211.0777,232.8030, 21.9193,2000.698961
2383.08226834,26500.784833,0.6838648, 68.0821,210.9897,232.7611, 25.6574,1999.695398
2385.57340355,26500.784828,0.6840223, 68.0903,210.7717,232.6550, 35.0412,1995.523260
2390.05759664,26500.784820,0.6844961, 68.0915,210.3690,232.4643, 52.1292,1982.965943
2391.05411258,26500.784818,0.6845824, 68.0878,210.2769,232.4233, 55.9692,1980.679461
2392.05063337,26500.784816,0.6846506, 68.0839,210.1845,232.3827, 59.8177,1978.872209
2402.01625585,26500.784797,0.6851991, 68.0829,209.2807,231.9708, 98.9024,1964.335504
2409.98916139,26500.784781,0.6856385, 68.0626,208.5484,231.6410,130.7661,1952.691365
2425.43826029,26500.784747,0.6865612, 68.0440,207.1283,231.0061,194.8064,1928.240489
2431.91725512,26500.784732,0.6870066, 68.0358,206.5303,230.7383,222.1418,1916.434831
2438.89501845,26500.784716,0.6871949, 68.0241,205.8867,230.4509,252.1761,1911.444474
2440.88869896,26500.784711,0.6873249, 68.0284,205.7068,230.3680,260.7976,1907.999786
2442.88244822,26500.784706,0.6875000, 68.0277,205.5234,230.2859,269.5136,1903.359728
2444.87619351,26500.784701,0.6876585, 68.0205,205.3355,230.2053,278.2258,1899.159676
2450.85759726,26500.784685,0.6877926, 68.0035,204.7731,229.9635,304.6417,1895.606013
2451.85449142,26500.784683,0.6878110, 68.0051,204.6821,229.9222,309.0347,1895.118400
2453.84834983,26500.784678,0.6878871, 68.0092,204.5007,229.8393,317.9174,1893.102248
2455.84221545,26500.784672,0.6880087, 68.0111,204.3179,229.7566,326.8054,1889.878579
2457.83610961,26500.784667,0.6881418, 68.0082,204.1324,229.6744,335.7341,1886.351347
2459.83006860,26500.784662,0.6882406, 68.0012,203.9446,229.5926,344.7617,1883.733893
2461.82393029,26500.784656,0.6882784, 67.9946,203.7575,229.5105,353.6564,1882.731693
2464.81485322,26500.784648,0.6882904, 67.9963,203.4844,229.3854,  7.1930,1882.412706
2467.80583885,26500.784640,0.6884285, 68.0076,203.2166,229.2598, 20.8048,1878.754742
2469.79982638,26500.784635,0.6885921, 68.0104,203.0343,229.1775, 29.8661,1874.418915
2477.77618267,26500.784612,0.6888586, 67.9976,202.2879,228.8518, 66.7430,1867.355452
2479.77031331,26500.784606,0.6889005, 68.0048,202.1077,228.7680, 76.0239,1866.245951
2482.76154844,26500.784597,0.6890676, 68.0147,201.8370,228.6425, 89.9889,1861.818485
2488.24565906,26500.784581,0.6893686, 68.0092,201.3269,228.4150,115.8552,1853.839759
2490.73843487,26500.784573,0.6893895, 68.0100,201.0981,228.3098,127.6261,1853.287488
2492.23413239,26500.784569,0.6894122, 68.0164,200.9646,228.2458,134.7339,1852.686520
2494.72695821,26500.784561,0.6895526, 68.0311,200.7442,228.1397,146.5623,1848.965273
2496.22271308,26500.784557,0.6896926, 68.0371,200.6096,228.0772,153.7380,1845.253437
2504.69885342,26500.784529,0.6901225, 68.0359,199.8217,227.7273,194.7243,1833.860541
2506.19461116,26500.784524,0.6901670, 68.0430,199.6873,227.6638,201.9136,1832.683145
2511.18046935,26500.784508,0.6905396, 68.0634,199.2369,227.4540,225.8473,1822.808472
2515.16991302,26500.784494,0.6908188, 68.0602,198.8647,227.2883,246.0951,1815.409246
2517.66313645,26500.784485,0.6908897, 68.0616,198.6350,227.1826,258.5051,1813.529569
2522.15009951,26500.784469,0.6911595, 68.0877,198.2364,226.9907,279.6093,1806.380175
2524.14477375,26500.784462,0.6914049, 68.0948,198.0552,226.9082,289.6514,1799.878471
2528.13423614,26500.784447,0.6917830, 68.0883,197.6783,226.7457,309.9147,1789.856231
2530.12912453,26500.784439,0.6918655, 68.0871,197.4910,226.6625,320.2866,1787.669762
2532.12281151,26500.784431,0.6919381, 68.0926,197.3081,226.5781,328.9177,1785.745949
2533.12008211,26500.784427,0.6919895, 68.0973,197.2178,226.5357,333.8496,1784.384694
2536.11205467,26500.784415,0.6922409, 68.1120,196.9472,226.4097,348.8648,1777.723265
2540.10335936,26500.784399,0.6926733, 68.1144,196.5747,226.2456, 11.7818,1766.262850
2542.09825179,26500.784390,0.6928295, 68.1096,196.3849,226.1634, 22.1478,1762.123717
2546.08789402,26500.784373,0.6930110, 68.1112,196.0133,225.9949, 42.6907,1757.314749
2559.05286234,26500.784312,0.6941935, 68.1158,194.7946,225.4602,107.3965,1725.975798
2562.04612196,26500.784297,0.6944168, 68.1260,194.5176,225.3345,124.2774,1720.060309
2565.03888919,26500.784282,0.6947593, 68.1294,194.2358,225.2122,140.4276,1710.982493
2570.03296516,26500.784255,0.6952074, 68.1097,193.7493,225.0095,176.2466,1699.109111
2576.01869723,26500.784222,0.6955419, 68.1152,193.1855,224.7582,208.8824,1690.243626
2578.01546036,26500.784210,0.6957888, 68.1185,192.9974,224.6777,221.9432,1683.700598
2582.00276294,26500.784186,0.6962575, 68.0986,192.6026,224.5202,239.0571,1671.278616
2584.00013757,26500.784174,0.6963587, 68.0874,192.4038,224.4379,253.0289,1668.597630
2586.98896714,26500.784156,0.6964683, 68.0861,192.1162,224.3112,263.5102,1665.693894
2588.98408633,26500.784143,0.6966061, 68.0906,191.9275,224.2275,274.2040,1662.042316
2596.97019428,26500.784091,0.6972917, 68.0636,191.1418,223.9034,325.1196,1643.871861
2602.95733403,26500.784050,0.6974988, 68.0629,190.5661,223.6503,359.8116,1638.384478
2607.94699266,26500.784015,0.6980095, 68.0540,190.0777,223.4514, 29.2173,1624.850184
2611.93881035,26500.783985,0.6981701, 68.0306,189.6753,223.2858, 52.9202,1620.593177
2614.93259272,26500.783963,0.6982380, 68.0348,189.3874,223.1561, 70.5847,1618.795137
2617.92791109,26500.783940,0.6984518, 68.0417,189.1009,223.0307, 90.4484,1613.129994
2619.92392463,26500.783925,0.6986302, 68.0386,188.9048,222.9496,102.4314,1608.401525
2621.92062000,26500.783910,0.6987734, 68.0294,188.7048,222.8682,115.4086,1604.605105
2623.41804960,26500.783898,0.6988350, 68.0215,188.5543,222.8059,125.0159,1602.972684
2627.90994601,26500.783862,0.6988727, 68.0180,188.1167,222.6113,153.2894,1601.973407
2629.40737189,26500.783850,0.6989208, 68.0247,187.9757,222.5468,162.8905,1600.701071
2630.90485038,26500.783838,0.6990154, 68.0313,187.8345,222.4840,172.5599,1598.192243
2633.40065736,26500.783818,0.6992434, 68.0343,187.5932,222.3833,188.6794,1592.149926
2635.39732490,26500.783801,0.6994112, 68.0270,187.3935,222.3033,201.6119,1587.703423
2639.39098299,26500.783767,0.6995109, 68.0138,186.9948,222.1331,227.9886,1585.062139
2641.38777219,26500.783750,0.6995306, 68.0211,186.8046,222.0443,241.1228,1584.539507
2643.38448379,26500.783733,0.6996239, 68.0332,186.6172,221.9573,254.1304,1582.066780
2646.38011748,26500.783707,0.6998758, 68.0430,186.3305,221.8325,274.4420,1575.391333
2648.37718724,26500.783690,0.7000367, 68.0405,186.1337,221.7505,287.9565,1571.127342
2650.37427483,26500.783672,0.7001369, 68.0347,185.9350,221.6666,301.5075,1568.471824
2651.87215486,26500.783658,0.7001669, 68.0323,185.7873,221.6017,311.7713,1567.676270
2653.36995597,26500.783644,0.7001749, 68.0343,185.6427,221.5354,321.9237,1567.465278
2654.86783249,26500.783631,0.7001898, 68.0415,185.5014,221.4686,332.1831,1567.070287
2658.36299106,26500.783599,0.7003874, 68.0668,185.1765,221.3187,356.2544,1561.834107
2661.35893867,26500.783571,0.7006927, 68.0736,184.8872,221.1983, 17.0061,1553.743029
2663.35650993,26500.783551,0.7008485, 68.0687,184.6879,221.1170, 31.2469,1549.613195
2665.35376728,26500.783532,0.7009214, 68.0650,184.4896,221.0315, 45.0487,1547.681667
2667.35117037,26500.783512,0.7009532, 68.0706,184.2973,220.9425, 59.0682,1546.838531
2669.34861613,26500.783492,0.7010269, 68.0855,184.1107,220.8536, 73.1402,1544.887446
2671.34611019,26500.783473,0.7011859, 68.1016,183.9247,220.7682, 87.2656,1540.673231
2673.34367879,26500.783452,0.7014004, 68.1110,183.7343,220.6861,101.4887,1534.989368
2675.34126170,26500.783431,0.7016056, 68.1120,183.5386,220.6050,115.7344,1529.551081
2681.33428683,26500.783367,0.7018853, 68.1155,182.9529,220.3472,158.9295,1522.136989
2683.33192506,26500.783346,0.7019771, 68.1310,182.7668,220.2595,173.2710,1519.704584
2685.32954203,26500.783324,0.7021589, 68.1479,182.5812,220.1761,187.5641,1514.886305
2687.32720106,26500.783301,0.7024106, 68.1569,182.3899,220.0972,201.9061,1508.217801
2689.32527508,26500.783278,0.7026526, 68.1553,182.1914,220.0191,216.8536,1501.804059
2691.32326706,26500.783255,0.7028168, 68.1492,181.9901,219.9375,231.6986,1497.452090
2693.32112561,26500.783231,0.7029060, 68.1487,181.7922,219.8511,246.3641,1495.088389
2695.31906122,26500.783207,0.7029896, 68.1584,181.6008,219.7628,261.1404,1492.873784
2696.81737906,26500.783189,0.7030942, 68.1702,181.4600,219.6979,272.0194,1490.101906
2696.81745068,26500.783189,0.7030942, 68.1702,181.4600,219.6979,272.1232,1490.101742
2699.31500518,26500.783158,0.7033708, 68.1869,181.2230,219.5951,290.7530,1482.770051
2701.31288811,26500.783132,0.7036314, 68.1906,181.0270,219.5162,305.4169,1475.866313
2703.31109802,26500.783106,0.7038562, 68.1863,180.8261,219.4368,320.5619,1469.907992
2707.30688058,26500.783053,0.7041084, 68.1790,180.4254,219.2684,349.9643,1463.224504
2709.30472536,26500.783025,0.7041993, 68.1863,180.2320,219.1813,  4.6019,1460.815140
2710.80345550,26500.783005,0.7043029, 68.1962,180.0895,219.1173, 16.0739,1458.068535
2712.30201446,26500.782984,0.7044578, 68.2062,179.9468,219.0562, 27.2874,1453.965527
2714.30014075,26500.782956,0.7047315, 68.2127,179.7517,218.9792, 42.2958,1446.712253
2716.29840262,26500.782926,0.7050092, 68.2070,179.5483,218.9038, 57.5033,1439.353017
2721.29333943,26500.782851,0.7053619, 68.1893,179.0373,218.6957, 94.5558,1430.005070
2723.29138870,26500.782820,0.7054826, 68.1980,178.8425,218.6091,109.4853,1426.805805
2725.28956341,26500.782788,0.7056812, 68.2085,178.6484,218.5265,124.5789,1421.544616
2727.28744321,26500.782756,0.7059387, 68.2121,178.4498,218.4482,139.2332,1414.718561
2729.28546134,26500.782723,0.7061932, 68.2058,178.2448,218.3712,154.0894,1407.975032
2731.28347708,26500.782689,0.7063884, 68.1936,178.0363,218.2919,168.9550,1402.801365
2735.27932095,26500.782620,0.7065906, 68.1793,177.6255,218.1223,198.4490,1397.444769
2737.27699917,26500.782585,0.7066865, 68.1840,177.4273,218.0361,212.8403,1394.902138
2739.27473376,26500.782550,0.7068505, 68.1921,177.2308,217.9537,227.2976,1390.556403
2740.77300943,26500.782523,0.7070266, 68.1951,177.0811,217.8955,238.0934,1385.889378
2743.76958711,26500.782467,0.7074132, 68.1811,176.7685,217.7834,259.7224,1375.643250
2745.26789303,26500.782439,0.7075488, 68.1673,176.6077,217.7242,270.5776,1372.050919
2746.76607569,26500.782410,0.7076265, 68.1561,176.4486,217.6609,281.2673,1369.991710
2748.76357434,26500.782371,0.7076921, 68.1522,176.2432,217.5726,295.4132,1368.253678
2750.76112806,26500.782332,0.7077991, 68.1584,176.0437,217.4856,309.6265,1365.416526
2752.25927177,26500.782302,0.7079315, 68.1635,175.8941,217.4236,320.2425,1361.908610
2756.25426588,26500.782220,0.7083758, 68.1538,175.4803,217.2677,348.4518,1350.133841
2759.25020066,26500.782157,0.7085899, 68.1300,175.1598,217.1461,  9.1866,1344.460366
2760.74832559,26500.782125,0.7086382, 68.1210,175.0013,217.0814, 19.7942,1343.180539
2762.24608809,26500.782093,0.7086681, 68.1170,174.8459,217.0153, 29.8793,1342.387192
2768.23744247,26500.781962,0.7090151, 68.1272,174.2388,216.7636, 70.5992,1333.193280
2769.73525835,26500.781929,0.7091760, 68.1218,174.0815,216.7066, 80.7318,1328.927281
2770.73381186,26500.781906,0.7092768, 68.1144,173.9743,216.6685, 87.5039,1326.256748
2772.23159808,26500.781871,0.7093919, 68.1000,173.8113,216.6089, 97.6090,1323.206650
2774.22860485,26500.781825,0.7094584, 68.0842,173.5960,216.5224,111.0447,1321.444507
2775.72628405,26500.781790,0.7094754, 68.0814,173.4401,216.4538,121.0183,1320.994281
2777.22383479,26500.781755,0.7095135, 68.0862,173.2886,216.3857,130.7988,1319.984533
2821.14403692,26500.780595,0.7115982, 68.0997,168.7409,214.4948, 45.8319,1264.737560
2836.11187311,26500.780140,0.7124909, 68.1462,167.2044,213.8546,132.3396,1241.081758
2840.10335744,26500.780011,0.7127905, 68.1382,166.7825,213.6905,155.4788,1233.140844
2844.09465105,26500.779880,0.7128756, 68.1458,166.3698,213.5077,178.3929,1230.884863
2981.72726949,26500.772604,0.7204754, 68.0916,151.5697,207.6964,149.8832,1029.483209
2987.70927937,26500.772170,0.7207385, 68.1171,150.9246,207.4456,177.0015,1022.510672
3017.11822151,26500.769922,0.7218796, 68.2120,147.7322,206.1650,306.6692,992.268906
3028.08329867,26500.769145,0.7224235, 68.2687,146.5497,205.7034,353.5309,977.855921
3030.07688469,26500.768995,0.7225111, 68.2587,146.3252,205.6205,  1.9618,975.532976
3033.06721600,26500.768768,0.7225767, 68.2608,145.9961,205.4830, 14.5689,973.794876
3036.05707391,26500.768538,0.7226518, 68.2846,145.6770,205.3473, 26.4719,971.804964
3038.05046277,26500.768384,0.7227378, 68.3017,145.4647,205.2651, 34.5986,969.526549
3040.04392520,26500.768226,0.7228491, 68.3101,145.2484,205.1894, 42.8159,966.577538
3043.03412100,26500.767986,0.7230148, 68.3000,144.9132,205.0776, 55.1513,962.186477
3045.02760706,26500.767822,0.7230883, 68.2864,144.6865,204.9949, 63.4358,960.238044
3048.01755733,26500.767575,0.7231510, 68.2880,144.3561,204.8568, 75.4923,958.575962
3054.99425887,26500.766978,0.7235614, 68.3125,143.5941,204.5915,103.6564,947.698802
3059.97721326,26500.766531,0.7237067, 68.2806,143.0268,204.3787,123.2800,943.849796
3060.97383305,26500.766441,0.7237227, 68.2823,142.9168,204.3330,127.2519,943.425794
3062.96699050,26500.766260,0.7237664, 68.2911,142.6992,204.2445,135.0646,942.268001
3066.45484946,26500.765939,0.7238998, 68.3024,142.3163,204.1060,148.4482,938.730781
3068.44784958,26500.765752,0.7239947, 68.2943,142.0909,204.0335,155.9933,936.216324
3070.93937983,26500.765515,0.7240909, 68.2685,141.8019,203.9384,165.8527,933.667629
3074.92544051,26500.765131,0.7241534, 68.2451,141.3466,203.7583,181.1467,932.011373
3076.91828591,26500.764938,0.7242017, 68.2571,141.1291,203.6695,188.5119,930.731656
3087.87906887,26500.763833,0.7245523, 68.1960,139.8760,203.2275,229.1297,921.439860
3091.86443559,26500.763422,0.7246136, 68.2044,139.4322,203.0512,243.3923,919.813745
3093.85712224,26500.763215,0.7246714, 68.2032,139.2079,202.9727,250.5022,918.282011
3095.84951705,26500.763006,0.7247344, 68.1902,138.9785,202.8976,257.1856,916.613695
3101.82683580,26500.762370,0.7248067, 68.1354,138.2821,202.6338,277.5628,914.696092
3104.81540266,26500.762050,0.7248611, 68.1534,137.9524,202.4990,287.6085,913.255562
3116.27123623,26500.760790,0.7250627, 68.0961,136.6346,202.0082,325.5999,907.912352
3117.76529755,26500.760624,0.7250762, 68.1028,136.4683,201.9392,330.3057,907.553791
3121.74940266,26500.760179,0.7251509, 68.1091,136.0201,201.7727,342.7230,905.575764
3189.95124920,26500.752765,0.7260963, 68.2561,128.3415,198.7847,158.1494,880.520085
3195.92166914,26500.752088,0.7261305, 68.2437,127.6617,198.5198,168.4938,879.611497
3206.86877189,26500.750830,0.7262079, 68.2799,126.4383,198.0674,189.2461,877.562175
3214.82903921,26500.749908,0.7262428, 68.3199,125.5523,197.7211,202.5680,876.635186
3217.81629949,26500.749559,0.7262491, 68.3062,125.2108,197.6203,210.6157,876.469648
3224.78285828,26500.748747,0.7262281, 68.2886,124.4174,197.3102,224.2276,877.024922
3229.75945237,26500.748168,0.7262235, 68.3060,123.8615,197.1099,234.5666,877.146659
3237.72301331,26500.747249,0.7261533, 68.2541,122.9441,196.7738,252.6597,879.007572
3242.70054932,26500.746680,0.7261350, 68.2823,122.3904,196.5746,264.3719,879.493161
3258.62855708,26500.744898,0.7259507, 68.2099,120.5637,195.9148,301.8230,884.374700
3263.60846991,26500.744357,0.7258676, 68.1576,119.9823,195.6966,317.0722,886.576757
3273.56484603,26500.743293,0.7257275, 68.1341,118.8448,195.2879,342.4825,890.290672
3291.98660392,26500.741399,0.7255444, 68.0769,116.7321,194.4551, 33.3050,895.141243
3299.95561651,26500.740599,0.7254475, 68.0897,115.8297,194.1276, 59.3129,897.710007
3302.94404107,26500.740305,0.7254175, 68.0702,115.4835,193.9859, 69.1955,898.505264
3346.28702516,26500.735462,0.7251656, 68.2204,110.6108,192.0583,227.5716,905.179979
3346.28764169,26500.735462,0.7251656, 68.2204,110.6107,192.0583,228.4649,905.179888
3354.26094169,26500.734562,0.7249770, 68.2745,109.7275,191.7457,260.5989,910.176687
3400.11690693,26500.729885,0.7235984, 68.3154,104.6172,189.8152, 99.4713,946.708999
3458.45391541,26500.725344,0.7214854, 68.2051, 98.1171,187.2877, 22.1779,1002.703060
3598.17251803,26500.716306,0.7155749, 68.4380, 83.0235,181.2312,136.0437,1159.333802
3612.15525844,26500.715702,0.7149841, 68.4187, 81.5393,180.5957,235.3187,1174.989702
3620.64588572,26500.715350,0.7148500, 68.4314, 80.6395,180.1914,297.2615,1178.543924
3623.14308000,26500.715248,0.7146754, 68.4420, 80.3774,180.0914,315.3515,1183.170350
3644.12201529,26500.714429,0.7140987, 68.4588, 78.1643,179.1241,111.3170,1198.453496
3658.11230971,26500.713905,0.7137446, 68.5357, 76.6987,178.4953,221.5248,1207.838593
3672.09958822,26500.713400,0.7134030, 68.6087, 75.2451,177.8742,327.3103,1216.889856
3685.08785278,26500.712952,0.7128283, 68.6874, 73.9027,177.3093, 65.6018,1232.118576
3694.57783726,26500.712640,0.7122724, 68.7311, 72.9318,176.9126,135.2756,1246.851335
3727.53617553,26500.711691,0.7102039, 68.8131, 69.5828,175.4548,  7.5639,1301.668211
3765.97328024,26500.710838,0.7074440, 68.7807, 65.7256,173.6911,258.0924,1374.806340
3772.46116477,26500.710713,0.7071115, 68.7990, 65.0790,173.4032,298.2076,1383.617919
3794.41755181,26500.710316,0.7064279, 68.8277, 62.8853,172.3486, 70.4515,1401.734507
3808.38855391,26500.710075,0.7061503, 68.8770, 61.4976,171.6943,152.7539,1409.090530
3822.85750847,26500.709834,0.7057783, 68.9703, 60.0624,171.0351,236.4717,1418.949545
3833.83177930,26500.709658,0.7053909, 69.0114, 58.9856,170.5319,296.8076,1429.214555
3846.80237222,26500.709459,0.7047970, 69.0859, 57.7168,169.9473,  9.5239,1444.953349
3851.78858067,26500.709384,0.7046347, 69.1400, 57.2293,169.7371, 33.8615,1449.255469
3861.76686457,26500.709243,0.7040831, 69.1606, 56.2666,169.2733, 91.1208,1463.871635
3868.74891401,26500.709149,0.7034770, 69.2007, 55.5965,168.9766,127.1396,1479.935001
3879.72179296,26500.709010,0.7028166, 69.2385, 54.5437,168.4716,185.4245,1497.436823
3885.70604353,26500.708939,0.7022728, 69.2194, 53.9790,168.1846,215.8443,1511.845988
3899.67077996,26500.708785,0.7012115, 69.2330, 52.6560,167.5239,288.9809,1539.971026
3910.64082647,26500.708674,0.7004438, 69.2448, 51.6224,167.0098,343.1833,1560.316946
3914.62946063,26500.708636,0.7003041, 69.2370, 51.2463,166.8018,  2.2670,1564.017998
3928.59240798,26500.708509,0.6995103, 69.2476, 49.9320,166.1169, 72.9004,1585.056164
3930.58652759,26500.708492,0.6994958, 69.2623, 49.7419,166.0235, 82.1365,1585.438888
3939.56053090,26500.708416,0.6989289, 69.2526, 48.9058,165.5858,124.3764,1600.461904
3942.55177050,26500.708391,0.6989606, 69.2606, 48.6224,165.4304,138.3569,1599.621062
3949.53107720,26500.708334,0.6986398, 69.2939, 47.9663,165.1067,170.4975,1608.124809
3950.52876739,26500.708326,0.6985496, 69.2902, 47.8741,165.0566,176.0311,1610.514940
3957.50769166,26500.708271,0.6985626, 69.3124, 47.2129,164.6986,207.7162,1610.168462
3959.50251750,26500.708255,0.6985046, 69.3285, 47.0246,164.6111,217.9588,1611.706392
3962.49408126,26500.708232,0.6983043, 69.3335, 46.7471,164.4729,232.3511,1617.014770
3976.95175008,26500.708121,0.6980270, 69.3968, 45.3910,163.7739,299.7730,1624.364324
3989.91142967,26500.708024,0.6977433, 69.4684, 44.1760,163.1595,356.7477,1631.882635
3991.40699891,26500.708013,0.6976628, 69.4681, 44.0387,163.0854,  3.6450,1634.014449
3995.89343668,26500.707981,0.6976765, 69.4857, 43.6199,162.8585, 23.9736,1633.651731
3998.38560799,26500.707963,0.6977145, 69.5130, 43.3842,162.7441, 34.8177,1632.644356
4001.37615468,26500.707941,0.6975904, 69.5435, 43.1050,162.6165, 47.7115,1635.933349
4004.36612919,26500.707920,0.6973200, 69.5531, 42.8316,162.4813, 59.7816,1643.099489
4009.34989671,26500.707886,0.6971854, 69.5655, 42.3709,162.2289, 80.6690,1646.666702
4012.34020976,26500.707865,0.6971985, 69.6017, 42.0887,162.0964, 93.2426,1646.320171
4020.31422642,26500.707812,0.6965734, 69.6262, 41.3629,161.7298,126.5318,1662.885395
4028.28797223,26500.707760,0.6963114, 69.6884, 40.6273,161.3641,159.4519,1669.827417
4029.28469926,26500.707754,0.6961982, 69.6927, 40.5375,161.3207,163.5687,1672.827897
4033.27152758,26500.707730,0.6957603, 69.6893, 40.1818,161.1276,179.9625,1684.432910
4035.76275709,26500.707715,0.6956661, 69.6919, 39.9558,160.9984,189.4599,1686.928448
4037.25780037,26500.707706,0.6956571, 69.7020, 39.8179,160.9251,195.5950,1687.166117
4047.72177964,26500.707647,0.6947428, 69.7280, 38.8795,160.4355,236.5172,1711.397823
4050.71140747,26500.707631,0.6946632, 69.7384, 38.6086,160.2842,248.1306,1713.505304
4063.66546513,26500.707565,0.6935997, 69.7543, 37.4569,159.6476,296.9200,1741.688971
4075.62182171,26500.707510,0.6926625, 69.7594, 36.4005,159.0533,340.1894,1766.525755
4076.61814094,26500.707506,0.6926482, 69.7608, 36.3113,159.0000,343.7447,1766.906169
4082.59588744,26500.707480,0.6923574, 69.7887, 35.7767,158.7113,  4.7528,1774.611578
4085.58457976,26500.707468,0.6920051, 69.7819, 35.5179,158.5610, 14.9917,1783.948001
4097.53851059,26500.707420,0.6914869, 69.7967, 34.4594,157.9476, 54.8208,1797.680503
4105.50729018,26500.707390,0.6912751, 69.7931, 33.7567,157.5161, 80.6967,1803.293216
4112.47922545,26500.707364,0.6909100, 69.8191, 33.1397,157.1766,102.1637,1812.969330
4120.44681101,26500.707335,0.6909431, 69.8411, 32.4284,156.7541,126.3020,1812.092049
4131.40141039,26500.707296,0.6906660, 69.8695, 31.4603,156.1967,158.2148,1819.434601
4134.38863640,26500.707285,0.6907393, 69.8982, 31.1884,156.0545,166.3410,1817.491200
4154.30200224,26500.707216,0.6901515, 69.9964, 29.4255,155.0854,218.3195,1833.068566
4161.27053862,26500.707192,0.6902320, 70.0447, 28.8021,154.7400,234.8869,1830.935291
4168.73657208,26500.707167,0.6897204, 70.0778, 28.1529,154.3867,252.1850,1844.492814
4202.58083943,26500.707066,0.6881206, 70.2375, 25.2163,152.7410,328.1828,1886.890310
4208.55264258,26500.707050,0.6874032, 70.2431, 24.7172,152.4515,340.5277,1905.902012
4215.52087527,26500.707032,0.6871529, 70.2673, 24.1204,152.0933,356.6497,1912.533703
4222.48960092,26500.707015,0.6863863, 70.2698, 23.5436,151.7429, 13.4304,1932.850306
4229.45837761,26500.707000,0.6861878, 70.2847, 22.9532,151.3753, 30.3574,1938.110812
4232.44510198,26500.706993,0.6858860, 70.2946, 22.7029,151.2350, 37.7187,1946.108045
4236.42773848,26500.706984,0.6854397, 70.2793, 22.3803,151.0164, 48.0817,1957.935421
4240.41040303,26500.706976,0.6853892, 70.2848, 22.0432,150.7962, 58.5180,1959.272735
4244.39317207,26500.706968,0.6851865, 70.3055, 21.7046,150.6022, 69.0439,1964.646514
4247.38059021,26500.706962,0.6848654, 70.3039, 21.4607,150.4480, 77.4361,1973.154706
4251.36401921,26500.706954,0.6846279, 70.2905, 21.1365,150.2195, 88.9782,1979.449077
4254.35155657,26500.706948,0.6846654, 70.2965, 20.8836,150.0547, 97.5870,1978.453951
4258.33494359,26500.706941,0.6845557, 70.3174, 20.5443,149.8603,109.0131,1981.361130
4262.31852323,26500.706933,0.6841698, 70.3116, 20.2202,149.6499,120.7314,1991.587692
4264.80821925,26500.706929,0.6840984, 70.3049, 20.0155,149.5034,128.0366,1993.479907
4272.27847555,26500.706915,0.6840261, 70.3430, 19.3776,149.1224,151.5444,1995.396485
4278.75281216,26500.706904,0.6837371, 70.3362, 18.8470,148.7623,172.1162,2003.055430
4287.21976499,26500.706889,0.6837112, 70.3795, 18.1259,148.3376,199.6961,2003.743063
4289.21198586,26500.706885,0.6835678, 70.3774, 17.9638,148.2303,206.1856,2007.541754
4295.18933563,26500.706875,0.6836884, 70.3960, 17.4561,147.9030,226.7004,2004.346318
4305.65039114,26500.706857,0.6833690, 70.4346, 16.5796,147.3687,263.4843,2012.809803
4319.60037522,26500.706833,0.6832016, 70.4996, 15.4021,146.6645,315.2891,2017.247248
4322.09143473,26500.706829,0.6833003, 70.5196, 15.1854,146.5397,324.5357,2014.631427
4322.09155786,26500.706829,0.6833003, 70.5196, 15.1854,146.5397,324.7141,2014.631340
4326.57587707,26500.706822,0.6831496, 70.5592, 14.8011,146.3369,341.8887,2018.623795
4329.56548449,26500.706817,0.6829090, 70.5659, 14.5574,146.1866,353.4427,2025.001315
4333.55186691,26500.706810,0.6828400, 70.5728, 14.2291,145.9709,  9.2382,2026.828740
4336.54178523,26500.706805,0.6829189, 70.5955, 13.9724,145.8240, 21.2567,2024.738115
4341.52489602,26500.706798,0.6826012, 70.6302, 13.5542,145.6002, 41.0942,2033.158532
4358.96762997,26500.706771,0.6815609, 70.6900, 12.1245,144.7196,113.3865,2060.726829
4362.95490680,26500.706766,0.6815222, 70.7046, 11.7956,144.5108,130.4647,2061.751693
4365.44701942,26500.706762,0.6814346, 70.7237, 11.5863,144.3964,141.1992,2064.073676
4370.92969997,26500.706755,0.6807685, 70.7319, 11.1513,144.1252,164.8689,2081.724635
4371.92660162,26500.706754,0.6806900, 70.7297, 11.0733,144.0684,169.2627,2083.805947
4375.41577778,26500.706749,0.6806113, 70.7381, 10.7884,143.8788,184.6692,2085.892040
4376.91110156,26500.706747,0.6805717, 70.7486, 10.6632,143.8064,191.2015,2086.941812
4397.34878744,26500.706724,0.6788704, 70.7807,  9.0435,142.7492,282.8116,2132.027024
4400.83846056,26500.706720,0.6786551, 70.7710,  8.7732,142.5425,298.9617,2137.732532
4403.82962125,26500.706717,0.6786283, 70.7836,  8.5277,142.3837,312.8019,2138.441091
4414.79761612,26500.706706,0.6778118, 70.7829,  7.6737,141.7835,  4.1065,2160.080933
4420.78040619,26500.706700,0.6777234, 70.8031,  7.1909,141.4705, 32.4465,2162.423688
4426.26480022,26500.706695,0.6772160, 70.7937,  6.7709,141.1643, 58.6811,2175.870303
4432.24788042,26500.706690,0.6772593, 70.8141,  6.2826,140.8362, 87.4891,2174.722620
4437.73248697,26500.706685,0.6768517, 70.8208,  5.8540,140.5441,114.0121,2185.523222
4442.71887117,26500.706680,0.6768641, 70.8181,  5.4631,140.2522,138.7402,2185.194898
4445.71054500,26500.706678,0.6769649, 70.8329,  5.2173,140.0959,153.3229,2182.522466
4448.70244162,26500.706675,0.6768837, 70.8479,  4.9747,139.9490,168.2000,2184.675373
4450.19837906,26500.706674,0.6767735, 70.8505,  4.8575,139.8719,175.6250,2187.594944
4463.16403022,26500.706663,0.6765589, 70.8954,  3.8107,139.1831,241.3156,2193.283237
4473.63613540,26500.706654,0.6766685, 70.9308,  2.9673,138.6241,294.1566,2190.377734
4478.62369669,26500.706650,0.6763825, 70.9511,  2.5701,138.3794,320.4824,2197.957309
4504.55889943,26500.706629,0.6757067, 71.0735,  0.4821,137.0728, 97.3168,2215.866903
4516.53165793,26500.706620,0.6750967, 71.1260,359.5295,136.4696,164.3157,2232.032743
4518.52760699,26500.706618,0.6748582, 71.1281,359.3792,136.3659,176.1853,2238.351427
4533.99348851,26500.706608,0.6738231, 71.1630,358.1902,135.5640,264.2777,2265.784103
4542.97498807,26500.706602,0.6733299, 71.1945,357.4885,135.0984,317.3500,2278.853999
4546.96683171,26500.706600,0.6728389, 71.1906,357.1976,134.8787,341.0323,2291.864478
4552.45596457,26500.706597,0.6726707, 71.1913,356.7847,134.5677, 14.1465,2296.322498
4558.44440932,26500.706593,0.6722107, 71.2087,356.3278,134.2660, 50.6265,2308.512650
4562.43679384,26500.706591,0.6718068, 71.1966,356.0416,134.0305, 75.1290,2319.217050
4569.42417727,26500.706588,0.6715640, 71.2192,355.4982,133.6584,119.0104,2325.651041
4579.40687664,26500.706583,0.6710328, 71.2099,354.7652,133.0828,182.7902,2339.727568
4589.39099849,26500.706578,0.6704461, 71.2148,354.0226,132.5342,248.5865,2355.277137
4595.38189261,26500.706575,0.6704867, 71.2351,353.5516,132.2071,288.7091,2354.201332
4599.37600045,26500.706574,0.6701526, 71.2407,353.2542,131.9928,315.6798,2363.054953
4601.37308048,26500.706573,0.6700544, 71.2364,353.1102,131.8735,329.2260,2365.657567
4603.37025486,26500.706572,0.6700593, 71.2338,352.9630,131.7534,342.9166,2365.526405
4605.36741479,26500.706571,0.6701320, 71.2360,352.8105,131.6387,356.5818,2363.600809
4608.36338020,26500.706570,0.6702226, 71.2474,352.5757,131.4807, 17.3817,2361.200419
4618.35027132,26500.706565,0.6699128, 71.2580,351.8246,130.9295, 87.2142,2369.408300
4625.34188592,26500.706562,0.6698066, 71.2970,351.2677,130.5790,137.2010,2372.223862
4627.33948213,26500.706562,0.6696844, 71.2971,351.1211,130.4668,151.4811,2375.460494
4637.32830913,26500.706557,0.6698613, 71.3287,350.3475,129.9356,224.1048,2370.772844
4646.31887038,26500.706554,0.6696077, 71.3456,349.6668,129.4499,290.3515,2377.495133
4653.31190520,26500.706551,0.6693085, 71.3891,349.1116,129.1145,342.3523,2385.422453
4654.31100855,26500.706550,0.6692377, 71.3896,349.0385,129.0594,349.9315,2387.299174
4664.30139451,26500.706546,0.6692153, 71.4264,348.2679,128.5442, 64.7679,2387.893717
4674.29161723,26500.706542,0.6687421, 71.4497,347.5170,128.0182,139.3644,2400.433482
4684.28154919,26500.706539,0.6679810, 71.4846,346.7633,127.5114,213.4928,2420.602671
4694.27098318,26500.706535,0.6674925, 71.5207,346.0103,127.0123,286.8935,2433.548019
4704.75886909,26500.706532,0.6668484, 71.5446,345.2310,126.4566,  2.5495,2450.617199
4714.74636311,26500.706529,0.6660730, 71.5477,344.5191,125.9032, 73.2172,2471.167182
4725.73134986,26500.706526,0.6651490, 71.5537,343.7388,125.3077,149.1085,2495.654128
4735.71670550,26500.706525,0.6644175, 71.5713,343.0117,124.7685,216.6814,2515.037505
4745.70091240,26500.706525,0.6641329, 71.5738,342.2979,124.2053,282.6424,2522.579442
4756.68215536,26500.706525,0.6636320, 71.5709,341.5188,123.5751,353.2144,2535.854443
4767.66222650,26500.706525,0.6631273, 71.5740,340.7376,122.9512, 62.0764,2549.228470
4778.64096122,26500.706525,0.6628104, 71.5869,339.9455,122.3526,128.9678,2557.628399
4781.13596114,26500.706525,0.6628521, 71.5844,339.7664,122.2017,143.9630,2556.521713
4793.61003099,26500.706525,0.6626146, 71.6109,338.8438,121.5234,217.4411,2562.817452
4803.58824478,26500.706525,0.6625483, 71.6421,338.0986,121.0119,274.6570,2564.574359
4814.56312238,26500.706525,0.6623485, 71.6778,337.2698,120.4393,335.9470,2569.867307
4829.52729872,26500.706525,0.6619310, 71.7189,336.1675,119.6670, 57.1997,2580.932398
4839.50227001,26500.706525,0.6615848, 71.7456,335.4304,119.1464,109.7271,2590.106324
4853.46635967,26500.706525,0.6607271, 71.7816,334.4195,118.4259,181.9535,2612.835430
4863.43939066,26500.706525,0.6599442, 71.7901,333.7278,117.8881,231.6567,2633.585099
4863.43939067,26500.706525,0.6599442, 71.7901,333.7278,117.8881,231.6567,2633.585099
4872.91385400,26500.706525,0.6590160, 71.8117,333.0544,117.3912,278.9821,2658.181399
4878.89693700,26500.706525,0.6588525, 71.8176,332.6334,117.0646,307.7658,2662.515075
4888.86872940,26500.706525,0.6579732, 71.8178,331.9635,116.5134,355.6929,2685.815781
4898.83988511,26500.706525,0.6572087, 71.8303,331.2679,115.9683, 42.7208,2706.076244
4908.81035876,26500.706525,0.6569244, 71.8316,330.5827,115.4086, 88.7968,2713.610861
4918.78003235,26500.706525,0.6564988, 71.8218,329.9156,114.8278,133.7443,2724.890497
4928.74907308,26500.706525,0.6559607, 71.8256,329.2309,114.2648,177.7510,2739.148233
4948.68557379,26500.706525,0.6557719, 71.8439,327.8265,113.1741,263.4746,2744.152148
4958.65239999,26500.706525,0.6555742, 71.8484,327.1340,112.6172,304.2806,2749.391556
4977.58758869,26500.706525,0.6551407, 71.8890,325.7710,111.6363, 19.1287,2760.880484
4977.58857276,26500.706525,0.6551406, 71.8890,325.7710,111.6363, 20.5545,2760.883235
4988.05024679,26500.706525,0.6549759, 71.9033,325.0308,111.0797, 58.2986,2765.248567
5009.96865708,26500.706525,0.6537512, 71.9437,323.4905,109.9381,135.4435,2797.703095
5020.92574375,26500.706525,0.6531433, 71.9679,322.7235,109.3868,170.9093,2813.812128
5034.86921677,26500.706525,0.6520569, 71.9857,321.7704,108.6409,213.3511,2842.602204
5045.32534544,26500.706525,0.6515226, 71.9965,321.0601,108.0872,243.0410,2856.761065
5054.78452689,26500.706525,0.6509352, 71.9916,320.4482,107.5525,268.3178,2872.328621
5062.74935016,26500.706525,0.6501241, 71.9989,319.9193,107.1143,288.4190,2893.824681
5068.72254283,26500.706525,0.6500269, 71.9973,319.5206,106.7812,302.9098,2896.398660
5077.68153218,26500.706525,0.6493667, 71.9946,318.9490,106.2798,323.4519,2913.894528
5084.15154676,26500.706525,0.6492711, 71.9947,318.5119,105.9205,337.7958,2916.429674
5091.61639533,26500.706525,0.6487567, 71.9894,318.0334,105.4844,353.5421,2930.061643
5101.56907678,26500.706525,0.6484986, 71.9927,317.3668,104.9468, 13.8468,2936.899401
5109.03332532,26500.706525,0.6484810, 71.9832,316.8803,104.5157, 28.7493,2937.367031
5119.48305336,26500.706525,0.6481335, 71.9850,316.1790,103.9341, 49.2541,2946.576788
5120.47825976,26500.706525,0.6481770, 71.9848,316.1098,103.8802, 51.2008,2945.422992
5129.93310609,26500.706525,0.6479345, 71.9937,315.4641,103.3877, 70.1805,2951.850183
5139.88596605,26500.706525,0.6478668, 72.0012,314.7715,102.8616, 90.7669,2953.642276
5149.34181971,26500.706525,0.6476972, 72.0037,314.1288,102.3494,111.2439,2958.137939
5161.28728197,26500.706525,0.6472224, 72.0148,313.3188,101.7295,138.8290,2970.719845
5171.74081148,26500.706525,0.6465990, 72.0322,312.5934,101.1900,164.7842,2987.240837
5180.70202428,26500.706525,0.6462821, 72.0455,311.9712,100.7420,188.5261,2995.639814
5192.65169983,26500.706525,0.6456062, 72.0543,311.1763,100.1111,222.2327,3013.550192
5202.61097493,26500.706525,0.6448438, 72.0595,310.5249, 99.5665,252.0933,3033.756093
5208.08918013,26500.706525,0.6444273, 72.0685,310.1574, 99.2909,269.3585,3044.793120
5215.55988737,26500.706525,0.6439042, 72.0641,309.6968, 98.8683,293.5769,3058.654654
5222.53308396,26500.706525,0.6434065, 72.0724,309.2311, 98.4999,316.9497,3071.845211
5228.51045206,26500.706525,0.6430632, 72.0644,308.8641, 98.1449,337.5208,3080.942572
5231.49940963,26500.706525,0.6429959, 72.0651,308.6648, 97.9881,348.1853,3082.725432
5235.48468319,26500.706525,0.6426889, 72.0682,308.4085, 97.7775,  2.3855,3090.861644
5240.46642169,26500.706525,0.6423732, 72.0625,308.1106, 97.4873, 20.3803,3099.227473
5244.45203439,26500.706525,0.6423559, 72.0565,307.8599, 97.2601, 35.1143,3099.686325
5250.43069338,26500.706525,0.6419706, 72.0610,307.4677, 96.9368, 57.5304,3109.897410
5277.33841805,26500.706525,0.6413509, 72.0423,305.7460, 95.4424,163.9294,3126.319375
5284.81365890,26500.706525,0.6413789, 72.0317,305.2646, 95.0203,194.7723,3125.576646
5290.79438333,26500.706525,0.6411634, 72.0351,304.8655, 94.7145,220.1648,3131.287904
5297.27353058,26500.706525,0.6411357, 72.0269,304.4556, 94.3550,247.7566,3132.023281
5305.74663976,26500.706525,0.6408581, 72.0327,303.8822, 93.9172,284.3560,3139.380064
5311.22958478,26500.706525,0.6409101, 72.0261,303.5227, 93.6175,308.5621,3138.001536
5317.70954574,26500.706525,0.6406387, 72.0328,303.0798, 93.2993,337.2803,3145.192652
5326.68225987,26500.706525,0.6404845, 72.0289,302.4949, 92.8248, 17.7605,3149.279416
5332.66421771,26500.706525,0.6400509, 72.0379,302.0910, 92.5198, 44.9410,3160.769398
5339.64353006,26500.706525,0.6399446, 72.0344,301.6310, 92.1504, 77.2039,3163.586243
5346.62310114,26500.706525,0.6394177, 72.0425,301.1718, 91.7973,109.7963,3177.551587
5352.10718852,26500.706525,0.6392495, 72.0388,300.8255, 91.5009,135.6406,3182.008282
5359.08715349,26500.706525,0.6387384, 72.0482,300.3597, 91.1441,168.8267,3195.551957
5371.05342100,26500.706525,0.6381070, 72.0494,299.5897, 90.5098,226.6234,3212.284121
5380.02860858,26500.706525,0.6376523, 72.0447,299.0406, 90.0143,270.6932,3224.334271
5384.01793226,26500.706525,0.6374078, 72.0484,298.7784, 89.8086,290.7838,3230.814531
5384.01793712,26500.706525,0.6374078, 72.0484,298.7784, 89.8086,290.7909,3230.814544
5391.49770820,26500.706525,0.6369700, 72.0440,298.3233, 89.3783,328.1882,3242.416938
5391.99616786,26500.706525,0.6369683, 72.0434,298.2912, 89.3518,330.4032,3242.461268
5393.49239783,26500.706525,0.6369409, 72.0427,298.1933, 89.2745,338.2776,3243.188611
5395.48709304,26500.706525,0.6368364, 72.0436,298.0630, 89.1731,348.3681,3245.955805
5396.48444909,26500.706525,0.6367601, 72.0444,297.9994, 89.1214,353.4248,3247.979635
5400.47402498,26500.706525,0.6364402, 72.0454,297.7585, 88.9006, 13.8799,3256.457846
5402.96751106,26500.706525,0.6363313, 72.0423,297.6134, 88.7561, 26.6767,3259.341995
5402.96753414,26500.706525,0.6363313, 72.0423,297.6134, 88.7561, 26.7102,3259.342011
5407.45591213,26500.706525,0.6362891, 72.0356,297.3395, 88.5070, 49.8998,3260.461459
5407.45591250,26500.706525,0.6362891, 72.0356,297.3395, 88.5070, 49.9004,3260.461460
5409.45079157,26500.706525,0.6362329, 72.0354,297.2110, 88.4023, 60.2668,3261.950996
5409.45079485,26500.706525,0.6362329, 72.0354,297.2110, 88.4023, 60.2716,3261.951000
5409.45079794,26500.706525,0.6362329, 72.0354,297.2110, 88.4023, 60.2761,3261.951003
5409.45080025,26500.706525,0.6362329, 72.0354,297.2110, 88.4023, 60.2794,3261.951006
5419.92424147,26500.706525,0.6358628, 72.0261,296.5683, 87.8072,115.2051,3271.758651
5419.92429766,26500.706525,0.6358628, 72.0261,296.5683, 87.8072,115.2865,3271.758648
5419.92430565,26500.706525,0.6358628, 72.0261,296.5683, 87.8072,115.2981,3271.758648
5421.42050036,26500.706525,0.6358423, 72.0251,296.4703, 87.7304,123.1230,3272.301855
5423.41565803,26500.706525,0.6357497, 72.0254,296.3418, 87.6272,133.8876,3274.754087
5423.41566196,26500.706525,0.6357497, 72.0254,296.3418, 87.6272,133.8933,3274.754093
5425.90955009,26500.706525,0.6355949, 72.0256,296.1887, 87.4914,147.2652,3278.857753
5425.90958489,26500.706525,0.6355949, 72.0256,296.1887, 87.4914,147.3156,3278.857807
5426.90711221,26500.706525,0.6355419, 72.0251,296.1296, 87.4348,152.6258,3280.262013
5426.90711496,26500.706525,0.6355419, 72.0251,296.1296, 87.4348,152.6298,3280.262016
5426.90712250,26500.706525,0.6355419, 72.0251,296.1296, 87.4348,152.6407,3280.262026
5428.90226488,26500.706525,0.6354751, 72.0226,296.0131, 87.3197,163.3919,3282.031500
5429.89976892,26500.706525,0.6354640, 72.0208,295.9547, 87.2621,168.6718,3282.327070
5430.89740763,26500.706525,0.6354660, 72.0186,295.8956, 87.2051,174.1474,3282.272237
5433.89021876,26500.706525,0.6355094, 72.0126,295.7117, 87.0407,190.4217,3281.123844
5435.38665339,26500.706525,0.6355171, 72.0110,295.6158, 86.9622,198.5987,3280.919006
5438.37957240,26500.706525,0.6354313, 72.0111,295.4224, 86.8056,215.0198,3283.193560
5441.87136832,26500.706525,0.6352465, 72.0106,295.2088, 86.6070,234.2666,3288.091756
5441.87139028,26500.706525,0.6352465, 72.0106,295.2088, 86.6070,234.2984,3288.091774
5444.86439398,26500.706525,0.6352726, 72.0034,295.0291, 86.4312,250.8614,3287.399819
5449.85296849,26500.706525,0.6353201, 71.9964,294.7005, 86.1745,278.7801,3286.139771
5451.34966632,26500.706525,0.6352515, 71.9967,294.6039, 86.0972,287.3320,3287.957214
5454.84185127,26500.706525,0.6351090, 71.9952,294.3900, 85.9059,307.1336,3291.733561
5454.84187814,26500.706525,0.6351090, 71.9952,294.3900, 85.9059,307.1725,3291.733577
5456.83743603,26500.706525,0.6350933, 71.9919,294.2704, 85.7937,318.5274,3292.151502
5456.83744007,26500.706525,0.6350933, 71.9919,294.2704, 85.7937,318.5333,3292.151501
5457.83523917,26500.706525,0.6351047, 71.9898,294.2098, 85.7383,324.2408,3291.847964
5457.83523919,26500.706525,0.6351047, 71.9898,294.2098, 85.7383,324.2408,3291.847964
5457.83524984,26500.706525,0.6351047, 71.9898,294.2098, 85.7383,324.2563,3291.847960
5459.83087562,26500.706525,0.6351495, 71.9855,294.0856, 85.6307,335.7115,3290.660939
5462.82438326,26500.706525,0.6351917, 71.9817,293.8907, 85.4776,352.9899,3289.542281
5462.82441778,26500.706525,0.6351917, 71.9817,293.8907, 85.4776,353.0399,3289.542285
5464.82010419,26500.706525,0.6351516, 71.9818,293.7587, 85.3769,  4.5761,3290.605661
5464.82011489,26500.706525,0.6351516, 71.9818,293.7587, 85.3769,  4.5916,3290.605671
5467.31478810,26500.706525,0.6350351, 71.9830,293.5984, 85.2447, 19.1065,3293.693990
5469.80955176,26500.706525,0.6349543, 71.9812,293.4456, 85.1032, 33.7599,3295.833839
5469.80955478,26500.706525,0.6349543, 71.9812,293.4456, 85.1032, 33.7643,3295.833839
5470.80746108,26500.706525,0.6349593, 71.9792,293.3846, 85.0461, 39.6292,3295.701414
5472.80332339,26500.706525,0.6350231, 71.9741,293.2580, 84.9369, 51.4309,3294.009718
5472.80332977,26500.706525,0.6350231, 71.9741,293.2580, 84.9369, 51.4401,3294.009712
5474.79923514,26500.706525,0.6350762, 71.9705,293.1236, 84.8369, 63.2978,3292.603645
5475.79720600,26500.706525,0.6350705, 71.9698,293.0551, 84.7888, 69.2499,3292.753804
5476.79518617,26500.706525,0.6350409, 71.9697,292.9870, 84.7406, 75.2141,3293.538089
5476.79522107,26500.706525,0.6350409, 71.9697,292.9870, 84.7406, 75.2647,3293.538126
5477.79321205,26500.706525,0.6349935, 71.9701,292.9201, 84.6914, 81.2440,3294.794880
5477.79322288,26500.706525,0.6349935, 71.9701,292.9201, 84.6914, 81.2597,3294.794895
5486.77554764,26500.706525,0.6347791, 71.9632,292.3570, 84.2129,135.6900,3300.477924
5487.77364030,26500.706525,0.6347902, 71.9618,292.2921, 84.1623,141.8211,3300.183422
5489.76987007,26500.706525,0.6347860, 71.9603,292.1594, 84.0636,154.1455,3300.294048
5489.76987876,26500.706525,0.6347860, 71.9603,292.1594, 84.0636,154.1581,3300.294052
5495.75876151,26500.706525,0.6344936, 71.9640,291.7694, 83.7541,191.4053,3308.043771
5496.75698728,26500.706525,0.6344580, 71.9634,291.7080, 83.6982,197.7300,3308.986914
5498.75337497,26500.706525,0.6344477, 71.9603,291.5841, 83.5874,210.2894,3309.260502
5499.75156449,26500.706525,0.6344642, 71.9583,291.5200, 83.5344,216.5626,3308.822618
5500.74978974,26500.706525,0.6344810, 71.9565,291.4540, 83.4835,222.8863,3308.375786
5501.74803911,26500.706525,0.6344857, 71.9552,291.3864, 83.4346,229.2434,3308.252290
5502.74641533,26500.706525,0.6344689, 71.9547,291.3178, 83.3868,235.7824,3308.697118
5504.74296118,26500.706525,0.6343659, 71.9556,291.1819, 83.2907,248.5579,3311.426316
5504.74297096,26500.706525,0.6343659, 71.9556,291.1819, 83.2907,248.5721,3311.426334
5505.74113317,26500.706525,0.6342916, 71.9566,291.1161, 83.2407,254.7991,3313.395469
5505.74124218,26500.706525,0.6342916, 71.9566,291.1161, 83.2407,254.9571,3313.395693
5505.74126133,26500.706525,0.6342916, 71.9566,291.1161, 83.2407,254.9848,3313.395732
5506.73943867,26500.706525,0.6342144, 71.9576,291.0519, 83.1891,261.2344,3315.440754
5506.73944529,26500.706525,0.6342144, 71.9576,291.0519, 83.1891,261.2440,3315.440768
5507.73773910,26500.706525,0.6341427, 71.9583,290.9893, 83.1359,267.6631,3317.342062
5507.73775317,26500.706525,0.6341427, 71.9583,290.9893, 83.1359,267.6835,3317.342087
5508.73607929,26500.706525,0.6340820, 71.9585,290.9277, 83.0818,274.1504,3318.950701
5508.73608921,26500.706525,0.6340820, 71.9585,290.9277, 83.0818,274.1648,3318.950716
5509.73439019,26500.706525,0.6340352, 71.9582,290.8667, 83.0272,280.5962,3320.191882
5509.73440613,26500.706525,0.6340352, 71.9582,290.8667, 83.0272,280.6193,3320.191899
5510.73274477,26500.706525,0.6340023, 71.9574,290.8057, 82.9726,287.1060,3321.063264
5510.73276394,26500.706525,0.6340023, 71.9574,290.8057, 82.9726,287.1337,3321.063277
5511.73114050,26500.706525,0.6339814, 71.9563,290.7444, 82.9185,293.6758,3321.616987
5511.73115259,26500.706525,0.6339814, 71.9563,290.7444, 82.9185,293.6934,3321.616992
5512.72951040,26500.706525,0.6339692, 71.9550,290.6823, 82.8653,300.2085,3321.940978
5512.72951625,26500.706525,0.6339692, 71.9550,290.6823, 82.8653,300.2170,3321.940980
5513.72789487,26500.706525,0.6339612, 71.9537,290.6191, 82.8131,306.7622,3322.150729
5514.72628472,26500.706525,0.6339525, 71.9527,290.5550, 82.7620,313.3234,3322.382571
5514.72629370,26500.706525,0.6339525, 71.9527,290.5550, 82.7620,313.3364,3322.382574
5515.72468707,26500.706525,0.6339377, 71.9520,290.4899, 82.7119,319.9023,3322.775039
5519.71841417,26500.706525,0.6337466, 71.9546,290.2267, 82.5120,346.3830,3327.839546
5524.71079689,26500.706525,0.6334359, 71.9568,289.9182, 82.2358, 19.8173,3336.072564
5526.70783122,26500.706525,0.6334202, 71.9538,289.7946, 82.1259, 33.3132,3336.487527
5527.70637858,26500.706525,0.6334202, 71.9522,289.7305, 82.0737, 40.1038,3336.488588
5528.70492571,26500.706525,0.6334110, 71.9511,289.6648, 82.0233, 46.8927,3336.733743
5529.20420477,26500.706525,0.6334000, 71.9507,289.6316, 81.9986, 50.2946,3337.023805
5529.70349981,26500.706525,0.6333839, 71.9506,289.5982, 81.9740, 53.7193,3337.451109
5530.20276694,26500.706525,0.6333622, 71.9506,289.5648, 81.9495, 57.1033,3338.025749
5530.70207021,26500.706525,0.6333350, 71.9507,289.5315, 81.9250, 60.5394,3338.746177
5531.70065538,26500.706525,0.6332660, 71.9515,289.4655, 81.8753, 67.3802,3340.574850
5532.69925100,26500.706525,0.6331832, 71.9526,289.4008, 81.8243, 74.2362,3342.769498
5533.69785141,26500.706525,0.6330954, 71.9538,289.3378, 81.7715, 81.0996,3345.096675
5538.19169570,26500.706525,0.6328160, 71.9543,289.0678, 81.5211,112.2020,3352.500170
5539.68969697,26500.706525,0.6327798, 71.9525,288.9779, 81.4383,122.6493,3353.459057
5540.18904070,26500.706525,0.6327712, 71.9519,288.9475, 81.4111,126.1462,3353.686703
5540.68839769,26500.706525,0.6327634, 71.9512,288.9169, 81.3843,129.6623,3353.894110
5542.18644454,26500.706525,0.6327384, 71.9496,288.8237, 81.3052,140.1752,3354.557635
5543.18516015,26500.706525,0.6327144, 71.9490,288.7604, 81.2536,147.2091,3355.192361
5545.18262405,26500.706525,0.6326321, 71.9494,288.6325, 81.1509,161.3228,3357.374096
5547.67947455,26500.706525,0.6324591, 71.9523,288.4749, 81.0181,178.9943,3361.957455
5547.67947466,26500.706525,0.6324591, 71.9523,288.4749, 81.0181,178.9944,3361.957455
5550.17639306,26500.706525,0.6322831, 71.9542,288.3250, 80.8753,196.7686,3366.623954
5551.67455853,26500.706525,0.6322265, 71.9531,288.2373, 80.7872,207.4571,3368.122676
5552.17395275,26500.706525,0.6322181, 71.9524,288.2079, 80.7582,211.0285,3368.345075
5554.17156091,26500.706525,0.6322171, 71.9486,288.0870, 80.6461,225.3589,3368.372007
5556.66863101,26500.706525,0.6321945, 71.9451,287.9279, 80.5157,243.3528,3368.971433
5559.66518450,26500.706525,0.6320277, 71.9457,287.7364, 80.3607,265.0388,3373.392049
5560.16461646,26500.706525,0.6319902, 71.9462,287.7055, 80.3338,268.6624,3374.384960
5562.16234607,26500.706525,0.6318470, 71.9474,287.5854, 80.2224,283.1609,3378.178902
5565.15901927,26500.706525,0.6317212, 71.9457,287.4116, 80.0495,305.0290,3381.514713
5571.15256868,26500.706525,0.6316698, 71.9369,287.0505, 79.7220,349.0648,3382.874960
5572.65098697,26500.706525,0.6316237, 71.9367,286.9568, 79.6429,  0.1170,3384.096268
5573.15045641,26500.706525,0.6316026, 71.9369,286.9257, 79.6162,  3.7962,3384.657323
5574.64888108,26500.706525,0.6315257, 71.9379,286.8335, 79.5344, 14.8578,3386.695203
5576.14730855,26500.706525,0.6314436, 71.9387,286.7437, 79.4489, 25.9247,3388.869707
5577.64573932,26500.706525,0.6313836, 71.9383,286.6565, 79.3603, 36.9987,3390.459203
5578.14521448,26500.706525,0.6313730, 71.9378,286.6277, 79.3305, 40.6880,3390.741758
5579.14417559,26500.706525,0.6313680, 71.9361,286.5699, 79.2711, 48.0828,3390.874582
5582.14108599,26500.706525,0.6314296, 71.9282,286.3890, 79.1028, 70.3051,3389.241744
5583.63954634,26500.706525,0.6314395, 71.9252,286.2937, 79.0247, 81.4200,3388.977578
5584.63853238,26500.706525,0.6314226, 71.9240,286.2296, 78.9733, 88.8466,3389.425507
5586.63649953,26500.706525,0.6313419, 71.9235,286.1035, 78.8686,103.6912,3391.565478
5588.13497898,26500.706525,0.6312662, 71.9237,286.0122, 78.7866,114.8310,3393.572429
5589.13396680,26500.706525,0.6312218, 71.9236,285.9529, 78.7302,122.2604,3394.747887
5591.13194072,26500.706525,0.6311686, 71.9220,285.8368, 78.6155,137.1187,3396.157381
5592.13093168,26500.706525,0.6311626, 71.9203,285.7790, 78.5581,144.5545,3396.317133
5593.12992911,26500.706525,0.6311684, 71.9182,285.7208, 78.5013,152.0000,3396.163165
5593.62942280,26500.706525,0.6311747, 71.9170,285.6915, 78.4733,155.7156,3395.996617
5597.12586417,26500.706525,0.6312309, 71.9091,285.4797, 78.2850,181.7026,3394.506827
5600.12280171,26500.706525,0.6312145, 71.9061,285.2923, 78.1287,203.9564,3394.941108
5603.11969412,26500.706525,0.6311281, 71.9061,285.1084, 77.9652,226.1450,3397.230580
5603.61916821,26500.706525,0.6311148, 71.9060,285.0785, 77.9367,229.8321,3397.584656
5606.61599864,26500.706525,0.6311143, 71.9015,284.9022, 77.7625,251.9386,3397.595771
5606.61600404,26500.706525,0.6311143, 71.9015,284.9022, 77.7625,251.9464,3397.595767
5607.61493912,26500.706525,0.6311497, 71.8984,284.8423, 77.7059,259.3041,3396.657394
5608.11440575,26500.706525,0.6311710, 71.8967,284.8117, 77.6784,262.9815,3396.094495
5611.61066499,26500.706525,0.6312529, 71.8873,284.5868, 77.4985,288.7053,3393.922675
5612.60958161,26500.706525,0.6312340, 71.8862,284.5218, 77.4481,296.0316,3394.425562
5614.10794502,26500.706525,0.6311830, 71.8856,284.4264, 77.3704,307.0039,3395.776008
5614.60740161,26500.706525,0.6311642, 71.8855,284.3952, 77.3437,310.6645,3396.275089
5617.60407692,26500.706525,0.6310888, 71.8837,284.2144, 77.1784,332.5368,3398.273526
5618.10351470,26500.706525,0.6310864, 71.8830,284.1848, 77.1505,336.1708,3398.335626
5623.59721542,26500.706525,0.6311882, 71.8697,283.8511, 76.8557, 15.9809,3395.638227
5626.09428649,26500.706525,0.6312080, 71.8657,283.6922, 76.7299, 33.9793,3395.113976
5626.09428887,26500.706525,0.6312080, 71.8657,283.6922, 76.7299, 33.9828,3395.113976
5627.09309839,26500.706525,0.6311984, 71.8650,283.6283, 76.6794, 41.1542,3395.367232
5628.09189009,26500.706525,0.6311802, 71.8648,283.5648, 76.6281, 48.2998,3395.849896
5630.08946371,26500.706525,0.6311317, 71.8648,283.4400, 76.5221, 62.5772,3397.136589
5631.08821456,26500.706525,0.6311117, 71.8645,283.3790, 76.4672, 69.6645,3397.666446
5632.58634924,26500.706525,0.6311032, 71.8630,283.2886, 76.3833, 80.3090,3397.891504
5633.08569604,26500.706525,0.6311082, 71.8621,283.2585, 76.3552, 83.8120,3397.757109
5635.08316286,26500.706525,0.6311667, 71.8567,283.1362, 76.2454, 97.9402,3396.207873
5636.08187001,26500.706525,0.6312069, 71.8534,283.0728, 76.1932,104.9660,3395.143433
5636.08188133,26500.706525,0.6312069, 71.8534,283.0728, 76.1932,104.9824,3395.143422
5638.57862193,26500.706525,0.6312522, 71.8467,282.9076, 76.0700,122.5038,3393.942283
5640.07664229,26500.706525,0.6312158, 71.8451,282.8078, 75.9967,132.9795,3394.907292
5641.07530723,26500.706525,0.6311742, 71.8449,282.7426, 75.9462,139.9409,3396.010276
5645.06985472,26500.706525,0.6310464, 71.8437,282.4950, 75.7320,167.6254,3399.395466
5646.06846918,26500.706525,0.6310427, 71.8422,282.4345, 75.6777,174.5147,3399.493074
5650.06280206,26500.706525,0.6310887, 71.8334,282.1872, 75.4693,201.8910,3398.276018
5650.06280645,26500.706525,0.6310887, 71.8334,282.1872, 75.4693,201.8974,3398.276017
5651.06136154,26500.706525,0.6310961, 71.8315,282.1234, 75.4196,208.7003,3398.079959
5651.06136792,26500.706525,0.6310961, 71.8315,282.1234, 75.4196,208.7096,3398.079959
5653.05843904,26500.706525,0.6310844, 71.8291,281.9944, 75.3214,222.2581,3398.388665
5653.05845140,26500.706525,0.6310844, 71.8291,281.9944, 75.3214,222.2760,3398.388670
5656.05394752,26500.706525,0.6310003, 71.8294,281.8020, 75.1705,242.4374,3400.617611
5656.05396198,26500.706525,0.6310003, 71.8294,281.8020, 75.1705,242.4584,3400.617624
5657.05242109,26500.706525,0.6309651, 71.8299,281.7394, 75.1179,249.1217,3401.550856
5657.05242369,26500.706525,0.6309651, 71.8299,281.7394, 75.1179,249.1254,3401.550859
5662.04462683,26500.706525,0.6309262, 71.8253,281.4328, 74.8465,282.3144,3402.581125
5663.04302808,26500.706525,0.6309495, 71.8226,281.3696, 74.7945,288.8959,3401.964251
5663.04304010,26500.706525,0.6309495, 71.8226,281.3696, 74.7945,288.9133,3401.964243
5664.04146057,26500.706525,0.6309687, 71.8199,281.3048, 74.7443,295.5223,3401.456428
5665.03986323,26500.706525,0.6309734, 71.8176,281.2385, 74.6955,302.1049,3401.329863
5667.03656330,26500.706525,0.6309185, 71.8155,281.1047, 74.5988,315.1161,3402.785244
5667.03656853,26500.706525,0.6309185, 71.8155,281.1047, 74.5988,315.1236,3402.785251
5667.03659292,26500.706525,0.6309185, 71.8155,281.1047, 74.5988,315.1590,3402.785282
5667.03659386,26500.706525,0.6309185, 71.8155,281.1047, 74.5988,315.1603,3402.785283
5667.03659989,26500.706525,0.6309185, 71.8155,281.1047, 74.5988,315.1691,3402.785291
5668.03494862,26500.706525,0.6308643, 71.8157,281.0389, 74.5489,321.6725,3404.220570
5668.03494863,26500.706525,0.6308643, 71.8157,281.0389, 74.5489,321.6725,3404.220570
5671.02989956,26500.706525,0.6307018, 71.8174,280.8501, 74.3897,341.0455,3408.528583
5677.01961056,26500.706525,0.6306350, 71.8098,280.4829, 74.0705, 19.5179,3410.299478
5678.01785189,26500.706525,0.6306277, 71.8083,280.4197, 74.0205, 25.8661,3410.493240
5679.01608586,26500.706525,0.6306127, 71.8073,280.3560, 73.9709, 32.2035,3410.889306
5681.01250867,26500.706525,0.6305556, 71.8071,280.2280, 73.8713, 44.8125,3412.401567
5682.01070133,26500.706525,0.6305149, 71.8077,280.1645, 73.8206, 51.0897,3413.480660
5683.00888682,26500.706525,0.6304696, 71.8087,280.1016, 73.7687, 57.3566,3414.682064
5683.00889042,26500.706525,0.6304696, 71.8087,280.1016, 73.7687, 57.3618,3414.682068
5684.00706258,26500.706525,0.6304238, 71.8098,280.0396, 73.7156, 63.6095,3415.894413
5687.99957649,26500.706525,0.6303234, 71.8100,279.7978, 73.4956, 88.3501,3418.556760
5689.49674017,26500.706525,0.6303328, 71.8074,279.7062, 73.4146, 97.5868,3418.306923
5695.98419624,26500.706525,0.6301625, 71.8016,279.2880, 73.0850,137.2417,3422.818921
5695.98427706,26500.706525,0.6301625, 71.8016,279.2880, 73.0850,137.3588,3422.819062
5698.97825461,26500.706525,0.6300039, 71.8041,279.1058, 72.9191,155.3247,3427.023593
5701.97223070,26500.706525,0.6299546, 71.8015,278.9274, 72.7528,173.2892,3428.330515
5701.97223232,26500.706525,0.6299546, 71.8015,278.9274, 72.7528,173.2915,3428.330515
5708.95786588,26500.706525,0.6298212, 71.7969,278.4952, 72.3900,214.7553,3431.864837
5711.95149155,26500.706525,0.6296974, 71.8003,278.3132, 72.2269,232.2105,3435.144224
5718.93642135,26500.706525,0.6296847, 71.7925,277.8926, 71.8429,272.6597,3435.482473
5721.92985866,26500.706525,0.6295993, 71.7902,277.7020, 71.6895,289.8435,3437.745129
5727.91646036,26500.706525,0.6293902, 71.7921,277.3443, 71.3532,323.8198,3443.285811
5727.91646271,26500.706525,0.6293902, 71.7921,277.3443, 71.3532,323.8232,3443.285811
5727.91646866,26500.706525,0.6293902, 71.7921,277.3443, 71.3532,323.8318,3443.285811
5731.90739263,26500.706525,0.6294041, 71.7850,277.1065, 71.1361,346.2746,3442.917460
5739.88885763,26500.706525,0.6292551, 71.7858,276.6245, 70.7053, 30.6026,3446.865631
5740.38763078,26500.706525,0.6292526, 71.7858,276.5955, 70.6766, 33.2742,3446.932735
5747.86979286,26500.706525,0.6293553, 71.7710,276.1422, 70.2713, 74.1675,3444.210220
5750.86257678,26500.706525,0.6292623, 71.7709,275.9572, 70.1113, 90.4075,3446.677310
5752.85775239,26500.706525,0.6292192, 71.7714,275.8393, 69.9981,101.2150,3447.818764
5759.34181880,26500.706525,0.6293090, 71.7586,275.4562, 69.6405,135.9706,3445.437821
5759.84057072,26500.706525,0.6293137, 71.7577,275.4257, 69.6146,138.6116,3445.313535
5762.83311662,26500.706525,0.6293085, 71.7548,275.2427, 69.4589,154.5065,3445.452875
5768.31931488,26500.706525,0.6293069, 71.7541,274.9163, 69.1557,183.4501,3445.493441
5770.31424614,26500.706525,0.6293775, 71.7495,274.7985, 69.0442,193.9035,3443.623109
5771.31168720,26500.706525,0.6294211, 71.7462,274.7381, 68.9904,199.0948,3442.467938
5771.31169379,26500.706525,0.6294211, 71.7462,274.7381, 68.9904,199.1043,3442.467931
5772.30914700,26500.706525,0.6294602, 71.7426,274.6765, 68.9382,204.3132,3441.431002
5775.30147647,26500.706525,0.6294919, 71.7347,274.4867, 68.7863,219.8962,3440.591305
5781.78468004,26500.706525,0.6294511, 71.7304,274.0941, 68.4322,253.4030,3441.671718
5784.27819473,26500.706525,0.6295226, 71.7235,273.9452, 68.2970,266.2529,3439.777603
5785.77427322,26500.706525,0.6295612, 71.7189,273.8540, 68.2194,273.9189,3438.754657
5788.76640968,26500.706525,0.6295946, 71.7126,273.6687, 68.0677,289.2211,3437.870049
5790.76111337,26500.706525,0.6295903, 71.7114,273.5454, 67.9652,299.3440,3437.984800
5796.24648797,26500.706525,0.6296507, 71.7079,273.2149, 67.6679,327.0931,3436.381938
5801.73172120,26500.706525,0.6298260, 71.6894,272.8705, 67.3860,354.6417,3431.737049
5807.21681852,26500.706525,0.6297512, 71.6862,272.5274, 67.0972, 21.9969,3433.720562
5813.69905836,26500.706525,0.6298793, 71.6702,272.1306, 66.7572, 54.1043,3430.324831
5816.69078555,26500.706525,0.6298758, 71.6659,271.9424, 66.6085, 68.8135,3430.417568
5822.67416138,26500.706525,0.6298736, 71.6652,271.5750, 66.2940, 98.1147,3430.475523
5823.17273412,26500.706525,0.6298855, 71.6645,271.5447, 66.2672,100.4957,3430.160388
5824.16995314,26500.706525,0.6299154, 71.6625,271.4839, 66.2139,105.3641,3429.367192
5833.64323742,26500.706525,0.6298979, 71.6475,270.8809, 65.7284,151.2036,3429.832000
5833.64324028,26500.706525,0.6298979, 71.6475,270.8809, 65.7284,151.2078,3429.832001
5837.63187474,26500.706525,0.6299363, 71.6426,270.6381, 65.5123,170.3362,3428.814748
5844.61186610,26500.706525,0.6299116, 71.6335,270.2012, 65.1602,203.6370,3429.468107
5851.59158425,26500.706525,0.6299183, 71.6349,269.7753, 64.7882,236.5360,3429.292802
5857.07555124,26500.706525,0.6299515, 71.6232,269.4263, 64.5098,262.2517,3428.412026
5859.56823434,26500.706525,0.6298637, 71.6254,269.2685, 64.3777,273.9046,3430.738816
5865.55054419,26500.706525,0.6298838, 71.6234,268.9060, 64.0470,301.6732,3430.205594
5868.54166115,26500.706525,0.6298864, 71.6188,268.7209, 63.8929,315.5002,3430.136190
5871.53273143,26500.706525,0.6298415, 71.6197,268.5359, 63.7387,329.2600,3431.327879
5873.52675049,26500.706525,0.6298142, 71.6227,268.4145, 63.6322,338.3919,3432.050195
5880.50569973,26500.706525,0.6299287, 71.6213,267.9944, 63.2523, 10.1755,3429.016761
5882.99815184,26500.706525,0.6299566, 71.6160,267.8377, 63.1240, 21.4870,3428.275781
5882.99815193,26500.706525,0.6299566, 71.6160,267.8377, 63.1240, 21.4872,3428.275781
5882.99816063,26500.706525,0.6299566, 71.6160,267.8377, 63.1240, 21.4998,3428.275782
5887.98292017,26500.706525,0.6298655, 71.6196,267.5284, 62.8535, 43.9258,3430.691126
5888.97988477,26500.706525,0.6298738, 71.6206,267.4692, 62.7958, 48.4288,3430.471728
5890.47529643,26500.706525,0.6299087, 71.6201,267.3805, 62.7098, 55.1310,3429.545205
5894.46301996,26500.706525,0.6299992, 71.6125,267.1397, 62.4930, 72.9417,3427.148136
5894.46302298,26500.706525,0.6299992, 71.6125,267.1397, 62.4930, 72.9461,3427.148135
5896.95531347,26500.706525,0.6300044, 71.6105,266.9872, 62.3626, 84.0250,3427.010096
5896.95531369,26500.706525,0.6300044, 71.6105,266.9872, 62.3626, 84.0253,3427.010096
5896.95531827,26500.706525,0.6300044, 71.6105,266.9872, 62.3626, 84.0320,3427.010097
5901.44135944,26500.706525,0.6300110, 71.6153,266.7173, 62.1203,103.8524,3426.833751
5909.91471279,26500.706525,0.6302920, 71.6039,266.2059, 61.6610,140.8741,3419.388599
5912.40682788,26500.706525,0.6302885, 71.6015,266.0501, 61.5301,151.7012,3419.481632
5916.39413612,26500.706525,0.6303277, 71.6047,265.8101, 61.3046,168.9164,3418.442259
5919.88297626,26500.706525,0.6304836, 71.5975,265.6017, 61.1085,183.8948,3414.311228
5921.87655106,26500.706525,0.6305443, 71.5916,265.4801, 61.0027,192.3844,3412.701590
5926.36202479,26500.706525,0.6306037, 71.5880,265.2067, 60.7668,211.3850,3411.126890
5926.86039379,26500.706525,0.6306117, 71.5883,265.1768, 60.7400,213.4712,3410.915470
5949.78429429,26500.706525,0.6314118, 71.5451,263.7750, 59.5108,307.8810,3389.713377
5957.75704514,26500.706525,0.6316000, 71.5391,263.2869, 59.0930,339.5872,3384.725830
5962.73979848,26500.706525,0.6318602, 71.5224,262.9777, 58.8343,359.0816,3377.830113
5974.19932234,26500.706525,0.6321340, 71.5001,262.2601, 58.2324, 42.7848,3370.574759
5982.17076519,26500.706525,0.6322250, 71.4867,261.7610, 57.8276, 72.6055,3368.162693
5982.17077832,26500.706525,0.6322250, 71.4867,261.7610, 57.8276, 72.6245,3368.162687
5986.65439148,26500.706525,0.6323815, 71.4837,261.4853, 57.5925, 88.9169,3364.014841
5994.12659943,26500.706525,0.6325066, 71.4628,261.0069, 57.2164,115.3952,3360.700261
5994.62481283,26500.706525,0.6325016, 71.4632,260.9754, 57.1901,117.2581,3360.832228
6004.08885771,26500.706525,0.6327208, 71.4502,260.3851, 56.6900,149.7120,3355.023356
6004.08885926,26500.706525,0.6327208, 71.4502,260.3851, 56.6900,149.7142,3355.023356
6007.07734326,26500.706525,0.6327034, 71.4491,260.1976, 56.5385,159.7306,3355.485033
6007.07736248,26500.706525,0.6327034, 71.4491,260.1976, 56.5385,159.7584,3355.485034
6007.07738421,26500.706525,0.6327034, 71.4491,260.1976, 56.5385,159.7899,3355.485037
6011.55991403,26500.706525,0.6327624, 71.4546,259.9220, 56.3036,174.5196,3353.920318
6013.05404632,26500.706525,0.6328166, 71.4545,259.8304, 56.2247,179.3620,3352.483981
6015.04619912,26500.706525,0.6328986, 71.4515,259.7067, 56.1212,185.7841,3350.312407
6015.04622301,26500.706525,0.6328986, 71.4515,259.7067, 56.1212,185.8187,3350.312382
6015.04622395,26500.706525,0.6328986, 71.4515,259.7067, 56.1212,185.8200,3350.312381
6017.03833451,26500.706525,0.6329630, 71.4458,259.5805, 56.0202,192.1834,3348.605892
6018.03437530,26500.706525,0.6329781, 71.4429,259.5165, 55.9703,195.3460,3348.203733
6023.01437714,26500.706525,0.6329441, 71.4437,259.2006, 55.7097,210.8840,3349.105310
6026.00225133,26500.706525,0.6330534, 71.4471,259.0181, 55.5429,220.0159,3346.209814
6026.99818480,26500.706525,0.6331013, 71.4457,258.9567, 55.4886,223.0225,3344.939603
6028.99003648,26500.706525,0.6331702, 71.4409,258.8324, 55.3833,229.0141,3343.112838
6030.98184725,26500.706525,0.6331919, 71.4370,258.7075, 55.2808,234.9488,3342.538240
6031.97771852,26500.706525,0.6331907, 71.4364,258.6452, 55.2296,237.8673,3342.569570
6031.97772689,26500.706525,0.6331907, 71.4364,258.6452, 55.2296,237.8794,3342.569570
6032.47565989,26500.706525,0.6331890, 71.4364,258.6143, 55.2040,239.3349,3342.616521
6033.96946085,26500.706525,0.6331854, 71.4380,258.5220, 55.1263,243.7036,3342.711408
6034.96529358,26500.706525,0.6331890, 71.4399,258.4609, 55.0739,246.5652,3342.615108
6034.96529842,26500.706525,0.6331890, 71.4399,258.4609, 55.0739,246.5722,3342.615107
6035.96113098,26500.706525,0.6332006, 71.4422,258.4003, 55.0210,249.4326,3342.308539
6035.96113479,26500.706525,0.6332006, 71.4422,258.4003, 55.0210,249.4382,3342.308537
6036.95696104,26500.706525,0.6332214, 71.4444,258.3400, 54.9677,252.2885,3341.756389
6037.95278205,26500.706525,0.6332516, 71.4464,258.2797, 54.9142,255.1303,3340.955914
6038.94857867,26500.706525,0.6332903, 71.4478,258.2194, 54.8607,257.9359,3339.932345
6039.94438097,26500.706525,0.6333353, 71.4484,258.1589, 54.8073,260.7490,3338.737754
6041.93594140,26500.706525,0.6334330, 71.4470,258.0367, 54.7020,266.3108,3336.149106
6042.93171375,26500.706525,0.6334783, 71.4451,257.9748, 54.6502,269.0808,3334.948732
6043.92746424,26500.706525,0.6335160, 71.4428,257.9122, 54.5989,271.8201,3333.949129
6045.91893258,26500.706525,0.6335569, 71.4383,257.7858, 54.4971,277.2555,3332.866273
6049.90172679,26500.706525,0.6335634, 71.4415,257.5363, 54.2845,287.9350,3332.693601
6050.89739754,26500.706525,0.6335935, 71.4444,257.4759, 54.2281,290.5639,3331.895373
6051.89305864,26500.706525,0.6336442, 71.4466,257.4158, 54.1713,293.1774,3330.553170
6052.88871352,26500.706525,0.6337087, 71.4473,257.3555, 54.1147,295.7804,3328.843945
6053.88435789,26500.706525,0.6337762, 71.4464,257.2947, 54.0591,298.3675,3327.054338
6054.87998836,26500.706525,0.6338366, 71.4443,257.2333, 54.0047,300.9343,3325.453999
6055.87561584,26500.706525,0.6338837, 71.4417,257.1714, 53.9513,303.4974,3324.205916
6056.87122809,26500.706525,0.6339161, 71.4392,257.1093, 53.8988,306.0390,3323.346763
6058.86241971,26500.706525,0.6339484, 71.4365,256.9855, 53.7948,311.0762,3322.490179
6059.85800193,26500.706525,0.6339578, 71.4367,256.9241, 53.7426,313.5751,3322.242480
6060.85356360,26500.706525,0.6339690, 71.4378,256.8631, 53.6901,316.0439,3321.946200
6060.85357228,26500.706525,0.6339690, 71.4378,256.8631, 53.6901,316.0565,3321.946197
6061.84912598,26500.706525,0.6339859, 71.4396,256.8025, 53.6371,318.5129,3321.498111
6061.84912612,26500.706525,0.6339859, 71.4396,256.8025, 53.6371,318.5131,3321.498111
6063.84021933,26500.706525,0.6340460, 71.4441,256.6823, 53.5300,323.4024,3319.905285
6064.83575321,26500.706525,0.6340907, 71.4460,256.6224, 53.4761,325.8270,3318.719459
6065.83127788,26500.706525,0.6341443, 71.4473,256.5625, 53.4222,328.2373,3317.300229
6066.82679440,26500.706525,0.6342045, 71.4479,256.5022, 53.3685,330.6350,3315.703527
6067.82230109,26500.706525,0.6342685, 71.4475,256.4416, 53.3153,333.0181,3314.008745
6068.81780206,26500.706525,0.6343325, 71.4461,256.3805, 53.2626,335.3929,3312.312062
6069.81329257,26500.706525,0.6343927, 71.4440,256.3188, 53.2104,337.7529,3310.717533
6070.80877491,26500.706525,0.6344452, 71.4413,256.2566, 53.1588,340.1020,3309.325099
6070.80877530,26500.706525,0.6344452, 71.4413,256.2566, 53.1588,340.1025,3309.325098
6071.80424819,26500.706525,0.6344871, 71.4384,256.1938, 53.1076,342.4391,3308.214675
6072.30198069,26500.706525,0.6345035, 71.4371,256.1623, 53.0820,343.6022,3307.779752
6073.79515979,26500.706525,0.6345354, 71.4339,256.0678, 53.0050,347.0673,3306.935203
6074.79060418,26500.706525,0.6345467, 71.4332,256.0051, 52.9528,349.3671,3306.636097
6075.28832163,26500.706525,0.6345517, 71.4334,255.9739, 52.9263,350.5105,3306.502215
6075.78603843,26500.706525,0.6345579, 71.4339,255.9430, 52.8995,351.6530,3306.338552
6076.78146694,26500.706525,0.6345785, 71.4357,255.8817, 52.8449,353.9307,3305.793351
6077.77688669,26500.706525,0.6346169, 71.4381,255.8211, 52.7891,356.1949,3304.776074
6078.77229987,26500.706525,0.6346769, 71.4402,255.7609, 52.7325,358.4482,3303.186342
6079.76770969,26500.706525,0.6347549, 71.4410,255.7007, 52.6759,  0.6951,3301.117662
6080.76310973,26500.706525,0.6348412, 71.4401,255.6399, 52.6200,  2.9269,3298.832187
6081.75850700,26500.706525,0.6349232, 71.4375,255.5784, 52.5652,  5.1546,3296.657597
6082.75389391,26500.706525,0.6349917, 71.4340,255.5164, 52.5114,  7.3678,3294.843215
6083.74927593,26500.706525,0.6350428, 71.4303,255.4540, 52.4587,  9.5749,3293.489815
6085.74001969,26500.706525,0.6351028, 71.4251,255.3294, 52.3544, 13.9618,3291.899017
6086.73538225,26500.706525,0.6351228, 71.4242,255.2676, 52.3023, 16.1420,3291.367638
6092.20978696,26500.706525,0.6353352, 71.4300,254.9341, 52.0110, 27.9879,3285.739034
6093.20512303,26500.706525,0.6354026, 71.4302,254.8736, 51.9578, 30.1233,3283.953348
6095.69344807,26500.706525,0.6355870, 71.4267,254.7205, 51.8264, 35.4380,3279.065709
6096.19110677,26500.706525,0.6356229, 71.4253,254.6894, 51.8006, 36.4919,3278.116802
6099.67473168,26500.706525,0.6358071, 71.4123,254.4685, 51.6225, 43.8966,3273.235339
6101.66535037,26500.706525,0.6358503, 71.4073,254.3416, 51.5203, 48.1010,3272.090131
6104.65125057,26500.706525,0.6359281, 71.4087,254.1555, 51.3602, 54.3717,3270.026546
6106.64187515,26500.706525,0.6360656, 71.4105,254.0337, 51.2496, 58.5827,3266.384905
6108.13482600,26500.706525,0.6362024, 71.4081,253.9414, 51.1674, 61.7125,3262.757996
6108.63246804,26500.706525,0.6362471, 71.4064,253.9102, 51.1404, 62.7438,3261.572915
6109.13012068,26500.706525,0.6362890, 71.4044,253.8789, 51.1137, 63.7905,3260.464542
6109.62777542,26500.706525,0.6363268, 71.4021,253.8474, 51.0872, 64.8406,3259.461829
6110.62307760,26500.706525,0.6363882, 71.3972,253.7841, 51.0349, 66.9311,3257.835755
6113.60899025,26500.706525,0.6364782, 71.3868,253.5946, 50.8805, 73.2175,3255.449390
6115.59960076,26500.706525,0.6365212, 71.3859,253.4706, 50.7769, 77.4108,3254.309692
6116.59491376,26500.706525,0.6365533, 71.3865,253.4092, 50.7248, 79.5170,3253.460161
6117.59022565,26500.706525,0.6365953, 71.3873,253.3480, 50.6724, 81.6202,3252.346386
6118.58554360,26500.706525,0.6366475, 71.3880,253.2869, 50.6200, 83.7309,3250.963255
6119.58086673,26500.706525,0.6367088, 71.3881,253.2256, 50.5677, 85.8478,3249.339044
6120.57619572,26500.706525,0.6367771, 71.3874,253.1640, 50.5157, 87.9724,3247.528379
6123.56220870,26500.706525,0.6369907, 71.3794,252.9764, 50.3621, 94.3822,3241.869212
6127.54360465,26500.706525,0.6371550, 71.3617,252.7193, 50.1623,103.0082,3237.513542
6128.53896059,26500.706525,0.6371667, 71.3589,252.6550, 50.1118,105.1789,3237.203296
6130.52968763,26500.706525,0.6371906, 71.3575,252.5283, 50.0080,109.5442,3236.569422
6131.52506412,26500.706525,0.6372196, 71.3584,252.4661, 49.9548,111.7451,3235.800984
6134.01352745,26500.706525,0.6373756, 71.3597,252.3116, 49.8197,117.2728,3231.667935
6136.50204254,26500.706525,0.6375799, 71.3521,252.1540, 49.6872,122.8704,3226.253926
6139.48831178,26500.706525,0.6377026, 71.3374,251.9613, 49.5337,129.6709,3223.002746
6140.48374365,26500.706525,0.6377138, 71.3344,251.8974, 49.4829,131.9528,3222.703945
6141.97690626,26500.706525,0.6377267, 71.3327,251.8028, 49.4062,135.3967,3222.363620
6144.96328699,26500.706525,0.6378015, 71.3348,251.6166, 49.2512,142.3571,3220.380925
6147.45200339,26500.706525,0.6379317, 71.3354,251.4616, 49.1223,148.2430,3216.931628
6147.94975932,26500.706525,0.6379626, 71.3349,251.4304, 49.0967,149.4378,3216.111461
6148.44752381,26500.706525,0.6379943, 71.3342,251.3990, 49.0712,150.6448,3215.272089
6148.94528113,26500.706525,0.6380262, 71.3332,251.3675, 49.0458,151.8415,3214.426073
6152.42963507,26500.706525,0.6382129, 71.3202,251.1431, 48.8709,160.2984,3209.477533
6155.91407804,26500.706525,0.6382546, 71.3080,250.9155, 48.6961,168.9043,3208.374336
6160.39418007,26500.706525,0.6383670, 71.3128,250.6330, 48.4580,180.1255,3205.394672
6162.38547288,26500.706525,0.6385172, 71.3114,250.5075, 48.3515,185.3009,3201.413627
6163.38116097,26500.706525,0.6385888, 71.3082,250.4437, 48.2993,187.9489,3199.518382
6164.87465187,26500.706525,0.6386657, 71.3016,250.3469, 48.2222,191.8636,3197.479874
6166.36815514,26500.706525,0.6386991, 71.2955,250.2500, 48.1459,195.8001,3196.595290
6168.85735817,26500.706525,0.6387024, 71.2918,250.0906, 48.0180,202.4100,3196.506193
6170.35091454,26500.706525,0.6387126, 71.2936,249.9969, 47.9404,206.4242,3196.237403
6174.33385273,26500.706525,0.6388592, 71.3007,249.7490, 47.7330,217.2870,3192.352367
6175.32961878,26500.706525,0.6389164, 71.3009,249.6865, 47.6816,220.0452,3190.836101
6176.32539605,26500.706525,0.6389756, 71.3001,249.6235, 47.6307,222.8193,3189.267781
6177.32118465,26500.706525,0.6390328, 71.2983,249.5599, 47.5802,225.6099,3187.752021
6177.81908540,26500.706525,0.6390593, 71.2971,249.5279, 47.5550,227.0148,3187.047715
6178.31699605,26500.706525,0.6390839, 71.2956,249.4958, 47.5300,228.4343,3186.396944
6181.30443027,26500.706525,0.6391676, 71.2857,249.3010, 47.3800,236.9172,3184.179141
6181.80234310,26500.706525,0.6391698, 71.2845,249.2685, 47.3547,238.3432,3184.119571
6182.30026750,26500.706525,0.6391696, 71.2836,249.2361, 47.3293,239.7864,3184.126584
6183.29606856,26500.706525,0.6391652, 71.2830,249.1717, 47.2777,242.6048,3184.243236
6184.78987245,26500.706525,0.6391675, 71.2854,249.0768, 47.1985,246.9816,3184.181334
6185.78572971,26500.706525,0.6391899, 71.2886,249.0146, 47.1445,249.8808,3183.588076
6185.78574452,26500.706525,0.6391899, 71.2886,249.0146, 47.1445,249.9022,3183.588063
6190.76522417,26500.706525,0.6395400, 71.2925,248.7017, 46.8763,264.6528,3174.309423
6192.25911656,26500.706525,0.6396130, 71.2875,248.6052, 46.7985,269.1495,3172.374393
6193.25506335,26500.706525,0.6396372, 71.2846,248.5408, 46.7469,272.1763,3171.732622
6194.25102233,26500.706525,0.6396472, 71.2829,248.4768, 46.6951,275.2222,3171.469461
6194.74900415,26500.706525,0.6396491, 71.2826,248.4451, 46.6692,276.7487,3171.418469
6198.73290521,26500.706525,0.6397057, 71.2917,248.1963, 46.4593,289.0215,3169.917963
6199.72890862,26500.706525,0.6397484, 71.2951,248.1349, 46.4067,292.1264,3168.787460
6201.22290578,26500.706525,0.6398329, 71.2993,248.0425, 46.3281,296.7691,3166.546780
6215.16816509,26500.706525,0.6404822, 71.3086,247.1592, 45.5940,342.0025,3149.339805
6215.66626296,26500.706525,0.6405345, 71.3096,247.1282, 45.5667,343.6933,3147.955828
6219.65096679,26500.706525,0.6408705, 71.3025,246.8737, 45.3541,357.1089,3139.049982
6223.63568650,26500.706525,0.6409711, 71.3026,246.6210, 45.1432, 10.5661,3136.383583
6225.62819681,26500.706525,0.6410487, 71.3098,246.4979, 45.0368, 17.5075,3134.327434
6225.62822142,26500.706525,0.6410487, 71.3098,246.4979, 45.0368, 17.5431,3134.327400
6229.61318759,26500.706525,0.6413460, 71.3213,246.2515, 44.8261, 31.3255,3126.450186
6230.60945169,26500.706525,0.6414341, 71.3217,246.1888, 44.7743, 34.8012,3124.114839
6233.59818267,26500.706525,0.6416674, 71.3169,245.9975, 44.6207, 45.1429,3117.932913
6233.59848686,26500.706525,0.6416674, 71.3169,245.9975, 44.6206, 45.5836,3117.932402
6234.59480172,26500.706525,0.6417243, 71.3143,245.9329, 44.5695, 49.1368,3116.424014
6235.59111704,26500.706525,0.6417686, 71.3120,245.8682, 44.5182, 52.6927,3115.249851
6236.58743930,26500.706525,0.6418020, 71.3104,245.8037, 44.4663, 56.2607,3114.365737
6238.58009455,26500.706525,0.6418582, 71.3117,245.6764, 44.3601, 63.4166,3112.877053
6239.57644276,26500.706525,0.6418996, 71.3148,245.6139, 44.3058, 67.0246,3111.779417
6241.56916458,26500.706525,0.6420570, 71.3233,245.4907, 44.1956, 74.2716,3107.608504
6243.56175559,26500.706525,0.6423078, 71.3269,245.3662, 44.0864, 81.3193,3100.959892
6246.55093890,26500.706525,0.6426256, 71.3171,245.1729, 43.9273, 92.3235,3092.539266
6247.54733450,26500.706525,0.6426832, 71.3135,245.1081, 43.8747, 95.9975,3091.013950
6254.52237772,26500.706525,0.6430552, 71.3227,244.6692, 43.5042,122.1012,3081.155030
6255.51888922,26500.706525,0.6431489, 71.3244,244.6068, 43.4521,125.9346,3078.670689
6255.51894021,26500.706525,0.6431489, 71.3244,244.6068, 43.4521,126.0085,3078.670557
6260.50142953,26500.706525,0.6436222, 71.3157,244.2865, 43.1966,145.0723,3066.128063
6262.49436282,26500.706525,0.6437459, 71.3078,244.1554, 43.0950,152.6159,3062.849047
6263.49083315,26500.706525,0.6437893, 71.3046,244.0899, 43.0435,156.3961,3061.699320
6264.48733758,26500.706525,0.6438251, 71.3026,244.0249, 42.9915,160.2275,3060.751773
6265.48373838,26500.706525,0.6438601, 71.3021,243.9604, 42.9387,163.9097,3059.825217
6267.47678278,26500.706525,0.6439650, 71.3057,243.8338, 42.8312,171.6249,3057.044468
6270.46643227,26500.706525,0.6443030, 71.3112,243.6451, 42.6694,183.3015,3048.085614
6275.44933290,26500.706525,0.6447832, 71.2870,243.3164, 42.4074,202.9885,3035.361738
6277.44238415,26500.706525,0.6448518, 71.2836,243.1871, 42.3019,210.7163,3033.544188
6278.43892115,26500.706525,0.6448934, 71.2843,243.1235, 42.2491,214.5947,3032.440359
6278.43893689,26500.706525,0.6448934, 71.2843,243.1235, 42.2491,214.6175,3032.440339
6280.43234423,26500.706525,0.6450144, 71.2875,242.9971, 42.1443,222.8504,3029.234749
6294.38513401,26500.706525,0.6458963, 71.2538,242.0813, 41.4284,278.9210,3005.862299
6300.36511465,26500.706525,0.6465101, 71.2434,241.6901, 41.1142,303.2585,2989.596886
6301.36179727,26500.706525,0.6465774, 71.2361,241.6223, 41.0626,307.3468,2987.812391
6301.86014677,26500.706525,0.6466000, 71.2327,241.5886, 41.0366,309.4042,2987.213532
6303.35514165,26500.706525,0.6466375, 71.2255,241.4884, 40.9580,315.5018,2986.220065
6303.35514778,26500.706525,0.6466375, 71.2255,241.4884, 40.9580,315.5107,2986.220063
6309.33540376,26500.706525,0.6468884, 71.2283,241.1013, 40.6450,340.2723,2979.571892
6310.33241203,26500.706525,0.6469665, 71.2278,241.0364, 40.5943,344.8252,2977.502050
6316.31262832,26500.706525,0.6473354, 71.2028,240.6352, 40.2943,  9.4963,2967.725690
6326.28053088,26500.706525,0.6478135, 71.1969,239.9782, 39.7716, 51.9409,2955.055043
6327.27703574,26500.706525,0.6479012, 71.1916,239.9108, 39.7204, 55.7681,2952.731580
6334.75296522,26500.706525,0.6480803, 71.1814,239.4161, 39.3253, 87.6324,2947.985599
6337.24494896,26500.706525,0.6482332, 71.1868,239.2550, 39.1966, 98.2432,2943.933507
6337.24501044,26500.706525,0.6482332, 71.1868,239.2550, 39.1966, 98.3322,2943.933392
6351.20074466,26500.706525,0.6487983, 71.1843,238.3321, 38.4703,158.7114,2928.957090
6353.19447568,26500.706525,0.6490075, 71.1850,238.2011, 38.3666,167.4049,2923.413174
6367.15081359,26500.706525,0.6497180, 71.1973,237.2863, 37.6339,228.6479,2904.585990
6377.61825161,26500.706525,0.6501702, 71.2108,236.5972, 37.0808,274.8535,2892.601975
6381.10730099,26500.706525,0.6505941, 71.2156,236.3687, 36.8991,290.0864,2881.368309
6383.59969783,26500.706525,0.6507739, 71.2072,236.2005, 36.7682,301.3000,2876.604201
6395.06454327,26500.706525,0.6515486, 71.2376,235.4549, 36.1667,352.5884,2856.074163
6395.56296256,26500.706525,0.6515903, 71.2366,235.4214, 36.1415,354.7402,2854.967340
6396.55991055,26500.706525,0.6516643, 71.2342,235.3541, 36.0907,359.2040,2853.007806
6396.55991764,26500.706525,0.6516643, 71.2342,235.3541, 36.0907,359.2143,2853.007794
6406.52946360,26500.706525,0.6523824, 71.2562,234.6994, 35.5622, 43.9870,2833.976596
6408.52342751,26500.706525,0.6526681, 71.2519,234.5653, 35.4603, 53.0036,2826.404976
6412.01283089,26500.706525,0.6529201, 71.2390,234.3284, 35.2757, 68.7690,2819.727879
6421.98269624,26500.706525,0.6537665, 71.2593,233.6734, 34.7587,113.9526,2797.296881
6424.97369462,26500.706525,0.6540039, 71.2473,233.4684, 34.6069,127.5614,2791.005889
6427.96464055,26500.706525,0.6541373, 71.2409,233.2651, 34.4490,141.1155,2787.470224
6433.94666966,26500.706525,0.6547272, 71.2583,232.8710, 34.1341,168.3897,2771.839271
6436.43922441,26500.706525,0.6550786, 71.2454,232.6990, 34.0082,179.8023,2762.525043
6439.92873370,26500.706525,0.6552815, 71.2289,232.4585, 33.8220,195.7256,2757.148255
6444.91375947,26500.706525,0.6556196, 71.2409,232.1288, 33.5596,218.4635,2748.189368
6449.40043326,26500.706525,0.6560824, 71.2314,231.8228, 33.3365,239.1065,2735.923504
6451.39448629,26500.706525,0.6562291, 71.2196,231.6833, 33.2358,248.2563,2732.037403
6456.87810018,26500.706525,0.6564342, 71.2053,231.3057, 32.9452,273.4157,2726.600196
6459.37066453,26500.706525,0.6566348, 71.2130,231.1396, 32.8137,284.8580,2721.284324
6460.86621899,26500.706525,0.6568313, 71.2143,231.0388, 32.7379,291.7348,2716.076920
6472.33211582,26500.706525,0.6576322, 71.1858,230.2496, 32.1372,344.5341,2694.854050
6475.32326407,26500.706525,0.6578976, 71.1798,230.0434, 31.9883,358.3460,2687.820051
6476.32032009,26500.706525,0.6579747, 71.1747,229.9733, 31.9386,  2.9614,2685.777424
6477.31736383,26500.706525,0.6580394, 71.1686,229.9028, 31.8884,  7.5613,2684.062554
6479.80998071,26500.706525,0.6581372, 71.1530,229.7260, 31.7594, 19.0853,2681.471498
6483.29960674,26500.706525,0.6581833, 71.1451,229.4834, 31.5710, 35.1865,2680.248475
6489.78042964,26500.706525,0.6587248, 71.1509,229.0411, 31.2352, 65.1505,2665.899334
6494.26714555,26500.706525,0.6589355, 71.1224,228.7227, 30.9957, 85.9233,2660.314885
6503.73915072,26500.706525,0.6594409, 71.1315,228.0748, 30.5026,129.7828,2646.921103
6505.73326362,26500.706525,0.6595229, 71.1215,227.9332, 30.3996,139.0277,2644.748997
6512.71261153,26500.706525,0.6596340, 71.1259,227.4517, 30.0201,171.3661,2641.804271
6513.70966040,26500.706525,0.6597068, 71.1314,227.3848, 29.9678,175.9753,2639.874410
6518.69500022,26500.706525,0.6601869, 71.1236,227.0373, 29.7141,199.1435,2627.152357
6519.19351202,26500.706525,0.6602106, 71.1205,227.0017, 29.6875,201.4336,2626.524938
6527.66848628,26500.706525,0.6605202, 71.1461,226.4252, 29.2295,240.7514,2618.319412
6529.66266327,26500.706525,0.6606795, 71.1472,226.2873, 29.1295,250.0722,2614.097561
6529.66267499,26500.706525,0.6606795, 71.1472,226.2873, 29.1295,250.0892,2614.097538
6533.15244161,26500.706525,0.6608639, 71.1382,226.0415, 28.9494,266.3583,2609.211320
6534.14950190,26500.706525,0.6608869, 71.1359,225.9713, 28.8959,270.9905,2608.600626
6535.64510403,26500.706525,0.6609044, 71.1354,225.8670, 28.8138,277.9604,2608.137167
6539.13472495,26500.706525,0.6609836, 71.1531,225.6306, 28.6210,294.0500,2606.037831
6541.12886954,26500.706525,0.6611422, 71.1686,225.4974, 28.5162,303.3320,2601.836451
6542.12597317,26500.706525,0.6612546, 71.1738,225.4300, 28.4659,308.0120,2598.857658
6546.11428816,26500.706525,0.6616683, 71.1669,225.1505, 28.2636,326.5991,2587.894958
6547.11135483,26500.706525,0.6617148, 71.1633,225.0801, 28.2095,331.2408,2586.661010
6549.10547825,26500.706525,0.6617582, 71.1647,224.9422, 28.0978,340.5190,2585.511519
6553.09374641,26500.706525,0.6619547, 71.1948,224.6759, 27.8819,359.0713,2580.303455
6554.58937370,26500.706525,0.6620964, 71.2039,224.5750, 27.8065,  6.0489,2576.549864
6556.08500648,26500.706525,0.6622474, 71.2082,224.4724, 27.7324, 13.0317,2572.546378
6556.58353843,26500.706525,0.6622961, 71.2086,224.4378, 27.7077, 15.3417,2571.256751
6564.56016770,26500.706525,0.6627205, 71.2082,223.8807, 27.2855, 52.5593,2560.009231
6568.54846934,26500.706525,0.6630495, 71.2397,223.6129, 27.0752, 71.1335,2551.291683
6572.03828410,26500.706525,0.6635293, 71.2412,223.3697, 26.9040, 87.4227,2538.577384
6575.02952503,26500.706525,0.6637501, 71.2300,223.1573, 26.7449,101.3867,2532.726033
6575.52805456,26500.706525,0.6637698, 71.2302,223.1226, 26.7172,103.7020,2532.202217
6575.52806478,26500.706525,0.6637698, 71.2302,223.1226, 26.7172,103.7168,2532.202207
6578.51927666,26500.706525,0.6639133, 71.2462,222.9194, 26.5528,117.6472,2528.400230
6594.97124358,26500.706524,0.6652896, 71.2768,221.7748, 25.7040,194.5250,2491.927317
6600.95381931,26500.706522,0.6660858, 71.2613,221.3487, 25.4096,222.4973,2470.826909
6604.44360955,26500.706521,0.6662630, 71.2572,221.1019, 25.2173,238.8115,2466.130018
6609.92760924,26500.706519,0.6667774, 71.2758,220.7208, 24.9397,264.4269,2452.498401
6610.42616804,26500.706519,0.6668352, 71.2748,220.6852, 24.9157,266.7717,2450.967645
6610.42616812,26500.706519,0.6668352, 71.2748,220.6852, 24.9157,266.7719,2450.967645
6612.91893484,26500.706518,0.6670937, 71.2625,220.5045, 24.7934,278.4648,2444.117402
6613.91601888,26500.706518,0.6671746, 71.2558,220.4316, 24.7426,283.1152,2441.973800
6619.89849809,26500.706516,0.6674674, 71.2396,220.0013, 24.4194,311.0346,2434.213992
6625.88104543,26500.706514,0.6681581, 71.2421,219.5761, 24.1225,338.9661,2415.908760
6629.37085761,26500.706512,0.6684392, 71.2090,219.3173, 23.9386,355.2914,2408.459637
6633.85768509,26500.706511,0.6686360, 71.2142,218.9990, 23.6922, 16.1928,2403.244894
6638.84319679,26500.706509,0.6690828, 71.2060,218.6393, 23.4452, 39.5518,2391.404229
6639.84029027,26500.706508,0.6691594, 71.1985,218.5653, 23.3949, 44.2146,2389.375027
6640.33883840,26500.706508,0.6691927, 71.1944,218.5283, 23.3693, 46.5495,2388.491484
6643.82863823,26500.706507,0.6693304, 71.1689,218.2695, 23.1810, 62.8678,2384.844326
6644.32715148,26500.706506,0.6693399, 71.1668,218.2330, 23.1530, 65.1590,2384.590509
6644.82569227,26500.706506,0.6693487, 71.1653,218.1966, 23.1250, 67.4903,2384.357125
6652.30380824,26500.706503,0.6698395, 71.1727,217.6598, 22.7321,102.3751,2371.351101
6652.30382943,26500.706503,0.6698395, 71.1727,217.6598, 22.7321,102.4058,2371.351036
6658.78481670,26500.706500,0.6701632, 71.1311,217.1803, 22.3781,132.6262,2362.773418
6665.76406507,26500.706497,0.6705642, 71.1403,216.6777, 22.0150,164.7024,2352.145912
6665.76435995,26500.706497,0.6705642, 71.1403,216.6777, 22.0150,165.1296,2352.145420
6667.75846777,26500.706496,0.6706672, 71.1276,216.5291, 21.9110,174.3510,2349.415729
6687.69999306,26500.706486,0.6713820, 71.1231,215.0774, 20.8146,267.3586,2330.474914
6690.19269131,26500.706485,0.6715222, 71.1401,214.9004, 20.6850,278.9689,2326.758491
6696.67374811,26500.706481,0.6718539, 71.1289,214.4237, 20.3459,309.2286,2317.967429
6700.16342246,26500.706479,0.6718805, 71.1336,214.1699, 20.1447,325.3918,2317.263250
6701.16050913,26500.706479,0.6718950, 71.1405,214.0988, 20.0877,330.0608,2316.880034
6706.64441327,26500.706476,0.6722612, 71.1780,213.7077, 19.8036,355.5467,2307.174290
6712.62680912,26500.706472,0.6725654, 71.1658,213.2678, 19.4772, 23.3408,2299.114333
6718.60922577,26500.706469,0.6728927, 71.2169,212.8437, 19.1614, 51.1183,2290.439768
6718.60925215,26500.706469,0.6728927, 71.2169,212.8437, 19.1614, 51.1565,2290.439708
6724.09317757,26500.706466,0.6732269, 71.2104,212.4400, 18.8765, 76.6719,2281.584204
6725.09021855,26500.706465,0.6732536, 71.2106,212.3670, 18.8203, 81.2706,2280.874129
6731.57116115,26500.706461,0.6735478, 71.2600,211.9041, 18.4677,111.3701,2273.077755
6733.56529499,26500.706460,0.6737595, 71.2690,211.7600, 18.3727,120.5891,2267.469174
6738.05212818,26500.706457,0.6741255, 71.2530,211.4275, 18.1421,141.4325,2257.768874
6741.04327430,26500.706455,0.6742210, 71.2654,211.2116, 17.9713,155.2621,2255.238106
6747.52429694,26500.706450,0.6747447, 71.3022,210.7445, 17.6499,185.3788,2241.361062
6749.51845901,26500.706449,0.6748989, 71.2945,210.5959, 17.5493,194.6534,2237.274049
6757.49496651,26500.706443,0.6752796, 71.3143,210.0133, 17.1149,231.6298,2227.184238
6758.49204272,26500.706442,0.6753682, 71.3218,209.9415, 17.0660,236.2539,2224.837821
6763.97595742,26500.706438,0.6759381, 71.3063,209.5337, 16.8027,261.6721,2209.733066
6764.47448562,26500.706437,0.6759697, 71.3026,209.4962, 16.7757,263.9781,2208.897850
6768.46267596,26500.706434,0.6761290, 71.3045,209.2029, 16.5509,282.3945,2204.675312
6771.45388967,26500.706431,0.6763295, 71.3240,208.9863, 16.3987,296.2593,2199.361659
6771.45389004,26500.706431,0.6763295, 71.3240,208.9863, 16.3987,296.2599,2199.361658
6771.45389424,26500.706431,0.6763295, 71.3240,208.9863, 16.3987,296.2659,2199.361649
6797.87591298,26500.706407,0.6779703, 71.2713,207.0121, 15.0184, 58.3268,2155.879004
6797.87591301,26500.706407,0.6779703, 71.2713,207.0121, 15.0184, 58.3268,2155.879004
6797.87591610,26500.706407,0.6779703, 71.2713,207.0121, 15.0184, 58.3313,2155.878999
6797.87592344,26500.706407,0.6779703, 71.2713,207.0121, 15.0184, 58.3419,2155.878987
6797.87594833,26500.706407,0.6779703, 71.2713,207.0121, 15.0184, 58.3780,2155.878946
6797.87594844,26500.706407,0.6779703, 71.2713,207.0121, 15.0184, 58.3782,2155.878946
6807.34793922,26500.706397,0.6784833, 71.2187,206.2922, 14.5239,102.0591,2142.283458
6815.82272350,26500.706388,0.6788847, 71.2241,205.6569, 14.0763,140.9296,2131.648291
6817.31827441,26500.706387,0.6789964, 71.2081,205.5414, 14.0015,147.7814,2128.687733
6817.81680060,26500.706386,0.6790260, 71.2019,205.5027, 13.9750,150.0832,2127.901496
6818.31530782,26500.706385,0.6790507, 71.1958,205.4641, 13.9477,152.3599,2127.247285
6819.31233404,26500.706384,0.6790848, 71.1852,205.3872, 13.8905,156.9373,2126.344578
6821.80485006,26500.706382,0.6791134, 71.1776,205.1986, 13.7409,168.3249,2125.587305
6822.30335057,26500.706381,0.6791183, 71.1794,205.1615, 13.7116,170.5964,2125.457893
6822.80185977,26500.706380,0.6791252, 71.1817,205.1245, 13.6828,172.8787,2125.273201
6833.76913985,26500.706368,0.6795300, 71.1509,204.2905, 13.0960,223.0815,2114.546651
6834.76614713,26500.706367,0.6795342, 71.1483,204.2147, 13.0362,227.6371,2114.434345
6838.75413229,26500.706362,0.6795749, 71.1634,203.9157, 12.8052,245.7707,2113.357280
6840.74813664,26500.706360,0.6796546, 71.1733,203.7663, 12.7016,254.8211,2111.243445
6841.74514886,26500.706358,0.6797109, 71.1743,203.6909, 12.6523,259.3544,2109.753574
6842.74218041,26500.706357,0.6797728, 71.1715,203.6149, 12.6035,263.9150,2108.111117
6850.71808074,26500.706348,0.6799577, 71.1502,203.0075, 12.1475,300.0742,2103.210923
6850.71808971,26500.706348,0.6799577, 71.1502,203.0075, 12.1475,300.0872,2103.210919
6859.69103852,26500.706336,0.6802469, 71.1485,202.3257, 11.6706,340.7435,2095.548885
6865.67290143,26500.706329,0.6802765, 71.1725,201.8751, 11.3176,  7.7909,2094.764561
6867.66686906,26500.706326,0.6803381, 71.1894,201.7262, 11.2131, 16.7884,2093.131925
6873.15027179,26500.706319,0.6805950, 71.1782,201.3077, 10.9318, 41.5095,2086.323331
6874.14725467,26500.706318,0.6806140, 71.1738,201.2315, 10.8730, 46.0265,2085.819439
6884.61534545,26500.706304,0.6808799, 71.2270,200.4442, 10.3067, 92.9635,2078.773124
6888.60314948,26500.706299,0.6809570, 71.2220,200.1403, 10.0782,110.8183,2076.729096
6890.59703494,26500.706296,0.6809706, 71.2344,199.9906,  9.9605,119.7300,2076.368755
6891.59400533,26500.706295,0.6809815, 71.2444,199.9162,  9.9035,124.2202,2076.080761
6897.07728217,26500.706287,0.6811911, 71.2877,199.5053,  9.6273,148.7269,2070.525331
6903.55725807,26500.706278,0.6814053, 71.2797,199.0126,  9.2710,177.3981,2064.850535
6903.55728882,26500.706278,0.6814053, 71.2797,199.0126,  9.2710,177.4426,2064.850528
6915.52036193,26500.706261,0.6818200, 71.3202,198.1091,  8.6491,230.3144,2053.860516
6918.01265616,26500.706257,0.6818604, 71.3339,197.9215,  8.5063,241.3447,2052.790116
6918.51105405,26500.706256,0.6818696, 71.3385,197.8842,  8.4788,243.4596,2052.545361
6933.46445993,26500.706233,0.6824110, 71.3783,196.7530,  7.7046,308.8922,2038.198839
6946.42376527,26500.706213,0.6828625, 71.3713,195.7658,  7.0336,  5.1380,2026.232663
6949.41424131,26500.706208,0.6829613, 71.3873,195.5393,  6.8873, 17.9004,2023.615050
6953.90011530,26500.706200,0.6831839, 71.3585,195.1942,  6.6746, 37.2614,2017.716170
6960.87776407,26500.706188,0.6833357, 71.3518,194.6615,  6.2860, 66.9875,2013.693602
6962.37299766,26500.706186,0.6833793, 71.3562,194.5475,  6.2141, 73.3595,2012.538362
6965.36347828,26500.706180,0.6834981, 71.3412,194.3172,  6.0731, 86.1169,2009.389622
6973.33769296,26500.706166,0.6836740, 71.3000,193.7029,  5.6261,119.7501,2004.728042
6979.81665294,26500.706155,0.6838518, 71.2868,193.2042,  5.3063,146.8318,2000.016530
6986.29534161,26500.706143,0.6839649, 71.2454,192.7036,  4.9326,173.6732,1997.019086
6990.28217211,26500.706135,0.6840109, 71.2547,192.3971,  4.7260,190.0459,1995.798979
6998.25564358,26500.706121,0.6841538, 71.1934,191.7778,  4.2821,222.6054,1992.011416
7003.73722662,26500.706110,0.6841686, 71.2123,191.3556,  3.9767,244.7316,1991.620615
7009.71706236,26500.706099,0.6842770, 71.1660,190.8904,  3.6597,268.7262,1988.747332
7017.68975135,26500.706084,0.6842728, 71.1881,190.2749,  3.2042,300.1897,1988.858266
7027.65517316,26500.706065,0.6843217, 71.1684,189.5020,  2.6275,338.9006,1987.561782
7049.07893390,26500.706024,0.6843270, 71.2148,187.8448,  1.4598, 59.1811,1987.421672
7065.51839237,26500.705993,0.6842979, 71.2668,186.5767,  0.5541,117.8516,1988.192499
7069.50331331,26500.705985,0.6842544, 71.3080,186.2704,  0.3273,131.5100,1989.346999
7072.49206668,26500.705980,0.6842191, 71.3307,186.0402,  0.1853,141.7677,1990.282931
7081.45767214,26500.705963,0.6842239, 71.3377,185.3508,359.6952,171.7586,1990.154453
7083.44991739,26500.705959,0.6841937, 71.3591,185.1977,359.5905,178.2491,1990.955760
7086.43829396,26500.705954,0.6841512, 71.3776,184.9679,359.4489,187.9556,1992.080775
7092.41475580,26500.705942,0.6841597, 71.3533,184.5093,359.1400,207.0173,1991.854993
7093.41078675,26500.705941,0.6841591, 71.3548,184.4330,359.0819,210.1455,1991.870830
7094.40678994,26500.705939,0.6841524, 71.3604,184.3567,359.0245,213.2316,1992.049649
7102.37473016,26500.705924,0.6840489, 71.3834,183.7453,358.6362,237.6036,1994.791489
7106.35847373,26500.705916,0.6840643, 71.3649,183.4406,358.4142,249.5355,1994.383873
7108.35025151,26500.705913,0.6840485, 71.3732,183.2881,358.3017,255.3692,1994.803567
7109.34612196,26500.705911,0.6840325, 71.3802,183.2117,358.2483,258.2515,1995.226553
7110.83993237,26500.705908,0.6840017, 71.3904,183.0971,358.1729,262.5694,1996.041712
7116.31712628,26500.705898,0.6839231, 71.3762,182.6774,357.9140,278.1929,1998.126439
7119.30450200,26500.705893,0.6839328, 71.3501,182.4493,357.7506,286.5095,1997.868982
7133.24436540,26500.705867,0.6837968, 71.3104,181.3827,357.0155,323.4771,2001.472519
7136.23116954,26500.705862,0.6837670, 71.3150,181.1539,356.8445,330.9884,2002.263620
7137.22676223,26500.705860,0.6837444, 71.3193,181.0774,356.7916,333.4684,2002.862913
7144.19578349,26500.705848,0.6836096, 71.2847,180.5438,356.4458,350.5792,2006.434278
7145.19126626,26500.705846,0.6836114, 71.2730,180.4679,356.3899,352.9089,2006.386088
7146.18676575,26500.705844,0.6836152, 71.2636,180.3919,356.3317,355.2694,2006.284479
7147.18224641,26500.705842,0.6836175, 71.2578,180.3159,356.2721,357.6066,2006.224706
7152.65728160,26500.705833,0.6835177, 71.2697,179.8950,355.9685, 10.2385,2008.870572
7171.56988423,26500.705800,0.6832116, 71.1863,178.4453,354.9479, 52.1416,2016.982111
7176.54626367,26500.705792,0.6832003, 71.1708,178.0637,354.6471, 62.3626,2017.279973
7176.54650943,26500.705792,0.6832003, 71.1708,178.0636,354.6470, 62.7186,2017.280086
7180.52755603,26500.705785,0.6830778, 71.1892,177.7558,354.4334, 70.7400,2020.525830
7181.52288495,26500.705783,0.6830449, 71.1874,177.6792,354.3836, 72.8329,2021.399294
7206.40585757,26500.705742,0.6825751, 71.1863,175.7654,352.9801,125.2361,2033.849913
7210.38748481,26500.705736,0.6824161, 71.1894,175.4592,352.7789,134.0667,2038.061505
7212.37829399,26500.705733,0.6823863, 71.1783,175.3074,352.6687,138.5010,2038.853240
7213.37370024,26500.705731,0.6823824, 71.1744,175.2316,352.6100,140.7306,2038.954664
7239.75563768,26500.705692,0.6815056, 71.2617,173.2069,351.1789,204.7927,2062.192074
7243.73835921,26500.705686,0.6814429, 71.2731,172.9033,350.9473,215.2891,2063.853369
7249.71320428,26500.705678,0.6810972, 71.3200,172.4443,350.6443,232.0155,2073.015326
7254.19447086,26500.705672,0.6809101, 71.3040,172.1063,350.4139,244.7593,2077.972322
7254.19449689,26500.705672,0.6809101, 71.3040,172.1063,350.4139,244.7970,2077.972336
7262.65950378,26500.705660,0.6805208, 71.3518,171.4603,349.9666,269.4770,2088.289175
7263.65546343,26500.705659,0.6804495, 71.3507,171.3851,349.9209,272.4720,2090.178095
7268.63539340,26500.705653,0.6802734, 71.3262,171.0131,349.6593,287.7266,2094.845983
7272.61951379,26500.705648,0.6801272, 71.3479,170.7109,349.4398,300.2167,2098.720739
7279.59213664,26500.705639,0.6796447, 71.3477,170.1862,349.1040,322.5339,2111.505906
7286.56504700,26500.705631,0.6794205, 71.3414,169.6639,348.7220,345.4013,2117.448302
7293.53849442,26500.705623,0.6789352, 71.3238,169.1436,348.3880,  8.9169,2130.307766
7298.51981485,26500.705618,0.6788081, 71.3088,168.7739,348.1090, 26.2427,2133.678216
7303.00265133,26500.705613,0.6784930, 71.3201,168.4370,347.8854, 41.2511,2142.026891
7303.50104667,26500.705612,0.6784530, 71.3183,168.3999,347.8619, 43.3529,2143.087129
7309.47920119,26500.705606,0.6781828, 71.2655,167.9609,347.5514, 64.9041,2150.248367
7309.47921556,26500.705606,0.6781828, 71.2655,167.9609,347.5514, 64.9249,2150.248373
7313.96295766,26500.705602,0.6780539, 71.2652,167.6260,347.3004, 81.3278,2153.662701
7314.95943170,26500.705601,0.6779910, 71.2685,167.5509,347.2495, 85.0856,2155.330841
7327.41378712,26500.705589,0.6774354, 71.2138,166.6309,346.5873,129.8611,2170.055376
7334.88720354,26500.705582,0.6769921, 71.1725,166.0795,346.2034,157.8556,2181.801772
7339.37141779,26500.705578,0.6769501, 71.1537,165.7482,345.9417,174.9844,2182.915999
7346.84536922,26500.705571,0.6765308, 71.1467,165.1913,345.5523,203.7834,2194.026379
7347.84189815,26500.705570,0.6764960, 71.1361,165.1189,345.4985,207.6315,2194.948895
7353.82110618,26500.705565,0.6764154, 71.1243,164.6763,345.1486,230.8522,2197.084342
7365.28108480,26500.705556,0.6759373, 71.0989,163.8264,344.5231,274.9855,2209.754498
7374.74978113,26500.705548,0.6754652, 71.1178,163.1176,344.0166,313.9700,2222.265774
7386.21135353,26500.705539,0.6749525, 71.1491,162.2612,343.3863,  0.4400,2235.853067
7387.20805343,26500.705539,0.6748878, 71.1461,162.1878,343.3345,  4.5312,2237.566896
7395.67992105,26500.705532,0.6746358, 71.1663,161.5562,342.8591, 39.3007,2244.244880
7422.09382780,26500.705515,0.6729832, 71.2386,159.5994,341.4679,149.7676,2288.040529
7439.53818060,26500.705505,0.6715093, 71.2810,158.3212,340.5833,224.3684,2327.101265
7440.53503515,26500.705505,0.6713956, 71.2785,158.2494,340.5355,228.6722,2330.113672
7450.00493347,26500.705500,0.6708168, 71.2679,157.5667,340.0370,269.3812,2345.452787
7460.47191841,26500.705495,0.6699356, 71.2378,156.8210,339.5069,314.6896,2368.804402
7479.41250465,26500.705488,0.6685273, 71.2125,155.4684,338.5269, 37.2351,2406.124376
7488.88277148,26500.705484,0.6679261, 71.1604,154.8062,338.0274, 78.5114,2422.056651
7489.87977268,26500.705484,0.6678632, 71.1636,154.7343,337.9740, 83.0496,2423.724166
7495.86112654,26500.705482,0.6673018, 71.1485,154.3109,337.6710,109.2749,2438.602276
7500.84550767,26500.705480,0.6671500, 71.1150,153.9638,337.3975,131.0809,2442.623945
7506.82674673,26500.705478,0.6668588, 71.1239,153.5342,337.0787,157.2041,2450.343072
7516.79547112,26500.705475,0.6663873, 71.0858,152.8359,336.5399,200.7550,2462.837189
7517.79233308,26500.705475,0.6663210, 71.0906,152.7637,336.4868,205.0935,2464.593596
7536.73295775,26500.705469,0.6653025, 71.0796,151.4179,335.4819,287.8747,2491.585608
7536.73338542,26500.705469,0.6653024, 71.0796,151.4179,335.4818,288.4944,2491.586469
7543.71142151,26500.705467,0.6651159, 71.0702,150.9270,335.0950,318.9236,2496.530433
7544.70832676,26500.705467,0.6650559, 71.0778,150.8543,335.0415,323.3281,2498.120135
7550.68960779,26500.705467,0.6645381, 71.0840,150.4284,334.7330,349.4881,2511.842625
7551.68655593,26500.705467,0.6644948, 71.0802,150.3589,334.6793,353.9537,2512.988705
7556.67086722,26500.705467,0.6644217, 71.0849,150.0044,334.4044, 15.6896,2514.927238
7562.65209195,26500.705467,0.6639938, 71.1171,149.5719,334.0971, 41.7762,2526.266653
7562.65211197,26500.705467,0.6639938, 71.1171,149.5719,334.0971, 41.8053,2526.266705
7567.63644858,26500.705467,0.6636897, 71.1039,149.2253,333.8347, 63.5323,2534.325859
7572.62074408,26500.705467,0.6634591, 71.1341,148.8668,333.5644, 85.2334,2540.436160
7579.59882101,26500.705467,0.6628065, 71.1380,148.3755,333.2070,115.6236,2557.730258
7585.57988166,26500.705467,0.6625765, 71.1604,147.9495,332.8878,141.5143,2563.826312
7590.06571684,26500.705467,0.6620959, 71.1806,147.6297,332.6658,160.9296,2576.561660
7590.56416225,26500.705467,0.6620384, 71.1801,147.5951,332.6412,163.1139,2578.086250
7594.55152955,26500.705467,0.6617367, 71.1673,147.3222,332.4341,180.3382,2586.081261
7597.54200672,26500.705467,0.6616153, 71.1759,147.1124,332.2720,193.2142,2589.298201
7601.52934566,26500.705467,0.6611828, 71.2009,146.8283,332.0693,210.3866,2600.760894
7602.02777569,26500.705467,0.6611138, 71.2018,146.7935,332.0447,212.5481,2602.588617
7612.49443047,26500.705467,0.6603392, 71.2001,146.0691,331.5021,257.5015,2623.114683
7616.48168415,26500.705467,0.6598771, 71.2142,145.7894,331.3055,274.5334,2635.361369
7617.47850217,26500.705467,0.6597436, 71.2124,145.7214,331.2568,278.7949,2638.900903
7619.47212522,26500.705467,0.6595175, 71.2025,145.5877,331.1568,287.3072,2644.891149
7636.41732698,26500.705467,0.6581041, 71.1764,144.4366,330.2765,358.9258,2682.347847
7639.90605014,26500.705467,0.6579123, 71.1818,144.1963,330.0947, 13.6908,2687.431284
7641.40118546,26500.705467,0.6577714, 71.1858,144.0929,330.0193, 19.9630,2691.164869
7648.87680128,26500.705467,0.6570112, 71.1520,143.5958,329.6387, 51.2367,2711.309204
7661.83418534,26500.705467,0.6560062, 71.1211,142.7272,328.9598,105.0158,2737.943068
7674.29227216,26500.705467,0.6551796, 71.0963,141.8909,328.3133,155.3791,2759.847860
7675.28893575,26500.705467,0.6551323, 71.0884,141.8264,328.2597,159.4382,2761.102046
7675.28896295,26500.705467,0.6551323, 71.0884,141.8264,328.2597,159.4776,2761.102071
7682.76348895,26500.705467,0.6547687, 71.0875,141.3230,327.8588,189.2759,2770.738128
7688.24474480,26500.705467,0.6543884, 71.0624,140.9606,327.5705,211.0069,2780.817516
7695.22058684,26500.705467,0.6542530, 71.0637,140.4877,327.2008,238.2718,2784.404018
7701.19975591,26500.705467,0.6537914, 71.0555,140.0869,326.8931,261.4142,2796.637669
7736.07382208,26500.705467,0.6522067, 71.0927,137.7294,325.0516, 30.2515,2838.634074
7737.56827110,26500.705467,0.6520450, 71.0988,137.6272,324.9742, 35.5400,2842.916871
7742.05152906,26500.705467,0.6516920, 71.0956,137.3278,324.7397, 51.2860,2852.272105
7748.02888822,26500.705467,0.6515196, 71.1126,136.9211,324.4286, 71.8486,2856.841363
7752.51174429,26500.705467,0.6511368, 71.1336,136.6146,324.2023, 86.9970,2866.985309
7756.99446991,26500.705467,0.6507503, 71.1284,136.3188,323.9711,101.9628,2877.227400
7765.95937348,26500.705467,0.6500510, 71.1583,135.7155,323.5005,131.1398,2895.760295
7769.94358867,26500.705467,0.6497194, 71.1513,135.4539,323.2920,143.8263,2904.546917
7769.94360374,26500.705467,0.6497194, 71.1513,135.4539,323.2920,143.8481,2904.546936
7773.92759122,26500.705467,0.6495500, 71.1580,135.1875,323.0857,156.2189,2909.037842
7778.90745381,26500.705467,0.6491092, 71.1777,134.8520,322.8339,171.4741,2920.718375
7783.88713779,26500.705467,0.6485921, 71.1677,134.5290,322.5774,186.4683,2934.421218
7793.84576337,26500.705467,0.6477331, 71.1780,133.8751,322.0539,215.4328,2957.186943
7795.83740405,26500.705467,0.6475473, 71.1702,133.7475,321.9489,221.0996,2962.110290
7799.82051133,26500.705467,0.6473537, 71.1625,133.4890,321.7406,232.1973,2967.239980
7813.26251226,26500.705467,0.6462974, 71.1466,132.6203,321.0442,268.1799,2995.233736
7813.76033282,26500.705467,0.6462811, 71.1461,132.5882,321.0178,269.4714,2995.665363
7813.76033296,26500.705467,0.6462811, 71.1461,132.5882,321.0178,269.4716,2995.665363
7832.67616912,26500.705467,0.6450956, 71.1323,131.3654,320.0274,316.5037,3027.083094
7838.64907039,26500.705467,0.6446506, 71.1097,130.9874,319.7140,330.5961,3038.875913
7839.64452022,26500.705467,0.6446274, 71.1055,130.9246,319.6609,332.9042,3039.489832
7846.61255795,26500.705467,0.6442926, 71.1104,130.4737,319.2914,348.8807,3048.363261
7847.11033708,26500.705467,0.6442502, 71.1094,130.4419,319.2649,350.1094,3049.484844
7856.06901759,26500.705467,0.6439929, 71.0917,129.8658,318.7962, 10.3202,3056.303589
7868.01372357,26500.705467,0.6434707, 71.0814,129.0975,318.1753, 36.9614,3070.143226
7882.94478787,26500.705467,0.6429947, 71.0937,128.1268,317.3947, 70.5607,3082.757794
7883.44246889,26500.705467,0.6429850, 71.0955,128.0939,317.3697, 71.6492,3083.014525
7888.41967896,26500.705467,0.6427411, 71.1105,127.7674,317.1172, 83.0982,3089.478830
7894.89022977,26500.705467,0.6424780, 71.1037,127.3531,316.7797, 98.2640,3096.449587
7907.83207386,26500.705467,0.6419338, 71.1278,126.5115,316.1013,129.6799,3110.871695
7915.79699483,26500.705467,0.6415570, 71.1567,125.9896,315.6989,150.0060,3120.857861
7916.79264969,26500.705467,0.6414825, 71.1575,125.9258,315.6473,152.6022,3122.832280
7929.73696326,26500.705467,0.6407370, 71.1793,125.0936,314.9652,187.5823,3142.589224
7934.71597315,26500.705467,0.6405319, 71.1784,124.7745,314.7052,201.6537,3148.022962
7988.50345897,26500.705467,0.6374242, 71.2031,121.3748,311.8758, 14.1242,3230.380765
7994.48134384,26500.705467,0.6372030, 71.2089,120.9965,311.5698, 35.4620,3236.240831
8001.45588673,26500.705467,0.6368120, 71.1960,120.5650,311.1996, 60.8492,3246.603786
8008.43066898,26500.705467,0.6366158, 71.1965,120.1296,310.8318, 86.6202,3251.802978
8021.38458928,26500.705467,0.6362512, 71.1887,119.3158,310.1524,135.5480,3261.465760
8024.37411179,26500.705467,0.6361137, 71.1895,119.1292,309.9962,147.0562,3265.107346
8030.35320857,26500.705467,0.6359624, 71.1763,118.7577,309.6814,170.1715,3269.117433
8037.32903586,26500.705467,0.6357929, 71.1859,118.3196,309.3130,197.4630,3273.609862
8043.30854432,26500.705467,0.6357258, 71.1789,117.9425,308.9989,221.1805,3275.387114
8043.30881053,26500.705467,0.6357258, 71.1789,117.9425,308.9989,221.5662,3275.387083
8050.28480825,26500.705467,0.6355862, 71.1937,117.4984,308.6475,249.0809,3279.086697
8050.28507319,26500.705467,0.6355862, 71.1937,117.4984,308.6475,249.4648,3279.086971
8054.27133803,26500.705467,0.6354510, 71.1929,117.2493,308.4385,265.1561,3282.671767
8054.27135014,26500.705467,0.6354510, 71.1929,117.2493,308.4385,265.1737,3282.671774
8054.27160297,26500.705467,0.6354510, 71.1929,117.2493,308.4384,265.5400,3282.671929
8058.75618986,26500.705467,0.6354148, 71.1911,116.9668,308.2071,283.2714,3283.630263
8059.25449754,26500.705467,0.6354124, 71.1923,116.9352,308.1816,285.2717,3283.694385
8059.25476248,26500.705467,0.6354124, 71.1923,116.9351,308.1816,285.6556,3283.694432
8064.23784160,26500.705467,0.6352588, 71.2075,116.6209,307.9171,305.6493,3287.764792
8064.23810908,26500.705467,0.6352588, 71.2075,116.6209,307.9171,306.0369,3287.765077
8070.21793853,26500.705467,0.6351776, 71.2083,116.2422,307.6036,330.2168,3289.916959
8070.21820601,26500.705467,0.6351776, 71.2083,116.2422,307.6036,330.6044,3289.916962
8078.19159625,26500.705467,0.6349595, 71.2320,115.7351,307.2011,  3.2341,3295.694600
8078.19186245,26500.705467,0.6349595, 71.2320,115.7351,307.2011,  3.6198,3295.694907
8085.16872547,26500.705467,0.6347708, 71.2342,115.2980,306.8368, 32.3932,3300.697122
8085.16899168,26500.705467,0.6347708, 71.2342,115.2980,306.8368, 32.7789,3300.697203
8091.14919824,26500.705467,0.6345688, 71.2547,114.9224,306.5189, 57.5138,3306.050688
8091.14946318,26500.705467,0.6345687, 71.2547,114.9224,306.5189, 57.8977,3306.051038
8097.12978360,26500.705467,0.6344281, 71.2579,114.5461,306.1997, 82.7853,3309.778981
8101.11687062,26500.705467,0.6343310, 71.2700,114.2922,305.9992, 99.6697,3312.351346
8108.09441271,26500.705467,0.6340043, 71.2831,113.8593,305.6311,129.4050,3321.009270
8109.09122279,26500.705467,0.6339702, 71.2826,113.7977,305.5779,133.6812,3321.913138
8112.08161681,26500.705467,0.6338982, 71.2822,113.6116,305.4210,146.4637,3323.821602
8116.06883780,26500.705467,0.6337816, 71.2927,113.3632,305.2106,163.5571,3326.911138
8120.05611215,26500.705467,0.6335887, 71.2995,113.1185,304.9857,180.7216,3332.022365
8120.05637836,26500.705467,0.6335887, 71.2995,113.1184,304.9857,181.1073,3332.022607
8124.04367099,26500.705467,0.6335194, 71.2977,112.8690,304.7708,198.2977,3333.858214
8125.04022932,26500.705467,0.6335047, 71.2989,112.8060,304.7197,202.2108,3334.247924
8125.04022957,26500.705467,0.6335047, 71.2989,112.8060,304.7197,202.2111,3334.247924
8125.04049553,26500.705467,0.6335047, 71.2989,112.8060,304.7197,202.5965,3334.248049
8130.02437974,26500.705467,0.6333307, 71.3105,112.4945,304.4623,223.7349,3338.859068
8130.02464599,26500.705467,0.6333307, 71.3105,112.4945,304.4623,224.1206,3338.859404
8136.00545811,26500.705467,0.6330868, 71.3110,112.1293,304.1383,249.7008,3345.324232
8136.00572424,26500.705467,0.6330868, 71.3110,112.1293,304.1383,250.0864,3345.324415
8141.98651007,26500.705467,0.6329740, 71.3101,111.7598,303.8222,275.6530,3348.312316
8142.98335598,26500.705467,0.6329445, 71.3123,111.6986,303.7685,279.9850,3349.094130
8142.98336314,26500.705467,0.6329445, 71.3123,111.6986,303.7685,279.9954,3349.094136
8142.98362942,26500.705467,0.6329445, 71.3123,111.6986,303.7685,280.3812,3349.094371
8148.96474974,26500.705467,0.6327728, 71.3128,111.3331,303.4308,306.4347,3353.643577
8149.96160263,26500.705467,0.6327719, 71.3112,111.2707,303.3769,310.7765,3353.667527
8154.94586914,26500.705467,0.6327198, 71.3141,110.9570,303.1194,332.4814,3355.048088
8155.94272672,26500.705467,0.6326903, 71.3157,110.8952,303.0675,336.8266,3355.830812
8164.91450971,26500.705467,0.6324915, 71.3099,110.3456,302.5851, 16.0294,3361.098252
8170.89569639,26500.705467,0.6324425, 71.3122,109.9754,302.2709, 42.1843,3362.398814
8177.87376953,26500.705467,0.6324217, 71.3071,109.5437,301.8867, 72.7279,3362.949836
8184.85183422,26500.705467,0.6323688, 71.3143,109.1041,301.5299,103.2472,3364.351542
8191.82992377,26500.705467,0.6323260, 71.3087,108.6727,301.1594,133.7967,3365.486598
8198.80772144,26500.705467,0.6323175, 71.3151,108.2368,300.7983,163.9460,3365.709867
8198.80798764,26500.705467,0.6323175, 71.3151,108.2368,300.7982,164.3317,3365.709944
8199.80461197,26500.705467,0.6323084, 71.3162,108.1757,300.7436,168.3423,3365.952421
8199.80487817,26500.705467,0.6323084, 71.3162,108.1757,300.7436,168.7280,3365.952470
8205.78577952,26500.705467,0.6323864, 71.3136,107.7986,300.4256,194.4659,3363.884931
8205.78604572,26500.705467,0.6323864, 71.3136,107.7986,300.4256,194.8516,3363.884817
8206.78290396,26500.705467,0.6323982, 71.3146,107.7341,300.3763,199.2010,3363.572448
8211.76697160,26500.705467,0.6323419, 71.3255,107.4185,300.1259,220.6162,3365.065007
8211.76697792,26500.705467,0.6323419, 71.3255,107.4185,300.1259,220.6253,3365.065010
8211.76724381,26500.705467,0.6323419, 71.3255,107.4184,300.1259,221.0106,3365.065143
8218.74500150,26500.705467,0.6323103, 71.3271,106.9843,299.7602,251.0778,3365.901422
8219.74189490,26500.705467,0.6323175, 71.3269,106.9210,299.7096,255.4781,3365.711708
8219.74216143,26500.705467,0.6323175, 71.3269,106.9209,299.7096,255.8643,3365.711662
8226.71983293,26500.705467,0.6322733, 71.3413,106.4844,299.3489,285.8298,3366.882831
8232.70091887,26500.705467,0.6323348, 71.3442,106.1074,299.0325,311.8301,3365.251018
8239.67878118,26500.705467,0.6322324, 71.3627,105.6654,298.6817,342.0509,3367.965944
8240.67568023,26500.705467,0.6322123, 71.3646,105.6042,298.6290,346.4560,3368.499485
8246.65668189,26500.705467,0.6321853, 71.3677,105.2320,298.3152, 12.3225,3369.215185
8253.63441858,26500.705467,0.6320928, 71.3849,104.7977,297.9514, 42.3797,3371.666137
8260.61218994,26500.705467,0.6321317, 71.3917,104.3605,297.5793, 72.4738,3370.635151
8266.59298684,26500.705467,0.6319914, 71.4087,103.9868,297.2730, 98.0427,3374.353758
8274.56731318,26500.705467,0.6319265, 71.4141,103.4965,296.8475,132.0305,3376.073298
8281.54472534,26500.705467,0.6318205, 71.4300,103.0696,296.4723,161.6147,3378.880391
8289.51871915,26500.705467,0.6318778, 71.4362,102.5708,296.0459,195.1321,3377.362169
8296.49590493,26500.705467,0.6317434, 71.4483,102.1473,295.6705,224.3625,3380.924609
8310.44969195,26500.705467,0.6317611, 71.4569,101.2957,294.9102,282.0053,3380.455349
8316.42971040,26500.705467,0.6318887, 71.4574,100.9171,294.5932,306.4519,3377.072984
8316.92803192,26500.705467,0.6318839, 71.4583,100.8858,294.5675,308.4696,3377.200959
8335.36535458,26500.705467,0.6319706, 71.4664, 99.7551,293.5772, 22.2888,3374.903255
8342.34131440,26500.705467,0.6322332, 71.4635, 99.3163,293.1986, 49.7564,3367.944749
8344.33448806,26500.705467,0.6322419, 71.4660, 99.1881,293.0977, 57.6649,3367.714862
8345.33098336,26500.705467,0.6322348, 71.4676, 99.1255,293.0461, 61.4862,3367.902346
8355.29598465,26500.705467,0.6324069, 71.4667, 98.5084,292.5142, 99.7564,3363.341468
8355.29599362,26500.705467,0.6324069, 71.4667, 98.5084,292.5142, 99.7694,3363.341462
8370.24231647,26500.705467,0.6327919, 71.4729, 97.5619,291.7311,155.4936,3353.139637
8387.17967562,26500.705467,0.6329830, 71.4872, 96.4889,290.8569,216.0140,3348.073823
8392.16085417,26500.705467,0.6330774, 71.4940, 96.1826,290.5872,233.2426,3345.573413
8398.63605337,26500.705467,0.6332572, 71.5000, 95.7575,290.2609,255.1497,3340.808124
8406.10701459,26500.705467,0.6332617, 71.5128, 95.2929,289.8652,279.8157,3340.689313
8413.07945841,26500.705467,0.6333435, 71.5191, 94.8449,289.5104,302.1802,3338.521327
8420.05143633,26500.705467,0.6334261, 71.5320, 94.4173,289.1319,323.8780,3336.330632
8420.05170254,26500.705467,0.6334262, 71.5320, 94.4173,289.1319,324.2637,3336.330309
8426.02704807,26500.705467,0.6335275, 71.5409, 94.0276,288.8289,341.9305,3333.643959
8427.02320755,26500.705467,0.6335030, 71.5440, 93.9646,288.7772,345.2660,3334.293624
8431.00674247,26500.705467,0.6334632, 71.5533, 93.7224,288.5598,357.0068,3335.348979
8433.99430322,26500.705467,0.6335324, 71.5555, 93.5393,288.3965,  5.6751,3333.515005
8438.97336826,26500.705467,0.6336042, 71.5595, 93.2221,288.1380, 19.8324,3331.612235
8443.95189244,26500.705467,0.6335731, 71.5717, 92.9187,287.8669, 33.2212,3332.435227
8443.95215991,26500.705467,0.6335731, 71.5717, 92.9187,287.8668, 33.6088,3332.435109
8450.92182147,26500.705467,0.6338462, 71.5774, 92.4829,287.4885, 51.9343,3325.198209
8450.92208768,26500.705467,0.6338462, 71.5774, 92.4829,287.4885, 52.3200,3325.198127
8457.89131931,26500.705467,0.6338095, 71.5924, 92.0529,287.1110, 70.0324,3326.171817
8458.88719471,26500.705467,0.6338357, 71.5933, 91.9936,287.0545, 72.9537,3325.478057
8463.86484745,26500.705467,0.6340220, 71.5936, 91.6850,286.7834, 85.0565,3320.540926
8463.86511493,26500.705467,0.6340220, 71.5936, 91.6850,286.7834, 85.4441,3320.540737
8473.82004494,26500.705467,0.6342424, 71.6059, 91.0775,286.2324,109.1343,3314.699231
8473.82031115,26500.705467,0.6342424, 71.6059, 91.0774,286.2324,109.5200,3314.698713
8480.78823917,26500.705467,0.6345176, 71.6100, 90.6291,285.8643,125.3279,3307.405148
8481.78391028,26500.705467,0.6345159, 71.6119, 90.5675,285.8101,127.9547,3307.451401
8490.74229880,26500.705467,0.6348868, 71.6135, 90.0177,285.3140,147.7302,3297.623077
8490.74257654,26500.705467,0.6348868, 71.6135, 90.0177,285.3140,148.1326,3297.622742
8496.71481117,26500.705467,0.6350248, 71.6175, 89.6397,284.9974,161.2905,3293.964010
8497.71017167,26500.705467,0.6350530, 71.6188, 89.5798,284.9413,163.4676,3293.219270
8504.67733884,26500.705467,0.6355660, 71.6175, 89.1396,284.5606,178.1664,3279.624051
8506.66827743,26500.705467,0.6356272, 71.6189, 89.0059,284.4600,182.8300,3278.000163
8514.13333019,26500.705467,0.6358590, 71.6247, 88.5401,284.0528,198.9208,3271.858148
8521.10074396,26500.705467,0.6362046, 71.6215, 88.0841,283.6938,213.9683,3262.699392
8522.09607084,26500.705467,0.6362198, 71.6224, 88.0197,283.6423,216.0950,3262.297115
8529.06362687,26500.705467,0.6365660, 71.6265, 87.5839,283.2631,231.3621,3253.121600
8530.05900290,26500.705467,0.6366571, 71.6258, 87.5177,283.2117,233.5552,3250.708297
8535.03594683,26500.705467,0.6368421, 71.6287, 87.1765,282.9649,244.6258,3245.806057
8550.96327616,26500.705467,0.6373021, 71.6387, 86.1416,282.1353,281.6633,3233.616354
8552.45655560,26500.705467,0.6373282, 71.6411, 86.0485,282.0544,285.2722,3232.922657
8561.41660766,26500.705467,0.6377527, 71.6465, 85.4534,281.5950,307.4389,3221.675058
8567.39011336,26500.705467,0.6377826, 71.6578, 85.0729,281.2725,322.4390,3220.881965
8567.39039082,26500.705467,0.6377826, 71.6578, 85.0728,281.2725,322.8410,3220.881628
8576.84930457,26500.705467,0.6379944, 71.6646, 84.4492,280.7870,347.8119,3215.269575
8576.84958267,26500.705467,0.6379944, 71.6646, 84.4492,280.7870,348.2149,3215.269674
8582.82401304,26500.705467,0.6381351, 71.6744, 84.0789,280.4593,  4.5464,3211.540754
8582.82429084,26500.705467,0.6381351, 71.6744, 84.0789,280.4593,  4.9489,3211.540281
8585.31357188,26500.705467,0.6382887, 71.6751, 83.9148,280.3309, 11.6478,3207.468471
8585.31384966,26500.705467,0.6382888, 71.6751, 83.9148,280.3309, 12.0502,3207.468109
8591.78671759,26500.705467,0.6382632, 71.6879, 83.4852,279.9947, 30.5694,3208.144641
8591.78699537,26500.705467,0.6382632, 71.6879, 83.4852,279.9947, 30.9719,3208.144669
8599.25629281,26500.705467,0.6385437, 71.6945, 83.0146,279.5866, 53.1975,3200.713174
8599.25657028,26500.705467,0.6385437, 71.6945, 83.0146,279.5866, 53.5996,3200.712984
8605.73035991,26500.705467,0.6385289, 71.7052, 82.5989,279.2420, 73.4553,3201.104072
8605.73063801,26500.705467,0.6385289, 71.7052, 82.5989,279.2420, 73.8582,3201.104030
8611.20901292,26500.705467,0.6387998, 71.7116, 82.2643,278.9350, 91.4457,3193.923989
8621.66853720,26500.705467,0.6389986, 71.7278, 81.5965,278.3659,126.2068,3188.657908
8640.59766816,26500.705467,0.6399143, 71.7402, 80.4026,277.3310,192.5015,3164.388814
8646.07777964,26500.705467,0.6399887, 71.7479, 80.0470,277.0349,212.6104,3162.419697
8653.55089240,26500.705467,0.6405223, 71.7489, 79.5803,276.6185,240.3435,3148.277215
8659.52975310,26500.705467,0.6406908, 71.7524, 79.1923,276.2989,263.0788,3143.812939
8666.50539284,26500.705467,0.6412758, 71.7538, 78.7569,275.9127,290.0191,3128.310458
8670.49131935,26500.705467,0.6414609, 71.7539, 78.4825,275.7113,305.1889,3123.403829
8670.49159649,26500.705467,0.6414609, 71.7539, 78.4824,275.7113,305.5905,3123.403754
8677.46747622,26500.705467,0.6418309, 71.7589, 78.0438,275.3207,332.8963,3113.598089
8677.46775336,26500.705467,0.6418310, 71.7589, 78.0438,275.3207,333.2978,3113.597352
8681.95225611,26500.705467,0.6421808, 71.7544, 77.7416,275.0906,350.8388,3104.325992
8681.95253326,26500.705467,0.6421808, 71.7544, 77.7416,275.0906,351.2404,3104.325672
8682.45058832,26500.705467,0.6422006, 71.7542, 77.7075,275.0654,352.8675,3103.800302
8682.45086610,26500.705467,0.6422007, 71.7542, 77.7074,275.0654,353.2700,3103.800036
8688.43056039,26500.705467,0.6423769, 71.7583, 77.3187,274.7443, 17.2101,3099.128860
8688.43083817,26500.705467,0.6423769, 71.7583, 77.3186,274.7443, 17.6125,3099.128420
8694.41073057,26500.705467,0.6429494, 71.7555, 76.9266,274.4294, 41.8021,3083.958099
8695.40743655,26500.705467,0.6430118, 71.7548, 76.8549,274.3815, 45.9160,3082.302847
8695.40771497,26500.705467,0.6430119, 71.7548, 76.8549,274.3815, 46.3194,3082.302493
8701.38780866,26500.705467,0.6431321, 71.7601, 76.4521,274.0646, 70.8392,3079.115413
8701.38808708,26500.705467,0.6431321, 71.7601, 76.4521,274.0645, 71.2426,3079.115010
8708.36516505,26500.705467,0.6436683, 71.7560, 75.9866,273.6999,100.2460,3064.905468
8708.36544220,26500.705467,0.6436683, 71.7560, 75.9865,273.6999,100.6476,3064.905149
8714.34622832,26500.705467,0.6437596, 71.7587, 75.5802,273.3908,126.1627,3062.486820
8720.32689946,26500.705467,0.6441789, 71.7600, 75.1915,273.0712,151.4903,3051.376114
8720.32717661,26500.705467,0.6441789, 71.7600, 75.1915,273.0712,151.8918,3051.375456
8726.30798933,26500.705467,0.6443145, 71.7614, 74.7650,272.7742,177.4326,3047.780632
8726.30826712,26500.705467,0.6443145, 71.7614, 74.7650,272.7742,177.8351,3047.780706
8727.30488059,26500.705467,0.6443139, 71.7633, 74.6998,272.7186,181.8256,3047.797182
8727.30515837,26500.705467,0.6443139, 71.7633, 74.6998,272.7185,182.2281,3047.797108
8735.28004417,26500.705467,0.6447668, 71.7642, 74.1685,272.2954,216.9565,3035.794794
8735.28032259,26500.705467,0.6447668, 71.7642, 74.1685,272.2954,217.3599,3035.794582
8741.26158748,26500.705467,0.6447553, 71.7691, 73.7601,271.9838,243.5742,3036.101159
8741.26186400,26500.705467,0.6447553, 71.7691, 73.7601,271.9838,243.9748,3036.101130
8747.24324552,26500.705467,0.6450575, 71.7741, 73.3751,271.6583,270.3400,3028.092515
8747.24352457,26500.705467,0.6450575, 71.7741, 73.3751,271.6582,270.7443,3028.091961
8755.21906227,26500.705467,0.6451252, 71.7820, 72.8233,271.2416,306.4416,3026.297953
8755.21934132,26500.705467,0.6451252, 71.7820, 72.8232,271.2416,306.8459,3026.297817
8759.70553997,26500.705467,0.6453956, 71.7862, 72.5366,270.9900,326.8608,3019.132551
8759.70581903,26500.705467,0.6453956, 71.7862, 72.5366,270.9899,327.2652,3019.132044
8765.18913629,26500.705467,0.6455228, 71.7868, 72.1578,270.7075,351.9884,3015.761148
8765.68792922,26500.705467,0.6455143, 71.7875, 72.1243,270.6806,354.6872,3015.985856
8770.67313094,26500.705467,0.6455381, 71.7973, 71.8085,270.3970, 17.7254,3015.356679
8780.14523726,26500.705467,0.6459112, 71.8037, 71.1741,269.8933, 61.7591,3005.469186
8780.64359186,26500.705467,0.6459002, 71.8049, 71.1414,269.8647, 63.8248,3005.759179
8780.64386837,26500.705467,0.6459002, 71.8049, 71.1414,269.8647, 64.2254,3005.759319
8785.13049482,26500.705467,0.6460776, 71.8146, 70.8646,269.5973, 84.8822,3001.058549
8785.13077134,26500.705467,0.6460776, 71.8146, 70.8646,269.5973, 85.2829,3001.057880
8787.62335348,26500.705467,0.6462982, 71.8147, 70.7027,269.4607, 96.7533,2995.211455
8788.12192485,26500.705467,0.6463334, 71.8145, 70.6690,269.4345, 99.1265,2994.278706
8789.11890754,26500.705467,0.6463892, 71.8142, 70.6008,269.3825,103.6420,2992.800898
8789.11918405,26500.705467,0.6463892, 71.8142, 70.6008,269.3825,104.0426,2992.800563
8791.11355863,26500.705467,0.6464432, 71.8144, 70.4641,269.2778,113.6717,2991.369267
8794.10503046,26500.705467,0.6464483, 71.8183, 70.2667,269.1120,127.9992,2991.235256
8798.09367708,26500.705467,0.6465883, 71.8262, 70.0225,268.8773,147.1278,2987.524789
8801.08509919,26500.705467,0.6468633, 71.8282, 69.8361,268.7092,161.3598,2980.237676
8801.58370403,26500.705467,0.6469116, 71.8281, 69.8035,268.6827,163.7800,2978.957354
8809.06260956,26500.705467,0.6471694, 71.8333, 69.2993,268.2782,199.8921,2972.123704
8814.04867519,26500.705467,0.6476414, 71.8384, 68.9905,267.9866,224.1531,2959.617124
8818.53629182,26500.705467,0.6479651, 71.8353, 68.6829,267.7520,246.1952,2951.038648
8822.02668091,26500.705467,0.6480540, 71.8385, 68.4531,267.5572,263.3934,2948.683043
8828.01032356,26500.705467,0.6485823, 71.8433, 68.0801,267.2160,293.0192,2934.681485
8832.99684376,26500.705467,0.6489788, 71.8388, 67.7317,266.9636,317.8972,2924.175263
8838.48211389,26500.705467,0.6492441, 71.8450, 67.3741,266.6494,345.4606,2917.144760
8841.97283217,26500.705467,0.6496955, 71.8426, 67.1442,266.4605,  3.0991,2905.182140
8842.97018388,26500.705467,0.6498013, 71.8407, 67.0738,266.4105,  8.1415,2902.377087
8849.45309077,26500.705467,0.6500933, 71.8377, 66.6221,266.0701, 41.1398,2894.639959
8855.43751563,26500.705467,0.6506527, 71.8384, 66.2329,265.7417, 71.8784,2879.815553
8863.41705939,26500.705467,0.6510542, 71.8324, 65.6607,265.3354,113.3109,2869.175727
8865.91073076,26500.705467,0.6512491, 71.8345, 65.4984,265.1930,126.3627,2864.010117
8869.90074082,26500.705467,0.6516973, 71.8289, 65.2208,264.9884,147.4051,2852.132287
8871.39703598,26500.705467,0.6517953, 71.8257, 65.1095,264.9165,155.3567,2849.534283
8875.88594696,26500.705467,0.6518732, 71.8228, 64.7852,264.6856,179.2815,2847.471167
8880.87370357,26500.705467,0.6521383, 71.8253, 64.4530,264.4107,205.9772,2840.444697
8882.37006520,26500.705467,0.6522845, 71.8241, 64.3505,264.3337,214.0240,2836.571915
8886.85924967,26500.705467,0.6525472, 71.8163, 64.0159,264.1198,238.3056,2829.608958
8893.34396807,26500.705467,0.6526802, 71.8209, 63.5654,263.7613,273.9540,2826.085610
8903.32105423,26500.705467,0.6530162, 71.8128, 62.8447,263.2490,329.6001,2817.181495
8909.80646101,26500.705467,0.6532964, 71.8175, 62.4108,262.8905,  6.2207,2809.754644
8912.79988806,26500.705467,0.6534520, 71.8136, 62.1919,262.7440, 23.3336,2805.630872
8918.78695735,26500.705467,0.6533735, 71.8185, 61.7651,262.4139, 57.9535,2807.712505
8923.27747065,26500.705467,0.6537242, 71.8204, 61.4634,262.1649, 84.1913,2798.418386
8924.77434864,26500.705467,0.6537979, 71.8183, 61.3542,262.0895, 92.9896,2796.464467
8929.26485129,26500.705467,0.6537593, 71.8177, 61.0299,261.8509,119.2300,2797.488737
8929.26512876,26500.705467,0.6537593, 71.8177, 61.0298,261.8508,119.6321,2797.488900
8938.74592335,26500.705467,0.6541308, 71.8278, 60.4017,261.3160,176.2380,2787.642554
8938.74620082,26500.705467,0.6541308, 71.8278, 60.4017,261.3160,176.6400,2787.642180
8946.73070823,26500.705467,0.6541928, 71.8362, 59.8486,260.8647,225.3235,2785.999647
8947.22983168,26500.705467,0.6542369, 71.8373, 59.8173,260.8344,228.4986,2784.830240
8947.23010978,26500.705467,0.6542370, 71.8373, 59.8173,260.8344,228.9016,2784.829537
8951.72162421,26500.705467,0.6546572, 71.8367, 59.5126,260.5896,256.5752,2773.694152
8951.72190231,26500.705467,0.6546572, 71.8367, 59.5126,260.5896,256.9781,2773.693780
8952.22069788,26500.705467,0.6546790, 71.8361, 59.4765,260.5638,259.6741,2773.114869
8952.22097597,26500.705467,0.6546790, 71.8361, 59.4765,260.5638,260.0771,2773.114594
8962.70235219,26500.705467,0.6549901, 71.8487, 58.7799,259.9597,326.4355,2764.871803
8962.70263029,26500.705467,0.6549901, 71.8487, 58.7799,259.9597,326.8384,2764.871117
8966.19684793,26500.705467,0.6552922, 71.8480, 58.5440,259.7733,349.5355,2756.865846
8968.19330054,26500.705467,0.6553745, 71.8461, 58.4004,259.6704,  2.1564,2754.683683
8968.19357832,26500.705467,0.6553745, 71.8461, 58.4004,259.6704,  2.5588,2754.683552
8972.68605909,26500.705467,0.6554139, 71.8518, 58.0924,259.4091, 31.6800,2753.640984
8972.68633687,26500.705467,0.6554139, 71.8518, 58.0924,259.4091, 32.0825,2753.640590
8976.67982392,26500.705467,0.6558764, 71.8577, 57.8388,259.1727, 58.1874,2741.382793
8976.68010171,26500.705467,0.6558765, 71.8577, 57.8388,259.1727, 58.5898,2741.381803
8979.67525907,26500.705467,0.6561652, 71.8532, 57.6257,259.0185, 78.2041,2733.730110
8979.67553685,26500.705467,0.6561652, 71.8532, 57.6257,259.0185, 78.6065,2733.729716
8981.67226320,26500.705467,0.6562310, 71.8513, 57.4817,258.9126, 91.6311,2731.986293
8981.67254098,26500.705467,0.6562310, 71.8513, 57.4817,258.9126, 92.0335,2731.986159
8990.65931467,26500.705467,0.6567956, 71.8610, 56.8933,258.3930,152.8447,2717.024916
8990.65959308,26500.705467,0.6567956, 71.8610, 56.8932,258.3930,153.2481,2717.024064
8994.65384137,26500.705467,0.6571529, 71.8556, 56.6116,258.1895,180.4115,2707.553921
8995.65251235,26500.705467,0.6571901, 71.8541, 56.5382,258.1385,187.3650,2706.569695
8995.65277919,26500.705467,0.6571901, 71.8541, 56.5382,258.1385,187.7516,2706.569507
9000.64588958,26500.705467,0.6573567, 71.8583, 56.1953,257.8500,222.2140,2702.154982
9001.14552942,26500.705467,0.6574101, 71.8593, 56.1636,257.8198,226.1356,2700.738496
9001.64460229,26500.705467,0.6574724, 71.8601, 56.1319,257.7901,229.2343,2699.088786
9001.64488071,26500.705467,0.6574724, 71.8601, 56.1319,257.7901,229.6377,2699.087807
9005.63949674,26500.705467,0.6580320, 71.8559, 55.8571,257.5791,257.3335,2684.259202
9005.63977516,26500.705467,0.6580320, 71.8559, 55.8571,257.5790,257.7369,2684.258451
9030.11069925,26500.705467,0.6596017, 71.8407, 54.1317,256.2604, 73.1746,2642.660186
9031.10957386,26500.705467,0.6597418, 71.8391, 54.0612,256.2092, 80.4149,2638.948477
9057.08103950,26500.705467,0.6609997, 71.8084, 52.1688,254.8405,269.9318,2605.612463
9072.06379980,26500.705467,0.6615529, 71.7917, 51.0714,254.0458, 18.1563,2590.952389
9075.05992020,26500.705467,0.6617136, 71.7853, 50.8483,253.8977, 39.1521,2586.693825
9078.05608053,26500.705467,0.6616760, 71.7779, 50.6141,253.7476, 60.2265,2587.688892
9080.05390222,26500.705467,0.6616032, 71.7778, 50.4652,253.6338, 74.8537,2589.618605
9080.05390223,26500.705467,0.6616032, 71.7778, 50.4652,253.6338, 74.8537,2589.618605
9083.04988678,26500.705467,0.6617064, 71.7833, 50.2601,253.4530, 95.7086,2586.882845
9084.54787746,26500.705467,0.6618517, 71.7839, 50.1569,253.3693,106.1163,2583.033579
9087.04456817,26500.705467,0.6620514, 71.7789, 49.9720,253.2434,123.5040,2577.740234
9088.04322619,26500.705467,0.6620823, 71.7759, 49.8943,253.1944,130.4346,2576.923708
9089.04193334,26500.705467,0.6620834, 71.7731, 49.8163,253.1443,137.4406,2576.892763
9093.53583591,26500.705467,0.6619730, 71.7716, 49.4834,252.8915,168.6085,2579.820202
9095.03349553,26500.705467,0.6619872, 71.7743, 49.3810,252.8014,178.5546,2579.441782
9095.53278016,26500.705467,0.6620017, 71.7752, 49.3473,252.7715,181.9626,2579.058048
9099.52698384,26500.705467,0.6622289, 71.7788, 49.0751,252.5446,209.0918,2573.037755
9102.02328639,26500.705467,0.6623529, 71.7756, 48.8934,252.4157,225.9218,2569.752435
9104.02020048,26500.705467,0.6623615, 71.7716, 48.7412,252.3137,239.2067,2569.523917
9108.51306031,26500.705467,0.6622628, 71.7749, 48.4149,252.0491,268.8778,2572.139942
9110.01092285,26500.705467,0.6623609, 71.7796, 48.3168,251.9550,279.1183,2569.539779
9114.50368987,26500.705467,0.6627895, 71.7781, 47.9996,251.7114,308.5830,2558.182327
9116.99948836,26500.705467,0.6628147, 71.7733, 47.8096,251.5803,324.6976,2557.514600
9116.99948963,26500.705467,0.6628147, 71.7733, 47.8096,251.5803,324.6994,2557.514601
9117.99776065,26500.705467,0.6627964, 71.7728, 47.7355,251.5239,331.0830,2557.997861
9118.49681972,26500.705467,0.6627869, 71.7730, 47.6993,251.4948,334.1653,2558.250543
9121.99098153,26500.705467,0.6628115, 71.7798, 47.4597,251.2809,356.8310,2557.598798
9126.48307921,26500.705467,0.6631346, 71.7878, 47.1621,251.0164, 25.3549,2549.036208
9130.47591972,26500.705467,0.6633673, 71.7842, 46.8751,250.8055, 50.4812,2542.869940
9131.47409851,26500.705467,0.6633768, 71.7828, 46.8003,250.7524, 56.7222,2542.618515
9135.96576494,26500.705467,0.6634019, 71.7886, 46.4824,250.4814, 84.6597,2541.951612
9140.95622070,26500.705467,0.6640311, 71.7941, 46.1452,250.1958,115.2207,2525.278482
9141.45525035,26500.705467,0.6640751, 71.7929, 46.1078,250.1707,118.2499,2524.111949
9145.44744614,26500.705467,0.6641886, 71.7867, 45.8089,249.9557,142.4637,2521.104216
9149.43946173,26500.705467,0.6643411, 71.7942, 45.5372,249.7123,166.4513,2517.062973
9150.43741689,26500.705467,0.6644265, 71.7966, 45.4720,249.6518,172.3723,2514.799369
9152.43333638,26500.705467,0.6646359, 71.7999, 45.3403,249.5358,184.2166,2509.249012
9153.43128525,26500.705467,0.6647472, 71.8004, 45.2727,249.4807,190.1179,2506.300130
9157.92196064,26500.705466,0.6651050, 71.7942, 44.9482,249.2475,216.5256,2496.817623
9157.92196065,26500.705466,0.6651050, 71.7942, 44.9482,249.2475,216.5256,2496.817623
9158.91986383,26500.705466,0.6651320, 71.7923, 44.8732,249.1949,222.3639,2496.102500
9163.41027563,26500.705465,0.6652763, 71.7959, 44.5540,248.9284,248.4626,2492.278169
9167.90049641,26500.705464,0.6659568, 71.7981, 44.2462,248.6792,274.2191,2474.246214
9167.90049735,26500.705464,0.6659568, 71.7981, 44.2462,248.6792,274.2205,2474.246210
9167.90051488,26500.705464,0.6659568, 71.7981, 44.2462,248.6792,274.2459,2474.246150
9172.88943369,26500.705462,0.6662178, 71.7842, 43.8635,248.4230,302.5592,2467.328721
9176.88037183,26500.705461,0.6664427, 71.7882, 43.5855,248.1874,324.9642,2461.369424
9179.37471681,26500.705460,0.6667144, 71.7901, 43.4155,248.0468,338.9569,2454.167846
9179.37499457,26500.705460,0.6667145, 71.7901, 43.4155,248.0468,339.3594,2454.166977
9182.36791166,26500.705459,0.6670423, 71.7859, 43.2007,247.8933,355.6957,2445.478477
9182.36819071,26500.705459,0.6670423, 71.7859, 43.2007,247.8933,356.1000,2445.477804
9183.86442201,26500.705459,0.6671558, 71.7812, 43.0874,247.8203,  3.9371,2442.471708
9183.86470108,26500.705459,0.6671558, 71.7812, 43.0874,247.8203,  4.3415,2442.471267
9186.85743426,26500.705458,0.6672454, 71.7718, 42.8555,247.6690, 20.4277,2440.097877
9186.85743554,26500.705458,0.6672454, 71.7718, 42.8555,247.6690, 20.4296,2440.097877
9190.34917576,26500.705457,0.6673452, 71.7711, 42.5992,247.4674, 39.5552,2437.453057
9192.84320084,26500.705456,0.6676550, 71.7741, 42.4275,247.3234, 53.0902,2429.241010
9196.83359807,26500.705455,0.6681410, 71.7593, 42.1209,247.1341, 74.6224,2416.361542
9197.83117299,26500.705454,0.6681720, 71.7542, 42.0393,247.0867, 79.9775,2415.540713
9203.31772637,26500.705452,0.6682856, 71.7464, 41.6241,246.7830,109.3393,2412.530063
9207.80655562,26500.705451,0.6686733, 71.7438, 41.3020,246.5405,133.0777,2402.256549
9207.80656949,26500.705451,0.6686733, 71.7438, 41.3020,246.5405,133.0978,2402.256517
9215.28775288,26500.705448,0.6688507, 71.7171, 40.7134,246.1676,172.3616,2397.555023
9216.28518936,26500.705447,0.6688463, 71.7164, 40.6379,246.1101,177.5331,2397.671905
9220.27498359,26500.705446,0.6691421, 71.7182, 40.3506,245.8811,198.2641,2389.832613
9229.25171078,26500.705442,0.6693719, 71.6867, 39.6373,245.4248,244.4041,2383.741741
9229.25200014,26500.705442,0.6693719, 71.6867, 39.6373,245.4248,244.8233,2383.741680
9232.74244312,26500.705441,0.6695111, 71.6879, 39.3844,245.2240,262.0605,2380.053557
9237.23045841,26500.705439,0.6697485, 71.6785, 39.0457,244.9939,284.6087,2373.762323
9237.23074777,26500.705439,0.6697485, 71.6785, 39.0457,244.9938,285.0280,2373.762153
9240.72110793,26500.705438,0.6696925, 71.6646, 38.7644,244.8187,302.1176,2375.245768
9240.72110802,26500.705438,0.6696925, 71.6646, 38.7644,244.8187,302.1177,2375.245768
9243.21440592,26500.705437,0.6695889, 71.6609, 38.5696,244.6758,314.6257,2377.992746
9243.21440599,26500.705437,0.6695889, 71.6609, 38.5696,244.6758,314.6258,2377.992746
9243.21441782,26500.705437,0.6695889, 71.6609, 38.5696,244.6758,314.6429,2377.992752
9251.19266818,26500.705433,0.6700347, 71.6529, 37.9709,244.2402,354.1401,2366.177377
9257.17619104,26500.705431,0.6698726, 71.6439, 37.5048,243.9003, 23.5842,2370.473718
9257.67482520,26500.705431,0.6698828, 71.6448, 37.4692,243.8697, 26.0497,2370.204022
9258.17345215,26500.705430,0.6698981, 71.6457, 37.4339,243.8393, 28.5038,2369.799463
9260.16786201,26500.705430,0.6699955, 71.6485, 37.2926,243.7217, 38.1689,2367.216568
9260.16789218,26500.705430,0.6699955, 71.6485, 37.2926,243.7217, 38.2127,2367.216521
9262.16222790,26500.705429,0.6701104, 71.6486, 37.1483,243.6113, 47.7564,2364.171652
9266.15102133,26500.705427,0.6701969, 71.6396, 36.8424,243.4037, 67.0096,2361.879642
9267.14830218,26500.705427,0.6701694, 71.6368, 36.7634,243.3506, 71.9484,2362.608469
9270.13973999,26500.705425,0.6700478, 71.6341, 36.5325,243.1755, 86.2092,2365.830893
9270.13974015,26500.705425,0.6700478, 71.6341, 36.5325,243.1755, 86.2094,2365.830893
9272.13412970,26500.705424,0.6700772, 71.6394, 36.3904,243.0479, 95.8690,2365.052167
9273.13127294,26500.705424,0.6701529, 71.6427, 36.3218,242.9852,100.6175,2363.045670
9274.62698704,26500.705423,0.6703153, 71.6457, 36.2175,242.8976,107.7251,2358.742260
9274.62700362,26500.705423,0.6703153, 71.6457, 36.2175,242.8976,107.7491,2358.742210
9276.12265826,26500.705423,0.6704722, 71.6445, 36.1076,242.8184,114.7569,2354.585285
9278.11695271,26500.705422,0.6705743, 71.6378, 35.9512,242.7185,124.2278,2351.877756
9279.11408795,26500.705421,0.6705729, 71.6342, 35.8712,242.6668,128.9528,2351.916679
9280.11122294,26500.705421,0.6705491, 71.6314, 35.7919,242.6123,133.6839,2352.545861
9280.11122326,26500.705421,0.6705491, 71.6314, 35.7919,242.6123,133.6843,2352.545861
9284.59824858,26500.705419,0.6705268, 71.6361, 35.4614,242.3364,154.8961,2353.136895
9286.59239747,26500.705418,0.6706494, 71.6419, 35.3241,242.2130,164.1899,2349.887924
9287.58946064,26500.705418,0.6707288, 71.6440, 35.2551,242.1540,168.8143,2347.783129
9289.58363169,26500.705417,0.6708876, 71.6457, 35.1139,242.0417,178.1177,2343.574979
9293.57194583,26500.705415,0.6710499, 71.6400, 34.8145,241.8289,196.6757,2339.275006
9297.56015190,26500.705413,0.6710087, 71.6382, 34.5126,241.5946,215.1307,2340.365233
9301.54825098,26500.705411,0.6713727, 71.6522, 34.2389,241.3438,233.4315,2330.718971
9302.54527307,26500.705410,0.6715201, 71.6529, 34.1682,241.2895,237.9846,2326.814596
9303.54228866,26500.705410,0.6716453, 71.6513, 34.0942,241.2387,242.5241,2323.497045
9307.53033550,26500.705408,0.6717940, 71.6387, 33.7809,241.0314,260.6930,2319.555351
9308.52731986,26500.705407,0.6717924, 71.6380, 33.7049,240.9727,265.2098,2319.598028
9309.52431123,26500.705407,0.6718033, 71.6389, 33.6314,240.9115,269.7395,2319.308719
9313.51220517,26500.705405,0.6720630, 71.6498, 33.3537,240.6640,287.7402,2312.426873
9314.50915165,26500.705404,0.6721683, 71.6521, 33.2850,240.6055,292.1917,2309.637156
9317.49999998,26500.705403,0.6724726, 71.6532, 33.0717,240.4417,305.5393,2301.571539
9319.49385584,26500.705402,0.6726083, 71.6495, 32.9220,240.3382,314.3704,2297.975854
9321.48772181,26500.705401,0.6726683, 71.6444, 32.7684,240.2330,323.2248,2296.385891
9324.47847423,26500.705399,0.6726950, 71.6417, 32.5410,240.0602,336.4708,2295.678091
9325.47538715,26500.705398,0.6727335, 71.6435, 32.4689,239.9979,340.8859,2294.657374
9326.47227680,26500.705398,0.6728105, 71.6467, 32.3992,239.9348,345.2660,2292.617228
9327.46920795,26500.705397,0.6729317, 71.6502, 32.3308,239.8730,349.7009,2289.406394
9329.46295616,26500.705396,0.6732589, 71.6537, 32.1916,239.7610,358.3795,2280.735264
9332.45357924,26500.705394,0.6736006, 71.6425, 31.9589,239.6179, 11.3679,2271.678938
9333.45053302,26500.705394,0.6736324, 71.6375, 31.8778,239.5686, 15.8213,2270.835377
9335.44427086,26500.705392,0.6736491, 71.6315, 31.7195,239.4597, 24.5028,2270.392856
9336.44110618,26500.705392,0.6736672, 71.6311, 31.6439,239.4009, 28.8012,2269.915627
9338.93319138,26500.705390,0.6738055, 71.6346, 31.4636,239.2500, 39.5405,2266.248359
9340.42846203,26500.705389,0.6739488, 71.6374, 31.3581,239.1619, 46.0027,2262.451866
9343.41886862,26500.705387,0.6742762, 71.6380, 31.1428,238.9989, 58.7048,2253.775165
9343.41886863,26500.705387,0.6742762, 71.6380, 31.1428,238.9989, 58.7048,2253.775165
9343.91773078,26500.705387,0.6743255, 71.6372, 31.1058,238.9727, 61.4869,2252.468586
9345.41292889,26500.705386,0.6744501, 71.6334, 30.9922,238.8978, 67.8216,2249.167158
9347.40644703,26500.705385,0.6745481, 71.6260, 30.8361,238.7988, 76.1563,2246.569829
9349.39999519,26500.705383,0.6745746, 71.6184, 30.6776,238.6954, 84.5477,2245.868367
9351.39353814,26500.705382,0.6745814, 71.6142, 30.5219,238.5832, 92.9492,2245.687264
9354.38378017,26500.705380,0.6747599, 71.6177, 30.3024,238.4032,105.4563,2240.955932
9354.38378083,26500.705380,0.6747599, 71.6177, 30.3024,238.4032,105.4573,2240.955930
9355.38049787,26500.705379,0.6748940, 71.6194, 30.2316,238.3459,109.5728,2237.402881
9356.37719795,26500.705379,0.6750499, 71.6196, 30.1592,238.2927,113.6548,2233.272897
9356.37719859,26500.705379,0.6750499, 71.6196, 30.1592,238.2927,113.6557,2233.272894
9358.37063844,26500.705377,0.6753210, 71.6123, 30.0044,238.1991,121.8585,2226.086895
9359.36732341,26500.705376,0.6753932, 71.6056, 29.9217,238.1549,125.9097,2224.174987
9363.85255855,26500.705373,0.6754028, 71.5854, 29.5544,237.9201,144.4469,2223.919232
9370.33096682,26500.705368,0.6758595, 71.5843, 29.0727,237.5569,170.8366,2211.817988
9372.82262017,26500.705366,0.6760107, 71.5752, 28.8775,237.4347,180.8948,2207.809234
9375.31405124,26500.705364,0.6760382, 71.5625, 28.6749,237.3125,190.6402,2207.082007
9387.27295425,26500.705355,0.6765571, 71.5302, 27.7324,236.6776,237.5401,2193.330912
9388.26939548,26500.705354,0.6765303, 71.5228, 27.6464,236.6295,241.2521,2194.039441
9388.26939612,26500.705354,0.6765303, 71.5228, 27.6464,236.6295,241.2530,2194.039442
9391.25894669,26500.705351,0.6764299, 71.5121, 27.4011,236.4625,252.7586,2196.702091
9394.74665808,26500.705349,0.6765517, 71.5132, 27.1378,236.2574,266.0363,2193.472895
9394.74669171,26500.705349,0.6765517, 71.5132, 27.1378,236.2574,266.0850,2193.472839
9398.73249236,26500.705345,0.6767770, 71.5061, 26.8316,236.0481,280.9806,2187.503145
9402.71824342,26500.705342,0.6767506, 71.4868, 26.5060,235.8484,295.8051,2188.201381
9405.70746341,26500.705339,0.6766165, 71.4771, 26.2632,235.6802,306.8309,2191.756433
9409.69291400,26500.705336,0.6767454, 71.4807, 25.9622,235.4400,321.2858,2188.338777
9470.94936206,26500.705281,0.6783493, 71.4161, 21.1934,231.9836,154.3534,2145.834655
9474.93241781,26500.705277,0.6784820, 71.4246, 20.8941,231.7325,165.3564,2142.318600
9477.91914302,26500.705274,0.6787925, 71.4336, 20.6783,231.5556,172.7489,2134.091516
9479.91037036,26500.705272,0.6789790, 71.4341, 20.5292,231.4479,177.7707,2129.147675
9480.90592778,26500.705270,0.6790475, 71.4327, 20.4526,231.3956,180.1987,2127.332215
9481.90149683,26500.705269,0.6790966, 71.4305, 20.3748,231.3434,182.6446,2126.032738
9482.89705961,26500.705268,0.6791267, 71.4279, 20.2962,231.2907,185.0837,2125.233844
9483.89265507,26500.705267,0.6791409, 71.4252, 20.2170,231.2367,187.5736,2124.858519
9484.88817756,26500.705266,0.6791445, 71.4230, 20.1380,231.1809,189.9619,2124.762910
9485.88372681,26500.705265,0.6791458, 71.4216, 20.0595,231.1229,192.3935,2124.726984
9486.87924522,26500.705264,0.6791558, 71.4217, 19.9824,231.0625,194.7843,2124.461619
9488.87025756,26500.705262,0.6792513, 71.4265, 19.8333,230.9370,199.5349,2121.932719
9489.86575408,26500.705261,0.6793549, 71.4306, 19.7613,230.8745,201.8922,2119.187351
9490.86123215,26500.705260,0.6794945, 71.4346, 19.6899,230.8145,204.2156,2115.487572
9492.85218036,26500.705257,0.6798110, 71.4372, 19.5428,230.7074,208.8247,2107.099763
9493.34990469,26500.705257,0.6798797, 71.4361, 19.5042,230.6832,209.9546,2105.278676
9495.34080776,26500.705254,0.6800477, 71.4263, 19.3425,230.5892,214.4846,2100.825569
9495.83852330,26500.705254,0.6800628, 71.4233, 19.3010,230.5650,215.6057,2100.426119
9496.83395524,26500.705253,0.6800720, 71.4179, 19.2180,230.5138,217.8553,2100.183113
9497.82938746,26500.705252,0.6800703, 71.4141, 19.1362,230.4588,220.1132,2100.228014
9500.31790625,26500.705249,0.6801313, 71.4139, 18.9417,230.3088,225.6862,2098.610316
9500.81554629,26500.705248,0.6801637, 71.4150, 18.9044,230.2780,226.7083,2097.753598
9502.30865120,26500.705246,0.6802988, 71.4192, 18.7943,230.1872,230.0364,2094.173046
9503.30400100,26500.705245,0.6804111, 71.4218, 18.7213,230.1290,232.1714,2091.196705
9503.80166873,26500.705244,0.6804703, 71.4227, 18.6847,230.1008,233.2266,2089.626148
9504.79699833,26500.705243,0.6805890, 71.4239, 18.6107,230.0461,235.3250,2086.480825
9505.79235252,26500.705242,0.6807007, 71.4237, 18.5355,229.9936,237.4553,2083.522217
9506.78768164,26500.705241,0.6807984, 71.4223, 18.4589,229.9427,239.5471,2080.933366
9507.78303496,26500.705239,0.6808776, 71.4197, 18.3809,229.8928,241.6732,2078.834801
9508.28067681,26500.705239,0.6809094, 71.4180, 18.3414,229.8679,242.6861,2077.989795
9508.77834165,26500.705238,0.6809361, 71.4162, 18.3016,229.8431,243.7326,2077.282822
9510.76897779,26500.705235,0.6809955, 71.4078, 18.1404,229.7418,247.8920,2075.710392
9511.76426293,26500.705234,0.6810041, 71.4039, 18.0595,229.6889,249.9298,2075.481994
9512.75956456,26500.705233,0.6810078, 71.4007, 17.9790,229.6339,251.9957,2075.383159
9513.75487188,26500.705231,0.6810162, 71.3987, 17.8994,229.5768,254.0738,2075.160498
9514.75015106,26500.705230,0.6810403, 71.3981, 17.8212,229.5177,256.1140,2074.521025
9516.74070107,26500.705228,0.6811771, 71.4013, 17.6699,229.3973,260.1812,2070.896970
9517.23835476,26500.705227,0.6812340, 71.4025, 17.6328,229.3678,261.2189,2069.389360
9517.73599927,26500.705226,0.6812994, 71.4037, 17.5959,229.3389,262.2415,2067.656689
9518.73124168,26500.705225,0.6814487, 71.4053, 17.5215,229.2841,264.2126,2063.700086
9519.72649063,26500.705224,0.6816043, 71.4046, 17.4454,229.2339,266.1842,2059.576489
9520.72175017,26500.705222,0.6817393, 71.4009, 17.3660,229.1879,268.1648,2055.998585
9521.71700293,26500.705221,0.6818313, 71.3943, 17.2833,229.1442,270.1344,2053.558668
9526.19562481,26500.705214,0.6818471, 71.3659, 16.9031,228.9168,279.0608,2053.140813
9528.68373135,26500.705211,0.6819578, 71.3661, 16.7085,228.7692,284.0265,2050.206707
9530.67418563,26500.705208,0.6821403, 71.3676, 16.5567,228.6567,287.9362,2045.371835
9531.66941044,26500.705206,0.6822389, 71.3671, 16.4800,228.6038,289.8804,2042.756982
9533.65985326,26500.705203,0.6824084, 71.3622, 16.3230,228.5039,293.7496,2038.267338
9535.65031995,26500.705200,0.6825048, 71.3526, 16.1605,228.4080,297.6504,2035.712503
9536.64555964,26500.705199,0.6825210, 71.3467, 16.0776,228.3597,299.6126,2035.282612
9537.64080189,26500.705197,0.6825185, 71.3405, 15.9941,228.3104,301.5819,2035.348690
9538.63604466,26500.705196,0.6825023, 71.3347, 15.9105,228.2593,303.5562,2035.777846
9539.63129089,26500.705194,0.6824796, 71.3295, 15.8272,228.2062,305.5399,2036.378758
9540.62653566,26500.705193,0.6824595, 71.3255, 15.7448,228.1509,307.5258,2036.913253
9541.62179472,26500.705191,0.6824518, 71.3229, 15.6636,228.0937,309.5354,2037.116101
9543.61230244,26500.705188,0.6825111, 71.3220, 15.5059,227.9762,313.5409,2035.543610
9545.60280364,26500.705185,0.6826950, 71.3232, 15.3519,227.8633,317.5206,2030.670254
9546.59805960,26500.705184,0.6828152, 71.3221, 15.2740,227.8122,319.5064,2027.484809
9549.58387500,26500.705179,0.6830332, 71.3019, 15.0228,227.6790,325.5055,2021.708920
9551.57447030,26500.705176,0.6829639, 71.2828, 14.8458,227.5847,329.6058,2023.545642
9553.56532718,26500.705173,0.6828785, 71.2726, 14.6757,227.4730,334.1191,2025.807676
9554.56063470,26500.705171,0.6828764, 71.2712, 14.5947,227.4136,336.2041,2025.863232
9555.55595345,26500.705169,0.6829051, 71.2712, 14.5157,227.3543,338.3027,2025.102648
9556.55125490,26500.705168,0.6829572, 71.2715, 14.4377,227.2964,340.3717,2023.721586
9557.54657431,26500.705166,0.6830223, 71.2714, 14.3598,227.2407,342.4615,2021.997191
9558.54190569,26500.705165,0.6830898, 71.2703, 14.2813,227.1872,344.5640,2020.207833
9559.53724369,26500.705163,0.6831507, 71.2681, 14.2018,227.1358,346.6725,2018.593777
9560.53259210,26500.705161,0.6831980, 71.2646, 14.1211,227.0860,348.7937,2017.340649
9562.02564346,26500.705159,0.6832336, 71.2571, 13.9975,227.0129,352.0164,2016.398723
9563.51877114,26500.705156,0.6832217, 71.2479, 13.8716,226.9396,355.3531,2016.712827
9565.50956091,26500.705153,0.6831438, 71.2351, 13.7018,226.8376,359.7461,2018.776678
9566.50497817,26500.705152,0.6830911, 71.2296, 13.6172,226.7836,  1.9819,2020.174328
9567.50044405,26500.705150,0.6830405, 71.2252, 13.5335,226.7273,  4.2925,2021.514502
9568.49587084,26500.705148,0.6830020, 71.2224, 13.4511,226.6690,  6.5499,2022.536152
9570.48674237,26500.705145,0.6829959, 71.2212, 13.2908,226.5489, 11.0932,2022.697131
9571.48218363,26500.705144,0.6830381, 71.2221, 13.2126,226.4894, 13.3690,2021.578682
9572.47764719,26500.705142,0.6831079, 71.2229, 13.1348,226.4320, 15.6714,2019.729301
9572.47765860,26500.705142,0.6831079, 71.2229, 13.1348,226.4320, 15.6879,2019.729277
9573.47311976,26500.705140,0.6831944, 71.2226, 13.0564,226.3779, 17.9795,2017.437794
9576.95740567,26500.705135,0.6833580, 71.2027, 12.7639,226.2128, 26.2134,2013.101201
9578.45062446,26500.705132,0.6832777, 71.1889, 12.6309,226.1400, 29.6898,2015.230596
9578.45062447,26500.705132,0.6832777, 71.1889, 12.6309,226.1400, 29.6898,2015.230596
9579.44613612,26500.705130,0.6832021, 71.1819, 12.5434,226.0856, 32.0670,2017.232566
9580.44167901,26500.705129,0.6831392, 71.1779, 12.4584,226.0268, 34.4972,2018.900658
9582.43278246,26500.705126,0.6831126, 71.1775, 12.2969,225.9030, 39.3875,2019.605280
9584.42390991,26500.705122,0.6832015, 71.1806, 12.1414,225.7831, 44.2961,2017.249008
9588.40629002,26500.705116,0.6833802, 71.1754, 11.8234,225.5687, 54.2434,2012.513762
9589.40191527,26500.705114,0.6833837, 71.1713, 11.7410,225.5176, 56.7716,2012.420681
9590.39755332,26500.705112,0.6833669, 71.1665, 11.6578,225.4660, 59.3204,2012.864198
9591.39320373,26500.705111,0.6833322, 71.1615, 11.5740,225.4134, 61.8903,2013.785895
9592.38886499,26500.705109,0.6832839, 71.1567, 11.4900,225.3592, 64.4802,2015.064871
9593.38453864,26500.705108,0.6832291, 71.1527, 11.4064,225.3028, 67.0926,2016.518107
9594.38022083,26500.705106,0.6831766, 71.1498, 11.3236,225.2441, 69.7219,2017.909410
9595.37591350,26500.705104,0.6831364, 71.1485, 11.2420,225.1833, 72.3698,2018.972797
9597.36732009,26500.705101,0.6831294, 71.1505, 11.0836,225.0579, 77.6995,2019.158262
9599.35875240,26500.705098,0.6832437, 71.1560, 10.9297,224.9353, 83.0538,2016.131048
9601.35022163,26500.705094,0.6834234, 71.1579, 10.7744,224.8243, 88.4349,2011.367622
9602.34600368,26500.705093,0.6834970, 71.1555, 10.6939,224.7738, 91.1857,2009.417379
9602.34601051,26500.705093,0.6834970, 71.1555, 10.6939,224.7738, 91.1956,2009.417368
9603.83963684,26500.705090,0.6835417, 71.1473, 10.5683,224.7010, 95.2531,2008.232017
9604.83534300,26500.705089,0.6835206, 71.1402, 10.4822,224.6514, 97.8991,2008.793357
9605.83117504,26500.705087,0.6834695, 71.1336, 10.3957,224.5983,100.7362,2010.146608
9606.32908649,26500.705086,0.6834393, 71.1310, 10.3528,224.5701,102.1517,2010.946560
9607.32491823,26500.705084,0.6833853, 71.1278, 10.2686,224.5104,105.0015,2012.377051
9609.81452006,26500.705080,0.6833868, 71.1315, 10.0697,224.3506,112.1691,2012.337851
9611.80624087,26500.705077,0.6835280, 71.1389,  9.9175,224.2271,117.9415,2008.595663
9611.80624088,26500.705077,0.6835280, 71.1389,  9.9175,224.2271,117.9415,2008.595663
9613.30005314,26500.705074,0.6836530, 71.1421,  9.8025,224.1414,122.2868,2005.282760
9614.29594375,26500.705073,0.6837239, 71.1425,  9.7245,224.0869,125.2018,2003.403843
9615.29185046,26500.705071,0.6837771, 71.1415,  9.6452,224.0337,128.1386,2001.994144
9617.28370216,26500.705067,0.6838221, 71.1365,  9.4833,223.9280,134.0697,2000.801598
9617.28370418,26500.705067,0.6838221, 71.1365,  9.4833,223.9280,134.0726,2000.801598
9620.27157000,26500.705062,0.6837700, 71.1277,  9.2370,223.7612,143.1207,2002.182203
9620.27157017,26500.705062,0.6837700, 71.1277,  9.2370,223.7612,143.1210,2002.182203
9620.27157592,26500.705062,0.6837700, 71.1277,  9.2370,223.7612,143.1293,2002.182207
9620.27159436,26500.705062,0.6837700, 71.1277,  9.2370,223.7612,143.1560,2002.182221
9627.24358037,26500.705050,0.6840660, 71.1437,  8.6923,223.3293,164.7623,1994.339477
9630.23173471,26500.705044,0.6843725, 71.1414,  8.4553,223.1739,174.1859,1986.217035
9631.22791551,26500.705043,0.6844087, 71.1363,  8.3718,223.1247,177.5138,1985.257074
9634.71423596,26500.705036,0.6843588, 71.1224,  8.0781,222.9296,188.7660,1986.580228
9641.68802563,26500.705023,0.6849455, 71.1427,  7.5395,222.5118,212.9383,1971.030376
9647.16627111,26500.705012,0.6851403, 71.1293,  7.0939,222.2204,230.1867,1965.869541
9648.16296119,26500.705010,0.6851412, 71.1275,  7.0124,222.1626,234.2696,1965.846265
9649.15934495,26500.705008,0.6851508, 71.1271,  6.9318,222.1028,237.9123,1965.591927
9653.14452083,26500.705000,0.6854403, 71.1391,  6.6221,221.8569,251.9610,1957.919403
9656.13351609,26500.704994,0.6858629, 71.1433,  6.3900,221.6968,262.6015,1946.719569
9657.12984620,26500.704992,0.6859639, 71.1395,  6.3083,221.6496,266.1365,1944.041923
9658.12627438,26500.704989,0.6860230, 71.1335,  6.2243,221.6028,269.8156,1942.475748
9662.61010686,26500.704980,0.6860517, 71.1149,  5.8461,221.3564,286.3208,1941.716708
9664.10463688,26500.704976,0.6861463, 71.1183,  5.7280,221.2642,291.7194,1939.210206
9667.59240067,26500.704968,0.6865529, 71.1271,  5.4578,221.0655,305.0334,1928.432873
9669.08715743,26500.704965,0.6867107, 71.1257,  5.3387,220.9895,310.7227,1924.252888
9670.58188969,26500.704961,0.6868184, 71.1208,  5.2165,220.9159,316.3745,1921.398060
9670.58189001,26500.704961,0.6868184, 71.1208,  5.2165,220.9159,316.3749,1921.398060
9676.06278600,26500.704948,0.6868915, 71.0977,  4.7583,220.6261,337.4631,1919.460740
9676.56105199,26500.704947,0.6868989, 71.0970,  4.7173,220.5970,339.3897,1919.264664
9682.54041850,26500.704932,0.6874635, 71.1026,  4.2418,220.2584,  2.7140,1904.303744
9683.03887449,26500.704931,0.6875255, 71.1011,  4.2010,220.2349,  4.9017,1902.658454
9688.52032131,26500.704917,0.6876337, 71.0603,  3.7259,219.9698, 26.7449,1899.791760
9693.50365575,26500.704904,0.6879186, 71.0603,  3.3208,219.6812, 46.9748,1892.241421
9695.49683979,26500.704899,0.6881066, 71.0575,  3.1594,219.5795, 54.8165,1887.259904
9698.48699123,26500.704890,0.6882405, 71.0419,  2.9078,219.4362, 67.1125,1883.712546
9702.97233809,26500.704878,0.6881538, 71.0142,  2.5217,219.2026, 85.7851,1886.009261
9702.97233841,26500.704878,0.6881538, 71.0142,  2.5217,219.2026, 85.7856,1886.009261
9708.45491345,26500.704863,0.6883968, 71.0104,  2.0714,218.8886,109.3494,1879.570491
9710.94707940,26500.704856,0.6886310, 71.0011,  1.8638,218.7692,120.1325,1873.364099
9710.94715975,26500.704856,0.6886310, 71.0011,  1.8638,218.7692,120.2490,1873.363969
9710.94721314,26500.704856,0.6886310, 71.0011,  1.8638,218.7692,120.3263,1873.363883
9715.43270409,26500.704843,0.6885247, 70.9582,  1.4631,218.5538,139.1820,1876.180433
9715.43296519,26500.704843,0.6885247, 70.9582,  1.4631,218.5538,139.5603,1876.180790
9716.42957178,26500.704841,0.6884875, 70.9538,  1.3766,218.4958,143.5267,1877.165704
9719.42014988,26500.704832,0.6885759, 70.9529,  1.1290,218.3188,156.5170,1874.821855
9724.90305716,26500.704816,0.6888409, 70.9360,  0.6713,218.0393,180.4938,1867.801475
9731.88163716,26500.704796,0.6885799, 70.8982,  0.0678,217.6601,211.5780,1874.717715
9731.88166726,26500.704796,0.6885799, 70.8982,  0.0678,217.6601,211.6216,1874.717718
9737.86345710,26500.704779,0.6889101, 70.8932,359.5731,217.3304,238.4641,1865.966853
9737.86352346,26500.704779,0.6889101, 70.8932,359.5731,217.3304,238.5603,1865.966766
9738.36197726,26500.704777,0.6889303, 70.8899,359.5300,217.3073,240.7473,1865.430063
9741.35300668,26500.704769,0.6888363, 70.8608,359.2619,217.1651,254.3364,1867.922700
9748.33217048,26500.704748,0.6888647, 70.8518,358.6728,216.7549,286.3254,1867.170373
9750.32642145,26500.704742,0.6889584, 70.8477,358.5066,216.6515,295.7261,1864.687241
9752.81912000,26500.704735,0.6889521, 70.8351,358.2930,216.5253,307.3105,1864.854291
9754.31470725,26500.704731,0.6888893, 70.8263,358.1630,216.4465,314.2248,1866.518014
9754.31470851,26500.704731,0.6888893, 70.8263,358.1630,216.4465,314.2266,1866.518016
9759.79876571,26500.704715,0.6887128, 70.8146,357.6968,216.1211,339.9955,1871.194690
9761.29452374,26500.704710,0.6887807, 70.8183,357.5750,216.0298,347.1760,1869.394926
9766.77858547,26500.704694,0.6891018, 70.8084,357.1169,215.7421, 12.8494,1860.886988
9766.77863854,26500.704694,0.6891018, 70.8084,357.1169,215.7421, 12.9263,1860.887007
9766.77882820,26500.704694,0.6891018, 70.8084,357.1168,215.7421, 13.2011,1860.887075
9776.75040592,26500.704664,0.6892694, 70.7996,356.2770,215.1643, 60.8268,1856.444759
9776.75040655,26500.704664,0.6892694, 70.7996,356.2770,215.1643, 60.8277,1856.444758
9779.24348455,26500.704657,0.6893526, 70.7932,356.0675,215.0353, 72.9631,1854.239650
9789.21603479,26500.704626,0.6894843, 70.7933,355.2355,214.4464,122.0106,1850.749747
9789.71454733,26500.704624,0.6895386, 70.7950,355.1955,214.4179,124.2918,1849.311064
9793.70352579,26500.704612,0.6898611, 70.7895,354.8635,214.2130,143.7735,1840.765116
9797.19417560,26500.704600,0.6897959, 70.7709,354.5584,214.0236,161.2882,1842.493180
9798.19152671,26500.704597,0.6897920, 70.7707,354.4738,213.9615,166.3408,1842.596672
9798.19152672,26500.704597,0.6897920, 70.7707,354.4738,213.9615,166.3408,1842.596672
9801.68222551,26500.704586,0.6900761, 70.7863,354.1911,213.7455,183.9609,1835.065506
9803.67692371,26500.704579,0.6903086, 70.7916,354.0300,213.6370,194.0117,1828.904526
9807.16805409,26500.704567,0.6905021, 70.7838,353.7370,213.4588,212.1787,1823.776999
9808.16549643,26500.704564,0.6905083, 70.7801,353.6517,213.4058,217.3419,1823.611897
9828.61325570,26500.704489,0.6916672, 70.7743,351.9386,212.2555,323.5504,1792.902623
9828.61327550,26500.704489,0.6916672, 70.7743,351.9386,212.2555,323.5790,1792.902553
9834.09972585,26500.704467,0.6921771, 70.7667,351.4795,211.9804,352.6639,1779.388718
9834.59851802,26500.704465,0.6921866, 70.7639,351.4363,211.9556,355.3441,1779.136659
9839.58651679,26500.704444,0.6922355, 70.7477,351.0068,211.6800, 22.3184,1777.840582
9840.08532081,26500.704442,0.6922599, 70.7481,350.9650,211.6505, 25.0249,1777.195043
9844.07579933,26500.704425,0.6926709, 70.7564,350.6354,211.4256, 46.7097,1766.302340
9846.56990017,26500.704414,0.6929506, 70.7497,350.4244,211.3065, 60.2916,1758.889473
9850.56060499,26500.704396,0.6929981, 70.7159,350.0689,211.1157, 82.2560,1757.632010
9852.55602125,26500.704387,0.6929921, 70.7079,349.8936,211.0023, 93.3706,1757.790357
9856.54697203,26500.704369,0.6933331, 70.7125,349.5585,210.7767,115.7473,1748.752583
9858.54244122,26500.704360,0.6935341, 70.7085,349.3895,210.6795,126.8913,1743.426665
9859.54015244,26500.704355,0.6935983, 70.7032,349.3031,210.6334,132.4262,1741.726190
9859.54015969,26500.704355,0.6935983, 70.7032,349.3031,210.6334,132.4367,1741.726181
9862.53349715,26500.704341,0.6936260, 70.6802,349.0381,210.4913,149.3527,1740.990643
9864.52914004,26500.704331,0.6935763, 70.6663,348.8605,210.3868,160.7774,1742.309016
9865.02797626,26500.704329,0.6935667, 70.6638,348.8165,210.3593,163.5284,1742.564087
9865.52702514,26500.704326,0.6935605, 70.6616,348.7726,210.3314,166.5883,1742.726808
9866.52487169,26500.704322,0.6935624, 70.6587,348.6857,210.2745,172.3455,1742.676311
9869.51846674,26500.704307,0.6937144, 70.6577,348.4300,210.1043,189.6896,1738.649390
9871.51416321,26500.704298,0.6939087, 70.6565,348.2608,210.0003,201.1789,1733.501257
9874.50788279,26500.704283,0.6941082, 70.6372,347.9981,209.8639,218.6310,1728.211950
9878.49962342,26500.704263,0.6939613, 70.5961,347.6328,209.6670,242.1246,1732.104775
9884.48758435,26500.704233,0.6942187, 70.5877,347.1142,209.3344,277.9234,1725.285274
9884.98656544,26500.704231,0.6942516, 70.5859,347.0710,209.3102,280.8757,1724.414228
9888.47967567,26500.704213,0.6943010, 70.5604,346.7604,209.1462,301.8915,1723.104116
9889.47761543,26500.704208,0.6942592, 70.5512,346.6699,209.0972,307.7708,1724.212168
9894.46809345,26500.704183,0.6940647, 70.5234,346.2234,208.8205,338.3645,1729.364732
9897.46249236,26500.704168,0.6941908, 70.5227,345.9650,208.6506,356.8797,1726.024766
9900.45696446,26500.704152,0.6943804, 70.5128,345.7040,208.5018, 15.4535,1720.999833
9900.95607598,26500.704150,0.6943944, 70.5088,345.6594,208.4790, 18.5938,1720.627350
9902.45370560,26500.704142,0.6943806, 70.4936,345.5229,208.4105, 28.4452,1720.994318
9905.44846156,26500.704127,0.6941767, 70.4631,345.2459,208.2556, 47.4689,1726.397652
9908.44330941,26500.704112,0.6941404, 70.4579,344.9806,208.0760, 66.6689,1727.359362
9909.44161754,26500.704106,0.6941955, 70.4595,344.8948,208.0182, 73.0977,1725.898272
9915.43155634,26500.704076,0.6943730, 70.4381,344.3687,207.7142,111.7146,1721.196095
9917.92773920,26500.704063,0.6942347, 70.4201,344.1427,207.5822,128.3711,1724.860216
9918.42696683,26500.704060,0.6942046, 70.4173,344.0977,207.5540,131.6935,1725.658175
9919.42540667,26500.704055,0.6941524, 70.4131,344.0083,207.4960,138.3189,1727.041702
9920.42384822,26500.704050,0.6941184, 70.4110,343.9197,207.4363,144.9496,1727.942359
9921.92154153,26500.704043,0.6941145, 70.4112,343.7888,207.3456,154.9409,1728.046590
9922.42077573,26500.704040,0.6941267, 70.4120,343.7456,207.3155,158.2747,1727.722189
9925.41619171,26500.704025,0.6943051, 70.4174,343.4886,207.1441,178.2687,1722.994069
9927.41317846,26500.704015,0.6944337, 70.4140,343.3150,207.0420,191.6336,1719.586361
9928.41169535,26500.704010,0.6944653, 70.4086,343.2263,206.9937,198.3463,1718.750848
9929.41022328,26500.704004,0.6944635, 70.4009,343.1362,206.9455,205.0767,1718.796143
9930.40879549,26500.703999,0.6944284, 70.3920,343.0450,206.8959,211.8765,1719.727386
9931.40735774,26500.703994,0.6943695, 70.3834,342.9532,206.8432,218.6699,1721.288842
9932.40593559,26500.703989,0.6943060, 70.3769,342.8619,206.7866,225.4948,1722.972453
9933.40448785,26500.703984,0.6942612, 70.3737,342.7718,206.7263,232.2896,1724.157443
9934.40294261,26500.703979,0.6942542, 70.3741,342.6837,206.6638,238.9455,1724.343570
9934.40312467,26500.703979,0.6942542, 70.3741,342.6837,206.6638,239.2093,1724.343496
9935.40155857,26500.703974,0.6942912, 70.3774,342.5973,206.6013,245.8324,1723.363530
9937.39874304,26500.703963,0.6944554, 70.3857,342.4272,206.4838,259.5164,1719.012854
9938.39719282,26500.703958,0.6945461, 70.3879,342.3419,206.4298,266.1409,1716.609678
9939.39563459,26500.703953,0.6946209, 70.3880,342.2558,206.3783,272.7492,1714.625849
9940.39418438,26500.703947,0.6946710, 70.3858,342.1686,206.3281,279.5123,1713.297160
9940.39475626,26500.703947,0.6946711, 70.3858,342.1686,206.3281,280.3408,1713.296609
9941.39340195,26500.703942,0.6946936, 70.3819,342.0804,206.2780,287.2438,1712.699255
9942.39204746,26500.703937,0.6946907, 70.3770,341.9915,206.2272,294.1495,1712.775161
9943.39073986,26500.703931,0.6946684, 70.3718,341.9021,206.1746,301.1277,1713.367944
9944.38941183,26500.703926,0.6946351, 70.3672,341.8127,206.1199,308.0816,1714.250400
9945.38813477,26500.703921,0.6946009, 70.3637,341.7236,206.0629,315.1143,1715.155976
9947.38561053,26500.703910,0.6945699, 70.3622,341.5474,205.9430,329.2339,1715.977400
9948.38435588,26500.703905,0.6945886, 70.3644,341.4607,205.8816,336.3061,1715.481002
9949.38312942,26500.703900,0.6946350, 70.3681,341.3749,205.8203,343.4173,1714.251686
9950.38190176,26500.703894,0.6947073, 70.3726,341.2898,205.7602,350.5229,1712.335270
9951.38068322,26500.703889,0.6947996, 70.3772,341.2050,205.7021,357.6363,1709.891120
9952.37948199,26500.703884,0.6949022, 70.3808,341.1201,205.6465,  4.7689,1707.171272
9952.37948203,26500.703884,0.6949022, 70.3808,341.1201,205.6465,  4.7689,1707.171272
9953.37829432,26500.703878,0.6950036, 70.3826,341.0348,205.5935, 11.9154,1704.483325
9954.37709822,26500.703873,0.6950919, 70.3822,340.9484,205.5427, 19.0456,1702.144245
9955.37591156,26500.703867,0.6951567, 70.3794,340.8609,205.4935, 26.1876,1700.427404
9956.37472759,26500.703862,0.6951915, 70.3744,340.7721,205.4446, 33.3345,1699.504772
9957.37355107,26500.703856,0.6951958, 70.3680,340.6822,205.3946, 40.4963,1699.391082
9958.37238843,26500.703850,0.6951766, 70.3615,340.5917,205.3421, 47.6850,1699.899845
9960.37008970,26500.703839,0.6951325, 70.3541,340.4118,205.2271, 62.1235,1701.068537
9961.36892408,26500.703834,0.6951475, 70.3552,340.3238,205.1653, 69.3263,1700.671467
9962.36778651,26500.703828,0.6952053, 70.3595,340.2374,205.1030, 76.5685,1699.137837
9963.36664754,26500.703822,0.6953042, 70.3655,340.1524,205.0422, 83.8029,1696.519223
9964.36551173,26500.703817,0.6954293, 70.3714,340.0680,204.9846, 91.0335,1693.204220
9965.36437506,26500.703811,0.6955597, 70.3757,339.9833,204.9307, 98.2545,1689.746645
9966.36323985,26500.703805,0.6956764, 70.3775,339.8978,204.8798,105.4715,1686.655800
9966.36323993,26500.703805,0.6956764, 70.3775,339.8978,204.8798,105.4716,1686.655800
9968.36070908,26500.703793,0.6958259, 70.3739,339.7234,204.7820,119.5233,1682.691985
9970.35854306,26500.703781,0.6958657, 70.3651,339.5457,204.6812,134.1150,1681.638499
9971.35747838,26500.703775,0.6958626, 70.3609,339.4565,204.6277,141.4451,1681.719860
9972.35642665,26500.703769,0.6958582, 70.3580,339.3676,204.5720,148.7991,1681.835939
9973.35538026,26500.703763,0.6958628, 70.3567,339.2792,204.5142,156.1648,1681.713977
9974.35434539,26500.703757,0.6958854, 70.3574,339.1915,204.4549,163.5495,1681.115315
9975.35331255,26500.703751,0.6959322, 70.3599,339.1048,204.3950,170.9374,1679.876947
9977.35124629,26500.703739,0.6961043, 70.3687,338.9334,204.2770,185.7043,1675.315497
9978.35021392,26500.703733,0.6962221, 70.3733,338.8484,204.2206,193.0814,1672.193279
9979.34918202,26500.703726,0.6963495, 70.3769,338.7632,204.1668,200.4530,1668.817137
9983.34589090,26500.703701,0.6967293, 70.3696,338.4140,203.9720,231.1136,1658.752607
9984.34385691,26500.703694,0.6967562, 70.3628,338.3240,203.9238,237.0267,1658.039567
9984.34414954,26500.703694,0.6967562, 70.3628,338.3240,203.9238,237.4507,1658.039461
9986.34267053,26500.703681,0.6967539, 70.3500,338.1426,203.8201,253.0472,1658.101148
9987.34145497,26500.703674,0.6967546, 70.3465,338.0526,203.7637,260.1657,1658.081317
9988.34029384,26500.703668,0.6967795, 70.3459,337.9637,203.7049,267.3669,1657.422772
9989.33920367,26500.703661,0.6968407, 70.3484,337.8761,203.6452,274.6710,1655.799593
9990.33812701,26500.703654,0.6969408, 70.3528,337.7899,203.5865,281.9903,1653.146119
9991.33705967,26500.703648,0.6970708, 70.3576,337.7043,203.5304,289.3156,1649.701806
9992.33599860,26500.703641,0.6972128, 70.3612,337.6187,203.4779,296.6413,1645.939393
9993.33495211,26500.703634,0.6973464, 70.3624,337.5324,203.4289,303.9811,1642.397865
9994.33392381,26500.703627,0.6974553, 70.3606,337.4449,203.3822,311.3430,1639.512206
9995.33293146,26500.703620,0.6975309, 70.3562,337.3563,203.3364,318.7567,1637.510227
9996.33196551,26500.703613,0.6975729, 70.3500,337.2666,203.2900,326.2114,1636.396333
9997.33090701,26500.703605,0.6975881, 70.3431,337.1762,203.2419,333.5372,1635.993938
9998.33110296,26500.703598,0.6975873, 70.3364,337.0855,203.1913,342.6865,1636.015215
9999.33020236,26500.703591,0.6975828, 70.3311,336.9951,203.1383,350.2527,1636.133045
10000.32929862,26500.703584,0.6975864, 70.3275,336.9052,203.0830,357.8188,1636.039210
10001.32839314,26500.703577,0.6976072, 70.3259,336.8161,203.0263,  5.3850,1635.486715
10002.32748277,26500.703570,0.6976515, 70.3262,336.7277,202.9689, 12.9444,1634.312207
10004.32564317,26500.703555,0.6978151, 70.3305,336.5531,202.8560, 28.0281,1629.976979
10005.32471505,26500.703548,0.6979269, 70.3329,336.4663,202.8021, 35.5506,1627.015707
10006.32378094,26500.703540,0.6980472, 70.3342,336.3794,202.7507, 43.0586,1623.825579
10007.32284223,26500.703533,0.6981646, 70.3336,336.2920,202.7019, 50.5543,1620.716070
10008.32190183,26500.703525,0.6982667, 70.3305,336.2037,202.6553, 58.0435,1618.009254
10009.32096012,26500.703517,0.6983434, 70.3247,336.1142,202.6101, 65.5291,1615.975927
10012.31814239,26500.703494,0.6983950, 70.2975,335.8396,202.4709, 88.0156,1614.610672
10013.31717629,26500.703486,0.6983755, 70.2890,335.7473,202.4197, 95.4849,1615.125790
10015.31530903,26500.703471,0.6983682, 70.2794,335.5647,202.3092,110.5342,1615.319862
10016.31431417,26500.703463,0.6984065, 70.2787,335.4751,202.2519,117.9724,1614.305892
10017.31336074,26500.703455,0.6984792, 70.2801,335.3866,202.1952,125.4674,1612.378923
10018.31239487,26500.703447,0.6985802, 70.2821,335.2988,202.1407,132.9380,1609.702975
10019.31141592,26500.703439,0.6986955, 70.2833,335.2111,202.0893,140.3820,1606.645433
10021.30943253,26500.703423,0.6988997, 70.2786,335.0338,201.9957,155.2142,1601.235064
10022.30843281,26500.703415,0.6989604, 70.2720,334.9435,201.9514,162.6149,1599.627023
10023.30743240,26500.703407,0.6989860, 70.2633,334.8520,201.9070,170.0169,1598.947318
10025.30543161,26500.703390,0.6989549, 70.2436,334.6671,201.8125,184.8372,1599.771335
10026.30442755,26500.703382,0.6989220, 70.2350,334.5746,201.7613,192.2519,1600.643631
10027.30338858,26500.703374,0.6988954, 70.2284,334.4825,201.7075,199.6213,1601.349002
10028.30236585,26500.703366,0.6988858, 70.2240,334.3912,201.6521,207.0175,1601.603032
10030.30029042,26500.703349,0.6989401, 70.2211,334.2109,201.5396,221.7663,1600.164145
10033.29671070,26500.703324,0.6991761, 70.2207,333.9441,201.3809,243.1840,1593.911235
10034.29555798,26500.703316,0.6992637, 70.2180,333.8547,201.3328,250.3711,1591.588033
10034.29623308,26500.703316,0.6992638, 70.2180,333.8547,201.3327,251.3492,1591.586558
10035.29503854,26500.703307,0.6993368, 70.2129,333.7645,201.2867,258.4718,1589.652525
10036.29388026,26500.703299,0.6993849, 70.2052,333.6732,201.2420,265.6454,1588.377625
10037.29266764,26500.703290,0.6994018, 70.1951,333.5809,201.1976,272.7416,1587.929572
10038.29145389,26500.703282,0.6993873, 70.1835,333.4875,201.1520,279.8406,1588.312323
10040.28904907,26500.703265,0.6992987, 70.1613,333.2995,201.0532,294.0923,1590.659948
10040.28904908,26500.703265,0.6992987, 70.1613,333.2995,201.0532,294.0923,1590.659948
10041.28740816,26500.703256,0.6992543, 70.1532,333.2061,200.9993,300.5932,1591.837967
10042.28613051,26500.703248,0.6992306, 70.1481,333.1135,200.9430,307.6244,1592.465997
10044.28366942,26500.703231,0.6992775, 70.1456,332.9319,200.8292,321.8214,1591.223139
10044.28371859,26500.703231,0.6992775, 70.1456,332.9319,200.8292,321.8927,1591.223067
10052.77318363,26500.703157,0.6995008, 70.0974,332.1543,200.4165, 21.9606,1585.305203
10061.76075288,26500.703079,0.6996392, 70.0722,331.3320,199.9292, 83.8368,1581.637802
10064.25709975,26500.703057,0.6996982, 70.0533,331.1015,199.8136,100.6909,1580.074284
10067.75195480,26500.703026,0.6995200, 70.0168,330.7712,199.6383,124.2887,1584.796113
10072.74430952,26500.702983,0.6995645, 70.0116,330.3127,199.3519,157.6389,1583.615826
10076.73790617,26500.702947,0.6997633, 70.0008,329.9489,199.1557,183.8197,1578.348831
10077.73626667,26500.702938,0.6997500, 69.9928,329.8559,199.1083,190.3082,1578.700172
10078.73465469,26500.702929,0.6997109, 69.9839,329.7623,199.0593,196.8416,1579.738344
10090.71450708,26500.702823,0.6998975, 69.9607,328.6623,198.4093,274.1892,1574.792153
10093.70918276,26500.702796,0.6998294, 69.9361,328.3815,198.2608,293.0860,1576.596121
10095.70560473,26500.702778,0.6997380, 69.9250,328.1937,198.1486,305.6757,1579.019507
10095.70561109,26500.702778,0.6997380, 69.9250,328.1937,198.1486,305.6849,1579.019512
10114.66964990,26500.702603,0.7004237, 69.9317,326.4586,197.1073, 62.2855,1560.846782
10115.66817966,26500.702593,0.7005214, 69.9336,326.3685,197.0566, 69.0216,1558.258919
10116.66625075,26500.702584,0.7006040, 69.9331,326.2778,197.0078, 75.0898,1556.069766
10117.16511174,26500.702579,0.7006371, 69.9319,326.2322,196.9838, 77.8704,1555.193115
10117.16511175,26500.702579,0.7006371, 69.9319,326.2322,196.9838, 77.8704,1555.193115
10117.16526524,26500.702579,0.7006371, 69.9319,326.2322,196.9838, 78.0928,1555.192871
10129.14082098,26500.702460,0.7011959, 69.9295,325.1313,196.3409,149.1863,1540.384462
10129.63977193,26500.702455,0.7012425, 69.9294,325.0859,196.3173,152.0955,1539.147923
10130.13869956,26500.702450,0.7012817, 69.9285,325.0403,196.2939,154.9706,1538.110601
10130.13922174,26500.702450,0.7012817, 69.9285,325.0403,196.2939,155.7272,1538.109625
10155.58345454,26500.702167,0.7027452, 69.9175,322.6956,194.9614,301.1408,1499.324780
10157.57865373,26500.702142,0.7029506, 69.9139,322.5124,194.8714,311.8885,1493.883042
10167.55385134,26500.702017,0.7033633, 69.8907,321.5821,194.3548,  4.6508,1482.945972
10184.51533616,26500.701787,0.7044277, 69.8385,319.9964,193.5248, 99.5119,1454.737613
10186.51046419,26500.701758,0.7044816, 69.8194,319.8071,193.4384,110.1555,1453.310768
10186.51085382,26500.701758,0.7044816, 69.8194,319.8071,193.4384,110.7200,1453.310830
10192.49608366,26500.701672,0.7044733, 69.7834,319.2360,193.1273,142.5588,1453.530377
10193.49366597,26500.701657,0.7045455, 69.7844,319.1425,193.0743,147.9286,1451.616075
10196.48624293,26500.701613,0.7048183, 69.7823,318.8628,192.9286,163.7578,1444.387395
10207.45854364,26500.701448,0.7049327, 69.7052,317.8132,192.3875,221.1699,1441.354697
10209.45331190,26500.701417,0.7050926, 69.7052,317.6254,192.2879,231.3227,1437.118669
10218.42947855,26500.701278,0.7050528, 69.6300,316.7604,191.8553,276.5921,1438.172117
10226.40974021,26500.701153,0.7054127, 69.6033,315.9989,191.4626,318.9358,1428.635283
10233.39074749,26500.701044,0.7052009, 69.5501,315.3200,191.0990,353.5731,1434.248487
10233.39141986,26500.701044,0.7052009, 69.5501,315.3199,191.0989,354.5473,1434.248030
10237.38084081,26500.700981,0.7054284, 69.5518,314.9394,190.8939, 14.7157,1428.219539
10246.35666002,26500.700839,0.7052782, 69.4927,314.0674,190.4387, 59.5659,1432.198315
10246.85512206,26500.700831,0.7052966, 69.4939,314.0194,190.4106, 61.7815,1431.710526
10249.34844926,26500.700791,0.7054630, 69.5005,313.7809,190.2783, 74.3099,1427.302242
10249.34859735,26500.700791,0.7054630, 69.5005,313.7809,190.2783, 74.5245,1427.301943
10249.84742598,26500.700783,0.7055004, 69.5009,313.7333,190.2536, 77.2620,1426.310708
10249.84754939,26500.700783,0.7055004, 69.5009,313.7333,190.2536, 77.4409,1426.310468
10260.31896200,26500.700614,0.7055070, 69.4517,312.7174,189.7176,129.2349,1426.134587
10261.31618776,26500.700598,0.7055586, 69.4559,312.6215,189.6616,134.1027,1424.767793
10269.79282924,26500.700458,0.7058560, 69.4385,311.8045,189.2440,175.6645,1416.888084
10270.79019187,26500.700441,0.7058227, 69.4336,311.7068,189.1895,180.7304,1417.768652
10283.25502669,26500.700228,0.7064126, 69.4350,310.5031,188.5481,240.7298,1402.136866
10285.24949299,26500.700193,0.7063992, 69.4293,310.3081,188.4396,250.4835,1402.491264
10287.24368543,26500.700158,0.7064669, 69.4351,310.1143,188.3264,259.8481,1400.697066
10287.24392123,26500.700158,0.7064669, 69.4351,310.1143,188.3264,260.1897,1400.696670
10287.24418310,26500.700158,0.7064670, 69.4351,310.1143,188.3264,260.5691,1400.696231
10293.22666591,26500.700049,0.7070445, 69.4600,309.5404,188.0280,288.4057,1385.390535
10293.72522396,26500.700040,0.7070707, 69.4582,309.4922,188.0055,290.7461,1384.695455
10299.70807260,26500.699927,0.7071473, 69.4393,308.9085,187.6977,319.1530,1382.666931
10301.70223564,26500.699889,0.7073133, 69.4516,308.7154,187.5879,328.4604,1378.267835
10305.19213919,26500.699820,0.7077387, 69.4688,308.3803,187.4181,344.8575,1366.995254
10309.67875288,26500.699728,0.7079788, 69.4488,307.9453,187.2132,  5.3305,1360.630219
10309.67902987,26500.699728,0.7079788, 69.4488,307.9452,187.2132,  5.7319,1360.630142
10311.67299212,26500.699687,0.7079962, 69.4393,307.7497,187.1114, 14.7340,1360.170362
10311.67325989,26500.699687,0.7079962, 69.4393,307.7497,187.1113, 15.1219,1360.170262
10311.67325990,26500.699687,0.7079962, 69.4393,307.7497,187.1113, 15.1219,1360.170262
10313.16882455,26500.699656,0.7080366, 69.4384,307.6032,187.0306, 22.0180,1359.100649
10314.16558886,26500.699635,0.7080926, 69.4413,307.5059,186.9762, 26.2116,1357.616461
10314.66411104,26500.699625,0.7081309, 69.4436,307.4574,186.9492, 28.5103,1356.599891
10315.16265150,26500.699614,0.7081761, 69.4464,307.4090,186.9225, 30.8343,1355.402131
10317.15666546,26500.699572,0.7084084, 69.4584,307.2164,186.8218, 39.8992,1349.246684
10318.15373468,26500.699550,0.7085347, 69.4624,307.1204,186.7756, 44.5108,1345.899867
10320.14776486,26500.699506,0.7087377, 69.4606,306.9278,186.6892, 53.5638,1340.518733
10320.14779097,26500.699506,0.7087377, 69.4606,306.9278,186.6892, 53.6016,1340.518682
10320.14779103,26500.699506,0.7087377, 69.4606,306.9278,186.6892, 53.6017,1340.518682
10327.12824917,26500.699350,0.7089043, 69.4259,306.2425,186.3477, 87.3655,1336.105766
10329.12090052,26500.699304,0.7090883, 69.4343,306.0479,186.2440, 94.4651,1331.228054
10329.12092862,26500.699304,0.7090883, 69.4343,306.0479,186.2440, 94.5058,1331.227969
10334.10577679,26500.699186,0.7095953, 69.4306,305.5636,186.0209,116.8251,1317.791593
10334.10577688,26500.699186,0.7095953, 69.4306,305.5636,186.0209,116.8253,1317.791593
10345.57072079,26500.698903,0.7101007, 69.3915,304.4348,185.4627,168.0063,1304.398287
10350.05629427,26500.698787,0.7102749, 69.3527,303.9930,185.2720,186.9383,1299.783833
10350.55471784,26500.698774,0.7102621, 69.3467,303.9433,185.2485,189.0874,1300.122270
10360.02491611,26500.698525,0.7107084, 69.3182,303.0039,184.7861,230.1584,1288.293827
10360.02495904,26500.698525,0.7107084, 69.3182,303.0039,184.7861,230.2206,1288.293768
10360.02495920,26500.698525,0.7107084, 69.3182,303.0039,184.7861,230.2209,1288.293768
10362.01871019,26500.698471,0.7107608, 69.2978,302.8065,184.7007,238.8754,1286.905737
10362.01936447,26500.698471,0.7107608, 69.2978,302.8065,184.7007,239.8233,1286.905716
10367.99705175,26500.698308,0.7106650, 69.2438,302.2078,184.4045,260.7382,1289.443532
10368.49731888,26500.698295,0.7106759, 69.2430,302.1577,184.3782,265.5657,1289.154941
10370.98984361,26500.698227,0.7108051, 69.2436,301.9092,184.2518,276.9217,1285.732154
10371.98662507,26500.698200,0.7108780, 69.2434,301.8103,184.2050,281.1230,1283.801140
10376.97032757,26500.698060,0.7110042, 69.2009,301.3138,183.9887,301.7975,1280.456528
10381.95393467,26500.697922,0.7108924, 69.1650,300.8096,183.7288,322.4600,1283.418242
10381.95394041,26500.697922,0.7108924, 69.1650,300.8096,183.7288,322.4683,1283.418235
10388.93041033,26500.697725,0.7112305, 69.1398,300.1116,183.4059,350.4344,1274.457803
10401.88689443,26500.697356,0.7113570, 69.0872,298.8045,182.7619, 42.7853,1271.106969
10410.85429257,26500.697098,0.7113475, 69.0494,297.8930,182.3045, 75.4860,1271.358502
10410.85429290,26500.697098,0.7113475, 69.0494,297.8930,182.3045, 75.4865,1271.358502
10416.83379465,26500.696922,0.7115967, 69.0293,297.2903,182.0309, 98.9874,1264.752707
10429.28849119,26500.696550,0.7119362, 69.0276,296.0257,181.4034,144.3437,1255.757149
10430.28479243,26500.696519,0.7119504, 69.0218,295.9250,181.3585,147.8504,1255.380217
10431.28165697,26500.696489,0.7119416, 69.0142,295.8239,181.3118,152.1785,1255.612743
10432.27800183,26500.696458,0.7119169, 69.0065,295.7224,181.2626,155.7611,1256.266540
10432.77606030,26500.696443,0.7119026, 69.0033,295.6715,181.2369,157.3903,1256.646182
10433.77244862,26500.696412,0.7118805, 68.9990,295.5694,181.1835,161.0472,1257.232788
10434.76894473,26500.696382,0.7118811, 68.9990,295.4669,181.1283,164.8645,1257.215950
10434.76917036,26500.696382,0.7118811, 68.9990,295.4669,181.1283,165.1914,1257.215849
10436.26333630,26500.696336,0.7119482, 69.0070,295.3133,181.0460,170.0767,1255.438046
10438.75397820,26500.696258,0.7121978, 69.0275,295.0592,180.9213,178.7102,1248.824208
10443.23663708,26500.696114,0.7124962, 69.0235,294.6060,180.7224,193.4635,1240.915803
10443.23705189,26500.696114,0.7124962, 69.0235,294.6059,180.7224,194.0645,1240.915650
10444.23311386,26500.696082,0.7125022, 69.0172,294.5048,180.6755,197.2296,1240.756513
10444.23316933,26500.696082,0.7125022, 69.0172,294.5048,180.6755,197.3100,1240.756514
10446.22555587,26500.696017,0.7124933, 69.0075,294.3015,180.5753,204.0384,1240.992514
10447.22176361,26500.695984,0.7124964, 69.0061,294.1994,180.5227,207.4303,1240.909197
10448.21797652,26500.695952,0.7125150, 69.0075,294.0972,180.4691,210.8314,1240.417500
10454.19477152,26500.695753,0.7129782, 69.0449,293.4875,180.1711,230.4641,1228.141096
10454.69271789,26500.695736,0.7130206, 69.0461,293.4371,180.1492,231.9182,1227.017842
10454.69271955,26500.695736,0.7130206, 69.0461,293.4371,180.1492,231.9206,1227.017839
10455.68883268,26500.695701,0.7130919, 69.0463,293.3363,180.1059,235.1468,1225.130155
10458.67707076,26500.695598,0.7131738, 69.0322,293.0332,179.9718,244.6940,1222.958664
10459.67299576,26500.695563,0.7131695, 69.0264,292.9314,179.9228,247.6652,1223.073690
10459.67313004,26500.695563,0.7131695, 69.0264,292.9314,179.9228,247.8597,1223.073711
10463.15909770,26500.695441,0.7132648, 69.0306,292.5724,179.7380,258.6268,1220.547157
10471.62409120,26500.695130,0.7139605, 69.0424,291.7098,179.3569,283.2289,1202.111262
10476.60448887,26500.694942,0.7140873, 69.0374,291.1982,179.1040,299.2179,1198.748920
10476.60458410,26500.694942,0.7140874, 69.0374,291.1982,179.1040,299.3559,1198.748755
10478.59619469,26500.694865,0.7142536, 69.0503,290.9935,179.0051,304.9472,1194.344036
10480.58779648,26500.694787,0.7144582, 69.0618,290.7898,178.9145,310.5016,1188.921554
10483.57502778,26500.694667,0.7146878, 69.0590,290.4860,178.7892,318.5570,1182.835533
10483.57511379,26500.694667,0.7146878, 69.0590,290.4860,178.7892,318.6816,1182.835432
10485.56682537,26500.694585,0.7147305, 69.0439,290.2832,178.7020,324.3886,1181.704877
10490.54554645,26500.694382,0.7148520, 69.0336,289.7692,178.4509,337.9414,1178.485084
10492.53694018,26500.694299,0.7150668, 69.0472,289.5634,178.3568,343.2044,1172.792183
10499.00867838,26500.694018,0.7154643, 69.0181,288.9025,178.0833,359.8004,1162.259366
10499.00867902,26500.694018,0.7154643, 69.0181,288.9025,178.0833,359.8013,1162.259366
10501.49753889,26500.693909,0.7154709, 69.0016,288.6459,177.9611,  5.8441,1162.084757
10506.47572734,26500.693688,0.7157449, 69.0099,288.1304,177.7167, 18.6024,1154.822979
10506.47576656,26500.693688,0.7157449, 69.0099,288.1303,177.7167, 18.6593,1154.822888
10510.95516356,26500.693482,0.7160389, 68.9971,287.6711,177.5293, 28.6414,1147.030818
10511.45292151,26500.693458,0.7160459, 68.9918,287.6202,177.5084, 29.8197,1146.846053
10511.95058685,26500.693435,0.7160470, 68.9860,287.5692,177.4869, 30.8654,1146.817085
10512.44834609,26500.693412,0.7160430, 68.9799,287.5182,177.4649, 32.0490,1146.921705
10513.44371989,26500.693366,0.7160252, 68.9680,287.4158,177.4186, 34.2128,1147.392960
10513.94103234,26500.693343,0.7160147, 68.9627,287.3644,177.3945, 34.7553,1147.673379
10513.94103235,26500.693343,0.7160147, 68.9627,287.3644,177.3945, 34.7553,1147.673379
10514.93648547,26500.693296,0.7159995, 68.9543,287.2610,177.3445, 37.0453,1148.075198
10515.43421311,26500.693273,0.7159985, 68.9516,287.2092,177.3188, 38.1935,1148.102628
10516.42967087,26500.693227,0.7160161, 68.9493,287.1051,177.2673, 40.4941,1147.635019
10516.92733172,26500.693204,0.7160361, 68.9497,287.0530,177.2417, 41.5449,1147.104065
10517.42504853,26500.693181,0.7160637, 68.9508,287.0009,177.2166, 42.6756,1146.374111
10517.92268818,26500.693158,0.7160981, 68.9525,286.9488,177.1921, 43.6929,1145.461759
10518.42039647,26500.693134,0.7161384, 68.9545,286.8967,177.1682, 44.8075,1144.395319
10518.91802406,26500.693111,0.7161830, 68.9565,286.8448,177.1451, 45.8031,1143.213452
10519.41572333,26500.693087,0.7162302, 68.9583,286.7930,177.1227, 46.9004,1141.960942
10519.41616344,26500.693087,0.7162303, 68.9583,286.7929,177.1227, 47.5381,1141.959817
10519.91432780,26500.693064,0.7162784, 68.9595,286.7412,177.1010, 49.3072,1140.685347
10520.41201975,26500.693040,0.7163254, 68.9600,286.6897,177.0799, 50.3900,1139.439318
10520.90968626,26500.693016,0.7163696, 68.9597,286.6383,177.0593, 51.4346,1138.265885
10521.90504188,26500.692968,0.7164443, 68.9560,286.5358,177.0191, 53.5542,1136.287722
10521.90504252,26500.692968,0.7164443, 68.9560,286.5358,177.0191, 53.5551,1136.287721
10522.40272968,26500.692944,0.7164727, 68.9526,286.4847,176.9991, 54.6282,1135.535690
10524.39344237,26500.692847,0.7165204, 68.9314,286.2806,176.9166, 58.8773,1134.271061
10525.88659461,26500.692774,0.7165027, 68.9122,286.1268,176.8494, 62.2513,1134.739312
10526.88168135,26500.692725,0.7164810, 68.9007,286.0239,176.8017, 64.0047,1135.315755
10527.87713070,26500.692677,0.7164619, 68.8914,285.9204,176.7522, 66.2887,1135.822094
10527.87713133,26500.692677,0.7164619, 68.8914,285.9204,176.7522, 66.2897,1135.822094
10528.87211906,26500.692629,0.7164528, 68.8850,285.8166,176.7017, 67.9080,1136.062823
10531.85866661,26500.692484,0.7165202, 68.8807,285.5040,176.5509, 75.0543,1134.276698
10532.85405645,26500.692435,0.7165724, 68.8820,285.3999,176.5031, 77.2463,1132.892351
10533.84921994,26500.692386,0.7166327, 68.8830,285.2960,176.4573, 79.1048,1131.294106
10534.84458044,26500.692337,0.7166943, 68.8826,285.1925,176.4134, 81.2434,1129.663136
10535.84008383,26500.692287,0.7167491, 68.8798,285.0893,176.3712, 83.5848,1128.209186
10536.83542566,26500.692237,0.7167893, 68.8739,284.9864,176.3299, 85.6897,1127.143786
10537.83077039,26500.692187,0.7168083, 68.8645,284.8837,176.2885, 87.7994,1126.640021
10538.82612835,26500.692137,0.7168030, 68.8521,284.7810,176.2460, 89.9321,1126.780744
10539.82150798,26500.692087,0.7167758, 68.8381,284.6782,176.2012, 92.1033,1127.501421
10539.82159054,26500.692087,0.7167758, 68.8381,284.6781,176.2012, 92.2230,1127.501500
10540.81699383,26500.692037,0.7167360, 68.8245,284.5747,176.1533, 94.4374,1128.557006
10541.81242979,26500.691988,0.7166983, 68.8135,284.4706,176.1027, 96.7074,1129.555600
10542.80790203,26500.691938,0.7166786, 68.8068,284.3658,176.0503, 99.0352,1130.077393
10543.80340483,26500.691889,0.7166879, 68.8049,284.2604,175.9979,101.4074,1129.830464
10545.79463086,26500.691790,0.7167937, 68.8101,284.0494,175.8989,106.4536,1127.028329
10547.78581754,26500.691689,0.7169441, 68.8129,283.8402,175.8111,111.4099,1123.042192
10548.78116489,26500.691638,0.7170023, 68.8092,283.7365,175.7699,113.5242,1121.499248
10549.77657994,26500.691587,0.7170374, 68.8015,283.6333,175.7288,115.7364,1120.569814
10550.77202279,26500.691536,0.7170472, 68.7908,283.5302,175.6866,117.9923,1120.310804
10551.76497575,26500.691484,0.7170348, 68.7782,283.4272,175.6427,116.6467,1120.639605
10552.76185680,26500.691433,0.7170069, 68.7653,283.3236,175.5962,120.9994,1121.377202
10553.75750728,26500.691382,0.7169726, 68.7536,283.2197,175.5475,123.5761,1122.287877
10557.73856048,26500.691180,0.7169195, 68.7333,282.7996,175.3414,131.6718,1123.695066
10558.73515638,26500.691129,0.7169445, 68.7344,282.6940,175.2907,135.6236,1123.032025
10560.72611501,26500.691027,0.7170290, 68.7386,282.4832,175.1943,140.2774,1120.792310
10561.72228234,26500.690976,0.7170780, 68.7396,282.3782,175.1488,143.5935,1119.494136
10562.71830999,26500.690924,0.7171228, 68.7387,282.2735,175.1048,146.7029,1118.306089
10563.71362508,26500.690873,0.7171567, 68.7351,282.1693,175.0619,148.7772,1117.407131
10564.70958703,26500.690821,0.7171737, 68.7284,282.0653,175.0192,151.7884,1116.956058
10566.69917411,26500.690717,0.7171450, 68.7069,281.8579,174.9304,154.4357,1117.717093
10567.69492048,26500.690665,0.7171050, 68.6946,281.7537,174.8823,157.1510,1118.777987
10569.68617615,26500.690563,0.7170335, 68.6780,281.5429,174.7780,162.2628,1120.671477
10571.67781414,26500.690460,0.7170674, 68.6809,281.3291,174.6718,167.9349,1119.774089
10573.66904436,26500.690357,0.7172094, 68.6934,281.1155,174.5760,172.9851,1116.009982
10574.66474082,26500.690305,0.7172871, 68.6969,281.0097,174.5326,175.6146,1113.953113
10575.66041532,26500.690252,0.7173498, 68.6966,280.9046,174.4908,178.2077,1112.290175
10576.65601546,26500.690199,0.7173896, 68.6922,280.8001,174.4491,180.6926,1111.235059
10577.65161065,26500.690146,0.7174046, 68.6845,280.6959,174.4063,183.1737,1110.837093
10578.64734871,26500.690093,0.7173982, 68.6750,280.5917,174.3615,185.8677,1111.007414
10579.64388373,26500.690040,0.7173772, 68.6651,280.4871,174.3144,189.7234,1111.564503
10580.63896415,26500.689987,0.7173502, 68.6563,280.3822,174.2650,191.4784,1112.280047
10581.63502471,26500.689934,0.7173257, 68.6499,280.2767,174.2138,194.6589,1112.928032
10582.62833958,26500.689881,0.7173111, 68.6464,280.1709,174.1615,193.8647,1113.315932
10583.62378186,26500.689829,0.7173111, 68.6460,280.0645,174.1088,196.1537,1113.316336
10584.62310778,26500.689776,0.7173279, 68.6484,279.9573,174.0563,204.0682,1112.869779
10585.61622881,26500.689723,0.7173607, 68.6529,279.8507,174.0053,202.9891,1112.000119
10586.61046440,26500.689670,0.7174067, 68.6585,279.7441,173.9558,203.5202,1110.782510
10587.60570964,26500.689617,0.7174612, 68.6642,279.6375,173.9080,205.5089,1109.338687
10589.60016304,26500.689510,0.7175730, 68.6722,279.4250,173.8173,215.2133,1106.374504
10594.58047164,26500.689237,0.7176411, 68.6506,278.8996,173.5941,231.0257,1104.571142
10596.57182722,26500.689129,0.7175986, 68.6394,278.6876,173.4913,236.2788,1105.696751
10598.56377346,26500.689020,0.7176450, 68.6467,278.4719,173.3848,242.4003,1104.466002
10601.55104199,26500.688855,0.7179148, 68.6766,278.1480,173.2455,250.5790,1097.316827
10602.54736064,26500.688799,0.7180014, 68.6811,278.0416,173.2046,254.1030,1095.021581
10603.54324632,26500.688742,0.7180645, 68.6811,277.9360,173.1640,256.9982,1093.351165
10604.53926794,26500.688685,0.7181013, 68.6772,277.8309,173.1224,260.0935,1092.373605
10605.53519211,26500.688628,0.7181158, 68.6711,277.7260,173.0786,263.0536,1091.991409
10606.53109206,26500.688571,0.7181152, 68.6644,277.6208,173.0325,265.9858,1092.005703
10608.52294746,26500.688457,0.7181043, 68.6554,277.4090,172.9336,271.9498,1092.295804
10609.51904310,26500.688400,0.7181094, 68.6549,277.3022,172.8821,275.1812,1092.159090
10610.51826871,26500.688343,0.7181288, 68.6576,277.1946,172.8301,282.9483,1091.645269
10635.42362307,26500.686819,0.7193362, 68.7145,274.5251,171.6940,  7.5462,1059.649200
10637.41005468,26500.686690,0.7193805, 68.7157,274.3114,171.5947,  5.6483,1058.475251
10637.41081383,26500.686690,0.7193805, 68.7157,274.3113,171.5947,  6.7483,1058.474523
10644.38426853,26500.686226,0.7198562, 68.7593,273.5581,171.2801, 30.3470,1045.868163
10644.88299632,26500.686192,0.7198855, 68.7595,273.5050,171.2599, 32.9292,1045.090555
10646.37725215,26500.686089,0.7199499, 68.7558,273.3467,171.1990, 37.8842,1043.385408
10647.37367304,26500.686020,0.7199722, 68.7502,273.2414,171.1569, 41.5542,1042.793427
10648.37009941,26500.685951,0.7199807, 68.7431,273.1362,171.1129, 45.2379,1042.569722
10649.36654419,26500.685882,0.7199813, 68.7361,273.0306,171.0665, 48.9553,1042.553040
10649.36654421,26500.685882,0.7199813, 68.7361,273.0306,171.0665, 48.9553,1042.553040
10650.36296120,26500.685814,0.7199834, 68.7309,272.9242,171.0183, 52.6393,1042.497604
10655.34540119,26500.685466,0.7202987, 68.7584,272.3816,170.7836, 71.5573,1034.142239
10655.34540121,26500.685466,0.7202987, 68.7584,272.3816,170.7836, 71.5573,1034.142239
10656.34195809,26500.685394,0.7204022, 68.7646,272.2739,170.7453, 75.4146,1031.398865
10660.32807537,26500.685102,0.7205874, 68.7425,271.8524,170.5904, 90.6840,1026.489386
10661.32462462,26500.685029,0.7205866, 68.7325,271.7473,170.5454, 94.5480,1026.512053
10663.31806168,26500.684882,0.7205899, 68.7193,271.5348,170.4495,102.7853,1026.422818
10664.31467568,26500.684809,0.7206069, 68.7173,271.4276,170.4004,106.7564,1025.972255
10667.30505069,26500.684588,0.7207374, 68.7254,271.1034,170.2577,119.4283,1022.515186
10668.30235283,26500.684513,0.7208000, 68.7299,270.9953,170.2133,124.3826,1020.854920
10669.29920406,26500.684438,0.7208651, 68.7336,270.8875,170.1706,128.6782,1019.131243
10670.29629389,26500.684362,0.7209272, 68.7354,270.7803,170.1294,133.3150,1017.485057
10671.29302604,26500.684286,0.7209810, 68.7347,270.6737,170.0893,137.4302,1016.058551
10671.29302605,26500.684286,0.7209810, 68.7347,270.6737,170.0893,137.4302,1016.058551
10672.29007649,26500.684209,0.7210219, 68.7309,270.5678,170.0492,142.0053,1014.975375
10673.28534553,26500.684133,0.7210468, 68.7240,270.4626,170.0090,144.0007,1014.316731
10673.28724592,26500.684133,0.7210468, 68.7239,270.4624,170.0089,146.7541,1014.315905
10673.28771438,26500.684133,0.7210468, 68.7239,270.4623,170.0089,147.4328,1014.315702
10682.25604694,26500.683441,0.7212196, 68.6881,269.4984,169.5922,181.3744,1009.735616
10683.25377588,26500.683363,0.7212993, 68.6911,269.3901,169.5529,186.9339,1007.624202
10684.25063955,26500.683284,0.7213652, 68.6896,269.2831,169.5155,191.2337,1005.877592
10684.25074683,26500.683284,0.7213652, 68.6896,269.2831,169.5155,191.3892,1005.877435
10701.19595889,26500.681925,0.7216055, 68.5888,267.4675,168.7584,262.7124,999.509325
10705.18514802,26500.681602,0.7215008, 68.5418,267.0423,168.5650,282.5571,1002.283811
10709.17461976,26500.681283,0.7216321, 68.5492,266.6025,168.3717,302.8259,998.804719
10709.17644272,26500.681283,0.7216322, 68.5492,266.6023,168.3716,305.4671,998.801663
10718.14738863,26500.680670,0.7216614, 68.4786,265.6385,167.9700,343.1862,998.026802
10754.05024172,26500.678157,0.7222108, 68.4514,261.6953,166.2921,162.0097,983.467347
10755.04798908,26500.678084,0.7222174, 68.4481,261.5867,166.2486,167.6126,983.291008
10756.04602657,26500.678010,0.7222127, 68.4427,261.4784,166.2037,173.6398,983.417266
10758.04158187,26500.677865,0.7221817, 68.4300,261.2618,166.1074,184.9607,984.237573
10766.01968021,26500.677273,0.7225134, 68.4813,260.3651,165.7439,224.2394,975.447257
10769.01384515,26500.677043,0.7225300, 68.4657,260.0403,165.6166,242.3746,975.006603
10770.01198913,26500.676966,0.7225208, 68.4603,259.9316,165.5684,248.5655,975.251751
10772.00735685,26500.676813,0.7225242, 68.4587,259.7112,165.4678,259.6286,975.161518
10794.95329084,26500.674954,0.7232842, 68.5611,257.1534,164.4595, 25.2551,955.019762
10801.94108875,26500.674353,0.7233773, 68.5632,256.3813,164.1295, 69.6999,952.553375
10802.94091217,26500.674266,0.7234242, 68.5723,256.2684,164.0851, 78.3120,951.310029
10805.93394803,26500.674001,0.7235595, 68.5943,255.9330,163.9612, 94.7956,947.723704
10806.93217288,26500.673911,0.7235922, 68.5973,255.8227,163.9215,101.0753,946.857097
10807.93085657,26500.673821,0.7236152, 68.5977,255.7132,163.8816,108.0193,946.248457
10808.92734253,26500.673731,0.7236278, 68.5953,255.6048,163.8409,111.7808,945.915004
10809.92561060,26500.673641,0.7236307, 68.5908,255.4967,163.7988,118.1279,945.837159
10810.92395429,26500.673551,0.7236262, 68.5848,255.3889,163.7548,124.5896,945.957398
10811.92221421,26500.673461,0.7236181, 68.5786,255.2810,163.7088,130.9363,946.171529
10812.92054314,26500.673371,0.7236121, 68.5737,255.1723,163.6609,137.3894,946.330187
10813.91855398,26500.673281,0.7236150, 68.5718,255.0625,163.6118,143.3865,946.252923
10815.91397985,26500.673101,0.7236712, 68.5817,254.8381,163.5157,154.5171,944.764390
10816.91282961,26500.673010,0.7237270, 68.5927,254.7240,163.4719,161.7189,943.285980
10817.91070040,26500.672918,0.7237924, 68.6047,254.6101,163.4324,167.4897,941.551629
10819.90791144,26500.672732,0.7239000, 68.6171,254.3869,163.3625,181.1286,938.700678
10821.90669141,26500.672543,0.7239223, 68.6050,254.1716,163.2894,197.0415,938.108878
10822.90314312,26500.672449,0.7239090, 68.5940,254.0656,163.2475,200.7555,938.463174
10823.90257786,26500.672356,0.7238923, 68.5836,253.9587,163.2019,208.8023,938.905091
10824.90195542,26500.672262,0.7238810, 68.5761,253.8506,163.1539,216.7743,939.204639
10826.89911772,26500.672075,0.7238911, 68.5723,253.6308,163.0562,230.4187,938.935282
10827.89788268,26500.671981,0.7239130, 68.5752,253.5194,163.0086,237.5047,938.357194
10828.89630045,26500.671887,0.7239428, 68.5800,253.4075,162.9626,244.0833,937.567329
10830.89316321,26500.671697,0.7240122, 68.5909,253.1839,162.8758,257.2642,935.725893
10831.89172115,26500.671601,0.7240448, 68.5949,253.0728,162.8346,264.0307,934.862905
10832.89025385,26500.671505,0.7240718, 68.5969,252.9624,162.7944,270.7571,934.148833
10833.88878481,26500.671409,0.7240907, 68.5963,252.8530,162.7545,277.4790,933.645770
10844.87208160,26500.670351,0.7241365, 68.5605,251.6512,162.2583,350.8122,932.431792
10845.86673256,26500.670254,0.7241797, 68.5666,251.5393,162.2209,351.9111,931.287185
10847.86383231,26500.670058,0.7242206, 68.5627,251.3209,162.1499,  5.3888,930.204046
10850.85779342,26500.669765,0.7241557, 68.5231,251.0040,162.0237, 23.2064,931.922716
10851.85933336,26500.669667,0.7241309, 68.5113,250.8969,161.9747, 34.3143,932.581579
10855.85227087,26500.669280,0.7241412, 68.5013,250.4565,161.7780, 59.6045,932.308598
10856.85088223,26500.669183,0.7241626, 68.5041,250.3448,161.7325, 66.4639,931.740721
10856.85089380,26500.669183,0.7241626, 68.5041,250.3448,161.7325, 66.4807,931.740714
10857.84895432,26500.669085,0.7241845, 68.5068,250.2334,161.6886, 72.5368,931.159451
10857.84896589,26500.669085,0.7241845, 68.5068,250.2334,161.6886, 72.5535,931.159445
10858.84781822,26500.668987,0.7242038, 68.5083,250.1225,161.6461, 79.7523,930.649303
10858.84782980,26500.668987,0.7242038, 68.5083,250.1225,161.6461, 79.7691,930.649298
10859.84602141,26500.668889,0.7242176, 68.5080,250.0123,161.6045, 86.0073,930.281975
10859.84603299,26500.668889,0.7242176, 68.5080,250.0123,161.6045, 86.0240,930.281972
10860.84467236,26500.668791,0.7242241, 68.5052,249.9031,161.5633, 92.9091,930.110897
10861.84299062,26500.668693,0.7242219, 68.4998,249.7948,161.5218, 99.3288,930.169472
10862.84172200,26500.668595,0.7242107, 68.4918,249.6874,161.4794,106.3489,930.467135
10863.84026567,26500.668497,0.7241912, 68.4815,249.5806,161.4355,113.1009,930.982596
10864.84014825,26500.668399,0.7241657, 68.4698,249.4741,161.3896,121.7985,931.657218
10865.83769121,26500.668302,0.7241382, 68.4579,249.3677,161.3416,127.1131,932.387953
10866.83749888,26500.668205,0.7241134, 68.4473,249.2602,161.2916,135.7158,933.043609
10867.83410710,26500.668109,0.7240971, 68.4397,249.1518,161.2405,139.6882,933.476094
10868.83514975,26500.668012,0.7240937, 68.4364,249.0412,161.1893,150.0877,933.565128
10869.83282679,26500.667916,0.7241054, 68.4376,248.9293,161.1397,155.6084,933.256878
10870.83091153,26500.667819,0.7241300, 68.4426,248.8161,161.0930,161.7128,932.603512
10871.82907267,26500.667722,0.7241616, 68.4491,248.7025,161.0500,167.9177,931.766220
10871.82911237,26500.667722,0.7241616, 68.4491,248.7025,161.0500,167.9752,931.766186
10872.82717128,26500.667625,0.7241912, 68.4543,248.5898,161.0105,174.0211,930.982702
10872.82745946,26500.667625,0.7241912, 68.4543,248.5897,161.0105,174.4386,930.982508
10873.82592537,26500.667527,0.7242096, 68.4554,248.4787,160.9730,181.0662,930.494003
10874.82455111,26500.667429,0.7242108, 68.4507,248.3699,160.9356,187.9229,930.463196
10875.82605441,26500.667331,0.7241939, 68.4403,248.2628,160.8960,198.9529,930.911341
10876.82426072,26500.667233,0.7241640, 68.4263,248.1572,160.8529,205.2155,931.703949
10877.82302079,26500.667136,0.7241296, 68.4115,248.0514,160.8060,212.2921,932.615873
10878.82079993,26500.667040,0.7240995, 68.3988,247.9447,160.7560,217.9575,933.413238
10878.82088939,26500.667040,0.7240995, 68.3988,247.9447,160.7560,218.0871,933.413298
10879.81969511,26500.666944,0.7240798, 68.3901,247.8363,160.7043,225.2464,933.933932
10880.81837937,26500.666848,0.7240728, 68.3857,247.7262,160.6525,232.2317,934.119484
10881.81688638,26500.666752,0.7240773, 68.3852,247.6147,160.6018,238.9584,934.000280
10882.81530592,26500.666656,0.7240901, 68.3874,247.5024,160.5528,245.5540,933.662262
10883.81374700,26500.666559,0.7241071, 68.3908,247.3898,160.5057,252.1753,933.209745
10884.81193584,26500.666463,0.7241247, 68.3944,247.2773,160.4604,258.4257,932.744623
10884.81224605,26500.666463,0.7241247, 68.3944,247.2773,160.4604,258.8752,932.744486
10885.81066101,26500.666366,0.7241395, 68.3969,247.1653,160.4166,265.4485,932.351124
10887.81240126,26500.666171,0.7241521, 68.3964,246.9432,160.3309,285.7006,932.017345
10888.81139289,26500.666074,0.7241472, 68.3926,246.8337,160.2882,293.1036,932.148137
10889.81049017,26500.665977,0.7241343, 68.3862,246.7252,160.2446,300.6613,932.488943
10889.81054939,26500.665977,0.7241343, 68.3862,246.7252,160.2446,300.7471,932.488969
10890.80960469,26500.665881,0.7241144, 68.3777,246.6174,160.1996,308.2475,933.017983
10891.80879393,26500.665784,0.7240894, 68.3677,246.5100,160.1528,315.9473,933.680641
10892.80850352,26500.665688,0.7240628, 68.3574,246.4024,160.1037,324.4076,934.384696
10893.80753649,26500.665593,0.7240395, 68.3483,246.2942,160.0527,331.8946,935.003158
10894.80435344,26500.665497,0.7240247, 68.3423,246.1848,160.0006,336.1763,935.395303
10895.80308513,26500.665402,0.7240227, 68.3407,246.0734,159.9483,343.2347,935.447926
10897.80086246,26500.665211,0.7240593, 68.3513,245.8452,159.8501,357.7944,934.475863
10898.79932271,26500.665115,0.7240889, 68.3604,245.7300,159.8063,  4.4393,933.691632
10899.79966607,26500.665019,0.7241152, 68.3683,245.6154,159.7659, 13.8016,932.996186
10900.79924141,26500.664922,0.7241300, 68.3722,245.5026,159.7276, 22.0431,932.603981
10901.79845920,26500.664826,0.7241288, 68.3707,245.3921,159.6893, 29.7641,932.634223
10902.79735678,26500.664729,0.7241122, 68.3639,245.2837,159.6490, 37.0248,933.075555
10903.79621869,26500.664633,0.7240849, 68.3534,245.1765,159.6055, 44.2423,933.797272
10904.79508893,26500.664537,0.7240547, 68.3420,245.0695,159.5582, 51.4826,934.597542
10905.79413409,26500.664441,0.7240293, 68.3323,244.9614,159.5080, 58.9862,935.271303
10906.79352097,26500.664346,0.7240142, 68.3262,244.8518,159.4560, 66.9916,935.672915
10909.79044085,26500.664061,0.7240366, 68.3323,244.5133,159.3031, 89.2100,935.079309
10910.79017616,26500.663965,0.7240572, 68.3393,244.3988,159.2557, 97.7109,934.531216
10911.79053213,26500.663870,0.7240781, 68.3465,244.2842,159.2103,107.1052,933.978588
10912.29012288,26500.663822,0.7240875, 68.3499,244.2272,159.1881,110.9496,933.728402
10912.79028413,26500.663773,0.7240959, 68.3529,244.1702,159.1663,115.6193,933.506395
10913.28984115,26500.663725,0.7241030, 68.3556,244.1135,159.1448,119.4126,933.319761
10913.78982860,26500.663677,0.7241085, 68.3577,244.0570,159.1234,123.8288,933.173288
10914.78904567,26500.663581,0.7241144, 68.3603,243.9448,159.0810,131.5616,933.015573
10914.78959486,26500.663581,0.7241144, 68.3603,243.9448,159.0810,132.3573,933.015538
10915.78923924,26500.663484,0.7241132, 68.3606,243.8335,159.0384,140.7086,933.048676
10916.78903759,26500.663388,0.7241049, 68.3584,243.7232,158.9950,149.2842,933.268766
10917.78893620,26500.663291,0.7240905, 68.3541,243.6136,158.9504,158.0079,933.650651
10918.78874581,26500.663195,0.7240719, 68.3483,243.5046,158.9040,166.6073,934.143530
10919.78251528,26500.663100,0.7240522, 68.3420,243.3962,158.8559,166.4614,934.663657
10920.78321707,26500.663005,0.7240355, 68.3366,243.2865,158.8055,176.3660,935.107876
10921.28279086,26500.662957,0.7240297, 68.3348,243.2313,158.7798,180.1947,935.259947
10921.78284859,26500.662910,0.7240265, 68.3338,243.1757,158.7539,184.7258,935.344902
10922.78235495,26500.662814,0.7240295, 68.3353,243.0629,158.7021,192.9071,935.265446
10923.28192182,26500.662767,0.7240362, 68.3380,243.0057,158.6766,196.7274,935.089432
10923.78145380,26500.662719,0.7240461, 68.3420,242.9481,158.6518,200.4961,934.825922
10924.78059952,26500.662623,0.7240738, 68.3531,242.8315,158.6046,208.1459,934.092433
10925.77977321,26500.662527,0.7241057, 68.3666,242.7142,158.5616,215.8249,933.245956
10926.77947277,26500.662431,0.7241329, 68.3791,242.5976,158.5223,224.2537,932.527028
10927.77875887,26500.662334,0.7241474, 68.3875,242.4830,158.4853,232.0744,932.142857
10928.77785901,26500.662237,0.7241456, 68.3902,242.3709,158.4483,239.6227,932.188531
10929.77697290,26500.662141,0.7241295, 68.3874,242.2611,158.4092,247.1945,932.617021
10930.77663116,26500.662044,0.7241048, 68.3809,242.1525,158.3667,255.5636,933.271351
10934.76902409,26500.661662,0.7240530, 68.3666,241.7123,158.1701,280.0838,934.643252
10943.26509257,26500.660841,0.7241651, 68.4299,240.7403,157.7956,349.8102,931.670820
10948.75507462,26500.660311,0.7240920, 68.4190,240.1350,157.5432, 24.1011,933.609285
10953.24972517,26500.659878,0.7241717, 68.4647,239.6141,157.3370, 56.3136,931.496682
10955.24735211,26500.659684,0.7241885, 68.4868,239.3834,157.2669, 70.5724,931.050979
10956.24617537,26500.659586,0.7241720, 68.4887,239.2722,157.2317, 77.7111,931.488000
10957.24499663,26500.659490,0.7241439, 68.4850,239.1634,157.1935, 84.8533,932.234869
10960.24111841,26500.659202,0.7240674, 68.4684,238.8381,157.0574,105.8456,934.261115
10961.24000242,26500.659106,0.7240615, 68.4684,238.7270,157.0083,113.1127,934.417848
10962.23868645,26500.659011,0.7240661, 68.4725,238.6141,156.9596,120.0904,934.295483
10963.23740396,26500.658915,0.7240783, 68.4799,238.4999,156.9124,127.1136,933.970655
10965.23515945,26500.658723,0.7241105, 68.5000,238.2695,156.8238,141.6078,933.117848
10965.73464103,26500.658675,0.7241176, 68.5053,238.2120,156.8028,145.2894,932.930723
10966.23377455,26500.658627,0.7241235, 68.5102,238.1546,156.7823,148.4654,932.773145
10967.23246919,26500.658531,0.7241312, 68.5191,238.0404,156.7422,155.4333,932.571022
10968.73048502,26500.658386,0.7241299, 68.5284,237.8711,156.6833,165.8412,932.604880
10969.22965762,26500.658338,0.7241259, 68.5302,237.8153,156.6637,169.0692,932.709821
10971.72626523,26500.658098,0.7240839, 68.5301,237.5404,156.5625,186.2926,933.824366
10972.22561370,26500.658050,0.7240723, 68.5285,237.4860,156.5412,189.7786,934.129334
10973.22429417,26500.657955,0.7240484, 68.5244,237.3777,156.4974,196.7303,934.762661
10975.22148761,26500.657765,0.7240072, 68.5164,237.1605,156.4044,210.4077,935.855484
10977.21861966,26500.657576,0.7239937, 68.5173,236.9387,156.3077,224.0134,936.212391
10978.71629666,26500.657435,0.7240072, 68.5289,236.7674,156.2383,233.9655,935.854713
10979.71491770,26500.657340,0.7240216, 68.5412,236.6513,156.1964,240.8360,935.474653
10981.71183455,26500.657150,0.7240283, 68.5650,236.4203,156.1246,254.0685,935.296864
10982.71053954,26500.657056,0.7240074, 68.5697,236.3084,156.0918,261.0287,935.850474
10984.20821993,26500.656914,0.7239480, 68.5639,236.1465,156.0390,270.9268,937.425283
10985.20669677,26500.656821,0.7239017, 68.5544,236.0409,155.9987,277.5717,938.650524
10986.20514290,26500.656728,0.7238611, 68.5444,235.9353,155.9541,284.1845,939.727897
10986.70435599,26500.656682,0.7238449, 68.5401,235.8820,155.9307,287.4804,940.157663
10988.20198818,26500.656544,0.7238156, 68.5332,235.7195,155.8580,297.3672,940.932606
10989.20041882,26500.656452,0.7238103, 68.5338,235.6088,155.8098,303.9736,941.073292
10990.19880225,26500.656361,0.7238121, 68.5378,235.4966,155.7630,310.5087,941.024333
10996.18899253,26500.655810,0.7237840, 68.5666,234.8242,155.5158,349.4559,941.769270
10997.18815973,26500.655719,0.7237587, 68.5647,234.7156,155.4761,357.1009,942.441062
10998.18645487,26500.655628,0.7237285, 68.5602,234.6081,155.4353,  3.4844,943.241715
10999.18472984,26500.655537,0.7236953, 68.5537,234.5016,155.3930,  9.8422,944.121459
11000.18307075,26500.655448,0.7236615, 68.5458,234.3956,155.3489, 16.3005,945.017540
11001.18082309,26500.655358,0.7236297, 68.5375,234.2897,155.3030, 21.9117,945.858724
11002.17910513,26500.655269,0.7236027, 68.5299,234.1833,155.2554, 28.2961,946.575011
11004.17566546,26500.655092,0.7235709, 68.5220,233.9666,155.1579, 41.0716,947.418522
11006.17216514,26500.654915,0.7235677, 68.5290,233.7428,155.0649, 53.7557,947.501020
11007.17042652,26500.654827,0.7235681, 68.5371,233.6289,155.0231, 60.1033,947.492014
11009.16688107,26500.654650,0.7235387, 68.5506,233.4031,154.9502, 72.6660,948.269824
11010.16529179,26500.654562,0.7234995, 68.5500,233.2939,154.9162, 79.2021,949.309318
11014.15802726,26500.654218,0.7232943, 68.5024,232.8776,154.7474,104.1070,954.746888
11060.06454537,26500.650580,0.7223753, 68.3495,227.8971,152.6369, 16.9341,979.101060
11062.05982699,26500.650433,0.7223680, 68.3653,227.6689,152.5491, 27.8577,979.292425
11063.05750049,26500.650359,0.7223461, 68.3721,227.5557,152.5096, 33.3528,979.872769
11064.05522179,26500.650286,0.7223091, 68.3748,227.4446,152.4714, 38.9108,980.853378
11064.05522180,26500.650286,0.7223091, 68.3748,227.4446,152.4714, 38.9108,980.853378
11065.05278420,26500.650213,0.7222601, 68.3724,227.3368,152.4318, 44.2371,982.153142
11066.05046696,26500.650141,0.7222056, 68.3648,227.2311,152.3904, 49.7428,983.596839
11074.03119429,26500.649574,0.7221034, 68.3533,226.3563,152.0002, 92.9338,986.306540
11078.02223504,26500.649292,0.7220314, 68.3695,225.9098,151.8310,115.4397,988.213245
11082.01209113,26500.649015,0.7219176, 68.3550,225.4799,151.6486,136.2489,991.229704
11083.00916511,26500.648946,0.7218995, 68.3505,225.3726,151.5990,140.8982,991.709549
11084.00660514,26500.648878,0.7218893, 68.3480,225.2642,151.5482,146.0827,991.979099
11085.00405126,26500.648809,0.7218871, 68.3484,225.1541,151.4972,151.2790,992.037160
11086.00147479,26500.648741,0.7218908, 68.3528,225.0419,151.4472,156.4427,991.938902
11086.99887744,26500.648672,0.7218959, 68.3612,224.9276,151.3992,161.5724,991.803465
11101.95985880,26500.647532,0.7215529, 68.4283,223.2516,150.7402,238.2024,1000.892924
11107.44687984,26500.647097,0.7213637, 68.4486,222.6432,150.5139,268.1621,1005.907411
11110.93702759,26500.646826,0.7212656, 68.4422,222.2665,150.3498,284.9674,1008.507629
11111.43531987,26500.646787,0.7212589, 68.4427,222.2118,150.3254,286.9375,1008.685105
11112.93134348,26500.646671,0.7212478, 68.4493,222.0449,150.2525,294.5111,1008.979614
11114.92592465,26500.646517,0.7212319, 68.4710,221.8153,150.1624,304.4277,1009.399252
11119.91217204,26500.646136,0.7209535, 68.5098,221.2530,149.9770,328.7878,1016.777677
11119.91218386,26500.646136,0.7209535, 68.5098,221.2530,149.9770,328.8049,1016.777701
11120.90939330,26500.646062,0.7208819, 68.5047,221.1479,149.9357,333.6233,1018.674209
11121.90661064,26500.645988,0.7208249, 68.4986,221.0431,149.8906,338.4637,1020.186497
11122.40520664,26500.645951,0.7208030, 68.4961,220.9904,149.8671,340.8691,1020.766904
11123.90102931,26500.645841,0.7207618, 68.4935,220.8292,149.7943,348.1452,1021.857461
11124.89819641,26500.645767,0.7207485, 68.4970,220.7189,149.7460,352.9286,1022.209797
11126.89260124,26500.645621,0.7207261, 68.5139,220.4928,149.6551,  2.5863,1022.803097
11131.87849400,26500.645258,0.7205375, 68.5534,219.9322,149.4568, 26.4624,1027.800801
11134.86994889,26500.645044,0.7203716, 68.5507,219.6119,149.3334, 40.6645,1032.199135
11140.35412739,26500.644661,0.7201928, 68.5453,219.0238,149.0777, 66.5700,1036.936540
11145.83726612,26500.644284,0.7198992, 68.5915,218.4080,148.8649, 90.8787,1044.716803
11146.83425611,26500.644217,0.7197997, 68.5885,218.3030,148.8285, 95.3643,1047.352168
11147.83127513,26500.644150,0.7197069, 68.5809,218.2006,148.7885, 99.9002,1049.812441
11148.82823690,26500.644085,0.7196310, 68.5717,218.0990,148.7444,104.3643,1051.823461
11149.82523801,26500.644020,0.7195761, 68.5638,217.9964,148.6974,108.8958,1053.277644
11151.81924555,26500.643890,0.7195153, 68.5594,217.7845,148.6008,117.9814,1054.889281
11155.30870246,26500.643665,0.7194209, 68.5802,217.3980,148.4474,133.7694,1057.392757
11158.79804759,26500.643443,0.7192262, 68.5925,217.0182,148.3105,149.3371,1062.551448
11166.77289308,26500.642952,0.7188288, 68.5541,216.1903,147.9522,183.8558,1073.081492
11167.76969486,26500.642892,0.7188055, 68.5555,216.0829,147.9052,188.1052,1073.700455
11168.26818964,26500.642862,0.7187928, 68.5574,216.0285,147.8824,190.3648,1074.036641
11168.76658636,26500.642832,0.7187783, 68.5600,215.9737,147.8602,192.4810,1074.420413
11169.76348403,26500.642772,0.7187403, 68.5668,215.8633,147.8179,196.8590,1075.426537
11170.76027678,26500.642713,0.7186849, 68.5741,215.7527,147.7787,201.0762,1076.894867
11171.75704450,26500.642653,0.7186082, 68.5797,215.6433,147.7421,205.2481,1078.928338
11172.75374398,26500.642595,0.7185120, 68.5810,215.5367,147.7064,209.3150,1081.477106
11173.75053336,26500.642537,0.7184052, 68.5766,215.4335,147.6697,213.5118,1084.308936
11174.74731550,26500.642479,0.7183015, 68.5669,215.3335,147.6298,217.7042,1087.056771
11175.74409360,26500.642422,0.7182144, 68.5543,215.2349,147.5858,221.9019,1089.363401
11176.74086416,26500.642366,0.7181514, 68.5422,215.1359,147.5381,226.1005,1091.032978
11177.73762677,26500.642310,0.7181114, 68.5335,215.0348,147.4885,230.2961,1092.095094
11178.73433782,26500.642254,0.7180866, 68.5294,214.9308,147.4389,234.4202,1092.750090
11179.73103562,26500.642198,0.7180675, 68.5295,214.8244,147.3908,238.5233,1093.256723
11180.72782786,26500.642142,0.7180457, 68.5325,214.7163,147.3449,242.7582,1093.835567
11181.72456502,26500.642087,0.7180159, 68.5367,214.6076,147.3013,246.9071,1094.624533
11182.72125819,26500.642031,0.7179761, 68.5407,214.4992,147.2595,250.9864,1095.679623
11183.71797703,26500.641976,0.7179265, 68.5434,214.3917,147.2188,255.0982,1096.993355
11185.71133795,26500.641867,0.7178063, 68.5422,214.1812,147.1381,263.2038,1100.177936
11188.70134403,26500.641706,0.7176191, 68.5235,213.8760,147.0101,275.3206,1105.138761
11190.69466278,26500.641600,0.7175242, 68.5053,213.6758,146.9167,283.3928,1107.653738
11191.69132335,26500.641547,0.7174910, 68.4970,213.5751,146.8679,287.4381,1108.533548
11192.68796276,26500.641495,0.7174668, 68.4904,213.4733,146.8184,291.4567,1109.176007
11195.67753341,26500.641338,0.7174154, 68.4873,213.1574,146.6733,303.0127,1110.538126
11198.66722747,26500.641182,0.7172785, 68.5011,212.8318,146.5475,314.7025,1114.166387
11199.66387865,26500.641131,0.7171944, 68.5024,212.7256,146.5095,318.7101,1116.395679
11200.66037294,26500.641080,0.7170967, 68.4988,212.6225,146.4712,322.4880,1118.983491
11204.64652116,26500.640882,0.7168112, 68.4534,212.2282,146.2875,337.9220,1126.549467
11205.64300431,26500.640833,0.7167944, 68.4471,212.1261,146.2362,341.7236,1126.996056
11206.63947864,26500.640784,0.7167864, 68.4458,212.0209,146.1861,345.5121,1127.207131
11208.63243635,26500.640686,0.7167582, 68.4522,211.8052,146.0930,353.0863,1127.953302
11210.62530972,26500.640589,0.7166875, 68.4595,211.5896,146.0078,  0.5138,1129.827876
11211.62186743,26500.640541,0.7166381, 68.4606,211.4836,145.9664,  4.3971,1131.135628
11213.61393313,26500.640445,0.7165274, 68.4559,211.2763,145.8824, 10.6412,1134.071727
11215.60676553,26500.640350,0.7164234, 68.4431,211.0740,145.7936, 18.0048,1136.826192
11221.08645303,26500.640093,0.7163082, 68.4102,210.5154,145.5231, 37.4701,1139.879006
11223.57723681,26500.639977,0.7162832, 68.4184,210.2464,145.4048, 46.3484,1140.541046
11225.07147174,26500.639907,0.7162273, 68.4277,210.0826,145.3409, 51.3164,1142.023609
11225.56960279,26500.639884,0.7161987, 68.4304,210.0283,145.3206, 53.0452,1142.779905
11228.55830836,26500.639748,0.7159518, 68.4283,209.7147,145.2004, 63.2827,1149.322834
11229.05774529,26500.639725,0.7159091, 68.4242,209.6647,145.1787, 66.9026,1150.454267
11229.55590678,26500.639703,0.7158703, 68.4194,209.6153,145.1563, 68.6767,1151.482840
11231.54844217,26500.639615,0.7157737, 68.3993,209.4175,145.0585, 75.6390,1154.044247
11232.54469936,26500.639571,0.7157611, 68.3937,209.3156,145.0068, 79.1170,1154.378847
11234.53830148,26500.639482,0.7157617, 68.3967,209.1024,144.9071, 87.6491,1154.362763
11235.53449089,26500.639438,0.7157531, 68.4031,208.9929,144.8610, 91.0206,1154.589097
11242.00940286,26500.639156,0.7154650, 68.4182,208.3016,144.5849,112.3731,1162.225683
11242.50636984,26500.639135,0.7154422, 68.4160,208.2508,144.5624,112.4185,1162.829619
11243.50235596,26500.639092,0.7154029, 68.4110,208.1495,144.5160,115.4860,1163.870973
11244.99652447,26500.639029,0.7153628, 68.4035,207.9973,144.4438,120.3701,1164.932484
11245.49480100,26500.639008,0.7153547, 68.4014,207.9463,144.4191,122.3196,1165.146806
11246.49092871,26500.638966,0.7153456, 68.3985,207.8433,144.3693,125.6051,1165.388676
11247.48702767,26500.638923,0.7153433, 68.3981,207.7387,144.3195,128.8513,1165.448566
11248.48316848,26500.638881,0.7153432, 68.4005,207.6322,144.2705,132.1583,1165.450924
11249.47920775,26500.638839,0.7153391, 68.4058,207.5238,144.2229,135.3158,1165.561050
11251.47178541,26500.638755,0.7152920, 68.4226,207.3032,144.1345,142.3381,1166.808397
11252.46807803,26500.638713,0.7152396, 68.4313,207.1929,144.0936,145.8443,1168.197989
11253.46319044,26500.638672,0.7151673, 68.4380,207.0842,144.0542,147.6343,1170.112959
11254.45920299,26500.638630,0.7150804, 68.4411,206.9778,144.0148,150.7251,1172.417416
11255.45523679,26500.638590,0.7149883, 68.4402,206.8742,143.9743,153.8473,1174.857826
11256.45186105,26500.638549,0.7149029, 68.4355,206.7729,143.9313,157.8298,1177.121324
11257.44829495,26500.638509,0.7148350, 68.4288,206.6728,143.8854,161.5446,1178.918335
11258.44443169,26500.638469,0.7147911, 68.4225,206.5724,143.8367,164.8381,1180.082549
11259.44061754,26500.638429,0.7147701, 68.4189,206.4701,143.7865,168.2099,1180.638780
11263.42423232,26500.638270,0.7147249, 68.4432,206.0353,143.5991,180.0506,1181.837952
11267.40858030,26500.638114,0.7144949, 68.4689,205.6020,143.4371,192.8696,1187.933197
11268.40199128,26500.638075,0.7144284, 68.4695,205.4982,143.3955,192.1956,1189.695413
11270.39389288,26500.637999,0.7143144, 68.4660,205.2932,143.3075,198.2171,1192.715695
11280.35226711,26500.637625,0.7139490, 68.5110,204.2258,142.8588,226.7668,1202.399187
11282.34423866,26500.637552,0.7137332, 68.5175,204.0151,142.7814,232.8645,1208.117283
11284.33455368,26500.637482,0.7135418, 68.5103,203.8138,142.6958,236.5774,1213.190819
11285.32998829,26500.637447,0.7134781, 68.5055,203.7137,142.6491,238.8471,1214.877600
11286.32558664,26500.637412,0.7134374, 68.5027,203.6122,142.6008,241.3611,1215.957223
11287.81902612,26500.637360,0.7134030, 68.5054,203.4551,142.5285,245.1983,1216.867157
11288.81514593,26500.637325,0.7133818, 68.5121,203.3471,142.4823,248.4692,1217.430978
11289.81045930,26500.637291,0.7133499, 68.5213,203.2375,142.4384,250.5659,1218.276157
11290.30829649,26500.637274,0.7133279, 68.5265,203.1824,142.4174,251.8732,1218.857996
11290.80599260,26500.637257,0.7133015, 68.5316,203.1274,142.3970,252.9743,1219.557200
11291.30385852,26500.637240,0.7132707, 68.5366,203.0724,142.3770,254.3198,1220.372880
11291.80160604,26500.637223,0.7132359, 68.5412,203.0178,142.3573,255.4924,1221.296432
11292.29939024,26500.637206,0.7131975, 68.5454,202.9636,142.3379,256.7168,1222.314683
11294.29046070,26500.637138,0.7130220, 68.5557,202.7513,142.2601,261.5126,1226.965044
11295.28588941,26500.637105,0.7129316, 68.5571,202.6480,142.2200,263.7564,1229.360371
11296.28140568,26500.637073,0.7128464, 68.5563,202.5463,142.1785,266.1296,1231.617190
11296.77916134,26500.637056,0.7128071, 68.5553,202.4958,142.1572,267.3140,1232.660266
11297.27710289,26500.637040,0.7127703, 68.5541,202.4455,142.1354,268.7688,1233.634539
11298.27263694,26500.637008,0.7127055, 68.5513,202.3451,142.0908,271.1759,1235.353377
11300.26358772,26500.636944,0.7126106, 68.5471,202.1433,141.9982,275.8325,1237.866792
11301.25905755,26500.636912,0.7125768, 68.5474,202.0407,141.9512,278.1573,1238.762798
11302.25450637,26500.636880,0.7125465, 68.5500,201.9365,141.9046,280.4526,1239.565359
11303.24994144,26500.636848,0.7125135, 68.5551,201.8305,141.8590,282.7269,1240.439489
11304.24536456,26500.636817,0.7124705, 68.5627,201.7230,141.8152,284.9805,1241.580981
11305.24072384,26500.636786,0.7124100, 68.5719,201.6144,141.7736,287.1360,1243.183219
11306.23612978,26500.636754,0.7123268, 68.5813,201.5059,141.7340,289.3524,1245.387232
11306.73393635,26500.636739,0.7122761, 68.5856,201.4519,141.7149,290.6081,1246.730547
11307.23163593,26500.636724,0.7122198, 68.5892,201.3985,141.6961,291.7074,1248.222898
11308.22701241,26500.636693,0.7120939, 68.5940,201.2934,141.6587,293.8701,1251.560278
11309.22238596,26500.636663,0.7119595, 68.5947,201.1913,141.6204,296.0277,1255.120443
11310.21774240,26500.636633,0.7118306, 68.5914,201.0919,141.5800,298.1640,1258.538093
11311.21306097,26500.636604,0.7117196, 68.5855,200.9943,141.5369,300.2522,1261.477982
11312.20836366,26500.636575,0.7116340, 68.5791,200.8969,141.4912,302.3258,1263.746538
11313.20372226,26500.636546,0.7115735, 68.5743,200.7983,141.4439,304.4874,1265.349528
11314.19905380,26500.636518,0.7115312, 68.5727,200.6974,141.3962,306.6139,1266.473098
11316.18947227,26500.636461,0.7114565, 68.5801,200.4884,141.3046,310.5095,1268.452429
11317.18477123,26500.636433,0.7114044, 68.5873,200.3815,141.2619,312.5801,1269.832325
11317.68255441,26500.636418,0.7113721, 68.5912,200.3279,141.2414,313.8067,1270.687220
11318.18023408,26500.636404,0.7113355, 68.5950,200.2745,141.2213,314.8818,1271.657391
11318.67786914,26500.636390,0.7112947, 68.5985,200.2213,141.2015,315.8908,1272.738599
11319.17556563,26500.636376,0.7112501, 68.6017,200.1684,141.1820,316.9877,1273.920998
11319.67318869,26500.636363,0.7112022, 68.6043,200.1159,141.1627,317.9771,1275.189843
11320.17069051,26500.636349,0.7111518, 68.6064,200.0638,141.1434,318.7902,1276.526914
11321.16595274,26500.636322,0.7110461, 68.6085,199.9612,141.1047,320.7900,1279.327056
11321.66357716,26500.636308,0.7109925, 68.6086,199.9106,141.0850,321.7802,1280.747802
11322.16098510,26500.636294,0.7109394, 68.6081,199.8606,141.0650,322.4571,1282.154754
11323.15623065,26500.636268,0.7108374, 68.6054,199.7616,141.0240,324.4354,1284.857942
11324.64910315,26500.636228,0.7107029, 68.5984,199.6153,140.9596,327.4158,1288.421750
11325.14629035,26500.636215,0.7106644, 68.5957,199.5668,140.9373,327.7784,1289.441285
11326.14226677,26500.636189,0.7105975, 68.5904,199.4696,140.8918,330.8281,1291.215232
11327.13724037,26500.636163,0.7105432, 68.5859,199.3719,140.8453,332.4289,1292.653824
11327.63486861,26500.636150,0.7105200, 68.5841,199.3226,140.8219,333.4354,1293.269033
11328.13234917,26500.636137,0.7104988, 68.5829,199.2730,140.7984,334.2286,1293.831567
11328.62997606,26500.636124,0.7104789, 68.5822,199.2231,140.7750,335.2341,1294.358006
11329.12744785,26500.636111,0.7104597, 68.5820,199.1727,140.7518,336.0151,1294.866805
11330.62023644,26500.636073,0.7103978, 68.5852,199.0190,140.6834,338.8974,1296.507338
11331.61568979,26500.636048,0.7103439, 68.5900,198.9147,140.6398,341.1931,1297.936825
11332.11305506,26500.636035,0.7103104, 68.5929,198.8622,140.6188,341.8156,1298.822573
11332.61087896,26500.636023,0.7102717, 68.5960,198.8096,140.5982,343.1010,1299.850084
11333.10824007,26500.636010,0.7102271, 68.5991,198.7571,140.5781,343.7143,1301.031349
11333.60583719,26500.635998,0.7101764, 68.6019,198.7048,140.5584,344.6681,1302.375016
11334.10336158,26500.635985,0.7101197, 68.6044,198.6528,140.5391,345.5149,1303.877879
11334.60095610,26500.635973,0.7100574, 68.6062,198.6012,140.5200,346.4621,1305.527722
11335.59600829,26500.635948,0.7099203, 68.6073,198.5001,140.4817,348.1558,1309.160733
11336.59105977,26500.635924,0.7097769, 68.6043,198.4020,140.4424,349.8484,1312.962484
11337.08922390,26500.635912,0.7097075, 68.6012,198.3539,140.4220,351.6211,1314.801862
11337.58658512,26500.635901,0.7096423, 68.5973,198.3065,140.4008,352.2320,1316.527760
11338.08415118,26500.635889,0.7095830, 68.5929,198.2595,140.3790,353.1417,1318.101235
11339.07931247,26500.635865,0.7094856, 68.5833,198.1658,140.3332,355.0098,1320.682478
11339.57669921,26500.635854,0.7094481, 68.5789,198.1187,140.3095,355.6661,1321.675619
11340.07427381,26500.635842,0.7094174, 68.5750,198.0711,140.2854,356.5963,1322.488164
11340.57185723,26500.635831,0.7093925, 68.5719,198.0230,140.2612,357.5405,1323.148925
11341.06941197,26500.635819,0.7093718, 68.5697,197.9742,140.2370,358.4440,1323.696501
11341.56699359,26500.635808,0.7093538, 68.5685,197.9247,140.2130,359.3867,1324.174400
11342.06453234,26500.635796,0.7093367, 68.5682,197.8745,140.1894,  0.2670,1324.626552
11342.56230973,26500.635785,0.7093191, 68.5687,197.8237,140.1662,  1.4923,1325.094141
11343.05984833,26500.635774,0.7092995, 68.5699,197.7725,140.1435,  2.3707,1325.611830
11343.55739407,26500.635762,0.7092771, 68.5717,197.7209,140.1214,  3.2581,1326.207423
11344.05495761,26500.635751,0.7092509, 68.5738,197.6691,140.0997,  4.1699,1326.900242
11344.55254192,26500.635740,0.7092207, 68.5761,197.6172,140.0786,  5.1103,1327.701363
11345.05011582,26500.635728,0.7091863, 68.5783,197.5654,140.0579,  6.0341,1328.614150
11345.54771982,26500.635717,0.7091477, 68.5804,197.5138,140.0376,  7.0003,1329.635409
11346.04530261,26500.635706,0.7091054, 68.5822,197.4624,140.0175,  7.9345,1330.756215
11346.54288076,26500.635695,0.7090599, 68.5835,197.4113,139.9975,  8.8611,1331.963406
11347.04047006,26500.635684,0.7090117, 68.5843,197.3607,139.9777,  9.8031,1333.240711
11347.53806801,26500.635673,0.7089615, 68.5845,197.3106,139.9578, 10.7572,1334.569344
11348.03564596,26500.635662,0.7089102, 68.5841,197.2609,139.9378, 11.6820,1335.929321
11348.53323190,26500.635651,0.7088585, 68.5831,197.2116,139.9177, 12.6185,1337.300335
11349.03080986,26500.635640,0.7088071, 68.5815,197.1629,139.8973, 13.5436,1338.662199
11349.52843156,26500.635629,0.7087568, 68.5794,197.1145,139.8765, 14.5326,1339.995780
11350.02601562,26500.635618,0.7087082, 68.5767,197.0666,139.8555, 15.4678,1341.283021
11350.52360380,26500.635608,0.7086620, 68.5736,197.0190,139.8340, 16.4098,1342.508204
11351.02121397,26500.635597,0.7086186, 68.5702,196.9716,139.8122, 17.3846,1343.657956
11352.01644113,26500.635576,0.7085418, 68.5626,196.8774,139.7674, 19.3473,1345.691913
11352.51402961,26500.635565,0.7085089, 68.5587,196.8303,139.7444, 20.2941,1346.564719
11353.01168617,26500.635555,0.7084796, 68.5548,196.7832,139.7211, 21.3406,1347.339801
11353.50927396,26500.635544,0.7084540, 68.5511,196.7360,139.6976, 22.2885,1348.020137
11354.50453039,26500.635523,0.7084122, 68.5446,196.6408,139.6500, 24.3044,1349.127260
11355.00220616,26500.635513,0.7083952, 68.5420,196.5928,139.6261, 25.3823,1349.577421
11355.49979416,26500.635503,0.7083800, 68.5399,196.5443,139.6022, 26.3335,1349.979048
11355.99747497,26500.635492,0.7083660, 68.5383,196.4955,139.5783, 27.4196,1350.350827
11356.49506403,26500.635482,0.7083523, 68.5373,196.4463,139.5547, 28.3727,1350.713172
11357.49034681,26500.635461,0.7083227, 68.5370,196.3465,139.5081, 30.4300,1351.499091
11357.98804210,26500.635451,0.7083050, 68.5377,196.2961,139.4853, 31.5359,1351.969091
11358.48564909,26500.635441,0.7082841, 68.5388,196.2453,139.4629, 32.5130,1352.521010
11358.98334863,26500.635431,0.7082594, 68.5403,196.1943,139.4409, 33.6231,1353.176608
11359.48097408,26500.635420,0.7082300, 68.5420,196.1431,139.4194, 34.6247,1353.954817
11359.97862509,26500.635410,0.7081954, 68.5439,196.0919,139.3983, 35.6621,1354.871281
11360.47551414,26500.635400,0.7081553, 68.5457,196.0408,139.3776, 35.5940,1355.934685
11361.47074500,26500.635380,0.7080578, 68.5484,195.9392,139.3371, 37.5589,1358.518209
11361.96834844,26500.635370,0.7080012, 68.5489,195.8891,139.3171, 38.5223,1360.019465
11362.46596509,26500.635360,0.7079403, 68.5487,195.8395,139.2972, 39.5041,1361.632757
11362.96363838,26500.635350,0.7078765, 68.5477,195.7905,139.2771, 40.5676,1363.324467
11363.46114448,26500.635340,0.7078113, 68.5456,195.7423,139.2567, 41.3889,1365.050680
11363.95880215,26500.635330,0.7077467, 68.5426,195.6948,139.2359, 42.4305,1366.762829
11364.45713200,26500.635321,0.7076846, 68.5386,195.6479,139.2145, 44.4471,1368.409320
11365.45231615,26500.635301,0.7075757, 68.5287,195.5557,139.1697, 46.3477,1371.293696
11366.44785561,26500.635282,0.7074960, 68.5178,195.4639,139.1222, 48.7716,1373.406368
11367.44336076,26500.635263,0.7074475, 68.5085,195.3709,139.0729, 51.1538,1374.692902
11368.43874709,26500.635245,0.7074219, 68.5026,195.2752,139.0233, 53.3686,1375.371499
11369.43423031,26500.635226,0.7074049, 68.5008,195.1766,138.9748, 55.7240,1375.822142
11369.93198467,26500.635216,0.7073950, 68.5012,195.1263,138.9513, 56.9191,1376.082550
11370.42967809,26500.635207,0.7073824, 68.5023,195.0755,138.9284, 58.0246,1376.416983
11370.92745750,26500.635198,0.7073660, 68.5039,195.0244,138.9060, 59.2533,1376.850841
11371.42516027,26500.635188,0.7073454, 68.5057,194.9732,138.8841, 60.3694,1377.398604
11372.41929973,26500.635170,0.7072908, 68.5093,194.8710,138.8417, 60.7628,1378.845017
11372.91704147,26500.635161,0.7072573, 68.5108,194.8201,138.8210, 61.9313,1379.732161
11373.41456398,26500.635151,0.7072204, 68.5120,194.7695,138.8004, 62.7812,1380.709697
11374.40992819,26500.635133,0.7071391, 68.5127,194.6696,138.7594, 64.9414,1382.864688
11374.90759657,26500.635124,0.7070962, 68.5123,194.6203,138.7388, 66.0010,1384.001642
11375.40530181,26500.635115,0.7070528, 68.5113,194.5715,138.7181, 67.1141,1385.151128
11375.90295585,26500.635106,0.7070098, 68.5097,194.5231,138.6971, 68.1531,1386.292288
11376.40075960,26500.635097,0.7069677, 68.5077,194.4750,138.6759, 69.4095,1387.406635
11377.39617267,26500.635079,0.7068893, 68.5021,194.3801,138.6324, 71.6424,1389.484798
11378.39161740,26500.635061,0.7068220, 68.4952,194.2862,138.5875, 73.9247,1391.268312
11379.38710289,26500.635043,0.7067687, 68.4877,194.1927,138.5412, 76.2703,1392.679896
11380.38257214,26500.635026,0.7067305, 68.4804,194.0990,138.4937, 78.5966,1393.692548
11381.37803513,26500.635008,0.7067062, 68.4740,194.0046,138.4454, 80.9178,1394.336257
11381.87576943,26500.635000,0.7066984, 68.4714,193.9569,138.4211, 82.0836,1394.544944
11382.37329189,26500.634991,0.7066926, 68.4693,193.9089,138.3968, 82.9430,1394.698151
11383.36878027,26500.634973,0.7066844, 68.4667,193.8115,138.3485, 85.3052,1394.914377
11384.36424798,26500.634956,0.7066753, 68.4664,193.7124,138.3010, 87.6371,1395.154649
11385.35972476,26500.634938,0.7066585, 68.4682,193.6118,138.2547, 89.9800,1395.601384
11385.85749174,26500.634930,0.7066451, 68.4698,193.5610,138.2322, 91.1917,1395.956762
11386.35508835,26500.634921,0.7066274, 68.4716,193.5101,138.2100, 92.1555,1396.424755
11387.35051193,26500.634904,0.7065773, 68.4757,193.4079,138.1668, 94.4132,1397.753088
11387.84817768,26500.634895,0.7065442, 68.4776,193.3570,138.1457, 95.4736,1398.628739
11388.34585778,26500.634887,0.7065059, 68.4793,193.3062,138.1248, 96.5536,1399.645805
11388.84351810,26500.634878,0.7064625, 68.4806,193.2558,138.1041, 97.6040,1400.795889
11389.34154933,26500.634870,0.7064146, 68.4813,193.2058,138.0835, 99.1909,1402.063981
11390.33705296,26500.634853,0.7063096, 68.4805,193.1075,138.0420,101.5538,1404.845801
11391.33251176,26500.634836,0.7062016, 68.4764,193.0117,137.9994,103.8525,1407.709850
11392.32793518,26500.634819,0.7061040, 68.4694,192.9180,137.9548,106.1042,1410.294706
11392.82565877,26500.634811,0.7060634, 68.4651,192.8717,137.9315,107.2498,1411.371626
11394.31888859,26500.634787,0.7059858, 68.4523,192.7326,137.8586,110.7840,1413.426722
11395.31427507,26500.634771,0.7059691, 68.4466,192.6375,137.8086,113.0034,1413.870791
11395.31440398,26500.634771,0.7059691, 68.4466,192.6375,137.8086,113.1901,1413.870814
11396.31074769,26500.634754,0.7059671, 68.4450,192.5392,137.7592,116.7986,1413.922784
11397.30645249,26500.634738,0.7059638, 68.4473,192.4380,137.7117,119.4792,1414.012054
11398.30196613,26500.634722,0.7059458, 68.4524,192.3349,137.6665,121.8773,1414.486765
11399.29777353,26500.634706,0.7059075, 68.4583,192.2312,137.6235,124.6945,1415.504163
11400.29316018,26500.634690,0.7058497, 68.4636,192.1283,137.5819,126.8964,1417.034020
11401.28886507,26500.634674,0.7057782, 68.4671,192.0268,137.5407,129.5557,1418.929771
11401.78681643,26500.634666,0.7057395, 68.4680,191.9767,137.5201,131.0279,1419.955250
11402.28416998,26500.634658,0.7057001, 68.4684,191.9272,137.4994,131.6338,1420.998532
11402.78197836,26500.634650,0.7056609, 68.4682,191.8781,137.4784,132.8988,1422.038879
11403.27915199,26500.634642,0.7056226, 68.4674,191.8294,137.4572,133.2444,1423.052995
11404.27597350,26500.634626,0.7055515, 68.4646,191.7329,137.4138,137.5222,1424.938411
11404.77382540,26500.634619,0.7055199, 68.4627,191.6852,137.3917,138.8524,1425.775801
11405.27164097,26500.634611,0.7054915, 68.4605,191.6376,137.3692,140.1310,1426.528255
11405.76948762,26500.634603,0.7054666, 68.4581,191.5902,137.3463,141.4555,1427.187834
11406.76490034,26500.634588,0.7054279, 68.4533,191.4955,137.2998,143.7010,1428.212244
11407.26243747,26500.634580,0.7054142, 68.4510,191.4480,137.2761,144.5800,1428.576509
11408.25787939,26500.634565,0.7053968, 68.4472,191.3524,137.2283,146.8733,1429.037517
11408.25807220,26500.634565,0.7053968, 68.4472,191.3523,137.2283,147.1527,1429.037575
11409.25341883,26500.634550,0.7053901, 68.4450,191.2555,137.1802,149.3106,1429.213880
11409.25361000,26500.634550,0.7053901, 68.4450,191.2555,137.1802,149.5876,1429.213894
11411.24560804,26500.634519,0.7053874, 68.4467,191.0568,137.0852,155.7966,1429.284938
11413.23682966,26500.634488,0.7053542, 68.4565,190.8522,136.9947,160.8733,1430.165349
11414.23283827,26500.634473,0.7053113, 68.4630,190.7487,136.9516,163.9820,1431.301787
11415.22857072,26500.634458,0.7052472, 68.4693,190.6456,136.9096,166.6860,1433.000044
11421.20269793,26500.634370,0.7047315, 68.4636,190.0604,136.6478,182.5127,1446.666658
11422.19891604,26500.634356,0.7047039, 68.4600,189.9646,136.5990,185.9347,1447.399464
11424.19013557,26500.634327,0.7046899, 68.4631,189.7649,136.5031,191.0229,1447.770031
11427.17746270,26500.634285,0.7045737, 68.4869,189.4512,136.3740,199.3443,1450.849643
11428.17328763,26500.634271,0.7044925, 68.4939,189.3477,136.3338,202.1779,1453.001991
11430.16692293,26500.634243,0.7043063, 68.5008,189.1466,136.2525,210.7162,1457.934456
11434.14945582,26500.634189,0.7040324, 68.4949,188.7610,136.0765,220.9530,1465.193299
11435.14530040,26500.634176,0.7039998, 68.4933,188.6647,136.0300,223.8271,1466.058040
11435.64317957,26500.634169,0.7039879, 68.4930,188.6161,136.0066,225.2027,1466.373433
11436.14129930,26500.634163,0.7039782, 68.4931,188.5672,135.9832,226.9273,1466.630772
11438.13332952,26500.634136,0.7039465, 68.4983,188.3679,135.8906,233.1773,1467.471724
11439.12920538,26500.634123,0.7039229, 68.5040,188.2658,135.8457,236.0988,1468.097097
11440.12510559,26500.634110,0.7038849, 68.5113,188.1627,135.8021,239.0526,1469.102197
11442.11710547,26500.634084,0.7037481, 68.5272,187.9555,135.7186,245.2364,1472.728046
11445.10514830,26500.634046,0.7034131, 68.5401,187.6540,135.5960,254.5510,1481.606386
11446.10086039,26500.634033,0.7032975, 68.5392,187.5575,135.5533,257.2191,1484.668524
11447.09698287,26500.634021,0.7031974, 68.5365,187.4625,135.5090,260.4859,1487.321854
11448.09304482,26500.634009,0.7031201, 68.5331,187.3679,135.4630,263.6705,1489.371286
11448.59102898,26500.634003,0.7030908, 68.5316,187.3204,135.4395,265.1971,1490.147974
11450.08516102,26500.633984,0.7030336, 68.5304,187.1752,135.3686,270.0432,1491.663776
11451.08123356,26500.633972,0.7030078, 68.5335,187.0753,135.3221,273.2532,1492.347608
11454.06950961,26500.633937,0.7028485, 68.5572,186.7647,135.1939,282.9439,1496.569332
11455.06570358,26500.633925,0.7027489, 68.5653,186.6614,135.1542,286.3104,1499.207333
11457.05814809,26500.633902,0.7025110, 68.5746,186.4608,135.0750,293.1167,1505.510972
11458.05441760,26500.633890,0.7023925, 68.5755,186.3637,135.0340,296.5886,1508.653459
11458.55257875,26500.633885,0.7023370, 68.5752,186.3158,135.0131,298.3637,1510.124152
11463.53417717,26500.633830,0.7019940, 68.5673,185.8407,134.7889,316.1420,1519.212308
11465.02859852,26500.633814,0.7019377, 68.5707,185.6936,134.7209,321.4011,1520.704120
11466.52306675,26500.633798,0.7018676, 68.5782,185.5433,134.6548,326.7253,1522.562209
11467.02123912,26500.633792,0.7018372, 68.5814,185.4927,134.6334,328.5223,1523.369466
11468.01759431,26500.633782,0.7017615, 68.5883,185.3911,134.5914,332.1284,1525.373020
11470.01035031,26500.633761,0.7015455, 68.6009,185.1892,134.5099,339.3949,1531.099605
11472.50128745,26500.633735,0.7011993, 68.6052,184.9464,134.4074,348.4554,1540.271766
11473.99591733,26500.633720,0.7010105, 68.6005,184.8065,134.3420,353.9958,1545.275574
11475.98877401,26500.633701,0.7008385, 68.5922,184.6213,134.2501,  1.4248,1549.833080
11477.48347352,26500.633687,0.7007631, 68.5903,184.4787,134.1802,  7.0891,1551.832007
11478.47988790,26500.633677,0.7007200, 68.5925,184.3809,134.1346, 10.7904,1552.974648
11478.97844840,26500.633672,0.7006957, 68.5946,184.3311,134.1125, 13.1521,1553.618133
11481.46926093,26500.633649,0.7005013, 68.6103,184.0790,134.0079, 22.0595,1558.771397
11481.96751949,26500.633644,0.7004452, 68.6133,184.0288,133.9880, 23.9763,1560.257828
11494.92299751,26500.633532,0.6993112, 68.6083,182.7985,133.4235, 74.9799,1590.307728
11521.83902944,26500.633336,0.6970207, 68.5705,180.2842,132.2379,193.2974,1651.007581
11523.83294834,26500.633323,0.6968499, 68.5751,180.0932,132.1529,202.2627,1655.535220
11524.83004297,26500.633317,0.6967370, 68.5758,179.9991,132.1108,206.9371,1658.526843
11525.32850434,26500.633313,0.6966758, 68.5753,179.9527,132.0897,209.1493,1660.147664
11525.82693355,26500.633310,0.6966130, 68.5744,179.9068,132.0683,211.3148,1661.812112
11526.82397068,26500.633304,0.6964881, 68.5705,179.8165,132.0248,215.9057,1665.123149
11527.82077612,26500.633298,0.6963743, 68.5644,179.7280,131.9799,220.1637,1668.139551
11527.82098555,26500.633298,0.6963742, 68.5644,179.7280,131.9799,220.4672,1668.140132
11528.81804484,26500.633292,0.6962823, 68.5570,179.6404,131.9336,225.0976,1670.575271
11530.81136768,26500.633280,0.6961795, 68.5436,179.4638,131.8384,233.2204,1673.301206
11531.80833956,26500.633274,0.6961568, 68.5403,179.3725,131.7911,237.7359,1673.902212
11532.80531604,26500.633268,0.6961363, 68.5398,179.2789,131.7451,242.2575,1674.445881
11533.30402435,26500.633265,0.6961226, 68.5405,179.2314,131.7226,244.8362,1674.808263
11534.30127331,26500.633259,0.6960823, 68.5431,179.1353,131.6788,249.7475,1675.877147
11534.79983224,26500.633256,0.6960543, 68.5447,179.0871,131.6575,252.1065,1676.619680
11537.79139525,26500.633238,0.6957895, 68.5501,178.8022,131.5325,266.5446,1683.637197
11538.78847293,26500.633233,0.6956843, 68.5483,178.7106,131.4903,271.1949,1686.423341
11539.78560232,26500.633227,0.6955847, 68.5445,178.6206,131.4472,275.9212,1689.063641
11541.77973574,26500.633216,0.6954285, 68.5331,178.4442,131.3576,285.2008,1693.201618
11542.77600702,26500.633210,0.6953788, 68.5269,178.3565,131.3115,288.6933,1694.520459
11543.77321302,26500.633205,0.6953470, 68.5213,178.2681,131.2649,293.5433,1695.363334
11544.77048478,26500.633199,0.6953288, 68.5172,178.1784,131.2182,298.4910,1695.845607
11545.76773194,26500.633194,0.6953177, 68.5147,178.0874,131.1718,303.4042,1696.138603
11547.26358531,26500.633185,0.6952982, 68.5145,177.9479,131.1035,310.7481,1696.654351
11547.76216253,26500.633183,0.6952874, 68.5152,177.9008,131.0812,313.1366,1696.940983
11548.75947396,26500.633177,0.6952550, 68.5173,177.8060,131.0372,318.1390,1697.800807
11549.75673671,26500.633172,0.6952050, 68.5201,177.7107,130.9939,323.0682,1699.126051
11552.74823646,26500.633155,0.6949516, 68.5237,177.4292,130.8656,337.4228,1705.840352
11553.74465293,26500.633150,0.6948494, 68.5214,177.3384,130.8220,341.1193,1708.549415
11554.74197560,26500.633145,0.6947536, 68.5170,177.2492,130.7771,346.1309,1711.087212
11554.74204811,26500.633145,0.6947536, 68.5170,177.2492,130.7771,346.2360,1711.087383
11555.73923515,26500.633140,0.6946752, 68.5110,177.1612,130.7310,351.0548,1713.166207
11556.73667014,26500.633135,0.6946217, 68.5046,177.0734,130.6838,356.2377,1714.583177
11557.73393645,26500.633130,0.6945944, 68.4993,176.9846,130.6360,  1.1807,1715.306385
11558.73126016,26500.633124,0.6945863, 68.4962,176.8938,130.5886,  6.2097,1715.520429
11559.72863008,26500.633119,0.6945841, 68.4960,176.8004,130.5422, 11.3059,1715.580631
11560.72584075,26500.633114,0.6945727, 68.4986,176.7049,130.4974, 16.1689,1715.880555
11561.72200325,26500.633109,0.6945416, 68.5027,176.6083,130.4542, 19.5089,1716.705562
11563.71685790,26500.633099,0.6944117, 68.5108,176.4156,130.3705, 29.8409,1720.149213
11566.20972282,26500.633087,0.6941867, 68.5118,176.1834,130.2652, 41.7249,1726.110859
11566.70849652,26500.633084,0.6941443, 68.5105,176.1382,130.2435, 44.3930,1727.235748
11567.70582976,26500.633079,0.6940692, 68.5070,176.0488,130.1994, 49.4206,1729.224098
11568.70317925,26500.633074,0.6940110, 68.5027,175.9601,130.1544, 54.4747,1730.768346
11569.70054465,26500.633070,0.6939713, 68.4982,175.8715,130.1086, 59.5550,1731.819481
11570.69794236,26500.633065,0.6939491, 68.4944,175.7823,130.0624, 64.6851,1732.408655
11571.69536779,26500.633060,0.6939403, 68.4918,175.6921,130.0162, 69.8575,1732.640558
11572.69280358,26500.633055,0.6939390, 68.4908,175.6005,129.9703, 75.0461,1732.675895
11573.69020986,26500.633051,0.6939379, 68.4915,175.5074,129.9249, 80.1919,1732.704541
11574.68770491,26500.633046,0.6939299, 68.4939,175.4129,129.8804, 85.4651,1732.917540
11575.68527276,26500.633041,0.6939088, 68.4975,175.3175,129.8366, 90.8416,1733.476293
11577.67961499,26500.633031,0.6938140, 68.5057,175.1260,129.7508,100.4371,1735.988042
11578.67739340,26500.633027,0.6937404, 68.5089,175.0310,129.7082,106.1111,1737.938069
11579.67499030,26500.633022,0.6936544, 68.5108,174.9373,129.6654,111.5206,1740.217624
11580.67255638,26500.633017,0.6935629, 68.5108,174.8451,129.6219,116.8854,1742.641201
11581.67009440,26500.633013,0.6934750, 68.5089,174.7545,129.5776,122.2108,1744.971226
11582.66764420,26500.633008,0.6933999, 68.5055,174.6650,129.5321,127.5561,1746.962665
11583.66515976,26500.633004,0.6933453, 68.5015,174.5760,129.4857,132.8557,1748.409937
11584.66140601,26500.632999,0.6933144, 68.4979,174.4865,129.4388,136.3204,1749.227824
11585.65902760,26500.632995,0.6933036, 68.4960,174.3954,129.3918,141.7810,1749.512658
11586.65659154,26500.632990,0.6933024, 68.4967,174.3019,129.3457,147.1592,1749.545448
11587.65417904,26500.632986,0.6932959, 68.5003,174.2061,129.3010,152.5700,1749.718723
11588.65178900,26500.632981,0.6932705, 68.5059,174.1086,129.2577,158.0097,1750.389629
11589.64942472,26500.632977,0.6932194, 68.5122,174.0107,129.2158,163.4820,1751.744755
11590.64701305,26500.632973,0.6931437, 68.5180,173.9136,129.1744,168.8813,1753.751362
11591.64392070,26500.632968,0.6930511, 68.5221,173.8181,129.1331,173.2913,1756.204134
11594.63709004,26500.632955,0.6927743, 68.5227,173.5423,129.0046,190.0656,1763.541308
11595.63474495,26500.632951,0.6927084, 68.5203,173.4528,128.9600,195.5622,1765.288038
11596.63242543,26500.632947,0.6926611, 68.5176,173.3634,128.9147,201.0989,1766.540623
11597.62845535,26500.632943,0.6926312, 68.5155,173.2737,128.8692,204.2466,1767.333244
11598.62632762,26500.632938,0.6926146, 68.5145,173.1828,128.8236,210.0657,1767.773671
11599.62434532,26500.632934,0.6926054, 68.5149,173.0907,128.7784,216.0966,1768.016232
11600.62221891,26500.632930,0.6925968, 68.5170,172.9972,128.7336,221.9186,1768.245679
11601.61987412,26500.632926,0.6925815, 68.5207,172.9024,128.6895,227.4232,1768.649758
11602.61766885,26500.632922,0.6925535, 68.5254,172.8067,128.6462,233.1280,1769.390764
11603.61532790,26500.632918,0.6925087, 68.5308,172.7106,128.6034,238.6337,1770.578380
11604.61307886,26500.632913,0.6924455, 68.5361,172.6146,128.5609,244.2700,1772.252599
11605.61078421,26500.632909,0.6923655, 68.5407,172.5193,128.5186,249.8380,1774.374100
11605.61084977,26500.632909,0.6923655, 68.5407,172.5193,128.5186,249.9330,1774.374252
11606.60729912,26500.632905,0.6922731, 68.5440,172.4252,128.4759,253.6797,1776.823354
11607.60528011,26500.632901,0.6921748, 68.5456,172.3325,128.4327,259.6454,1779.428658
11608.60336950,26500.632897,0.6920788, 68.5454,172.2412,128.3886,265.7690,1781.971662
11609.60125488,26500.632893,0.6919935, 68.5439,172.1510,128.3437,271.5993,1784.233071
11610.59907349,26500.632889,0.6919255, 68.5415,172.0614,128.2979,277.3359,1786.034674
11611.59690084,26500.632886,0.6918782, 68.5392,171.9716,128.2517,283.0886,1787.287799
11612.59474508,26500.632882,0.6918499, 68.5381,171.8806,128.2054,288.8689,1788.037363
11613.59258550,26500.632878,0.6918330, 68.5391,171.7878,128.1597,294.6452,1788.485830
11614.58909025,26500.632874,0.6918150, 68.5426,171.6929,128.1152,298.4858,1788.962074
11615.58695772,26500.632870,0.6917822, 68.5483,171.5962,128.0718,304.2983,1789.831111
11616.08587998,26500.632868,0.6917568, 68.5517,171.5474,128.0507,307.1864,1790.503677
11616.58480485,26500.632866,0.6917245, 68.5552,171.4985,128.0297,310.0772,1791.360087
11617.58268631,26500.632863,0.6916394, 68.5620,171.4012,127.9883,315.9014,1793.616334
11618.58059264,26500.632859,0.6915322, 68.5674,171.3054,127.9470,321.7582,1796.455600
11619.57850471,26500.632855,0.6914140, 68.5708,171.2115,127.9052,327.6215,1799.590494
11620.57651686,26500.632851,0.6912967, 68.5719,171.1197,127.8625,333.6300,1802.698052
11621.57364951,26500.632848,0.6911908, 68.5712,171.0296,127.8188,338.3658,1805.504320
11622.57176903,26500.632844,0.6911025, 68.5694,170.9404,127.7743,344.5339,1807.843165
11623.56973351,26500.632841,0.6910343, 68.5672,170.8516,127.7292,350.4803,1809.650512
11624.56767284,26500.632837,0.6909847, 68.5654,170.7624,127.6838,356.3927,1810.965278
11625.56561495,26500.632833,0.6909494, 68.5646,170.6723,127.6385,  2.3110,1811.901572
11627.56153103,26500.632826,0.6908961, 68.5673,170.4885,127.5490, 14.1958,1813.313254
11628.55945591,26500.632823,0.6908642, 68.5708,170.3947,127.5051, 20.0892,1814.160294
11629.55737550,26500.632819,0.6908203, 68.5754,170.3002,127.4618, 25.9732,1815.322341
11630.55540619,26500.632816,0.6907603, 68.5805,170.2052,127.4190, 32.0159,1816.911989
11631.55344446,26500.632813,0.6906825, 68.5856,170.1103,127.3764, 38.0672,1818.973256
11632.55145567,26500.632809,0.6905883, 68.5900,170.0162,127.3338, 44.0773,1821.471966
11633.04859616,26500.632807,0.6905363, 68.5917,169.9697,127.3125, 44.3794,1822.848286
11633.54944722,26500.632806,0.6904817, 68.5931,169.9231,127.2909, 50.0576,1824.296923
11633.54947759,26500.632806,0.6904817, 68.5931,169.9231,127.2909, 50.1016,1824.297012
11634.54617071,26500.632802,0.6903695, 68.5946,169.8316,127.2474, 54.2002,1827.268050
11635.54412772,26500.632799,0.6902596, 68.5944,169.7413,127.2032, 60.1309,1830.181958
11636.54223478,26500.632796,0.6901598, 68.5929,169.6522,127.1582, 66.2809,1832.827517
11637.54026488,26500.632793,0.6900763, 68.5905,169.5636,127.1125, 72.3220,1835.040065
11639.53632200,26500.632786,0.6899658, 68.5865,169.3854,127.0205, 84.4085,1837.968649
11640.53437141,26500.632783,0.6899313, 68.5865,169.2944,126.9749, 90.4849,1838.881656
11641.53245298,26500.632780,0.6898985, 68.5887,169.2016,126.9302, 96.6079,1839.750293
11643.52858522,26500.632773,0.6897916, 68.5983,169.0115,126.8440,108.8027,1842.583245
11644.52666875,26500.632770,0.6897016, 68.6042,168.9160,126.8020,114.9200,1844.968296
11645.52478032,26500.632767,0.6895872, 68.6091,168.8215,126.7603,121.0746,1848.001047
11646.52291411,26500.632764,0.6894567, 68.6122,168.7287,126.7181,127.2591,1851.458945
11647.52101437,26500.632761,0.6893223, 68.6131,168.6381,126.6750,133.3947,1855.020070
11653.51001775,26500.632744,0.6888435, 68.6000,168.1110,126.4040,170.8339,1867.708927
11654.50820718,26500.632741,0.6888064, 68.6006,168.0207,126.3593,177.1109,1868.693027
11655.50639473,26500.632738,0.6887647, 68.6026,167.9292,126.3151,183.3844,1869.797323
11656.50458130,26500.632735,0.6887125, 68.6057,167.8370,126.2714,189.6549,1871.181193
11657.50277616,26500.632732,0.6886455, 68.6093,167.7443,126.2282,195.9354,1872.957250
11658.50096218,26500.632730,0.6885618, 68.6128,167.6518,126.1851,202.2010,1875.174845
11658.50099180,26500.632730,0.6885618, 68.6128,167.6518,126.1851,202.2439,1875.174917
11659.49915761,26500.632727,0.6884624, 68.6157,167.5599,126.1420,208.4784,1877.808005
11660.49737934,26500.632724,0.6883512, 68.6175,167.4690,126.0985,214.7928,1880.754882
11661.49558535,26500.632721,0.6882344, 68.6177,167.3795,126.0544,221.0840,1883.849566
11662.49385285,26500.632719,0.6881199, 68.6163,167.2913,126.0096,227.4651,1886.884759
11663.49216570,26500.632716,0.6880155, 68.6135,167.2042,125.9641,233.9138,1889.650987
11664.49047516,26500.632714,0.6879275, 68.6099,167.1177,125.9180,240.3600,1891.983295
11666.48713614,26500.632708,0.6878080, 68.6031,166.9437,125.8255,253.3212,1895.149544
11668.48327249,26500.632703,0.6877342, 68.6018,166.7648,125.7348,265.5278,1897.107113
11671.47825032,26500.632696,0.6875502, 68.6109,166.4874,125.6052,284.9470,1901.981241
11672.47656666,26500.632693,0.6874455, 68.6143,166.3951,125.5627,291.4004,1904.755809
11673.47490717,26500.632691,0.6873233, 68.6162,166.3043,125.5200,297.8867,1907.994510
11674.47322259,26500.632688,0.6871934, 68.6161,166.2154,125.4765,304.3359,1911.438054
11675.47153227,26500.632686,0.6870673, 68.6140,166.1283,125.4321,310.7776,1914.779553
11676.46985618,26500.632684,0.6869554, 68.6103,166.0427,125.3868,317.2419,1917.743890
11677.46871593,26500.632681,0.6868644, 68.6056,165.9579,125.3409,324.4854,1920.157169
11678.46716160,26500.632679,0.6867958, 68.6009,165.8730,125.2947,331.1318,1921.975234
11679.46565657,26500.632677,0.6867464, 68.5970,165.7875,125.2486,337.8518,1923.282932
11682.46107655,26500.632670,0.6866440, 68.5935,165.5238,125.1131,357.9216,1925.996017
11684.45794670,26500.632665,0.6865441, 68.5968,165.3434,125.0254, 11.1854,1928.644728
11685.45638674,26500.632663,0.6864722, 68.5988,165.2530,124.9819, 17.8216,1930.551188
11687.45326442,26500.632658,0.6862875, 68.6009,165.0741,124.8943, 31.0863,1935.444637
11689.45035492,26500.632654,0.6860812, 68.5976,164.8998,124.8046, 44.6582,1940.912478
11690.44863446,26500.632652,0.6859881, 68.5938,164.8143,124.7587, 51.0612,1943.379488
11691.44714664,26500.632650,0.6859109, 68.5892,164.7294,124.7124, 57.8037,1945.424740
11692.44551477,26500.632648,0.6858532, 68.5844,164.6445,124.6658, 64.3400,1946.953882
11693.44399333,26500.632646,0.6858142, 68.5803,164.5588,124.6194, 71.0388,1947.988499
11694.44346043,26500.632644,0.6857883, 68.5775,164.4718,124.5736, 79.1713,1948.674116
11695.44184297,26500.632641,0.6857667, 68.5765,164.3832,124.5286, 85.7326,1949.246056
11696.44071733,26500.632639,0.6857392, 68.5772,164.2932,124.4845, 93.0055,1949.974262
11697.43925284,26500.632637,0.6856971, 68.5792,164.2023,124.4412, 99.7853,1951.090334
11698.43773490,26500.632635,0.6856351, 68.5818,164.1111,124.3984,106.4850,1952.733259
11699.43632039,26500.632633,0.6855527, 68.5841,164.0204,124.3557,113.3320,1954.918615
11700.43491274,26500.632631,0.6854538, 68.5852,163.9309,124.3126,120.1871,1957.537771
11701.43353993,26500.632629,0.6853464, 68.5848,163.8430,124.2689,127.0918,1960.384755
11702.43219026,26500.632627,0.6852401, 68.5825,163.7567,124.2244,134.0305,1963.201306
11702.93152881,26500.632626,0.6851905, 68.5807,163.7141,124.2018,137.5198,1964.516669
11702.93203986,26500.632626,0.6851904, 68.5807,163.7141,124.2018,138.2602,1964.517968
11703.43136087,26500.632625,0.6851446, 68.5786,163.6718,124.1791,141.7247,1965.731757
11703.93068481,26500.632624,0.6851034, 68.5763,163.6298,124.1562,145.1939,1966.825362
11704.42996504,26500.632623,0.6850672, 68.5737,163.5878,124.1332,148.6006,1967.783273
11705.42857185,26500.632621,0.6850110, 68.5686,163.5040,124.0871,155.4830,1969.271603
11706.42746198,26500.632619,0.6849749, 68.5641,163.4196,124.0410,162.7782,1970.230613
11707.42618091,26500.632617,0.6849534, 68.5607,163.3342,123.9953,169.8270,1970.799946
11708.42467107,26500.632616,0.6849390, 68.5588,163.2475,123.9502,176.5448,1971.181262
11709.42332335,26500.632614,0.6849237, 68.5585,163.1596,123.9056,183.4971,1971.586707
11710.42199449,26500.632612,0.6849007, 68.5593,163.0706,123.8617,190.4754,1972.196632
11711.42072808,26500.632610,0.6848653, 68.5609,162.9811,123.8180,197.5425,1973.133860
11712.41946283,26500.632608,0.6848155, 68.5626,162.8916,123.7745,204.6095,1974.453251
11713.41818720,26500.632606,0.6847518, 68.5640,162.8024,123.7309,211.6599,1976.143042
11714.41691986,26500.632604,0.6846769, 68.5646,162.7139,123.6869,218.7212,1978.126825
11715.41565773,26500.632602,0.6845958, 68.5640,162.6265,123.6425,225.7896,1980.275875
11716.41538538,26500.632600,0.6845149, 68.5620,162.5401,123.5974,234.2927,1982.419726
11721.40961494,26500.632591,0.6843079, 68.5439,162.1130,123.3676,270.4490,1987.905478
11722.40850377,26500.632590,0.6843039, 68.5431,162.0247,123.3229,277.7470,1988.010663
11723.40740437,26500.632588,0.6842949, 68.5441,161.9350,123.2791,285.0611,1988.250959
11723.90685656,26500.632587,0.6842854, 68.5451,161.8896,123.2576,288.7202,1988.501065
11724.90577307,26500.632585,0.6842527, 68.5479,161.7986,123.2148,296.0541,1989.369452
11728.40194348,26500.632579,0.6840011, 68.5545,161.4846,123.0645,321.6517,1996.035333
11729.90037631,26500.632576,0.6838751, 68.5522,161.3551,122.9978,332.7278,1999.375322
11730.39984297,26500.632575,0.6838382, 68.5507,161.3125,122.9752,336.4046,2000.353903
11731.39883997,26500.632574,0.6837765, 68.5471,161.2279,122.9298,343.8522,2001.986488
11731.89832287,26500.632573,0.6837527, 68.5451,161.1857,122.9070,347.5542,2002.617927
11733.39682222,26500.632570,0.6837094, 68.5397,161.0587,122.8387,358.7370,2003.766309
11734.39577400,26500.632569,0.6836996, 68.5372,160.9730,122.7935,  6.1251,2004.026957
11734.89530844,26500.632568,0.6836981, 68.5365,160.9297,122.7712,  9.9042,2004.066441
11735.39465723,26500.632567,0.6836976, 68.5361,160.8861,122.7489, 13.4144,2004.079090
11736.39367940,26500.632565,0.6836958, 68.5365,160.7980,122.7049, 20.9048,2004.125587
11736.89317451,26500.632564,0.6836928, 68.5372,160.7535,122.6831, 24.6265,2004.206884
11739.39054211,26500.632560,0.6836325, 68.5436,160.5291,122.5750, 43.0726,2005.804702
11741.38847357,26500.632557,0.6835247, 68.5482,160.3503,122.4881, 57.8767,2008.661691
11742.38745180,26500.632555,0.6834586, 68.5490,160.2621,122.4439, 65.2957,2010.413305
11742.88687723,26500.632554,0.6834248, 68.5490,160.2184,122.4217, 68.9130,2011.308379
11743.38644129,26500.632554,0.6833915, 68.5487,160.1749,122.3993, 72.7313,2012.189257
11744.38542154,26500.632552,0.6833298, 68.5473,160.0886,122.3541, 80.1545,2013.825253
11745.38441878,26500.632550,0.6832792, 68.5450,160.0028,122.3085, 87.6040,2015.167849
11746.38338778,26500.632549,0.6832438, 68.5423,159.9171,122.2628, 95.0147,2016.105270
11747.38236982,26500.632547,0.6832249, 68.5399,159.8309,122.2172,102.4465,2016.605832
11748.38136722,26500.632545,0.6832197, 68.5385,159.7437,122.1721,109.9022,2016.744237
11750.37933735,26500.632542,0.6832185, 68.5408,159.5647,122.0844,124.7788,2016.775442
11751.37832084,26500.632541,0.6832023, 68.5444,159.4733,122.0417,132.2128,2017.204532
11751.87771953,26500.632540,0.6831867, 68.5466,159.4274,122.0206,135.7941,2017.616692
11752.37731394,26500.632539,0.6831657, 68.5489,159.3815,121.9994,139.6583,2018.175419
11753.37627842,26500.632537,0.6831075, 68.5533,159.2900,121.9571,147.0599,2019.715602
11754.37526865,26500.632536,0.6830323, 68.5568,159.1995,121.9142,154.4967,2021.708857
11755.37422689,26500.632534,0.6829481, 68.5589,159.1105,121.8707,161.8861,2023.940170
11755.87371776,26500.632534,0.6829056, 68.5593,159.0666,121.8487,165.5979,2025.067885
11756.37316901,26500.632533,0.6828642, 68.5593,159.0230,121.8265,169.2523,2026.163797
11757.37214082,26500.632531,0.6827889, 68.5584,158.9367,121.7816,176.6625,2028.159908
11758.37105648,26500.632530,0.6827281, 68.5565,158.8512,121.7365,183.9930,2029.769787
11759.37003103,26500.632528,0.6826848, 68.5543,158.7659,121.6912,191.4107,2030.919787
11760.86847034,26500.632526,0.6826502, 68.5518,158.6372,121.6237,202.5078,2031.834887
11761.36794228,26500.632525,0.6826449, 68.5515,158.5939,121.6015,206.1961,2031.975651
11762.36697128,26500.632524,0.6826390, 68.5517,158.5064,121.5573,213.6964,2032.132076
11764.36469930,26500.632521,0.6826221, 68.5562,158.3284,121.4704,228.2176,2032.580843
11765.36361631,26500.632519,0.6825994, 68.5599,158.2383,121.4274,235.5530,2033.182331
11765.86307090,26500.632518,0.6825829, 68.5619,158.1932,121.4059,239.2145,2033.618695
11766.36252628,26500.632518,0.6825629, 68.5639,158.1480,121.3844,242.8767,2034.149273
11767.36142867,26500.632516,0.6825128, 68.5678,158.0580,121.3411,250.1878,2035.477798
11767.86086640,26500.632515,0.6824832, 68.5695,158.0132,121.3194,253.8234,2036.259903
11768.36031434,26500.632515,0.6824514, 68.5710,157.9685,121.2975,257.4735,2037.103289
11769.35920069,26500.632513,0.6823833, 68.5733,157.8799,121.2534,264.7597,2038.908878
11770.35807779,26500.632512,0.6823137, 68.5745,157.7921,121.2088,272.0324,2040.752803
11771.35694010,26500.632510,0.6822483, 68.5745,157.7052,121.1637,279.2845,2042.486469
11772.85523820,26500.632508,0.6821685, 68.5732,157.5757,121.0955,290.1718,2044.599709
11772.85539245,26500.632508,0.6821685, 68.5732,157.5757,121.0955,290.3953,2044.599887
11773.85406871,26500.632506,0.6821321, 68.5720,157.4893,121.0501,297.3816,2045.564404
11775.85176977,26500.632504,0.6820966, 68.5713,157.3145,120.9603,311.8639,2046.505789
11776.85059927,26500.632502,0.6820870, 68.5730,157.2252,120.9164,319.0758,2046.760888
11777.84942218,26500.632501,0.6820710, 68.5763,157.1346,120.8733,326.2775,2047.185320
11778.34883398,26500.632500,0.6820575, 68.5785,157.0889,120.8519,329.8783,2047.541526
11782.84339913,26500.632494,0.6817185, 68.5978,156.6816,120.6572,  2.0591,2056.526225
11783.84217348,26500.632492,0.6816230, 68.5984,156.5947,120.6120,  9.1825,2059.056476
11785.34030398,26500.632490,0.6815039, 68.5971,156.4663,120.5434, 19.8249,2062.212570
11786.83848789,26500.632488,0.6814239, 68.5948,156.3385,120.4749, 30.5484,2064.332642
11787.83713550,26500.632487,0.6813903, 68.5938,156.2528,120.4298, 37.4938,2065.224253
11788.83586101,26500.632486,0.6813669, 68.5939,156.1662,120.3851, 44.5529,2065.844970
11789.33522555,26500.632485,0.6813570, 68.5944,156.1226,120.3630, 48.0851,2066.105030
11789.83458390,26500.632484,0.6813474, 68.5951,156.0787,120.3410, 51.6083,2066.360779
11791.33263437,26500.632482,0.6813118, 68.5992,155.9458,120.2756, 62.1411,2067.304287
11791.83197723,26500.632482,0.6812955, 68.6009,155.9012,120.2539, 65.6409,2067.734746
11793.32998564,26500.632480,0.6812283, 68.6069,155.7670,120.1887, 76.1088,2069.516812
11795.32729002,26500.632477,0.6810960, 68.6141,155.5892,120.1008, 90.0034,2073.022035
11795.82661516,26500.632476,0.6810576, 68.6153,155.5452,120.0785, 93.4752,2074.041269
11796.82524704,26500.632475,0.6809783, 68.6172,155.4578,120.0335,100.3918,2076.141088
11797.82386518,26500.632474,0.6809005, 68.6179,155.3712,119.9880,107.2889,2078.203966
11798.82247272,26500.632473,0.6808291, 68.6176,155.2853,119.9422,114.1714,2080.095704
11799.82107035,26500.632471,0.6807681, 68.6167,155.1997,119.8963,121.0408,2081.713299
11800.81965965,26500.632470,0.6807196, 68.6155,155.1141,119.8505,127.8995,2082.998542
11801.81823863,26500.632469,0.6806834, 68.6146,155.0280,119.8050,134.7447,2083.957470
11802.81681836,26500.632468,0.6806566, 68.6143,154.9412,119.7600,141.5922,2084.667786
11803.81540515,26500.632466,0.6806336, 68.6153,154.8532,119.7157,148.4504,2085.275274
11804.81394578,26500.632465,0.6806070, 68.6176,154.7642,119.6721,155.2415,2085.981598
11805.81247470,26500.632464,0.6805683, 68.6212,154.6742,119.6289,162.0148,2087.006830
11807.31024058,26500.632462,0.6804740, 68.6280,154.5387,119.5641,172.1318,2089.507077
11807.80953032,26500.632461,0.6804318, 68.6302,154.4938,119.5423,175.5531,2090.625484
11809.30725715,26500.632460,0.6802805, 68.6353,154.3608,119.4755,185.6088,2094.635239
11810.80497539,26500.632458,0.6801172, 68.6367,154.2313,119.4065,195.6514,2098.961857
11811.80344644,26500.632457,0.6800192, 68.6356,154.1466,119.3597,202.3363,2101.558620
11813.80043239,26500.632454,0.6798766, 68.6311,153.9788,119.2663,215.7747,2105.338202
11815.79718898,26500.632452,0.6797984, 68.6283,153.8093,119.1749,228.8856,2107.409195
11816.79559539,26500.632451,0.6797700, 68.6285,153.7233,119.1302,235.4821,2108.162126
11817.79402092,26500.632450,0.6797400, 68.6299,153.6365,119.0860,242.1058,2108.957112
11818.79240457,26500.632449,0.6797032, 68.6321,153.5491,119.0419,248.6677,2109.932916
11819.29160548,26500.632448,0.6796810, 68.6335,153.5052,119.0200,251.9613,2110.519784
11819.79079194,26500.632448,0.6796561, 68.6349,153.4614,118.9979,255.2337,2111.181355
11820.28997812,26500.632447,0.6796282, 68.6363,153.4175,118.9759,258.5053,2111.920000
11820.78915970,26500.632446,0.6795975, 68.6377,153.3737,118.9537,261.7700,2112.734270
11821.78750356,26500.632445,0.6795283, 68.6402,153.2865,118.9091,268.2705,2114.566767
11822.78586214,26500.632444,0.6794516, 68.6419,153.1999,118.8639,274.7917,2116.601319
11823.78418021,26500.632443,0.6793715, 68.6427,153.1141,118.8182,281.2540,2118.722514
11825.78079325,26500.632441,0.6792215, 68.6411,152.9446,118.7257,294.1464,2122.697734
11826.77907936,26500.632440,0.6791601, 68.6392,152.8605,118.6792,300.5645,2124.324156
11827.77736809,26500.632439,0.6791110, 68.6370,152.7763,118.6330,306.9877,2125.626720
11828.77564759,26500.632438,0.6790737, 68.6350,152.6917,118.5872,313.3987,2126.615418
11829.77393600,26500.632437,0.6790455, 68.6336,152.6064,118.5419,319.8235,2127.363378
11831.77045151,26500.632435,0.6789953, 68.6340,152.4330,118.4535,332.5853,2128.693525
11832.76867213,26500.632434,0.6789601, 68.6359,152.3450,118.4100,338.9118,2129.626322
11832.76873497,26500.632434,0.6789601, 68.6359,152.3450,118.4100,339.0028,2129.626391
11833.76684001,26500.632433,0.6789100, 68.6386,152.2566,118.3666,345.1607,2130.954310
11835.76322087,26500.632430,0.6787557, 68.6442,152.0808,118.2784,357.7199,2135.041167
11839.75588287,26500.632426,0.6783779, 68.6407,151.7433,118.0915, 22.6925,2145.055254
11840.75401138,26500.632425,0.6783157, 68.6372,151.6608,118.0443, 28.8856,2146.701866
11842.75024852,26500.632424,0.6782421, 68.6316,151.4945,117.9519, 41.2465,2148.654091
11843.74839216,26500.632423,0.6782189, 68.6304,151.4100,117.9069, 47.4638,2149.268666
11844.74649877,26500.632422,0.6781955, 68.6305,151.3246,117.8625, 53.6269,2149.888961
11845.74458103,26500.632421,0.6781663, 68.6315,151.2387,117.8184, 59.7535,2150.662237
11846.74271429,26500.632420,0.6781279, 68.6330,151.1524,117.7742, 65.9528,2151.678746
11847.74075681,26500.632419,0.6780793, 68.6347,151.0663,117.7299, 72.0193,2152.967736
11848.73879833,26500.632418,0.6780213, 68.6361,150.9804,117.6852, 78.0834,2154.503208
11849.73683121,26500.632417,0.6779568, 68.6368,150.8952,117.6399, 84.1343,2156.213361
11850.73484850,26500.632416,0.6778896, 68.6366,150.8106,117.5942, 90.1623,2157.993560
11851.73286192,26500.632415,0.6778244, 68.6354,150.7267,117.5480, 96.1850,2159.722555
11852.73086115,26500.632414,0.6777655, 68.6334,150.6433,117.5016,102.1879,2161.281944
11854.72683376,26500.632412,0.6776796, 68.6278,150.4770,117.4092,114.1592,2163.560570
11855.72480428,26500.632411,0.6776540, 68.6250,150.3933,117.3636,120.1238,2164.238430
11856.72276344,26500.632410,0.6776372, 68.6228,150.3090,117.3188,126.0726,2164.682112
11857.72071467,26500.632409,0.6776247, 68.6215,150.2237,117.2746,132.0105,2165.014678
11858.71865639,26500.632409,0.6776105, 68.6213,150.1376,117.2312,137.9344,2165.391178
11859.71657005,26500.632408,0.6775886, 68.6222,150.0508,117.1881,143.8172,2165.969870
11860.71448543,26500.632407,0.6775543, 68.6239,149.9636,117.1451,149.7015,2166.880671
11861.71239379,26500.632406,0.6775046, 68.6259,149.8765,117.1018,155.5746,2168.196013
11863.70816633,26500.632404,0.6773638, 68.6287,149.7043,117.0129,167.2542,2171.928645
11864.70604184,26500.632403,0.6772824, 68.6284,149.6199,116.9669,173.0781,2174.084858
11866.70175669,26500.632401,0.6771361, 68.6237,149.4542,116.8731,184.6764,2177.963827
11867.69962763,26500.632401,0.6770843, 68.6200,149.3721,116.8262,190.4975,2179.334858
11868.69744681,26500.632400,0.6770502, 68.6163,149.2898,116.7799,196.2453,2180.239871
11869.69527982,26500.632399,0.6770307, 68.6133,149.2069,116.7344,202.0142,2180.755775
11870.69309675,26500.632398,0.6770198, 68.6115,149.1231,116.6897,207.7601,2181.043947
11871.69090059,26500.632397,0.6770104, 68.6109,149.0385,116.6457,213.4866,2181.293679
11872.68868864,26500.632396,0.6769963, 68.6115,148.9531,116.6021,219.1892,2181.667292
11873.68645738,26500.632395,0.6769737, 68.6128,148.8674,116.5585,224.8626,2182.267005
11874.68422325,26500.632395,0.6769412, 68.6143,148.7818,116.5148,230.5304,2183.126650
11876.67964828,26500.632393,0.6768526, 68.6162,148.6115,116.4259,241.7085,2185.476640
11877.67734962,26500.632392,0.6768027, 68.6161,148.5272,116.3807,247.2807,2186.797990
11878.67505625,26500.632391,0.6767545, 68.6151,148.4435,116.3351,252.8607,2188.073865
11879.67288345,26500.632390,0.6767121, 68.6133,148.3602,116.2894,258.6160,2189.198083
11880.67056976,26500.632390,0.6766787, 68.6109,148.2771,116.2437,264.1679,2190.084667
11881.66825262,26500.632389,0.6766560, 68.6083,148.1939,116.1984,269.7159,2190.685630
11882.66606956,26500.632388,0.6766440, 68.6057,148.1103,116.1535,275.4592,2191.004601
11883.66376369,26500.632387,0.6766402, 68.6037,148.0260,116.1094,281.0253,2191.103706
11884.66142074,26500.632386,0.6766404, 68.6026,147.9408,116.0661,286.5382,2191.098360
11885.65908430,26500.632385,0.6766390, 68.6025,147.8547,116.0235,292.0604,2191.137171
11886.65669703,26500.632385,0.6766301, 68.6036,147.7680,115.9813,297.5085,2191.370772
11887.65437156,26500.632384,0.6766095, 68.6054,147.6809,115.9391,303.0453,2191.917447
11888.65198482,26500.632383,0.6765749, 68.6076,147.5940,115.8966,308.4923,2192.835163
11889.64957251,26500.632382,0.6765269, 68.6097,147.5076,115.8533,313.9013,2194.107874
11889.64960420,26500.632382,0.6765269, 68.6097,147.5076,115.8533,313.9472,2194.107919
11890.64715633,26500.632381,0.6764688, 68.6112,147.4220,115.8092,319.3041,2195.647484
11891.64471955,26500.632381,0.6764060, 68.6116,147.3374,115.7641,324.6771,2197.311788
11892.64231234,26500.632380,0.6763449, 68.6107,147.2538,115.7182,330.0933,2198.929877
11893.63988083,26500.632379,0.6762919, 68.6087,147.1709,115.6720,335.4755,2200.335115
11895.63504299,26500.632377,0.6762261, 68.6030,147.0057,115.5802,346.2807,2202.076953
11896.63258575,26500.632377,0.6762141, 68.6005,146.9226,115.5354,351.6296,2202.396756
11898.62768471,26500.632375,0.6762104, 68.5989,146.7540,115.4481,  2.3481,2202.493959
11901.62025770,26500.632373,0.6761734, 68.6038,146.4971,115.3190, 18.3102,2203.474333
11902.61767373,26500.632372,0.6761433, 68.6059,146.4116,115.2754, 23.4715,2204.272644
11908.60262254,26500.632367,0.6759566, 68.6047,145.9071,115.0065, 55.0909,2209.220182
11910.59769617,26500.632366,0.6759515, 68.6019,145.7384,114.9187, 65.7671,2209.355129
11911.59512003,26500.632365,0.6759563, 68.6016,145.6529,114.8759, 70.9424,2209.228422
11912.59252971,26500.632364,0.6759595, 68.6023,145.5666,114.8338, 76.0973,2209.143967
11913.58994938,26500.632363,0.6759555, 68.6040,145.4796,114.7921, 81.2662,2209.248612
11914.58735580,26500.632363,0.6759399, 68.6066,145.3924,114.7504, 86.4153,2209.661690
11915.58475083,26500.632362,0.6759105, 68.6097,145.3052,114.7082, 91.5469,2210.441147
11916.58214047,26500.632361,0.6758681, 68.6127,145.2186,114.6653, 96.6699,2211.566178
11917.57952205,26500.632360,0.6758161, 68.6151,145.1328,114.6214,101.7806,2212.942608
11918.57689699,26500.632360,0.6757601, 68.6166,145.0480,114.5764,106.8815,2214.427391
11919.57425553,26500.632359,0.6757060, 68.6169,144.9640,114.5308,111.9590,2215.861821
11920.57161158,26500.632358,0.6756591, 68.6160,144.8807,114.4848,117.0336,2217.103764
11921.56895895,26500.632357,0.6756233, 68.6145,144.7976,114.4389,122.0968,2218.053582
11922.56630219,26500.632357,0.6755999, 68.6127,144.7145,114.3936,127.1553,2218.672193
11923.56363215,26500.632356,0.6755880, 68.6112,144.6311,114.3490,132.1955,2218.989133
11924.56095527,26500.632355,0.6755839, 68.6106,144.5469,114.3053,137.2264,2219.097071
11926.55559855,26500.632354,0.6755789, 68.6126,144.3768,114.2194,147.2834,2219.229455
11928.55018584,26500.632352,0.6755492, 68.6180,144.2054,114.1336,157.2557,2220.017321
11929.54749425,26500.632351,0.6755214, 68.6209,144.1198,114.0900,162.2615,2220.753714
11931.54207457,26500.632350,0.6754505, 68.6252,143.9501,114.0010,172.2179,2222.633066
11933.53659465,26500.632348,0.6753830, 68.6265,143.7822,113.9105,182.0862,2224.420773
11934.53384047,26500.632348,0.6753584, 68.6262,143.6986,113.8652,187.0003,2225.073695
11935.53109054,26500.632347,0.6753420, 68.6255,143.6148,113.8203,191.9212,2225.507826
11936.52834525,26500.632346,0.6753338, 68.6248,143.5307,113.7759,196.8495,2225.725315
11937.52556567,26500.632346,0.6753321, 68.6244,143.4460,113.7321,201.7288,2225.770111
11938.52279586,26500.632345,0.6753337, 68.6246,143.3605,113.6891,206.6228,2225.727980
11939.52000286,26500.632344,0.6753340, 68.6258,143.2744,113.6468,211.4834,2225.718954
11940.51720406,26500.632343,0.6753280, 68.6279,143.1876,113.6048,216.3354,2225.878526
11941.51440240,26500.632343,0.6753111, 68.6309,143.1005,113.5628,221.1829,2226.326991
11943.50876725,26500.632341,0.6752370, 68.6381,142.9269,113.4771,230.8297,2228.288884
11945.50311146,26500.632340,0.6751261, 68.6435,142.7566,113.3869,240.4446,2231.228494
11947.49742639,26500.632338,0.6750225, 68.6444,142.5895,113.2937,250.0180,2233.974423
11949.49171641,26500.632337,0.6749592, 68.6423,142.4234,113.2012,259.5587,2235.652367
11950.48886018,26500.632336,0.6749435, 68.6413,142.3400,113.1561,264.3285,2236.068932
11952.48309552,26500.632335,0.6749281, 68.6418,142.1715,113.0682,273.7934,2236.475120
11955.47439049,26500.632333,0.6748837, 68.6490,141.9162,112.9380,287.9027,2237.651381
11957.46854640,26500.632332,0.6748196, 68.6548,141.7466,112.8489,297.2452,2239.351218
11958.46560995,26500.632331,0.6747822, 68.6570,141.6625,112.8033,301.8946,2240.343023
11959.46266655,26500.632330,0.6747457, 68.6583,141.5789,112.7574,306.5336,2241.308826
11960.45973554,26500.632330,0.6747135, 68.6589,141.4955,112.7113,311.1907,2242.163893
11963.45085605,26500.632328,0.6746588, 68.6578,141.2451,112.5744,325.0389,2243.613724
11964.44788493,26500.632327,0.6746538, 68.6575,141.1608,112.5300,329.6397,2243.745923
11965.44491319,26500.632326,0.6746517, 68.6576,141.0759,112.4862,334.2400,2243.799776
11966.44190537,26500.632326,0.6746488, 68.6585,140.9904,112.4432,338.7883,2243.877047
11967.43891954,26500.632325,0.6746406, 68.6602,140.9042,112.4005,343.3685,2244.093847
11968.43590223,26500.632324,0.6746231, 68.6628,140.8178,112.3579,347.9030,2244.559874
11969.43287667,26500.632324,0.6745932, 68.6660,140.7314,112.3148,352.4251,2245.350287
11970.42985400,26500.632323,0.6745507, 68.6695,140.6454,112.2708,356.9511,2246.476929
11971.42681728,26500.632322,0.6744981, 68.6726,140.5602,112.2255,  1.4563,2247.872321
11972.42378794,26500.632322,0.6744404, 68.6749,140.4760,112.1789,  5.9721,2249.399622
11973.42074021,26500.632321,0.6743842, 68.6760,140.3926,112.1313, 10.4615,2250.889582
11974.41770061,26500.632320,0.6743351, 68.6759,140.3098,112.0832, 14.9633,2252.189887
11975.41464169,26500.632320,0.6742968, 68.6748,140.2273,112.0354, 19.4380,2253.204736
11977.40852561,26500.632318,0.6742534, 68.6721,140.0616,111.9421, 28.3921,2254.357068
11979.40237252,26500.632317,0.6742347, 68.6716,139.8940,111.8526, 37.2939,2254.852254
11981.39617368,26500.632316,0.6742094, 68.6748,139.7251,111.7646, 46.1274,2255.522196
11984.38682851,26500.632314,0.6741280, 68.6819,139.4726,111.6296, 59.3033,2257.678750
11985.38371980,26500.632313,0.6740941, 68.6835,139.3892,111.5834, 63.7031,2258.578367
11987.37739850,26500.632312,0.6740332, 68.6846,139.2234,111.4898, 72.3516,2260.190237
11989.37111020,26500.632311,0.6739967, 68.6832,139.0578,111.3967, 81.0487,2261.157502
11990.36789911,26500.632310,0.6739890, 68.6822,138.9746,111.3509, 85.3008,2261.362011
11991.36468734,26500.632309,0.6739866, 68.6813,138.8908,111.3059, 89.5524,2261.427340
11992.36151458,26500.632309,0.6739867, 68.6807,138.8064,111.2617, 93.8608,2261.424111
11993.35830822,26500.632308,0.6739860, 68.6808,138.7214,111.2181, 98.1208,2261.441996
11994.35510076,26500.632308,0.6739808, 68.6817,138.6360,111.1750,102.3793,2261.578631
11995.35191510,26500.632307,0.6739678, 68.6832,138.5502,111.1320,106.6693,2261.925146
11996.34868595,26500.632306,0.6739443, 68.6854,138.4644,111.0887,110.8962,2262.547654
11997.34544975,26500.632306,0.6739096, 68.6880,138.3790,111.0445,115.1128,2263.466684
11998.34222874,26500.632305,0.6738653, 68.6904,138.2943,110.9991,119.3512,2264.640491
11999.33899394,26500.632304,0.6738154, 68.6923,138.2103,110.9523,123.5697,2265.962409
12000.33572239,26500.632304,0.6737657, 68.6931,138.1273,110.9043,127.7354,2267.281212
12001.33246256,26500.632303,0.6737218, 68.6927,138.0448,110.8555,131.9186,2268.442630
12002.32920098,26500.632303,0.6736881, 68.6912,137.9626,110.8067,136.1003,2269.335672
12005.31936216,26500.632301,0.6736481, 68.6854,137.7139,110.6660,148.5715,2270.396225
12006.31603940,26500.632300,0.6736445, 68.6847,137.6301,110.6212,152.6664,2270.492891
12007.31268842,26500.632300,0.6736389, 68.6851,137.5459,110.5770,156.7198,2270.640201
12009.30602896,26500.632298,0.6736130, 68.6878,137.3776,110.4883,164.8855,2271.328140
12010.30271390,26500.632298,0.6735920, 68.6895,137.2938,110.4432,168.9882,2271.883937
12011.29938715,26500.632297,0.6735676, 68.6910,137.2104,110.3974,173.0732,2272.529711
12012.29601513,26500.632297,0.6735424, 68.6919,137.1274,110.3511,177.0920,2273.197833
12012.29605362,26500.632297,0.6735424, 68.6919,137.1274,110.3511,177.1478,2273.197858
12013.29263737,26500.632296,0.6735192, 68.6922,137.0447,110.3043,181.1022,2273.813729
12014.28927787,26500.632295,0.6735004, 68.6918,136.9622,110.2574,185.1388,2274.311043
12015.28587956,26500.632295,0.6734879, 68.6907,136.8797,110.2107,189.1193,2274.642706
12017.27911714,26500.632294,0.6734831, 68.6876,136.7137,110.1188,197.1308,2274.768456
12018.27566623,26500.632293,0.6734886, 68.6861,136.6299,110.0739,201.0360,2274.622325
12019.27222719,26500.632292,0.6734962, 68.6849,136.5456,110.0300,204.9587,2274.421845
12020.26885064,26500.632292,0.6735027, 68.6843,136.4607,109.9867,208.9721,2274.250982
12021.26545323,26500.632291,0.6735047, 68.6843,136.3753,109.9439,212.9554,2274.195627
12022.26204029,26500.632291,0.6734997, 68.6850,136.2897,109.9014,216.9161,2274.330297
12023.25860757,26500.632290,0.6734855, 68.6863,136.2041,109.8585,220.8482,2274.705243
12024.25510783,26500.632289,0.6734618, 68.6880,136.1188,109.8150,224.6831,2275.332916
12025.25164862,26500.632289,0.6734299, 68.6897,136.0341,109.7704,228.5767,2276.179725
12026.24810667,26500.632288,0.6733928, 68.6911,135.9501,109.7245,232.3506,2277.163179
12027.24463005,26500.632288,0.6733550, 68.6917,135.8669,109.6773,236.2195,2278.162726
12028.24110224,26500.632287,0.6733217, 68.6913,135.7842,109.6291,240.0150,2279.045247
12029.23757258,26500.632286,0.6732970, 68.6897,135.7018,109.5806,243.8087,2279.702252
12030.23408531,26500.632286,0.6732826, 68.6873,135.6191,109.5326,247.6649,2280.083338
12031.23057403,26500.632285,0.6732778, 68.6847,135.5360,109.4856,251.4873,2280.210922
12032.22704667,26500.632285,0.6732793, 68.6825,135.4523,109.4400,255.2870,2280.169204
12033.22351041,26500.632284,0.6732830, 68.6812,135.3681,109.3955,259.0740,2280.072752
12034.21991207,26500.632284,0.6732846, 68.6809,135.2837,109.3517,262.7705,2280.028958
12035.21635303,26500.632283,0.6732816, 68.6815,135.1991,109.3081,266.5231,2280.108954
12036.21278718,26500.632282,0.6732731, 68.6828,135.1148,109.2641,270.2648,2280.335531
12037.20920717,26500.632282,0.6732598, 68.6842,135.0308,109.2196,273.9849,2280.687111
12039.20195446,26500.632281,0.6732276, 68.6861,134.8641,109.1288,281.2883,2281.539401
12040.19837815,26500.632280,0.6732139, 68.6862,134.7812,109.0827,285.0117,2281.903489
12042.19106510,26500.632279,0.6732016, 68.6845,134.6155,108.9905,292.2258,2282.228173
12044.18377565,26500.632278,0.6732140, 68.6813,134.4488,108.9002,299.4748,2281.900537
12045.18006997,26500.632277,0.6732270, 68.6797,134.3646,108.8563,303.0113,2281.556472
12046.17611553,26500.632277,0.6732413, 68.6784,134.2798,108.8132,306.1877,2281.177536
12046.17642251,26500.632277,0.6732413, 68.6784,134.2798,108.8132,306.6325,2281.177422
12047.17270007,26500.632276,0.6732538, 68.6776,134.1944,108.7709,310.1451,2280.845296
12048.16902711,26500.632275,0.6732616, 68.6775,134.1087,108.7291,313.7296,2280.640160
12049.16526964,26500.632275,0.6732621, 68.6781,134.0227,108.6875,317.1916,2280.626625
12050.16156335,26500.632274,0.6732540, 68.6792,133.9368,108.6457,320.7277,2280.840743
12051.15757035,26500.632274,0.6732374, 68.6807,133.8513,108.6032,323.8483,2281.281566
12051.15784825,26500.632274,0.6732374, 68.6807,133.8512,108.6032,324.2510,2281.281718
12053.15036486,26500.632273,0.6731859, 68.6838,133.6822,108.5151,331.2206,2282.644981
12055.14280875,26500.632271,0.6731337, 68.6847,133.5155,108.4224,338.0862,2284.029855
12056.13904922,26500.632271,0.6731164, 68.6837,133.4325,108.3751,341.5469,2284.486342
12057.13525852,26500.632270,0.6731081, 68.6820,133.3494,108.3279,344.9635,2284.706985
12059.12758060,26500.632269,0.6731137, 68.6777,133.1817,108.2365,351.6598,2284.559383
12060.12349969,26500.632269,0.6731211, 68.6763,133.0969,108.1926,354.6584,2284.363332
12060.12376039,26500.632269,0.6731211, 68.6763,133.0969,108.1926,355.0361,2284.363284
12061.11993181,26500.632268,0.6731263, 68.6759,133.0119,108.1495,358.4003,2284.224624
12062.11604642,26500.632267,0.6731267, 68.6766,132.9268,108.1067,  1.6815,2284.214972
12063.11219767,26500.632267,0.6731213, 68.6781,132.8420,108.0636,  5.0149,2284.357942
12064.10826260,26500.632266,0.6731111, 68.6799,132.7576,108.0199,  8.2221,2284.627963
12066.10050838,26500.632265,0.6730858, 68.6828,132.5903,107.9303, 14.8014,2285.297059
12068.09267167,26500.632264,0.6730712, 68.6836,132.4242,107.8393, 21.2587,2285.685331
12069.08878220,26500.632263,0.6730721, 68.6831,132.3410,107.7940, 24.5289,2285.661364
12070.08480874,26500.632263,0.6730789, 68.6822,132.2575,107.7492, 27.6774,2285.480011
12071.08086047,26500.632262,0.6730908, 68.6811,132.1735,107.7051, 30.8625,2285.165452
12072.07690060,26500.632262,0.6731059, 68.6800,132.0890,107.6618, 34.0310,2284.766617
12075.06494577,26500.632260,0.6731427, 68.6794,131.8320,107.5367, 43.4287,2283.791365
12076.06077188,26500.632259,0.6731429, 68.6804,131.7457,107.4958, 46.2877,2283.784929
12078.05269703,26500.632258,0.6731177, 68.6841,131.5739,107.4128, 52.4012,2284.453802
12079.04864074,26500.632258,0.6730946, 68.6863,131.4889,107.3699, 55.4306,2285.065280
12080.04456943,26500.632257,0.6730684, 68.6883,131.4046,107.3259, 58.4383,2285.758428
12081.04048293,26500.632257,0.6730430, 68.6899,131.3210,107.2807, 61.4242,2286.432172
12082.03639043,26500.632256,0.6730219, 68.6908,131.2378,107.2346, 64.4017,2286.990845
12083.03229026,26500.632255,0.6730078, 68.6908,131.1548,107.1879, 67.3686,2287.365591
12084.02817851,26500.632255,0.6730016, 68.6900,131.0716,107.1413, 70.3195,2287.530395
12085.02405077,26500.632254,0.6730024, 68.6888,130.9879,107.0954, 73.2482,2287.508680
12086.01991368,26500.632254,0.6730077, 68.6875,130.9037,107.0505, 76.1642,2287.367558
12087.01576250,26500.632253,0.6730140, 68.6866,130.8188,107.0067, 79.0605,2287.199959
12088.01159397,26500.632253,0.6730178, 68.6866,130.7336,106.9638, 81.9320,2287.098821
12088.01165178,26500.632253,0.6730178, 68.6866,130.7336,106.9638, 82.0158,2287.098819
12089.00740802,26500.632252,0.6730167, 68.6877,130.6485,106.9212, 84.7782,2287.130462
12090.00321620,26500.632251,0.6730096, 68.6896,130.5636,106.8783, 87.6152,2287.316416
12090.99901553,26500.632251,0.6729978, 68.6921,130.4793,106.8347, 90.4385,2287.630741
12091.99480219,26500.632250,0.6729835, 68.6945,130.3956,106.7903, 93.2424,2288.009401
12092.99057669,26500.632250,0.6729697, 68.6967,130.3124,106.7451, 96.0278,2288.373853
12093.98634838,26500.632249,0.6729593, 68.6983,130.2296,106.6994, 98.8082,2288.651481
12094.98210520,26500.632249,0.6729540, 68.6992,130.1469,106.6535,101.5665,2288.790826
12094.98219889,26500.632249,0.6729540, 68.6992,130.1468,106.6535,101.7023,2288.790832
12095.97785314,26500.632248,0.6729549, 68.6996,130.0640,106.6079,104.3116,2288.767827
12096.97361246,26500.632247,0.6729616, 68.6995,129.9808,106.5627,107.0730,2288.590445
12097.96933466,26500.632247,0.6729729, 68.6992,129.8971,106.5183,109.7806,2288.290293
12098.96504547,26500.632246,0.6729869, 68.6990,129.8127,106.4747,112.4717,2287.919996
12100.95643014,26500.632245,0.6730122, 68.6992,129.6424,106.3901,117.8009,2287.248201
12101.45426983,26500.632245,0.6730160, 68.6996,129.5995,106.3693,119.1239,2287.148890
12101.95212415,26500.632245,0.6730180, 68.7001,129.5565,106.3486,120.4682,2287.094854
12102.94778324,26500.632244,0.6730160, 68.7016,129.4705,106.3073,123.0851,2287.147564
12103.94343006,26500.632244,0.6730052, 68.7037,129.3847,106.2658,125.6843,2287.433647
12104.93906477,26500.632243,0.6729861, 68.7063,129.2994,106.2235,128.2661,2287.939129
12105.93468775,26500.632242,0.6729610, 68.7091,129.2148,106.1802,130.8310,2288.605088
12107.92589439,26500.632241,0.6729078, 68.7140,129.0480,106.0898,135.9041,2290.016371
12108.92148950,26500.632241,0.6728876, 68.7155,128.9655,106.0430,138.4290,2290.549954
12108.92157906,26500.632241,0.6728876, 68.7155,128.9655,106.0430,138.5587,2290.549993
12109.91707353,26500.632240,0.6728754, 68.7163,128.8831,105.9956,140.9381,2290.872461
12110.91264654,26500.632240,0.6728715, 68.7163,128.8004,105.9484,143.4318,2290.976452
12111.90820764,26500.632239,0.6728743, 68.7157,128.7172,105.9018,145.9087,2290.903131
12112.90377057,26500.632238,0.6728807, 68.7150,128.6334,105.8562,148.3890,2290.732829
12113.89930803,26500.632238,0.6728873, 68.7146,128.5490,105.8116,150.8331,2290.559666
12114.89482795,26500.632237,0.6728907, 68.7149,128.4643,105.7680,153.2521,2290.468863
12115.39258491,26500.632237,0.6728905, 68.7154,128.4219,105.7463,154.4573,2290.474144
12115.89028566,26500.632237,0.6728888, 68.7161,128.3796,105.7247,155.5811,2290.518020
12115.89035581,26500.632237,0.6728888, 68.7161,128.3796,105.7247,155.6828,2290.518029
12116.88577730,26500.632236,0.6728812, 68.7181,128.2952,105.6812,157.9591,2290.719584
12117.88126021,26500.632236,0.6728691, 68.7208,128.2114,105.6370,160.3238,2291.041756
12118.87673462,26500.632235,0.6728549, 68.7236,128.1284,105.5918,162.6754,2291.418084
12119.87219458,26500.632235,0.6728417, 68.7262,128.0459,105.5456,165.0051,2291.766036
12120.86773057,26500.632234,0.6728326, 68.7283,127.9639,105.4988,167.4442,2292.008457
12122.36091856,26500.632233,0.6728305, 68.7302,127.8410,105.4282,170.9334,2292.062895
12122.85861645,26500.632233,0.6728333, 68.7305,127.8000,105.4048,172.0507,2291.990128
12122.85863027,26500.632233,0.6728333, 68.7305,127.8000,105.4048,172.0707,2291.990125
12123.85405413,26500.632232,0.6728434, 68.7308,127.7176,105.3584,174.3457,2291.720429
12125.34719361,26500.632232,0.6728670, 68.7308,127.5929,105.2902,177.7632,2291.095217
12125.84489588,26500.632231,0.6728760, 68.7307,127.5510,105.2679,178.8865,2290.858394
12126.34259866,26500.632231,0.6728849, 68.7307,127.5089,105.2459,180.0106,2290.622306
12126.84029664,26500.632231,0.6728934, 68.7308,127.4667,105.2241,181.1278,2290.396361
12127.83568642,26500.632230,0.6729079, 68.7311,127.3819,105.1810,183.3532,2290.011755
12129.32875038,26500.632229,0.6729187, 68.7326,127.2539,105.1173,186.6618,2289.727161
12129.82643959,26500.632229,0.6729183, 68.7334,127.2112,105.0961,187.7665,2289.736530
12130.32412709,26500.632229,0.6729158, 68.7343,127.1686,105.0749,188.8688,2289.803717
12131.31947845,26500.632228,0.6729043, 68.7365,127.0835,105.0321,191.0395,2290.108276
12132.31482335,26500.632228,0.6728854, 68.7391,126.9991,104.9884,193.2010,2290.608660
12133.31015871,26500.632227,0.6728621, 68.7418,126.9154,104.9435,195.3489,2291.225786
12133.80781891,26500.632227,0.6728502, 68.7431,126.8739,104.9206,196.4122,2291.542400
12134.30548137,26500.632227,0.6728388, 68.7444,126.8327,104.8972,197.4787,2291.842865
12135.30079182,26500.632226,0.6728203, 68.7464,126.7506,104.8496,199.5910,2292.334951
12136.29609942,26500.632225,0.6728101, 68.7476,126.6689,104.8011,201.6993,2292.603215
12137.78904064,26500.632225,0.6728134, 68.7479,126.5460,104.7280,204.8331,2292.517276
12138.28669008,26500.632224,0.6728186, 68.7477,126.5048,104.7039,205.8813,2292.377920
12139.28197317,26500.632224,0.6728328, 68.7469,126.4217,104.6565,207.9552,2292.003188
12139.77961017,26500.632223,0.6728406, 68.7465,126.3798,104.6333,208.9857,2291.796192
12140.27724662,26500.632223,0.6728482, 68.7462,126.3379,104.6103,210.0155,2291.594970
12141.27251123,26500.632223,0.6728610, 68.7458,126.2535,104.5652,212.0634,2291.256376
12141.77013298,26500.632222,0.6728654, 68.7459,126.2113,104.5430,213.0722,2291.137463
12143.26301664,26500.632222,0.6728697, 68.7473,126.0847,104.4767,216.1253,2291.024202
12144.25825409,26500.632221,0.6728657, 68.7491,126.0010,104.4321,218.1338,2291.131467
12145.25348820,26500.632220,0.6728586, 68.7514,125.9179,104.3867,220.1369,2291.320082
12146.24871817,26500.632220,0.6728514, 68.7538,125.8356,104.3403,222.1333,2291.508624
12147.24394179,26500.632219,0.6728476, 68.7558,125.7539,104.2930,224.1197,2291.611522
12148.23915963,26500.632219,0.6728496, 68.7574,125.6724,104.2451,226.0970,2291.558377
12148.73676719,26500.632218,0.6728533, 68.7579,125.6317,104.2211,227.0834,2291.458560
12150.22958430,26500.632218,0.6728760, 68.7585,125.5093,104.1493,230.0338,2290.856990
12151.22479017,26500.632217,0.6728994, 68.7583,125.4270,104.1022,231.9921,2290.238200
12151.72239013,26500.632217,0.6729128, 68.7581,125.3856,104.0790,232.9669,2289.883422
12153.21518237,26500.632216,0.6729556, 68.7573,125.2602,104.0108,235.8798,2288.749661
12153.21518943,26500.632216,0.6729556, 68.7573,125.2602,104.0108,235.8901,2288.749656
12154.21038307,26500.632215,0.6729826, 68.7570,125.1758,103.9666,237.8303,2288.033002
12155.20557260,26500.632215,0.6730050, 68.7569,125.0908,103.9231,239.7646,2287.438132
12156.20075736,26500.632214,0.6730207, 68.7573,125.0055,103.8801,241.6923,2287.021858
12157.19593699,26500.632214,0.6730283, 68.7583,124.9201,103.8372,243.6127,2286.821722
12158.19111287,26500.632213,0.6730274, 68.7597,124.8349,103.7940,245.5281,2286.845964
12159.18628693,26500.632213,0.6730191, 68.7615,124.7503,103.7501,247.4412,2287.065492
12160.18145951,26500.632212,0.6730061, 68.7635,124.6665,103.7051,249.3526,2287.409347
12161.17662925,26500.632211,0.6729926, 68.7655,124.5835,103.6586,251.2602,2287.767847
12162.17179513,26500.632211,0.6729835, 68.7671,124.5013,103.6108,253.1626,2288.009855
12163.16696084,26500.632210,0.6729832, 68.7680,124.4195,103.5619,255.0651,2288.016404
12164.16212576,26500.632210,0.6729944, 68.7681,124.3377,103.5124,256.9667,2287.720095
12165.15729018,26500.632209,0.6730162, 68.7673,124.2552,103.4632,258.8679,2287.141467
12165.15731066,26500.632209,0.6730162, 68.7673,124.2552,103.4632,258.8976,2287.141453
12166.15245631,26500.632209,0.6730449, 68.7660,124.1719,103.4150,260.7720,2286.382951
12167.14761924,26500.632208,0.6730748, 68.7645,124.0875,103.3682,262.6719,2285.590655
12168.14278543,26500.632207,0.6731009, 68.7633,124.0025,103.3228,264.5769,2284.898956
12169.13794837,26500.632207,0.6731199, 68.7629,123.9172,103.2783,266.4774,2284.394026
12169.63552909,26500.632207,0.6731265, 68.7629,123.8746,103.2562,267.4265,2284.220108
12170.13311048,26500.632206,0.6731312, 68.7632,123.8321,103.2341,268.3766,2284.094538
12171.12827301,26500.632206,0.6731363, 68.7643,123.7477,103.1895,270.2761,2283.958986
12172.12343670,26500.632205,0.6731382, 68.7658,123.6640,103.1443,272.1768,2283.909428
12172.62102019,26500.632205,0.6731390, 68.7666,123.6225,103.1213,273.1293,2283.887506
12173.61619033,26500.632204,0.6731427, 68.7682,123.5400,103.0746,275.0381,2283.791309
12174.11379652,26500.632204,0.6731462, 68.7689,123.4989,103.0510,276.0229,2283.696038
12174.61136375,26500.632204,0.6731515, 68.7694,123.4579,103.0272,276.9510,2283.558154
12175.10895188,26500.632203,0.6731585, 68.7698,123.4170,103.0034,277.9092,2283.371655
12175.60653821,26500.632203,0.6731675, 68.7701,123.3761,102.9795,278.8646,2283.132732
12176.60172318,26500.632203,0.6731916, 68.7701,123.2940,102.9317,280.7928,2282.494939
12177.59690706,26500.632202,0.6732231, 68.7696,123.2115,102.8844,282.7188,2281.660562
12178.59210025,26500.632201,0.6732601, 68.7687,123.1283,102.8380,284.6580,2280.678738
12179.58729629,26500.632201,0.6732999, 68.7676,123.0443,102.7925,286.6010,2279.623629
12180.58249262,26500.632200,0.6733393, 68.7665,122.9594,102.7481,288.5444,2278.581210
12181.57769499,26500.632200,0.6733749, 68.7656,122.8738,102.7047,290.4965,2277.635780
12182.07530328,26500.632199,0.6733905, 68.7653,122.8308,102.6832,291.4828,2277.222699
12182.57290489,26500.632199,0.6734042, 68.7651,122.7877,102.6620,292.4596,2276.858899
12183.56811476,26500.632199,0.6734254, 68.7650,122.7013,102.6197,294.4229,2276.297346
12184.06572491,26500.632198,0.6734327, 68.7651,122.6582,102.5986,295.4122,2276.105031
12184.06576865,26500.632198,0.6734327, 68.7651,122.6582,102.5986,295.4756,2276.105017
12185.55854698,26500.632197,0.6734417, 68.7662,122.5290,102.5348,298.3686,2275.865658
12186.05616415,26500.632197,0.6734411, 68.7668,122.4863,102.5132,299.3685,2275.881813
12186.55377523,26500.632197,0.6734392, 68.7674,122.4437,102.4913,300.3597,2275.931647
12187.54900869,26500.632196,0.6734335, 68.7688,122.3592,102.4467,302.3588,2276.083573
12188.54425471,26500.632196,0.6734288, 68.7701,122.2755,102.4008,304.3765,2276.207699
12189.04188169,26500.632195,0.6734284, 68.7706,122.2340,102.3774,305.3913,2276.219092
12190.53475704,26500.632194,0.6734412, 68.7713,122.1099,102.3053,308.4280,2275.879424
12191.53002399,26500.632194,0.6734645, 68.7708,122.0270,102.2566,310.4771,2275.261394
12192.52530897,26500.632193,0.6734987, 68.7695,121.9433,102.2083,312.5528,2274.356458
12193.52058907,26500.632193,0.6735388, 68.7677,121.8585,102.1611,314.6220,2273.291931
12194.51587548,26500.632192,0.6735783, 68.7658,121.7725,102.1154,316.7009,2272.247379
12195.51116790,26500.632191,0.6736108, 68.7643,121.6857,102.0711,318.7891,2271.384189
12196.00882115,26500.632191,0.6736234, 68.7638,121.6422,102.0493,319.8435,2271.051577
12196.50647075,26500.632191,0.6736333, 68.7636,121.5987,102.0277,320.8927,2270.788836
12199.49241832,26500.632189,0.6736565, 68.7659,121.3421,101.8958,327.2584,2270.175295
12200.98542823,26500.632188,0.6736679, 68.7678,121.2169,101.8270,330.4909,2269.872856
12203.97152108,26500.632186,0.6737389, 68.7684,120.9678,101.6871,337.0559,2267.990852
12206.46000030,26500.632185,0.6738408, 68.7658,120.7565,101.5743,342.6219,2265.289414
12211.43716385,26500.632182,0.6739858, 68.7626,120.3213,101.3650,354.0505,2261.447589
12219.40117848,26500.632177,0.6740317, 68.7674,119.6418,101.0070, 13.1556,2260.231368
12220.89451808,26500.632176,0.6740916, 68.7651,119.5132,100.9378, 16.8665,2258.643189
12221.89009190,26500.632175,0.6741300, 68.7634,119.4258,100.8935, 19.3617,2257.624844
12222.88567848,26500.632175,0.6741594, 68.7621,119.3377,100.8504, 21.8764,2256.847940
12223.38347147,26500.632174,0.6741693, 68.7618,119.2935,100.8292, 23.1335,2256.583382
12225.37466327,26500.632173,0.6741815, 68.7628,119.1186,100.7440, 28.1913,2256.262273
12225.87247284,26500.632173,0.6741804, 68.7636,119.0756,100.7223, 29.4724,2256.291279
12227.36591340,26500.632172,0.6741787, 68.7661,118.9484,100.6553, 33.3315,2256.334300
12227.86368491,26500.632171,0.6741808, 68.7668,118.9065,100.6325, 34.5565,2256.280146
12229.85504738,26500.632170,0.6742104, 68.7687,118.7397,100.5402, 39.8539,2255.495235
12232.34425580,26500.632169,0.6742920, 68.7681,118.5293,100.4268, 46.4782,2253.331746
12232.84206392,26500.632168,0.6743115, 68.7677,118.4866,100.4048, 47.7539,2252.814836
12233.83775100,26500.632168,0.6743504, 68.7669,118.4006,100.3616, 50.4079,2251.784897
12233.83777783,26500.632168,0.6743504, 68.7669,118.4006,100.3616, 50.4468,2251.784870
12234.83344305,26500.632167,0.6743862, 68.7661,118.3137,100.3194, 53.0690,2250.837394
12235.82915651,26500.632166,0.6744156, 68.7655,118.2261,100.2782, 55.7611,2250.056211
12236.82490697,26500.632166,0.6744364, 68.7653,118.1381,100.2375, 58.5072,2249.506416
12237.82066202,26500.632165,0.6744471, 68.7656,118.0501,100.1970, 61.2602,2249.223109
12238.81640969,26500.632164,0.6744478, 68.7664,117.9623,100.1564, 64.0031,2249.204109
12239.81217883,26500.632164,0.6744401, 68.7676,117.8751,100.1152, 66.7775,2249.407105
12240.80795304,26500.632163,0.6744271, 68.7691,117.7888,100.0731, 69.5598,2249.752628
12241.80367607,26500.632162,0.6744127, 68.7708,117.7035,100.0298, 72.2683,2250.133170
12242.79945595,26500.632162,0.6744016, 68.7724,117.6190, 99.9853, 75.0595,2250.428020
12243.29756549,26500.632161,0.6743987, 68.7732,117.5771, 99.9625, 76.7734,2250.506229
12243.79523857,26500.632161,0.6743981, 68.7738,117.5353, 99.9396, 77.8549,2250.521396
12244.79108404,26500.632160,0.6744054, 68.7747,117.4519, 99.8931, 80.7414,2250.328916
12245.78722088,26500.632160,0.6744247, 68.7750,117.3682, 99.8463, 84.0501,2249.815412
12246.78301308,26500.632159,0.6744548, 68.7746,117.2838, 99.7997, 86.8597,2249.019898
12247.77874352,26500.632158,0.6744909, 68.7737,117.1982, 99.7541, 89.5802,2248.061111
12248.77458079,26500.632158,0.6745266, 68.7726,117.1112, 99.7096, 92.4563,2247.116748
12249.77045870,26500.632157,0.6745545, 68.7717,117.0232, 99.6665, 95.3921,2246.376342
12250.76634259,26500.632156,0.6745697, 68.7715,116.9348, 99.6241, 98.3377,2245.972894
12252.75803188,26500.632155,0.6745641, 68.7738,116.7603, 99.5387,104.1170,2246.121673
12253.75397503,26500.632155,0.6745541, 68.7760,116.6751, 99.4943,107.1491,2246.388189
12253.75433414,26500.632155,0.6745541, 68.7760,116.6750, 99.4943,107.6694,2246.388274
12254.74982109,26500.632154,0.6745484, 68.7783,116.5913, 99.4486,110.0396,2246.539459
12255.74573042,26500.632153,0.6745518, 68.7802,116.5083, 99.4021,113.0206,2246.447485
12257.73757924,26500.632152,0.6745914, 68.7825,116.3427, 99.3086,119.0220,2245.397857
12258.73350600,26500.632151,0.6746243, 68.7828,116.2591, 99.2627,122.0244,2244.527508
12259.72944735,26500.632151,0.6746614, 68.7827,116.1746, 99.2178,125.0472,2243.544782
12260.72536231,26500.632150,0.6746988, 68.7824,116.0892, 99.1741,128.0312,2242.553655
12263.71360249,26500.632148,0.6747781, 68.7823,115.8283, 99.0485,137.7005,2240.451458
12264.71059066,26500.632147,0.6747858, 68.7830,115.7407, 99.0075,142.2400,2240.246965
12265.70665990,26500.632147,0.6747832, 68.7841,115.6534, 98.9663,145.4486,2240.314876
12266.70274888,26500.632146,0.6747721, 68.7857,115.5668, 98.9245,148.6864,2240.610339
12267.69884283,26500.632145,0.6747556, 68.7877,115.4811, 98.8817,151.9319,2241.048376
12268.69493949,26500.632144,0.6747380, 68.7898,115.3965, 98.8377,155.1819,2241.512363
12269.69106949,26500.632144,0.6747245, 68.7919,115.3129, 98.7924,158.4804,2241.870902
12270.68719446,26500.632143,0.6747196, 68.7938,115.2301, 98.7460,161.7717,2242.001267
12271.68334416,26500.632142,0.6747266, 68.7952,115.1477, 98.6988,165.0987,2241.814692
12272.67942438,26500.632142,0.6747468, 68.7961,115.0651, 98.6513,168.3250,2241.281575
12273.67557713,26500.632141,0.6747782, 68.7963,114.9817, 98.6040,171.6562,2240.447609
12273.67557964,26500.632141,0.6747782, 68.7963,114.9817, 98.6040,171.6598,2240.447606
12274.67175441,26500.632140,0.6748166, 68.7960,114.8972, 98.5576,175.0230,2239.429793
12275.66793326,26500.632140,0.6748554, 68.7954,114.8113, 98.5124,178.3925,2238.401182
12276.66408985,26500.632139,0.6748877, 68.7949,114.7243, 98.4683,181.7306,2237.546095
12277.66048406,26500.632138,0.6749080, 68.7948,114.6367, 98.4252,185.4140,2237.008911
12278.65670409,26500.632138,0.6749144, 68.7955,114.5493, 98.3822,188.8462,2236.838414
12279.65291565,26500.632137,0.6749098, 68.7972,114.4629, 98.3385,192.2668,2236.961183
12280.64904409,26500.632136,0.6749005, 68.7995,114.3781, 98.2936,195.5672,2237.206001
12281.64524722,26500.632136,0.6748946, 68.8021,114.2949, 98.2471,198.9753,2237.364830
12282.64148596,26500.632135,0.6748984, 68.8045,114.2128, 98.1995,202.4339,2237.263616
12283.63774445,26500.632134,0.6749154, 68.8065,114.1312, 98.1513,205.9197,2236.812302
12284.63401668,26500.632134,0.6749455, 68.8078,114.0495, 98.1032,209.4239,2236.014260
12285.63030327,26500.632133,0.6749858, 68.8085,113.9671, 98.0559,212.9475,2234.947216
12286.62660218,26500.632132,0.6750318, 68.8087,113.8838, 98.0096,216.4879,2233.728347
12287.62291293,26500.632132,0.6750787, 68.8086,113.7993, 97.9646,220.0446,2232.485810
12288.61922764,26500.632131,0.6751220, 68.8085,113.7138, 97.9208,223.6068,2231.337774
12289.61555540,26500.632130,0.6751581, 68.8086,113.6275, 97.8779,227.1877,2230.379822
12290.61189706,26500.632129,0.6751846, 68.8089,113.5407, 97.8357,230.7890,2229.677853
12291.60825623,26500.632129,0.6752003, 68.8096,113.4538, 97.7937,234.4162,2229.263682
12292.60460199,26500.632128,0.6752052, 68.8108,113.3671, 97.7516,238.0245,2229.131372
12293.60097968,26500.632127,0.6752014, 68.8124,113.2810, 97.7088,241.6797,2229.234366
12294.59736878,26500.632127,0.6751919, 68.8143,113.1959, 97.6650,245.3522,2229.485399
12295.59372798,26500.632126,0.6751814, 68.8164,113.1119, 97.6201,248.9819,2229.762281
12295.59375399,26500.632126,0.6751814, 68.8164,113.1119, 97.6201,249.0196,2229.762288
12296.59012019,26500.632125,0.6751754, 68.8186,113.0290, 97.5737,252.6598,2229.922664
12297.58652610,26500.632125,0.6751789, 68.8206,112.9470, 97.5262,256.3576,2229.829193
12298.58297003,26500.632124,0.6751959, 68.8222,112.8654, 97.4778,260.1103,2229.379081
12299.57940125,26500.632123,0.6752277, 68.8231,112.7836, 97.4292,263.8442,2228.537402
12300.57581113,26500.632122,0.6752722, 68.8234,112.7011, 97.3809,267.5468,2227.356086
12300.57583642,26500.632122,0.6752722, 68.8234,112.7011, 97.3809,267.5835,2227.356053
12301.57228469,26500.632122,0.6753246, 68.8232,112.6173, 97.3335,271.3415,2225.967108
12301.57228566,26500.632122,0.6753246, 68.8232,112.6173, 97.3335,271.3429,2225.967106
12302.56877130,26500.632121,0.6753778, 68.8226,112.5320, 97.2874,275.1553,2224.557939
12303.56523577,26500.632120,0.6754244, 68.8220,112.4454, 97.2426,278.9375,2223.323757
12304.56170748,26500.632120,0.6754588, 68.8217,112.3581, 97.1987,282.7311,2222.411181
12305.55821409,26500.632119,0.6754790, 68.8221,112.2709, 97.1551,286.5764,2221.876491
12306.55471514,26500.632118,0.6754871, 68.8233,112.1846, 97.1109,290.4146,2221.660946
12307.55124056,26500.632117,0.6754892, 68.8252,112.0996, 97.0656,294.2886,2221.606994
12308.54777260,26500.632117,0.6754930, 68.8275,112.0163, 97.0188,298.1721,2221.505707
12309.54432547,26500.632116,0.6755060, 68.8299,111.9344, 96.9706,302.0849,2221.160318
12310.54087070,26500.632115,0.6755331, 68.8318,111.8532, 96.9216,305.9854,2220.443509
12311.53743280,26500.632115,0.6755753, 68.8331,111.7720, 96.8726,309.9088,2219.325937
12312.53400893,26500.632114,0.6756301, 68.8338,111.6901, 96.8242,313.8510,2217.872272
12313.53060973,26500.632113,0.6756929, 68.8339,111.6072, 96.7769,317.8277,2216.208842
12314.52721932,26500.632112,0.6757578, 68.8336,111.5229, 96.7310,321.8161,2214.487465
12315.52381136,26500.632112,0.6758195, 68.8332,111.4375, 96.6865,325.7784,2212.851969
12316.52042493,26500.632111,0.6758736, 68.8329,111.3511, 96.6430,329.7719,2211.418491
12317.51707324,26500.632110,0.6759172, 68.8328,111.2640, 96.6003,333.8158,2210.263614
12318.51369391,26500.632109,0.6759490, 68.8330,111.1767, 96.5579,337.8201,2209.421373
12319.51032165,26500.632109,0.6759693, 68.8337,111.0896, 96.5154,341.8353,2208.883314
12320.50695455,26500.632108,0.6759800, 68.8348,111.0031, 96.4723,345.8587,2208.599903
12321.50360144,26500.632107,0.6759844, 68.8362,110.9174, 96.4283,349.9032,2208.482447
12322.50026333,26500.632106,0.6759872, 68.8379,110.8328, 96.3831,353.9701,2208.407713
12323.49693096,26500.632106,0.6759940, 68.8397,110.7494, 96.3366,358.0458,2208.228740
12324.49360510,26500.632105,0.6760104, 68.8414,110.6669, 96.2888,  2.1310,2207.795487
12325.49030878,26500.632104,0.6760409, 68.8427,110.5849, 96.2402,  6.2589,2206.986236
12326.48699862,26500.632103,0.6760878, 68.8434,110.5029, 96.1912, 10.3664,2205.741934
12327.48370131,26500.632102,0.6761497, 68.8434,110.4199, 96.1425, 14.4919,2204.103452
12328.48041248,26500.632102,0.6762210, 68.8427,110.3356, 96.0948, 18.6292,2202.213448
12329.47713486,26500.632101,0.6762937, 68.8417,110.2496, 96.0486, 22.7828,2200.285786
12330.47386063,26500.632100,0.6763593, 68.8405,110.1621, 96.0038, 26.9416,2198.547157
12331.47059478,26500.632099,0.6764113, 68.8397,110.0737, 95.9601, 31.1135,2197.169387
12332.46733327,26500.632099,0.6764473, 68.8395,109.9852, 95.9167, 35.2927,2196.215085
12333.46408026,26500.632098,0.6764697, 68.8401,109.8976, 95.8729, 39.4853,2195.621539
12334.46082902,26500.632097,0.6764846, 68.8413,109.8113, 95.8279, 43.6810,2195.226336
12335.45759231,26500.632096,0.6765001, 68.8430,109.7267, 95.7816, 47.8978,2194.816525
12336.45437222,26500.632095,0.6765238, 68.8448,109.6435, 95.7340, 52.1381,2194.188310
12337.45115380,26500.632095,0.6765612, 68.8463,109.5612, 95.6854, 56.3797,2193.198519
12338.44794136,26500.632094,0.6766142, 68.8472,109.4790, 95.6367, 60.6285,2191.794404
12339.44473797,26500.632093,0.6766811, 68.8476,109.3963, 95.5885, 64.8887,2190.019288
12340.44154079,26500.632092,0.6767577, 68.8473,109.3125, 95.5414, 69.1566,2187.990160
12341.43836343,26500.632091,0.6768379, 68.8466,109.2272, 95.4957, 73.4520,2185.865773
12342.43520237,26500.632090,0.6769155, 68.8457,109.1406, 95.4515, 77.7704,2183.809325
12343.43204019,26500.632090,0.6769853, 68.8447,109.0528, 95.4085, 82.0869,2181.959984
12344.42888629,26500.632089,0.6770436, 68.8440,108.9641, 95.3663, 86.4155,2180.414125
12345.42596745,26500.632088,0.6770888, 68.8436,108.8751, 95.3246, 91.0852,2179.215658
12346.42281414,26500.632087,0.6771212, 68.8436,108.7862, 95.2829, 95.4159,2178.356940
12347.41968461,26500.632086,0.6771428, 68.8440,108.6978, 95.2406, 99.7819,2177.785233
12348.41654084,26500.632085,0.6771570, 68.8448,108.6103, 95.1975,104.1282,2177.408821
12349.41339312,26500.632084,0.6771685, 68.8459,108.5238, 95.1532,108.4694,2177.103988
12350.41027614,26500.632084,0.6771828, 68.8471,108.4385, 95.1077,112.8558,2176.725541
12351.40718583,26500.632083,0.6772056, 68.8483,108.3542, 95.0609,117.2811,2176.119617
12352.40407847,26500.632082,0.6772422, 68.8492,108.2705, 95.0131,121.6816,2175.151065
12353.40099122,26500.632081,0.6772955, 68.8496,108.1868, 94.9649,126.1109,2173.738354
12354.39791776,26500.632080,0.6773652, 68.8493,108.1024, 94.9169,130.5596,2171.890744
12355.39486280,26500.632079,0.6774469, 68.8483,108.0166, 94.8699,135.0345,2169.727320
12356.39182974,26500.632078,0.6775319, 68.8468,107.9288, 94.8243,139.5410,2167.474447
12357.38875463,26500.632078,0.6776101, 68.8451,107.8393, 94.7804,143.9868,2165.399870
12358.38572591,26500.632077,0.6776733, 68.8436,107.7485, 94.7377,148.5009,2163.726392
12359.38268145,26500.632076,0.6777177, 68.8428,107.6575, 94.6955,152.9933,2162.549660
12362.37356850,26500.632073,0.6777812, 68.8447,107.3917, 94.5639,166.5056,2160.867656
12363.37056473,26500.632072,0.6778062, 68.8460,107.3064, 94.5174,171.0585,2160.204227
12364.36754857,26500.632071,0.6778445, 68.8471,107.2220, 94.4701,175.5923,2159.188546
12365.36455656,26500.632070,0.6778983, 68.8478,107.1379, 94.4225,180.1596,2157.764810
12366.36158454,26500.632069,0.6779661, 68.8478,107.0533, 94.3755,184.7542,2155.968137
12367.35860302,26500.632068,0.6780439, 68.8473,106.9677, 94.3294,189.3336,2153.906372
12368.35558951,26500.632067,0.6781258, 68.8464,106.8807, 94.2848,193.8654,2151.733752
12369.35266736,26500.632067,0.6782057, 68.8451,106.7921, 94.2416,198.5288,2149.617112
12370.34972473,26500.632066,0.6782778, 68.8438,106.7023, 94.1997,203.1622,2147.707312
12372.34385367,26500.632064,0.6783837, 68.8419,106.5203, 94.1183,212.4506,2144.899013
12374.33800018,26500.632062,0.6784350, 68.8414,106.3384, 94.0369,221.7676,2143.540251
12374.33802780,26500.632062,0.6784350, 68.8414,106.3384, 94.0369,221.8077,2143.540240
12375.33510240,26500.632061,0.6784459, 68.8419,106.2486, 93.9951,226.4696,2143.252724
12376.33221201,26500.632060,0.6784528, 68.8426,106.1599, 93.9521,231.1831,2143.068569
12378.32640351,26500.632058,0.6784772, 68.8445,105.9859, 93.8625,240.5715,2142.421691
12379.32353084,26500.632057,0.6785055, 68.8453,105.9002, 93.8161,245.3117,2141.671540
12380.32066227,26500.632056,0.6785499, 68.8456,105.8147, 93.7692,250.0575,2140.494998
12381.31782545,26500.632055,0.6786113, 68.8454,105.7287, 93.7222,254.8487,2138.869573
12382.31494535,26500.632054,0.6786864, 68.8445,105.6414, 93.6761,259.5766,2136.877636
12383.31210877,26500.632053,0.6787681, 68.8431,105.5522, 93.6313,264.3671,2134.714625
12384.30925984,26500.632052,0.6788456, 68.8412,105.4610, 93.5882,269.1401,2132.659162
12385.30641528,26500.632051,0.6789086, 68.8395,105.3681, 93.5465,273.9203,2130.989606
12386.30357251,26500.632050,0.6789506, 68.8383,105.2747, 93.5055,278.7047,2129.877619
12387.30077224,26500.632049,0.6789720, 68.8379,105.1818, 93.4641,283.5523,2129.309516
12388.29796787,26500.632048,0.6789800, 68.8385,105.0906, 93.4215,288.3952,2129.096756
12388.29797482,26500.632048,0.6789800, 68.8385,105.0906, 93.4215,288.4053,2129.096756
12390.29234139,26500.632046,0.6789978, 68.8411,104.9143, 93.3316,298.0556,2128.626300
12391.28949173,26500.632045,0.6790243, 68.8424,104.8284, 93.2849,302.8315,2127.924393
12392.28668870,26500.632044,0.6790670, 68.8432,104.7429, 93.2380,307.6732,2126.793291
12393.28389881,26500.632043,0.6791242, 68.8434,104.6570, 93.1916,312.5321,2125.276648
12394.28115319,26500.632042,0.6791915, 68.8431,104.5701, 93.1463,317.4535,2123.492568
12395.27840897,26500.632040,0.6792630, 68.8423,104.4818, 93.1024,322.3756,2121.598787
12396.77429963,26500.632039,0.6793643, 68.8406,104.3467, 93.0391,329.7674,2118.914849
12397.27296948,26500.632038,0.6793936, 68.8401,104.3010, 93.0187,332.2887,2118.136593
12398.27024299,26500.632037,0.6794427, 68.8390,104.2089, 92.9784,337.2355,2116.835616
12399.26753021,26500.632036,0.6794770, 68.8383,104.1164, 92.9386,342.2028,2115.925871
12403.25668760,26500.632032,0.6794910, 68.8395,103.7508, 92.7747,  2.0948,2115.555529
12404.25409719,26500.632031,0.6794843, 68.8406,103.6622, 92.7310,  7.2443,2115.734715
12405.25142117,26500.632030,0.6794844, 68.8418,103.5748, 92.6860, 12.2701,2115.731116
12406.24875634,26500.632029,0.6794964, 68.8430,103.4883, 92.6401, 17.3121,2115.413519
12410.23817833,26500.632024,0.6796934, 68.8429,103.1393, 92.4561, 37.5924,2110.192650
12410.73688753,26500.632024,0.6797275, 68.8422,103.0940, 92.4342, 40.1725,2109.288651
12411.23551739,26500.632023,0.6797601, 68.8415,103.0481, 92.4128, 42.6378,2108.423613
12412.23293655,26500.632022,0.6798157, 68.8400,102.9551, 92.3709, 47.8000,2106.952319
12414.22773252,26500.632020,0.6798638, 68.8387,102.7670, 92.2888, 58.0685,2105.675558
12415.22515681,26500.632019,0.6798588, 68.8394,102.6746, 92.2465, 63.2438,2105.808384
12416.22256615,26500.632018,0.6798475, 68.8409,102.5845, 92.2023, 68.3986,2106.109683
12418.71611488,26500.632015,0.6798647, 68.8456,102.3682, 92.0849, 81.3194,2105.652904
12419.21481079,26500.632014,0.6798815, 68.8463,102.3257, 92.0611, 83.8821,2105.206373
12420.21228798,26500.632013,0.6799274, 68.8472,102.2402, 92.0139, 89.1295,2103.991418
12420.71102291,26500.632012,0.6799550, 68.8474,102.1971, 91.9907, 91.7471,2103.259667
12421.20975252,26500.632012,0.6799846, 68.8475,102.1537, 91.9678, 94.3566,2102.474694
12422.20722939,26500.632011,0.6800463, 68.8472,102.0658, 91.9232, 99.5999,2100.839425
12423.20471042,26500.632010,0.6801057, 68.8467,101.9765, 91.8802,104.8483,2099.267213
12424.20220014,26500.632008,0.6801568, 68.8460,101.8859, 91.8383,110.1088,2097.913032
12425.19970028,26500.632007,0.6801953, 68.8455,101.7942, 91.7974,115.3846,2096.891351
12426.19721308,26500.632006,0.6802189, 68.8452,101.7021, 91.7570,120.6794,2096.266139
12427.19473315,26500.632005,0.6802273, 68.8453,101.6100, 91.7164,125.9858,2096.044370
12428.19228796,26500.632004,0.6802223, 68.8458,101.5184, 91.6753,131.3437,2096.176189
12429.18982288,26500.632003,0.6802077, 68.8468,101.4278, 91.6332,136.6741,2096.562231
12430.18737214,26500.632001,0.6801887, 68.8482,101.3385, 91.5898,142.0263,2097.066435
12431.18494370,26500.632000,0.6801712, 68.8499,101.2507, 91.5450,147.4115,2097.530662
12432.18248189,26500.631999,0.6801611, 68.8516,101.1641, 91.4990,152.7488,2097.797389
12433.18006437,26500.631998,0.6801636, 68.8534,101.0786, 91.4520,158.1502,2097.732585
12434.17765078,26500.631997,0.6801819, 68.8548,100.9936, 91.4044,163.5566,2097.245949
12435.17525499,26500.631996,0.6802172, 68.8558,100.9084, 91.3568,168.9881,2096.312122
12436.17286664,26500.631994,0.6802673, 68.8562,100.8224, 91.3097,174.4293,2094.984785
12436.17286678,26500.631994,0.6802673, 68.8562,100.8224, 91.3097,174.4295,2094.984785
12438.16812466,26500.631992,0.6803886, 68.8553,100.6455, 91.2191,185.3602,2091.768245
12439.16576553,26500.631991,0.6804424, 68.8545,100.5542, 91.1759,190.8432,2090.344598
12441.16106425,26500.631989,0.6804945, 68.8536,100.3685, 91.0916,201.8386,2088.963746
12442.15873109,26500.631987,0.6804898, 68.8544,100.2765, 91.0486,207.3651,2089.086995
12443.15639735,26500.631986,0.6804747, 68.8562,100.1867, 91.0036,212.8927,2089.487858
12444.15407260,26500.631985,0.6804627, 68.8586,100.0996, 90.9564,218.4339,2089.805799
12445.15170631,26500.631984,0.6804662, 68.8612,100.0147, 90.9074,223.9142,2089.713139
12445.15175450,26500.631984,0.6804662, 68.8612,100.0147, 90.9074,223.9840,2089.713120
12447.14716403,26500.631981,0.6805385, 68.8652, 99.8475, 90.8085,235.1438,2087.796274
12448.14488780,26500.631980,0.6806005, 68.8661, 99.7629, 90.7604,240.7473,2086.152719
12449.14257061,26500.631979,0.6806692, 68.8664, 99.6768, 90.7140,246.2894,2084.333994
12450.14037583,26500.631978,0.6807360, 68.8664, 99.5891, 90.6693,252.0074,2082.562882
12451.13814146,26500.631976,0.6807941, 68.8661, 99.4999, 90.6260,257.6675,2081.022665
12452.13591685,26500.631975,0.6808389, 68.8659, 99.4096, 90.5837,263.3418,2079.834782
12455.12928045,26500.631972,0.6808827, 68.8671, 99.1377, 90.4571,280.4242,2078.674026
12456.12708707,26500.631970,0.6808738, 68.8684, 99.0485, 90.4135,286.1480,2078.910606
12457.12490185,26500.631969,0.6808608, 68.8701, 98.9605, 90.3686,291.8848,2079.255964
12459.12056503,26500.631967,0.6808472, 68.8741, 98.7890, 90.2746,303.4090,2079.614853
12460.11841560,26500.631965,0.6808583, 68.8762, 98.7050, 90.2260,309.1986,2079.320526
12461.11628022,26500.631964,0.6808867, 68.8780, 98.6215, 90.1768,315.0078,2078.568392
12462.11415953,26500.631963,0.6809332, 68.8793, 98.5380, 90.1277,320.8372,2077.337141
12463.11204032,26500.631962,0.6809953, 68.8801, 98.4535, 90.0792,326.6675,2075.689918
12463.11205063,26500.631962,0.6809953, 68.8801, 98.4535, 90.0792,326.6824,2075.689899
12464.10995517,26500.631960,0.6810678, 68.8802, 98.3676, 90.0319,332.5460,2073.769780
12465.10787259,26500.631959,0.6811427, 68.8798, 98.2799, 89.9860,338.4276,2071.786159
12466.10580085,26500.631958,0.6812109, 68.8791, 98.1902, 89.9416,344.3250,2069.977646
12467.10373714,26500.631956,0.6812643, 68.8785, 98.0991, 89.8982,350.2351,2068.562364
12468.10168601,26500.631955,0.6812978, 68.8783, 98.0073, 89.8551,356.1652,2067.675591
12468.10168637,26500.631955,0.6812978, 68.8783, 98.0073, 89.8551,356.1657,2067.675591
12469.09963845,26500.631954,0.6813116, 68.8789, 97.9160, 89.8112,  2.1029,2067.307856
12470.09759829,26500.631952,0.6813128, 68.8804, 97.8265, 89.7657,  8.0535,2067.277996
12471.09548705,26500.631951,0.6813132, 68.8826, 97.7396, 89.7180, 13.9026,2067.265446
12471.09556887,26500.631951,0.6813132, 68.8826, 97.7396, 89.7180, 14.0211,2067.265435
12472.09355004,26500.631950,0.6813265, 68.8852, 97.6551, 89.6683, 20.0040,2066.914705
12473.09154969,26500.631949,0.6813622, 68.8877, 97.5723, 89.6174, 26.0121,2065.967564
12474.08956413,26500.631947,0.6814231, 68.8897, 97.4900, 89.5665, 32.0389,2064.353615
12475.08759087,26500.631946,0.6815045, 68.8909, 97.4068, 89.5168, 38.0807,2062.196687
12477.08368926,26500.631943,0.6816897, 68.8913, 97.2353, 89.4230, 50.2220,2057.288270
12478.08174349,26500.631942,0.6817741, 68.8909, 97.1467, 89.3788, 56.2980,2055.053611
12479.07969782,26500.631941,0.6818439, 68.8904, 97.0568, 89.3357, 62.2292,2053.201605
12480.07782811,26500.631939,0.6818967, 68.8902, 96.9662, 89.2932, 68.4160,2051.803391
12480.07783367,26500.631939,0.6818967, 68.8902, 96.9662, 89.2932, 68.4240,2051.803384
12481.07592550,26500.631938,0.6819324, 68.8902, 96.8755, 89.2508, 74.5562,2050.857255
12481.07592787,26500.631938,0.6819324, 68.8902, 96.8755, 89.2508, 74.5597,2050.857253
12482.07404526,26500.631936,0.6819539, 68.8907, 96.7853, 89.2077, 80.7302,2050.287104
12483.07218135,26500.631935,0.6819654, 68.8916, 96.6960, 89.1636, 86.9291,2049.982775
12484.07031434,26500.631934,0.6819724, 68.8930, 96.6080, 89.1181, 93.1248,2049.796321
12485.06845780,26500.631932,0.6819814, 68.8946, 96.5215, 89.0713, 99.3366,2049.560095
12486.06661729,26500.631931,0.6819988, 68.8964, 96.4363, 89.0232,105.5719,2049.099056
12487.06472626,26500.631929,0.6820303, 68.8982, 96.3523, 88.9741,111.7339,2048.262277
12487.06479504,26500.631929,0.6820303, 68.8982, 96.3523, 88.9741,111.8335,2048.262203
12488.06299920,26500.631928,0.6820801, 68.8997, 96.2688, 88.9245,118.1326,2046.943660
12488.56210915,26500.631927,0.6821123, 68.9004, 96.2270, 88.8996,121.2931,2046.090874
12489.06117705,26500.631927,0.6821491, 68.9008, 96.1851, 88.8750,124.3922,2045.113592
12490.05939179,26500.631925,0.6822351, 68.9013, 96.1006, 88.8262,130.7038,2042.836226
12491.05761702,26500.631924,0.6823320, 68.9011, 96.0144, 88.7788,137.0292,2040.267331
12492.05584545,26500.631922,0.6824314, 68.9003, 95.9263, 88.7330,143.3582,2037.634844
12492.05584550,26500.631922,0.6824314, 68.9003, 95.9263, 88.7330,143.3583,2037.634844
12493.05409219,26500.631921,0.6825235, 68.8992, 95.8360, 88.6888,149.7136,2035.191695
12494.05235335,26500.631919,0.6826002, 68.8980, 95.7442, 88.6457,156.0908,2033.159360
12495.05063034,26500.631918,0.6826567, 68.8972, 95.6517, 88.6030,162.4926,2031.664100
12496.04889863,26500.631916,0.6826932, 68.8970, 95.5595, 88.5597,168.8841,2030.695723
12497.04717500,26500.631915,0.6827159, 68.8977, 95.4687, 88.5149,175.2894,2030.093925
12498.04541269,26500.631913,0.6827354, 68.8992, 95.3802, 88.4682,181.6403,2029.576556
12499.04372015,26500.631912,0.6827643, 68.9011, 95.2940, 88.4194,188.0928,2028.811205
12500.04204556,26500.631910,0.6828131, 68.9031, 95.2096, 88.3694,194.5702,2027.518528
12501.04037953,26500.631909,0.6828869, 68.9047, 95.1260, 88.3190,201.0578,2025.563323
12501.53954008,26500.631908,0.6829328, 68.9052, 95.0841, 88.2941,204.2912,2024.345544
12503.03708960,26500.631906,0.6830961, 68.9056, 94.9563, 88.2218,214.0852,2020.019066
12503.53625253,26500.631905,0.6831545, 68.9054, 94.9127, 88.1987,217.3193,2018.471106
12504.03549443,26500.631904,0.6832125, 68.9050, 94.8685, 88.1761,220.6673,2016.933197
12505.53311307,26500.631902,0.6833720, 68.9034, 94.7330, 88.1113,230.5547,2012.707434
12506.03231723,26500.631901,0.6834172, 68.9028, 94.6870, 88.0904,233.8475,2011.508978
12506.53153227,26500.631900,0.6834576, 68.9022, 94.6407, 88.0696,237.1561,2010.439223
12507.03074483,26500.631899,0.6834929, 68.9017, 94.5942, 88.0490,240.4614,2009.502540
12508.02914448,26500.631898,0.6835490, 68.9009, 94.5011, 88.0077,247.0361,2008.017012
12508.02918816,26500.631898,0.6835490, 68.9009, 94.5011, 88.0077,247.0994,2008.016958
12509.02764340,26500.631896,0.6835880, 68.9005, 94.4086, 87.9659,253.7562,2006.982488
12510.02610736,26500.631895,0.6836150, 68.9006, 94.3168, 87.9231,260.4271,2006.267977
12511.02456808,26500.631893,0.6836360, 68.9011, 94.2263, 87.8789,267.0948,2005.711775
12511.52381000,26500.631892,0.6836463, 68.9015, 94.1816, 87.8563,270.4458,2005.437065
12512.02300080,26500.631891,0.6836578, 68.9020, 94.1373, 87.8333,273.7229,2005.134368
12513.02153244,26500.631890,0.6836870, 68.9031, 94.0496, 87.7864,280.4948,2004.358365
12514.02004004,26500.631888,0.6837297, 68.9042, 93.9631, 87.7385,287.2318,2003.226727
12514.51929226,26500.631887,0.6837576, 68.9047, 93.9202, 87.7144,290.5978,2002.488172
12515.01855268,26500.631886,0.6837903, 68.9051, 93.8773, 87.6901,293.9754,2001.622026
12516.01709243,26500.631885,0.6838703, 68.9056, 93.7913, 87.6418,300.7569,1999.500514
12517.01564380,26500.631883,0.6839682, 68.9054, 93.7045, 87.5943,307.5536,1996.908008
12517.51492552,26500.631882,0.6840221, 68.9051, 93.6605, 87.5710,310.9601,1995.478169
12518.01420623,26500.631881,0.6840781, 68.9046, 93.6160, 87.5482,314.3648,1993.995042
12519.01279060,26500.631880,0.6841910, 68.9031, 93.5253, 87.5038,321.2066,1991.002490
12519.51208438,26500.631879,0.6842453, 68.9022, 93.4791, 87.4823,324.6296,1989.564589
12520.01132782,26500.631878,0.6842963, 68.9012, 93.4323, 87.4612,327.9798,1988.212231
12520.51063131,26500.631877,0.6843430, 68.9002, 93.3851, 87.4404,331.4171,1986.975049
12521.50924967,26500.631875,0.6844202, 68.8983, 93.2897, 87.3994,338.3095,1984.929307
12522.00854051,26500.631874,0.6844500, 68.8975, 93.2418, 87.3790,341.7298,1984.139634
12523.00718849,26500.631872,0.6844933, 68.8965, 93.1463, 87.3375,348.6684,1982.990766
12523.50650446,26500.631872,0.6845085, 68.8963, 93.0991, 87.3162,352.1270,1982.588656
12524.50514151,26500.631870,0.6845323, 68.8965, 93.0061, 87.2723,359.0532,1981.959664
12525.00445383,26500.631869,0.6845438, 68.8969, 92.9605, 87.2496,  2.5078,1981.652823
12525.50377984,26500.631868,0.6845573, 68.8974, 92.9155, 87.2264,  5.9823,1981.296574
12526.00310683,26500.631867,0.6845740, 68.8980, 92.8711, 87.2028,  9.4583,1980.853797
12526.50243794,26500.631866,0.6845951, 68.8987, 92.8271, 87.1788, 12.9401,1980.293378
12527.50110666,26500.631864,0.6846538, 68.8999, 92.7401, 87.1303, 19.9118,1978.737989
12528.00044452,26500.631863,0.6846921, 68.9003, 92.6968, 87.1061, 23.4019,1977.724733
12528.49979619,26500.631862,0.6847360, 68.9006, 92.6534, 87.0820, 26.9113,1976.560765
12528.99909482,26500.631862,0.6847850, 68.9007, 92.6099, 87.0582, 30.3431,1975.262431
12528.99911834,26500.631862,0.6847850, 68.9007, 92.6099, 87.0582, 30.3772,1975.262367
12529.49847102,26500.631861,0.6848381, 68.9006, 92.5660, 87.0348, 33.8866,1973.854614
12530.99655343,26500.631858,0.6850099, 68.8993, 92.4314, 86.9676, 44.4463,1969.301019
12531.99527752,26500.631856,0.6851213, 68.8977, 92.3389, 86.9253, 51.4875,1966.348794
12532.99402623,26500.631854,0.6852190, 68.8958, 92.2445, 86.8848, 58.5639,1963.761188
12533.49340486,26500.631853,0.6852606, 68.8949, 92.1966, 86.8649, 62.1084,1962.658442
12534.99154739,26500.631850,0.6853530, 68.8924, 92.0521, 86.8058, 72.7534,1960.210403
12535.49093408,26500.631849,0.6853734, 68.8918, 92.0039, 86.7859, 76.3110,1959.668872
12535.99032201,26500.631848,0.6853894, 68.8913, 91.9559, 86.7658, 79.8709,1959.244574
12535.99032380,26500.631848,0.6853894, 68.8913, 91.9559, 86.7658, 79.8735,1959.244573
12536.48971372,26500.631847,0.6854017, 68.8909, 91.9081, 86.7455, 83.4368,1958.919029
12537.98789735,26500.631844,0.6854245, 68.8905, 91.7666, 86.6824, 94.1493,1958.314538
12538.98669728,26500.631842,0.6854372, 68.8908, 91.6741, 86.6386,101.3084,1957.978535
12539.48610064,26500.631841,0.6854455, 68.8911, 91.6285, 86.6161,104.8931,1957.759083
12540.48491684,26500.631839,0.6854699, 68.8917, 91.5383, 86.5702,112.0765,1957.110633
12540.98432862,26500.631838,0.6854875, 68.8920, 91.4936, 86.5470,115.6735,1956.645868
12541.98316334,26500.631836,0.6855356, 68.8926, 91.4048, 86.5000,122.8831,1955.369260
12542.48258433,26500.631835,0.6855668, 68.8927, 91.3604, 86.4765,126.4927,1954.543667
12542.98201153,26500.631834,0.6856027, 68.8928, 91.3160, 86.4531,130.1110,1953.592031
12543.48143620,26500.631833,0.6856431, 68.8927, 91.2714, 86.4299,133.7251,1952.520586
12543.98087152,26500.631832,0.6856876, 68.8924, 91.2265, 86.4069,137.3543,1951.341771
12544.97974081,26500.631830,0.6857857, 68.8913, 91.1355, 86.3620,144.6095,1948.742580
12545.97862153,26500.631828,0.6858885, 68.8896, 91.0423, 86.3188,151.8799,1946.017813
12546.97750722,26500.631826,0.6859853, 68.8873, 90.9467, 86.2775,159.1570,1943.454209
12547.47695391,26500.631825,0.6860278, 68.8861, 90.8980, 86.2574,162.8014,1942.326979
12548.97530210,26500.631822,0.6861201, 68.8826, 90.7501, 86.1982,173.7487,1939.880612
12549.47475267,26500.631821,0.6861379, 68.8818, 90.7006, 86.1784,177.4008,1939.408377
12549.97420361,26500.631820,0.6861499, 68.8811, 90.6514, 86.1583,181.0542,1939.090434
12550.47365683,26500.631819,0.6861571, 68.8807, 90.6025, 86.1378,184.7116,1938.898964
12550.97311017,26500.631818,0.6861610, 68.8805, 90.5542, 86.1167,188.3698,1938.796766
12551.97201890,26500.631815,0.6861653, 68.8808, 90.4594, 86.0730,195.6906,1938.681996
12552.97093296,26500.631813,0.6861763, 68.8818, 90.3672, 86.0272,203.0200,1938.390863
12553.47039252,26500.631812,0.6861878, 68.8823, 90.3219, 86.0037,206.6881,1938.085572
12554.96878490,26500.631809,0.6862555, 68.8838, 90.1881, 85.9323,217.7098,1936.292998
12555.96772713,26500.631807,0.6863281, 68.8842, 90.0991, 85.8852,225.0745,1934.369053
12556.46720359,26500.631806,0.6863708, 68.8842, 90.0542, 85.8622,228.7635,1933.236318
12556.96670973,26500.631805,0.6864165, 68.8839, 90.0089, 85.8396,232.4948,1932.026291
12557.46616061,26500.631804,0.6864638, 68.8835, 89.9632, 85.8176,236.1454,1930.771556
12557.96565396,26500.631803,0.6865116, 68.8829, 89.9169, 85.7960,239.8571,1929.505970
12558.46513972,26500.631801,0.6865585, 68.8822, 89.8701, 85.7750,243.5573,1928.263589
12558.96462939,26500.631800,0.6866033, 68.8814, 89.8228, 85.7544,247.2629,1927.076611
12559.46412287,26500.631799,0.6866449, 68.8805, 89.7749, 85.7342,250.9738,1925.974030
12560.46310435,26500.631797,0.6867150, 68.8785, 89.6780, 85.6948,258.3879,1924.114591
12560.96261258,26500.631796,0.6867424, 68.8776, 89.6291, 85.6754,262.1206,1923.389356
12561.46210318,26500.631795,0.6867642, 68.8767, 89.5800, 85.6560,265.8280,1922.810893
12562.96057577,26500.631791,0.6867978, 68.8747, 89.4326, 85.5973,276.9544,1921.920437
12563.46006682,26500.631790,0.6868000, 68.8743, 89.3838, 85.5773,280.6645,1921.864068
12564.45904927,26500.631788,0.6867951, 68.8739, 89.2872, 85.5362,288.0869,1921.991640
12564.95855624,26500.631787,0.6867901, 68.8739, 89.2394, 85.5150,291.8216,1922.125662
12565.45804914,26500.631786,0.6867846, 68.8740, 89.1921, 85.4934,295.5363,1922.271525
12566.95655731,26500.631782,0.6867749, 68.8750, 89.0529, 85.4263,306.7246,1922.527144
12567.45605423,26500.631781,0.6867768, 68.8754, 89.0072, 85.4033,310.4458,1922.476784
12567.95556168,26500.631780,0.6867825, 68.8759, 88.9619, 85.3801,314.1822,1922.327927
12568.45506205,26500.631779,0.6867923, 68.8763, 88.9168, 85.3567,317.9082,1922.067341
12569.45406351,26500.631777,0.6868258, 68.8771, 88.8271, 85.3096,325.3605,1921.178653
12569.95357025,26500.631775,0.6868497, 68.8773, 88.7822, 85.2861,329.0949,1920.545815
12570.95258498,26500.631773,0.6869107, 68.8774, 88.6920, 85.2397,336.5641,1918.929128
12571.45208749,26500.631772,0.6869468, 68.8772, 88.6465, 85.2169,340.2910,1917.971978
12572.95061071,26500.631769,0.6870672, 68.8756, 88.5072, 85.1508,351.4922,1914.781417
12573.94962555,26500.631766,0.6871454, 68.8737, 88.4115, 85.1090,358.9576,1912.708928
12574.44913406,26500.631765,0.6871798, 68.8727, 88.3627, 85.0887,  2.6920,1911.798715
12575.94764790,26500.631762,0.6872497, 68.8695, 88.2140, 85.0291, 13.8805,1909.945122
12576.94665076,26500.631759,0.6872636, 68.8681, 88.1143, 84.9891, 21.3338,1909.578435
12577.94564697,26500.631757,0.6872555, 68.8677, 88.0159, 84.9474, 28.7808,1909.791367
12578.94463714,26500.631754,0.6872378, 68.8682, 87.9201, 84.9033, 36.2219,1910.260433
12579.94362263,26500.631752,0.6872258, 68.8696, 87.8274, 84.8567, 43.6574,1910.577770
12580.44311425,26500.631751,0.6872263, 68.8705, 87.7820, 84.8327, 47.3735,1910.565781
12581.44209663,26500.631748,0.6872452, 68.8723, 87.6927, 84.7839, 54.8031,1910.064712
12581.94159471,26500.631747,0.6872643, 68.8730, 87.6484, 84.7595, 58.5269,1909.559419
12582.94057411,26500.631745,0.6873198, 68.8741, 87.5598, 84.7113, 65.9478,1908.088251
12583.93957505,26500.631742,0.6873921, 68.8745, 87.4701, 84.6646, 73.3967,1906.170996
12584.43905767,26500.631741,0.6874315, 68.8744, 87.4246, 84.6420, 77.0943,1905.127775
12584.93855376,26500.631740,0.6874712, 68.8741, 87.3787, 84.6199, 80.8107,1904.074741
12585.93754471,26500.631738,0.6875468, 68.8731, 87.2852, 84.5772, 88.2406,1902.072299
12587.43601634,26500.631734,0.6876349, 68.8712, 87.1415, 84.5160, 99.3631,1899.737265
12587.93551360,26500.631733,0.6876547, 68.8705, 87.0930, 84.4960,103.0806,1899.212784
12588.43500931,26500.631731,0.6876691, 68.8699, 87.0442, 84.4761,106.7962,1898.830026
12588.93450326,26500.631730,0.6876782, 68.8694, 86.9955, 84.4561,110.5097,1898.588991
12589.43398432,26500.631729,0.6876822, 68.8689, 86.9467, 84.4360,114.2050,1898.483843
12590.93241717,26500.631725,0.6876685, 68.8684, 86.8015, 84.3740,125.2793,1898.847204
12591.93135967,26500.631723,0.6876459, 68.8688, 86.7063, 84.3308,132.6465,1899.444929
12591.93137092,26500.631723,0.6876459, 68.8688, 86.7063, 84.3308,132.6628,1899.444936
12592.43082801,26500.631722,0.6876335, 68.8692, 86.6594, 84.3085,136.3265,1899.775278
12593.92922688,26500.631718,0.6876034, 68.8711, 86.5215, 84.2392,147.3595,1900.573386
12595.42761237,26500.631714,0.6876018, 68.8735, 86.3872, 84.1672,158.3735,1900.613528
12596.92598751,26500.631711,0.6876423, 68.8757, 86.2546, 84.0942,169.3702,1899.541833
12597.92489786,26500.631708,0.6876928, 68.8765, 86.1660, 84.0461,176.6899,1898.204292
12598.42435053,26500.631707,0.6877238, 68.8767, 86.1213, 84.0224,180.3454,1897.380288
12598.92379221,26500.631706,0.6877579, 68.8768, 86.0763, 83.9991,183.9844,1896.479074
12599.92269882,26500.631703,0.6878307, 68.8764, 85.9848, 83.9538,191.2951,1894.548356
12600.92158769,26500.631701,0.6879024, 68.8753, 85.8912, 83.9102,198.5790,1892.649733
12601.42102613,26500.631699,0.6879346, 68.8747, 85.8435, 83.8889,202.2122,1891.795861
12602.91932215,26500.631695,0.6880031, 68.8725, 85.6978, 83.8268,213.0856,1889.980331
12603.91817459,26500.631693,0.6880183, 68.8714, 85.5997, 83.7854,220.3208,1889.576346
12604.41759274,26500.631692,0.6880169, 68.8712, 85.5508, 83.7643,223.9281,1889.615397
12605.91581864,26500.631688,0.6879898, 68.8721, 85.4073, 83.6974,234.7137,1890.332646
12605.91582797,26500.631688,0.6879898, 68.8721, 85.4073, 83.6974,234.7272,1890.332652
12606.91463377,26500.631685,0.6879718, 68.8741, 85.3153, 83.6495,241.9040,1890.810696
12607.41403363,26500.631684,0.6879689, 68.8753, 85.2705, 83.6246,245.4881,1890.886623
12608.91221541,26500.631680,0.6880008, 68.8791, 85.1394, 83.5482,256.2122,1890.040907
12609.91099583,26500.631677,0.6880579, 68.8810, 85.0530, 83.4976,263.3467,1888.528769
12610.41038517,26500.631676,0.6880949, 68.8818, 85.0095, 83.4729,266.9112,1887.547733
12611.90854670,26500.631672,0.6882224, 68.8826, 84.8763, 83.4021,277.5902,1884.167363
12612.90731188,26500.631670,0.6883059, 68.8823, 84.7848, 83.3577,284.6932,1881.955445
12612.90731860,26500.631670,0.6883059, 68.8823, 84.7848, 83.3577,284.7030,1881.955431
12613.90606628,26500.631667,0.6883763, 68.8816, 84.6913, 83.3150,291.7797,1880.089193
12614.90480808,26500.631664,0.6884276, 68.8807, 84.5963, 83.2733,298.8482,1878.730484
12615.40417470,26500.631663,0.6884452, 68.8804, 84.5485, 83.2526,302.3767,1878.264025
12616.40289506,26500.631660,0.6884647, 68.8798, 84.4527, 83.2108,309.4164,1877.747912
12617.40160128,26500.631658,0.6884659, 68.8798, 84.3574, 83.1682,316.4378,1877.714580
12618.40029313,26500.631655,0.6884546, 68.8803, 84.2632, 83.1242,323.4406,1878.015314
12619.39896746,26500.631652,0.6884380, 68.8814, 84.1707, 83.0785,330.4201,1878.454918
12619.89832833,26500.631651,0.6884303, 68.8822, 84.1251, 83.0549,333.9448,1878.659635
12620.39763179,26500.631650,0.6884243, 68.8830, 84.0800, 83.0310,337.3866,1878.818784
12621.89560611,26500.631646,0.6884253, 68.8861, 83.9473, 82.9572,347.8050,1878.792339
12622.39492628,26500.631644,0.6884343, 68.8872, 83.9037, 82.9321,351.2709,1878.553905
12624.39217946,26500.631639,0.6885213, 68.8909, 83.7307, 82.8318,  5.0909,1876.247158
12625.39078821,26500.631636,0.6885928, 68.8920, 83.6435, 82.7827, 11.9719,1874.353508
12626.38939128,26500.631633,0.6886762, 68.8924, 83.5549, 82.7351, 18.8425,1872.142650
12627.38797941,26500.631631,0.6887636, 68.8921, 83.4644, 82.6893, 25.6898,1869.826368
12627.88726512,26500.631629,0.6888059, 68.8918, 83.4183, 82.6670, 29.1010,1868.705556
12629.38511187,26500.631625,0.6889136, 68.8901, 83.2770, 82.6023, 39.3196,1865.850106
12630.88291695,26500.631621,0.6889753, 68.8886, 83.1326, 82.5387, 49.4815,1864.216123
12631.38217494,26500.631619,0.6889843, 68.8884, 83.0844, 82.5172, 52.8553,1863.977598
12633.37916308,26500.631614,0.6889840, 68.8899, 82.8960, 82.4259, 66.2956,1863.986730
12633.87839244,26500.631612,0.6889832, 68.8910, 82.8506, 82.4014, 69.6317,1864.006137
12633.87840002,26500.631612,0.6889832, 68.8910, 82.8506, 82.4014, 69.6426,1864.006137
12634.37763262,26500.631611,0.6889863, 68.8922, 82.8060, 82.3763, 72.9837,1863.924634
12635.37608821,26500.631608,0.6890109, 68.8949, 82.7188, 82.3247, 79.6514,1863.271808
12636.37453287,26500.631605,0.6890669, 68.8977, 82.6334, 82.2724, 86.3009,1861.788842
12637.37297444,26500.631602,0.6891533, 68.8997, 82.5481, 82.2211, 92.9419,1859.498067
12637.87219086,26500.631601,0.6892052, 68.9005, 82.5050, 82.1962, 96.2544,1858.123769
12638.37140741,26500.631600,0.6892605, 68.9009, 82.4614, 82.1719, 99.5660,1856.657399
12639.36982923,26500.631597,0.6893741, 68.9012, 82.3725, 82.1253,106.1704,1853.648528
12639.86903601,26500.631595,0.6894287, 68.9010, 82.3270, 82.1030,109.4657,1852.199497
12640.36824704,26500.631594,0.6894800, 68.9007, 82.2810, 82.0812,112.7668,1850.840309
12640.86745411,26500.631592,0.6895268, 68.9002, 82.2344, 82.0597,116.0620,1849.600751
12641.36664517,26500.631591,0.6895683, 68.8998, 82.1874, 82.0387,119.3340,1848.502105
12642.36503547,26500.631588,0.6896337, 68.8988, 82.0924, 81.9969,125.8907,1846.767829
12643.86257611,26500.631583,0.6896898, 68.8979, 81.9494, 81.9337,135.6643,1845.282106
12644.36174954,26500.631582,0.6896992, 68.8978, 81.9020, 81.9121,138.9135,1845.031900
12645.36008080,26500.631579,0.6897091, 68.8982, 81.8081, 81.8678,145.3911,1844.771145
12645.85924711,26500.631577,0.6897114, 68.8985, 81.7617, 81.8450,148.6317,1844.708530
12646.35842007,26500.631576,0.6897135, 68.8991, 81.7157, 81.8218,151.8824,1844.653643
12646.85758408,26500.631574,0.6897163, 68.8997, 81.6703, 81.7982,155.1205,1844.578851
12647.35673152,26500.631573,0.6897209, 68.9005, 81.6252, 81.7741,158.3349,1844.457530
12647.85585528,26500.631571,0.6897282, 68.9014, 81.5807, 81.7497,161.5151,1844.264790
12648.35502500,26500.631569,0.6897390, 68.9023, 81.5365, 81.7250,164.7619,1843.978352
12648.85416365,26500.631568,0.6897540, 68.9033, 81.4927, 81.7000,167.9637,1843.579431
12649.35330488,26500.631566,0.6897739, 68.9043, 81.4492, 81.6749,171.1689,1843.053335
12650.35156941,26500.631563,0.6898293, 68.9062, 81.3627, 81.6244,177.5525,1841.585079
12651.34982081,26500.631560,0.6899057, 68.9078, 81.2763, 81.5743,183.9150,1839.559980
12652.34806353,26500.631557,0.6900002, 68.9087, 81.1892, 81.5253,190.2624,1837.054238
12653.34629516,26500.631554,0.6901069, 68.9089, 81.1006, 81.4779,196.5914,1834.227551
12653.84540562,26500.631552,0.6901622, 68.9088, 81.0555, 81.4549,199.7474,1832.761883
12654.34447665,26500.631551,0.6902173, 68.9084, 81.0099, 81.4324,202.8458,1831.302297
12654.84357244,26500.631549,0.6902710, 68.9079, 80.9637, 81.4103,205.9798,1829.880190
12655.34268503,26500.631548,0.6903221, 68.9073, 80.9170, 81.3887,209.1381,1828.526200
12656.34087712,26500.631544,0.6904124, 68.9057, 80.8220, 81.3464,215.4068,1826.130840
12656.83996416,26500.631543,0.6904501, 68.9049, 80.7739, 81.3255,218.5286,1825.132534
12657.33904499,26500.631541,0.6904821, 68.9042, 80.7255, 81.3047,221.6419,1824.284913
12658.33720370,26500.631538,0.6905288, 68.9030, 80.6285, 81.2626,227.8663,1823.045979
12659.33534143,26500.631534,0.6905559, 68.9025, 80.5323, 81.2192,234.0636,1822.328387
12660.83250296,26500.631529,0.6905807, 68.9036, 80.3916, 81.1498,243.3001,1821.672849
12660.83251333,26500.631529,0.6905807, 68.9036, 80.3916, 81.1498,243.3151,1821.672844
12662.82869360,26500.631523,0.6906578, 68.9077, 80.2136, 81.0496,255.5836,1819.629843
12663.82673090,26500.631520,0.6907401, 68.9099, 80.1272, 80.9982,261.6383,1817.448233
12664.32575724,26500.631518,0.6907930, 68.9107, 80.0840, 80.9730,264.6753,1816.045685
12664.82481629,26500.631516,0.6908525, 68.9113, 80.0406, 80.9482,267.7585,1814.469381
12665.82287506,26500.631513,0.6909845, 68.9118, 79.9523, 80.9005,273.8356,1810.971509
12667.81896153,26500.631506,0.6912454, 68.9100, 79.7675, 80.8135,285.9352,1804.057322
12668.81700998,26500.631502,0.6913484, 68.9082, 79.6715, 80.7728,291.9912,1801.328636
12669.31600006,26500.631500,0.6913899, 68.9073, 79.6229, 80.7528,294.9702,1800.226907
12670.31400419,26500.631497,0.6914533, 68.9057, 79.5252, 80.7126,300.9643,1798.547952
12671.31199330,26500.631493,0.6914938, 68.9045, 79.4278, 80.6714,306.9393,1797.473407
12672.30996118,26500.631489,0.6915187, 68.9039, 79.3314, 80.6287,312.8863,1796.813937
12672.30996253,26500.631489,0.6915187, 68.9039, 79.3314, 80.6287,312.8882,1796.813936
12673.30792082,26500.631486,0.6915368, 68.9040, 79.2367, 80.5842,318.8237,1796.335115
12674.30586025,26500.631482,0.6915569, 68.9047, 79.1438, 80.5380,324.7335,1795.801003
12675.80275111,26500.631477,0.6916083, 68.9064, 79.0077, 80.4660,333.5728,1794.439604
12675.80275690,26500.631477,0.6916083, 68.9064, 79.0077, 80.4660,333.5812,1794.439597
12677.29958144,26500.631471,0.6917012, 68.9083, 78.8746, 80.3925,342.3227,1791.978695
12678.29750591,26500.631468,0.6917891, 68.9091, 78.7859, 80.3439,348.2081,1789.648788
12678.79644331,26500.631466,0.6918402, 68.9094, 78.7413, 80.3199,351.1138,1788.295276
12679.29537167,26500.631464,0.6918952, 68.9094, 78.6965, 80.2964,354.0058,1786.837561
12680.29324993,26500.631460,0.6920134, 68.9089, 78.6055, 80.2505,359.8191,1783.704305
12680.79215935,26500.631458,0.6920744, 68.9084, 78.5592, 80.2284,  2.6818,1782.086761
12681.29107811,26500.631456,0.6921351, 68.9077, 78.5124, 80.2067,  5.5576,1780.478012
12681.78999095,26500.631454,0.6921943, 68.9068, 78.4650, 80.1855,  8.4246,1778.911416
12682.28890025,26500.631452,0.6922506, 68.9057, 78.4169, 80.1648, 11.2862,1777.419232
12682.28890826,26500.631452,0.6922506, 68.9057, 78.4169, 80.1648, 11.2978,1777.419209
12682.78788919,26500.631450,0.6923030, 68.9045, 78.3683, 80.1444, 14.2632,1776.030476
12683.28680929,26500.631448,0.6923505, 68.9033, 78.3192, 80.1243, 17.1407,1774.770804
12684.28463346,26500.631444,0.6924285, 68.9008, 78.2200, 80.0845, 22.8736,1772.704912
12685.28243288,26500.631440,0.6924824, 68.8986, 78.1201, 80.0444, 28.5732,1771.276363
12686.28022153,26500.631436,0.6925156, 68.8971, 78.0209, 80.0031, 34.2605,1770.395014
12687.27795709,26500.631432,0.6925369, 68.8966, 77.9233, 79.9596, 39.8741,1769.831175
12688.27569340,26500.631428,0.6925587, 68.8970, 77.8282, 79.9137, 45.4914,1769.254488
12689.27342365,26500.631424,0.6925944, 68.8981, 77.7356, 79.8657, 51.1008,1768.308108
12689.77228773,26500.631422,0.6926211, 68.8988, 77.6902, 79.8412, 53.9037,1767.599146
12689.77237403,26500.631422,0.6926211, 68.8988, 77.6902, 79.8412, 54.0288,1767.599007
12691.26887274,26500.631416,0.6927456, 68.9006, 77.5557, 79.7674, 62.2982,1764.301420
12692.26659290,26500.631412,0.6928628, 68.9011, 77.4657, 79.7198, 67.8850,1761.194175
12693.26430375,26500.631407,0.6929961, 68.9006, 77.3738, 79.6747, 73.4540,1757.661210
12694.26201300,26500.631403,0.6931305, 68.8990, 77.2791, 79.6325, 79.0171,1754.099699
12695.25971194,26500.631399,0.6932511, 68.8967, 77.1815, 79.5928, 84.5635,1750.904364
12696.25739308,26500.631394,0.6933470, 68.8940, 77.0816, 79.5545, 90.0842,1748.362103
12697.25507153,26500.631390,0.6934140, 68.8913, 76.9804, 79.5166, 95.6028,1746.586882
12697.25517743,26500.631390,0.6934140, 68.8913, 76.9804, 79.5166, 95.7563,1746.586733
12699.25037871,26500.631381,0.6934750, 68.8873, 76.7787, 79.4375,106.5769,1744.971840
12700.24799718,26500.631377,0.6934858, 68.8864, 76.6800, 79.3951,112.0176,1744.684630
12701.24560694,26500.631372,0.6934969, 68.8861, 76.5834, 79.3508,117.4477,1744.389734
12702.24320565,26500.631368,0.6935173, 68.8864, 76.4886, 79.3048,122.8630,1743.850129
12703.24079976,26500.631363,0.6935537, 68.8870, 76.3955, 79.2577,128.2715,1742.886735
12707.72984378,26500.631343,0.6939449, 68.8857, 75.9770, 79.0513,152.3991,1732.517331
12710.22369870,26500.631331,0.6941953, 68.8789, 75.7293, 78.9511,165.7020,1725.883479
12712.21882522,26500.631321,0.6943020, 68.8726, 75.5235, 78.8747,176.4111,1723.055495
12713.21630628,26500.631317,0.6943199, 68.8703, 75.4208, 78.8350,181.6515,1722.580334
12714.21377948,26500.631312,0.6943243, 68.8690, 75.3198, 78.7931,186.8840,1722.464862
12715.21123589,26500.631307,0.6943277, 68.8687, 75.2213, 78.7487,192.0950,1722.373033
12716.20868150,26500.631302,0.6943435, 68.8692, 75.1254, 78.7021,197.2915,1721.954275
12717.20611771,26500.631297,0.6943821, 68.8701, 75.0317, 78.6543,202.4737,1720.931696
12717.70483343,26500.631295,0.6944118, 68.8705, 74.9854, 78.6303,205.0604,1720.146075
12718.20354769,26500.631292,0.6944484, 68.8708, 74.9392, 78.6064,207.6443,1719.176054
12719.20097628,26500.631287,0.6945401, 68.8710, 74.8464, 78.5597,212.8092,1716.745555
12720.19839976,26500.631282,0.6946487, 68.8703, 74.7521, 78.5152,217.9626,1713.866761
12721.19581673,26500.631277,0.6947613, 68.8686, 74.6554, 78.4734,223.1030,1710.882490
12722.19322610,26500.631272,0.6948639, 68.8660, 74.5559, 78.4341,228.2302,1708.164209
12724.18799417,26500.631262,0.6949971, 68.8598, 74.3503, 78.3595,238.4119,1704.634931
12724.18801284,26500.631262,0.6949971, 68.8598, 74.3503, 78.3595,238.4390,1704.634913
12725.18538921,26500.631257,0.6950209, 68.8569, 74.2463, 78.3220,243.5223,1704.004494
12726.18275042,26500.631251,0.6950219, 68.8547, 74.1429, 78.2828,248.5873,1703.977389
12727.18009713,26500.631246,0.6950098, 68.8532, 74.0412, 78.2415,253.6346,1704.297556
12728.17743081,26500.631241,0.6949957, 68.8526, 73.9416, 78.1980,258.6658,1704.670183
12729.17475116,26500.631236,0.6949899, 68.8526, 73.8442, 78.1526,263.6793,1704.825538
12731.16937562,26500.631226,0.6950302, 68.8536, 73.6544, 78.0585,273.6821,1703.758380
12732.16667349,26500.631220,0.6950815, 68.8539, 73.5605, 78.0114,278.6604,1702.397052
12735.15855658,26500.631204,0.6953229, 68.8511, 73.2733, 77.8781,293.5647,1695.999379
12735.65716760,26500.631202,0.6953660, 68.8499, 73.2238, 77.8575,295.9944,1694.858385
12736.15581340,26500.631199,0.6954066, 68.8486, 73.1736, 77.8375,298.4743,1693.781665
12736.65444697,26500.631196,0.6954436, 68.8471, 73.1228, 77.8178,300.9364,1692.802144
12737.65167927,26500.631191,0.6955022, 68.8438, 73.0197, 77.7794,305.8106,1691.247728
12738.15029545,26500.631188,0.6955223, 68.8421, 72.9676, 77.7604,308.2484,1690.716852
12739.14753377,26500.631183,0.6955422, 68.8390, 72.8628, 77.7221,313.1348,1690.187611
12739.64614174,26500.631180,0.6955427, 68.8377, 72.8104, 77.7025,315.5632,1690.175428
12740.14474701,26500.631177,0.6955379, 68.8366, 72.7583, 77.6824,317.9887,1690.302746
12741.14195496,26500.631172,0.6955180, 68.8352, 72.6556, 77.6404,322.8390,1690.830504
12742.13914874,26500.631166,0.6954958, 68.8350, 72.5555, 77.5957,327.6720,1691.417792
12743.13633070,26500.631161,0.6954857, 68.8356, 72.4583, 77.5486,332.4893,1691.685680
12744.13350217,26500.631155,0.6954988, 68.8368, 72.3636, 77.5000,337.2910,1691.338988
12745.13066734,26500.631150,0.6955399, 68.8380, 72.2702, 77.4513,342.0811,1690.249999
12746.12782862,26500.631144,0.6956066, 68.8386, 72.1769, 77.4036,346.8618,1688.482141
12747.12499508,26500.631139,0.6956904, 68.8384, 72.0823, 77.3581,351.6459,1686.260610
12747.62358921,26500.631136,0.6957350, 68.8380, 72.0343, 77.3362,354.0523,1685.078719
12748.12216598,26500.631133,0.6957792, 68.8373, 71.9856, 77.3150,356.4329,1683.907999
12749.11931713,26500.631128,0.6958600, 68.8353, 71.8864, 77.2744,  1.1889,1681.767947
12750.11645971,26500.631122,0.6959216, 68.8327, 71.7847, 77.2355,  5.9318,1680.134087
12751.11359583,26500.631116,0.6959572, 68.8300, 71.6814, 77.1973, 10.6666,1679.192370
12752.11071428,26500.631111,0.6959650, 68.8274, 71.5774, 77.1588, 15.3783,1678.984081
12753.10781316,26500.631105,0.6959493, 68.8254, 71.4739, 77.1187, 20.0653,1679.399611
12754.10491032,26500.631099,0.6959188, 68.8243, 71.3718, 77.0766, 24.7535,1680.208379
12755.10198855,26500.631093,0.6958845, 68.8240, 71.2719, 77.0320, 29.4173,1681.116871
12756.09906208,26500.631088,0.6958575, 68.8245, 71.1744, 76.9853, 34.0764,1681.832420
12758.09316469,26500.631076,0.6958568, 68.8268, 70.9850, 76.8880, 43.3305,1681.852378
12758.59168784,26500.631074,0.6958705, 68.8274, 70.9384, 76.8635, 45.6396,1681.489975
12760.08725737,26500.631065,0.6959425, 68.8286, 70.7984, 76.7910, 52.5631,1679.580740
12761.08429377,26500.631059,0.6960099, 68.8286, 70.7040, 76.7444, 57.1608,1677.793231
12762.08132739,26500.631054,0.6960841, 68.8278, 70.6079, 76.6997, 61.7519,1675.827871
12764.07536360,26500.631042,0.6962153, 68.8239, 70.4092, 76.6160, 70.8848,1672.351511
12765.07236948,26500.631036,0.6962546, 68.8213, 70.3068, 76.5760, 75.4340,1671.310011
12766.06934422,26500.631030,0.6962687, 68.8187, 70.2032, 76.5360, 79.9405,1670.936590
12767.06632301,26500.631024,0.6962581, 68.8168, 70.0997, 76.4949, 84.4565,1671.218034
12767.06632515,26500.631024,0.6962581, 68.8168, 70.0997, 76.4949, 84.4596,1671.218035
12768.06328696,26500.631018,0.6962298, 68.8158, 69.9977, 76.4515, 88.9554,1671.965677
12768.56176257,26500.631015,0.6962131, 68.8158, 69.9475, 76.4288, 91.1971,1672.410528
12770.05718315,26500.631007,0.6961754, 68.8175, 69.8018, 76.3563, 97.9169,1673.409417
12770.55564693,26500.631004,0.6961730, 68.8185, 69.7547, 76.3310,100.1430,1673.471840
12771.05411967,26500.631001,0.6961779, 68.8196, 69.7082, 76.3054,102.3818,1673.341142
12772.05103891,26500.630995,0.6962113, 68.8218, 69.6165, 76.2542,106.8193,1672.456510
12773.04795367,26500.630989,0.6962734, 68.8235, 69.5250, 76.2040,111.2462,1670.811843
12775.04177501,26500.630977,0.6964423, 68.8243, 69.3378, 76.1107,120.0751,1666.335054
12776.03868024,26500.630971,0.6965226, 68.8233, 69.2407, 76.0678,124.4771,1664.208896
12777.03558087,26500.630965,0.6965846, 68.8216, 69.1413, 76.0266,128.8715,1662.565179
12778.03247045,26500.630959,0.6966218, 68.8197, 69.0402, 75.9862,133.2508,1661.578515
12779.02934748,26500.630953,0.6966328, 68.8179, 68.9384, 75.9455,137.6143,1661.287367
12780.02620792,26500.630947,0.6966211, 68.8166, 68.8369, 75.9035,141.9571,1661.596847
12781.02305850,26500.630941,0.6965945, 68.8161, 68.7367, 75.8595,146.2893,1662.302972
12782.01989880,26500.630934,0.6965635, 68.8165, 68.6384, 75.8131,150.6099,1663.124858
12783.01672478,26500.630928,0.6965391, 68.8178, 68.5426, 75.7644,154.9119,1663.769330
12784.01354239,26500.630922,0.6965310, 68.8196, 68.4489, 75.7141,159.2026,1663.986090
12785.01034821,26500.630916,0.6965450, 68.8218, 68.3569, 75.6628,163.4756,1663.613471
12786.00715328,26500.630910,0.6965832, 68.8239, 68.2658, 75.6116,167.7455,1662.601895
12786.50554561,26500.630907,0.6966108, 68.8248, 68.2203, 75.5863,169.8647,1661.871254
12788.00073217,26500.630898,0.6967195, 68.8266, 68.0828, 75.5124,176.2313,1658.988945
12788.00074271,26500.630898,0.6967195, 68.8266, 68.0828, 75.5124,176.2466,1658.988922
12789.99429896,26500.630885,0.6968875, 68.8262, 67.8936, 75.4205,184.6885,1654.536563
12790.99106615,26500.630879,0.6969611, 68.8248, 67.7958, 75.3773,188.8913,1652.587588
12791.98782336,26500.630873,0.6970168, 68.8230, 67.6961, 75.3353,193.0801,1651.111970
12792.98455778,26500.630866,0.6970495, 68.8212, 67.5951, 75.2936,197.2376,1650.245396
12794.97800298,26500.630854,0.6970492, 68.8191, 67.3933, 75.2065,205.5291,1650.252980
12794.97802324,26500.630854,0.6970492, 68.8191, 67.3933, 75.2065,205.5584,1650.252988
12796.97138931,26500.630841,0.6970218, 68.8213, 67.1995, 75.1093,213.7503,1650.977331
12797.96806559,26500.630834,0.6970346, 68.8240, 67.1071, 75.0571,217.8386,1650.639468
12798.96473371,26500.630828,0.6970802, 68.8270, 67.0170, 75.0039,221.9132,1649.429736
12799.96139807,26500.630822,0.6971596, 68.8297, 66.9277, 74.9516,225.9781,1647.327431
12800.95805909,26500.630815,0.6972638, 68.8315, 66.8375, 74.9015,230.0330,1644.565282
12801.45639105,26500.630812,0.6973207, 68.8320, 66.7916, 74.8776,232.0606,1643.057779
12802.95137559,26500.630802,0.6974862, 68.8318, 66.6501, 74.8101,238.1215,1638.671061
12803.94802139,26500.630795,0.6975756, 68.8305, 66.5525, 74.7679,242.1446,1636.301753
12805.94128774,26500.630782,0.6976751, 68.8274, 66.3526, 74.6852,250.1579,1633.666023
12806.93790404,26500.630775,0.6976880, 68.8263, 66.2525, 74.6424,254.1446,1633.324681
12807.93450039,26500.630768,0.6976857, 68.8260, 66.1534, 74.5977,258.1060,1633.383625
12808.93108037,26500.630761,0.6976789, 68.8265, 66.0563, 74.5507,262.0469,1633.566004
12808.93108925,26500.630761,0.6976789, 68.8265, 66.0563, 74.5507,262.0598,1633.566005
12809.92764788,26500.630754,0.6976782, 68.8279, 65.9614, 74.5015,265.9721,1633.582975
12810.92420412,26500.630748,0.6976933, 68.8300, 65.8686, 74.4506,269.8818,1633.182877
12811.92075517,26500.630741,0.6977306, 68.8324, 65.7775, 74.3987,273.7834,1632.193766
12812.91729888,26500.630734,0.6977928, 68.8348, 65.6873, 74.3469,277.6723,1630.547638
12813.91382914,26500.630727,0.6978779, 68.8368, 65.5972, 74.2959,281.5389,1628.292125
12813.91385243,26500.630727,0.6978779, 68.8368, 65.5972, 74.2959,281.5726,1628.292066
12814.91035661,26500.630720,0.6979803, 68.8381, 65.5063, 74.2465,285.3979,1625.576917
12815.40861134,26500.630716,0.6980355, 68.8385, 65.4603, 74.2226,287.3132,1624.113679
12815.90687547,26500.630713,0.6980919, 68.8386, 65.4137, 74.1992,289.2412,1622.620967
12816.40513373,26500.630709,0.6981481, 68.8385, 65.3667, 74.1764,291.1602,1621.130996
12816.90338364,26500.630706,0.6982030, 68.8381, 65.3191, 74.1540,293.0665,1619.675475
12817.89988783,26500.630699,0.6983045, 68.8368, 65.2222, 74.1107,296.8845,1616.985183
12818.39813246,26500.630695,0.6983492, 68.8360, 65.1730, 74.0896,298.7826,1615.801123
12819.89285741,26500.630684,0.6984512, 68.8330, 65.0230, 74.0272,304.4657,1613.098768
12820.88931486,26500.630677,0.6984908, 68.8312, 64.9221, 73.9851,308.2202,1612.049644
12821.88575986,26500.630669,0.6985114, 68.8301, 64.8217, 73.9415,311.9602,1611.504004
12822.88218882,26500.630662,0.6985216, 68.8300, 64.7227, 73.8956,315.6810,1611.231512
12822.88221640,26500.630662,0.6985216, 68.8300, 64.7227, 73.8956,315.7209,1611.231505
12823.87859722,26500.630654,0.6985344, 68.8311, 64.6262, 73.8469,319.3751,1610.892927
12824.87499937,26500.630647,0.6985646, 68.8331, 64.5326, 73.7959,323.0618,1610.093666
12826.36958250,26500.630636,0.6986678, 68.8371, 64.3964, 73.7174,328.5602,1607.357824
12827.86415398,26500.630624,0.6988458, 68.8402, 64.2612, 73.6414,334.0318,1602.640994
12828.36233876,26500.630620,0.6989163, 68.8407, 64.2154, 73.6174,335.8445,1600.773460
12828.86051983,26500.630617,0.6989888, 68.8409, 64.1690, 73.5944,337.6506,1598.852293
12829.85689247,26500.630609,0.6991305, 68.8402, 64.0738, 73.5507,341.2746,1595.096655
12830.85326078,26500.630601,0.6992543, 68.8385, 63.9755, 73.5096,344.8900,1591.814994
12831.35143850,26500.630597,0.6993059, 68.8374, 63.9255, 73.4898,346.6883,1590.448572
12832.84594859,26500.630585,0.6994137, 68.8337, 63.7729, 73.4305,352.0527,1587.592670
12833.34411175,26500.630581,0.6994350, 68.8326, 63.7218, 73.4103,353.8325,1587.026094
12834.83857560,26500.630568,0.6994699, 68.8303, 63.5699, 73.3468,359.1406,1586.103453
12835.83487117,26500.630560,0.6994827, 68.8300, 63.4708, 73.3016,  2.6641,1585.762088
12836.83114205,26500.630552,0.6995008, 68.8305, 63.3738, 73.2542,  6.1543,1585.283311
12837.82740514,26500.630544,0.6995338, 68.8317, 63.2789, 73.2050,  9.6343,1584.409842
12838.32553295,26500.630540,0.6995580, 68.8324, 63.2322, 73.1800, 11.3687,1583.766276
12838.82365534,26500.630536,0.6995882, 68.8333, 63.1857, 73.1549, 13.0951,1582.966671
12839.81989642,26500.630527,0.6996668, 68.8349, 63.0935, 73.1049, 16.5407,1580.884792
12840.81612547,26500.630519,0.6997680, 68.8361, 63.0013, 73.0556, 19.9660,1578.201956
12841.81235017,26500.630510,0.6998866, 68.8367, 62.9082, 73.0081, 23.3815,1575.058733
12842.80855609,26500.630502,0.7000144, 68.8363, 62.8136, 72.9626, 26.7663,1571.672432
12843.30666046,26500.630498,0.7000787, 68.8357, 62.7654, 72.9408, 28.4596,1569.968503
12844.30285251,26500.630489,0.7002019, 68.8339, 62.6674, 72.8986, 31.8206,1566.702815
12844.80094310,26500.630484,0.7002586, 68.8327, 62.6176, 72.8782, 33.4927,1565.201908
12845.79712669,26500.630476,0.7003574, 68.8298, 62.5163, 72.8384, 36.8405,1562.583400
12846.79328602,26500.630467,0.7004332, 68.8267, 62.4134, 72.7992, 40.1544,1560.573864
12847.78942812,26500.630458,0.7004853, 68.8237, 62.3098, 72.7596, 43.4460,1559.192842
12849.28360824,26500.630444,0.7005282, 68.8204, 62.1551, 72.6974, 48.3422,1558.055993
12849.78166152,26500.630439,0.7005373, 68.8197, 62.1043, 72.6756, 49.9663,1557.815903
12851.27579112,26500.630426,0.7005694, 68.8194, 61.9551, 72.6064, 54.7994,1556.963846
12851.77382671,26500.630421,0.7005872, 68.8198, 61.9066, 72.5823, 56.4003,1556.492722
12853.26791496,26500.630407,0.7006809, 68.8218, 61.7644, 72.5080, 61.1749,1554.008720
12853.76594025,26500.630403,0.7007282, 68.8225, 61.7176, 72.4832, 62.7591,1552.756414
12854.76198401,26500.630393,0.7008459, 68.8235, 61.6241, 72.4349, 65.9142,1549.638409
12855.75801948,26500.630384,0.7009860, 68.8235, 61.5293, 72.3891, 69.0517,1545.924250
12856.75404011,26500.630374,0.7011325, 68.8221, 61.4317, 72.3468, 72.1626,1542.041080
12858.24806973,26500.630360,0.7013245, 68.8177, 61.2793, 72.2891, 76.8211,1536.953413
12858.74607607,26500.630355,0.7013739, 68.8158, 61.2270, 72.2708, 78.3686,1535.645687
12860.24005977,26500.630340,0.7014691, 68.8098, 61.0678, 72.2159, 82.9638,1533.122820
12861.23602286,26500.630330,0.7014945, 68.8064, 60.9616, 72.1776, 85.9948,1532.447790
12861.73399760,26500.630325,0.7014999, 68.8050, 60.9089, 72.1575, 87.5021,1532.306693
12862.72993273,26500.630315,0.7015043, 68.8030, 60.8051, 72.1153, 90.4992,1532.188419
12863.22790594,26500.630310,0.7015069, 68.8024, 60.7541, 72.0933, 92.0073,1532.120378
12863.72585087,26500.630305,0.7015117, 68.8021, 60.7037, 72.0706, 93.4749,1531.991882
12864.72175414,26500.630295,0.7015331, 68.8020, 60.6045, 72.0240, 96.4306,1531.425213
12866.71352442,26500.630275,0.7016420, 68.8028, 60.4108, 71.9283,102.2872,1528.541309
12868.20731149,26500.630259,0.7017816, 68.8028, 60.2664, 71.8583,106.6140,1524.840618
12868.70523674,26500.630254,0.7018361, 68.8025, 60.2178, 71.8358,108.0491,1523.397151
12869.70108047,26500.630244,0.7019506, 68.8010, 60.1194, 71.7924,110.9069,1520.362285
12870.69691724,26500.630233,0.7020644, 68.7986, 60.0189, 71.7513,113.7517,1517.346583
12871.69274038,26500.630222,0.7021676, 68.7952, 59.9160, 71.7122,116.5751,1514.611010
12872.68854224,26500.630212,0.7022519, 68.7912, 59.8110, 71.6746,119.3673,1512.377019
12873.68432357,26500.630201,0.7023120, 68.7868, 59.7043, 71.6376,122.1312,1510.785527
12874.68009186,26500.630190,0.7023468, 68.7826, 59.5967, 71.6002,124.8788,1509.862996
12876.67156730,26500.630168,0.7023595, 68.7761, 59.3833, 71.5206,130.2969,1509.525427
12877.66727513,26500.630157,0.7023562, 68.7744, 59.2792, 71.4773,132.9681,1509.612060
12878.66296385,26500.630146,0.7023622, 68.7737, 59.1775, 71.4317,135.6139,1509.454159
12879.65863762,26500.630135,0.7023882, 68.7739, 59.0781, 71.3844,138.2386,1508.765446
12880.65430210,26500.630124,0.7024414, 68.7743, 58.9803, 71.3365,140.8483,1507.356532
12881.64995387,26500.630113,0.7025232, 68.7746, 58.8831, 71.2894,143.4362,1505.188119
12882.64559697,26500.630102,0.7026281, 68.7740, 58.7851, 71.2444,146.0068,1502.406558
12883.64123308,26500.630091,0.7027443, 68.7723, 58.6851, 71.2023,148.5624,1499.328299
12884.63686027,26500.630079,0.7028556, 68.7693, 58.5822, 71.1634,151.1010,1496.380097
12885.63247469,26500.630068,0.7029457, 68.7652, 58.4762, 71.1270,153.6192,1493.990054
12885.63248232,26500.630068,0.7029457, 68.7652, 58.4762, 71.1270,153.6302,1493.990039
12886.62807425,26500.630056,0.7030031, 68.7604, 58.3676, 71.0918,156.1166,1492.469533
12887.62365488,26500.630044,0.7030246, 68.7556, 58.2578, 71.0562,158.5899,1491.899180
12888.61921722,26500.630033,0.7030163, 68.7515, 58.1483, 71.0187,161.0417,1492.121129
12889.61475523,26500.630021,0.7029910, 68.7484, 58.0404, 70.9784,163.4634,1492.790669
12890.61027331,26500.630009,0.7029644, 68.7465, 57.9350, 70.9350,165.8606,1493.495273
12891.60577581,26500.629998,0.7029505, 68.7458, 57.8323, 70.8891,168.2376,1493.863187
12893.59673961,26500.629975,0.7029921, 68.7459, 57.6328, 70.7940,172.9314,1492.762555
12894.59220348,26500.629963,0.7030494, 68.7459, 57.5343, 70.7469,175.2486,1491.243519
12895.58765658,26500.629951,0.7031249, 68.7453, 57.4352, 70.7013,177.5469,1489.243238
12896.58309459,26500.629939,0.7032102, 68.7437, 57.3348, 70.6577,179.8197,1486.982780
12897.57852455,26500.629927,0.7032956, 68.7412, 57.2325, 70.6163,182.0780,1484.719597
12898.57394228,26500.629915,0.7033713, 68.7378, 57.1279, 70.5769,184.3167,1482.713035
12899.56934029,26500.629903,0.7034287, 68.7336, 57.0212, 70.5391,186.5265,1481.190135
12901.06241465,26500.629885,0.7034692, 68.7268, 56.8583, 70.4832,189.8110,1480.119237
12901.56009718,26500.629879,0.7034698, 68.7247, 56.8037, 70.4643,190.8944,1480.101071
12902.55545128,26500.629866,0.7034549, 68.7208, 56.6946, 70.4254,193.0483,1480.497197
12904.54609699,26500.629842,0.7033916, 68.7161, 56.4810, 70.3405,197.2779,1482.175262
12905.54139415,26500.629830,0.7033668, 68.7155, 56.3778, 70.2943,199.3600,1482.832225
12906.53667580,26500.629818,0.7033615, 68.7157, 56.2770, 70.2462,201.4205,1482.971010
12907.53194613,26500.629806,0.7033828, 68.7165, 56.1780, 70.1975,203.4633,1482.406975
12908.52720741,26500.629793,0.7034316, 68.7171, 56.0799, 70.1492,205.4900,1481.113108
12909.02484021,26500.629787,0.7034651, 68.7172, 56.0308, 70.1257,206.5049,1480.225736
12909.52246816,26500.629781,0.7035032, 68.7171, 55.9814, 70.1027,207.5117,1479.215603
12911.01534006,26500.629763,0.7036301, 68.7153, 55.8305, 70.0377,210.5078,1475.852951
12911.51296238,26500.629756,0.7036708, 68.7140, 55.7790, 70.0175,211.5023,1474.775362
12913.00580998,26500.629738,0.7037636, 68.7088, 55.6203, 69.9602,214.4550,1472.316665
12913.50342115,26500.629731,0.7037803, 68.7067, 55.5662, 69.9417,215.4326,1471.872531
12914.00102794,26500.629725,0.7037887, 68.7046, 55.5116, 69.9233,216.4045,1471.650838
12914.99622594,26500.629712,0.7037806, 68.7004, 55.4020, 69.8858,218.3285,1471.864457
12915.49381836,26500.629706,0.7037657, 68.6985, 55.3472, 69.8664,219.2828,1472.260538
12916.48899109,26500.629694,0.7037213, 68.6956, 55.2388, 69.8253,221.1780,1473.436989
12917.48414772,26500.629681,0.7036707, 68.6939, 55.1327, 69.7811,223.0549,1474.778558
12920.96710598,26500.629637,0.7036364, 68.6960, 54.7813, 69.6096,229.5067,1475.687790
12920.96710610,26500.629637,0.7036364, 68.6960, 54.7813, 69.6096,229.5069,1475.687790
12921.46466649,26500.629631,0.7036582, 68.6965, 54.7326, 69.5849,230.4194,1475.108039
12922.45977757,26500.629619,0.7037173, 68.6970, 54.6346, 69.5366,232.2277,1473.543188
12923.45488172,26500.629606,0.7037890, 68.6967, 54.5356, 69.4903,234.0221,1471.644197
12923.95242728,26500.629600,0.7038263, 68.6961, 54.4854, 69.4681,234.9086,1470.655231
12924.44997772,26500.629594,0.7038628, 68.6954, 54.4347, 69.4464,235.8014,1469.686418
12925.94261066,26500.629574,0.7039560, 68.6916, 54.2795, 69.3842,238.4506,1467.217124
12926.44014949,26500.629568,0.7039782, 68.6900, 54.2267, 69.3642,239.3255,1466.629907
12927.43522603,26500.629555,0.7040050, 68.6864, 54.1200, 69.3246,241.0745,1465.919020
12927.93275894,26500.629549,0.7040090, 68.6846, 54.0663, 69.3049,241.9420,1465.811989
12928.92782033,26500.629536,0.7039991, 68.6813, 53.9585, 69.2646,243.6732,1466.076209
12929.42534479,26500.629529,0.7039861, 68.6798, 53.9047, 69.2439,244.5312,1466.418405
12930.91790263,26500.629510,0.7039287, 68.6771, 53.7455, 69.1783,247.0893,1467.939698
12931.41541580,26500.629504,0.7039082, 68.6768, 53.6935, 69.1550,247.9351,1468.483344
12932.41043517,26500.629491,0.7038749, 68.6771, 53.5915, 69.1066,249.6188,1469.365776
12932.90794124,26500.629484,0.7038652, 68.6777, 53.5415, 69.0815,250.4560,1469.623227
12933.40544555,26500.629478,0.7038618, 68.6785, 53.4921, 69.0561,251.2906,1469.714376
12934.89795223,26500.629459,0.7038954, 68.6815, 53.3467, 68.9790,253.7829,1468.824451
12935.89295711,26500.629446,0.7039533, 68.6832, 53.2506, 68.9286,255.4405,1467.288608
12936.88796418,26500.629433,0.7040312, 68.6842, 53.1537, 68.8804,257.0965,1465.223410
12937.38547314,26500.629427,0.7040740, 68.6843, 53.1047, 68.8573,257.9306,1464.090652
12938.87798772,26500.629407,0.7041967, 68.6829, 52.9541, 68.7921,260.4094,1460.838508
12940.37050740,26500.629387,0.7042788, 68.6792, 52.7980, 68.7315,262.8919,1458.662593
12940.86801106,26500.629381,0.7042921, 68.6777, 52.7450, 68.7117,263.7156,1458.311344
12941.86301355,26500.629367,0.7042957, 68.6747, 52.6382, 68.6718,265.3583,1458.214124
12942.85800437,26500.629354,0.7042728, 68.6722, 52.5314, 68.6302,266.9885,1458.822963
12943.85299641,26500.629341,0.7042334, 68.6707, 52.4260, 68.5860,268.6256,1459.864935
12944.84797475,26500.629327,0.7041925, 68.6705, 52.3228, 68.5386,270.2475,1460.950118
12945.34546774,26500.629321,0.7041763, 68.6709, 52.2723, 68.5138,271.0653,1461.379170
12946.34044408,26500.629308,0.7041607, 68.6725, 52.1733, 68.4626,272.6880,1461.792447
12946.83793230,26500.629301,0.7041636, 68.6736, 52.1247, 68.4364,273.4995,1461.716474
12947.83291302,26500.629288,0.7041928, 68.6761, 52.0287, 68.3838,275.1271,1460.942351
12948.33040479,26500.629281,0.7042187, 68.6773, 51.9811, 68.3578,275.9418,1460.255169
12949.32539288,26500.629268,0.7042892, 68.6793, 51.8857, 68.3067,277.5748,1458.387646
12949.82288628,26500.629262,0.7043314, 68.6800, 51.8377, 68.2819,278.3887,1457.270224
12950.81788376,26500.629248,0.7044225, 68.6806, 51.7406, 68.2342,280.0289,1454.855411
12952.31037397,26500.629228,0.7045548, 68.6795, 51.5912, 68.1670,282.4744,1451.347792
12952.80787349,26500.629221,0.7045927, 68.6786, 51.5403, 68.1456,283.2927,1450.343067
12953.80288008,26500.629207,0.7046537, 68.6764, 51.4371, 68.1037,284.9401,1448.727985
12955.29539181,26500.629186,0.7047011, 68.6725, 51.2797, 68.0416,287.4165,1447.471428
12955.79289659,26500.629179,0.7047051, 68.6713, 51.2269, 68.0206,288.2447,1447.364867
12956.29041190,26500.629172,0.7047040, 68.6702, 51.1742, 67.9992,289.0890,1447.394071
12957.28540607,26500.629159,0.7046902, 68.6687, 51.0695, 67.9550,290.7280,1447.759798
12957.78291022,26500.629152,0.7046800, 68.6684, 51.0177, 67.9319,291.5593,1448.031805
12959.27542484,26500.629131,0.7046543, 68.6692, 50.8658, 67.8588,294.0617,1448.710925
12961.26544890,26500.629103,0.7046894, 68.6741, 50.6719, 67.7541,297.4092,1447.780704
12962.26048064,26500.629089,0.7047535, 68.6771, 50.5775, 67.7013,299.1082,1446.082957
12962.75800255,26500.629082,0.7047967, 68.6785, 50.5304, 67.6755,299.9648,1444.937225
12963.25553737,26500.629075,0.7048460, 68.6796, 50.4832, 67.6501,300.8388,1443.631718
12964.25056633,26500.629061,0.7049562, 68.6812, 50.3878, 67.6016,302.5238,1440.711925
12964.74810579,26500.629054,0.7050134, 68.6815, 50.3393, 67.5784,303.4005,1439.195847
12966.24072440,26500.629032,0.7051710, 68.6804, 50.1898, 67.5133,306.0257,1435.019021
12966.73827467,26500.629025,0.7052135, 68.6795, 50.1387, 67.4927,306.9154,1433.891820
12967.73336311,26500.629010,0.7052773, 68.6772, 50.0350, 67.4522,308.6775,1432.201776
12968.72847206,26500.628996,0.7053108, 68.6747, 49.9299, 67.4116,310.4717,1431.313942
12969.72356824,26500.628981,0.7053176, 68.6726, 49.8246, 67.3696,312.2514,1431.133848
12970.22112512,26500.628974,0.7053138, 68.6718, 49.7723, 67.3478,313.1558,1431.235935
12970.71867677,26500.628966,0.7053072, 68.6713, 49.7203, 67.3252,314.0539,1431.410756
12972.21133776,26500.628944,0.7052891, 68.6716, 49.5678, 67.2533,316.7631,1431.888662
12972.70889582,26500.628937,0.7052897, 68.6724, 49.5182, 67.2280,317.6741,1431.872992
12974.20160810,26500.628914,0.7053307, 68.6759, 49.3730, 67.1496,320.4627,1430.787427
12974.69917810,26500.628907,0.7053597, 68.6774, 49.3254, 67.1232,321.3904,1430.017685
12976.19191320,26500.628885,0.7054905, 68.6813, 49.1835, 67.0454,324.2045,1426.552686
12976.68949823,26500.628877,0.7055455, 68.6822, 49.1360, 67.0204,325.1499,1425.094175
12977.68467990,26500.628862,0.7056645, 68.6833, 49.0399, 66.9722,327.0542,1421.939809
12979.17747224,26500.628839,0.7058426, 68.6827, 48.8919, 66.9048,329.9323,1417.222370
12979.67507823,26500.628831,0.7058962, 68.6820, 48.8414, 66.8835,330.9029,1415.801905
12981.16791885,26500.628807,0.7060261, 68.6785, 48.6869, 66.8215,333.8467,1412.359482
12982.16316786,26500.628791,0.7060825, 68.6758, 48.5821, 66.7807,335.8426,1410.864141
12982.66079065,26500.628783,0.7061017, 68.6745, 48.5295, 66.7601,336.8391,1410.355575
12983.65604033,26500.628767,0.7061248, 68.6722, 48.4242, 66.7180,338.8406,1409.743783
12984.15366949,26500.628759,0.7061304, 68.6713, 48.3719, 66.6962,339.8491,1409.594532
12984.65130237,26500.628751,0.7061336, 68.6707, 48.3198, 66.6738,340.8640,1409.508566
12985.14893285,26500.628743,0.7061359, 68.6704, 48.2682, 66.6509,341.8765,1409.449571
12985.64657062,26500.628735,0.7061386, 68.6703, 48.2171, 66.6273,342.9003,1409.377753
12987.13948417,26500.628711,0.7061652, 68.6720, 48.0673, 66.5529,345.9760,1408.671562
12987.63713571,26500.628703,0.7061851, 68.6731, 48.0185, 66.5272,347.0215,1408.143609
12988.63243227,26500.628687,0.7062479, 68.6757, 47.9224, 66.4753,349.1019,1406.480272
12990.12541825,26500.628662,0.7064018, 68.6795, 47.7798, 66.3987,352.2753,1402.402774
12990.62308722,26500.628654,0.7064661, 68.6804, 47.7321, 66.3743,353.3405,1400.697541
12991.61843859,26500.628637,0.7066046, 68.6812, 47.6353, 66.3278,355.4861,1397.027573
12992.11613353,26500.628629,0.7066745, 68.6811, 47.5859, 66.3059,356.5847,1395.174071
12993.11154114,26500.628612,0.7068052, 68.6797, 47.4851, 66.2643,358.8047,1391.711657
12993.60925238,26500.628603,0.7068622, 68.6785, 47.4335, 66.2444,359.9247,1390.200447
12994.60465738,26500.628586,0.7069534, 68.6755, 47.3286, 66.2058,  2.1392,1387.785230
12995.10238098,26500.628577,0.7069863, 68.6738, 47.2755, 66.1866,  3.2776,1386.911487
12995.60008841,26500.628568,0.7070110, 68.6721, 47.2220, 66.1673,  4.3934,1386.257367
12997.09323525,26500.628542,0.7070442, 68.6676, 47.0618, 66.1068,  7.7833,1385.377333
12997.59095305,26500.628533,0.7070464, 68.6665, 47.0088, 66.0854,  8.9190,1385.319583
12998.08867270,26500.628524,0.7070471, 68.6658, 46.9564, 66.0632, 10.0585,1385.300980
12998.58639544,26500.628515,0.7070482, 68.6654, 46.9045, 66.0403, 11.2036,1385.271131
12999.58184749,26500.628498,0.7070590, 68.6655, 46.8025, 65.9926, 13.5058,1384.986759
13000.57731688,26500.628480,0.7070909, 68.6667, 46.7029, 65.9428, 15.8345,1384.140841
13001.57279982,26500.628462,0.7071514, 68.6685, 46.6051, 65.8921, 18.1821,1382.537407
13003.06605454,26500.628435,0.7072965, 68.6712, 46.4599, 65.8172, 21.7418,1378.692914
13003.06605666,26500.628435,0.7072965, 68.6712, 46.4599, 65.8172, 21.7448,1378.692908
13004.06158430,26500.628417,0.7074203, 68.6720, 46.3624, 65.7696, 24.1479,1375.410845
13004.55935086,26500.628408,0.7074864, 68.6720, 46.3131, 65.7467, 25.3517,1373.659028
13006.05268366,26500.628380,0.7076828, 68.6702, 46.1620, 65.6821, 29.0052,1368.453751
13006.55046488,26500.628371,0.7077428, 68.6690, 46.1105, 65.6618, 30.2269,1366.864107
13007.54605401,26500.628352,0.7078477, 68.6658, 46.0057, 65.6225, 32.7082,1364.084611
13008.04384515,26500.628342,0.7078911, 68.6639, 45.9526, 65.6032, 33.9439,1362.934998
13008.54164750,26500.628332,0.7079279, 68.6619, 45.8991, 65.5841, 35.1963,1361.958061
13009.53725712,26500.628313,0.7079823, 68.6579, 45.7914, 65.5456, 37.7098,1360.517149
13011.03069203,26500.628284,0.7080230, 68.6527, 45.6296, 65.4857, 41.5163,1359.439952
13011.52850891,26500.628274,0.7080292, 68.6513, 45.5760, 65.4648, 42.7947,1359.275498
13013.02196967,26500.628245,0.7080434, 68.6489, 45.4178, 65.3985, 46.6501,1358.898545
13013.51979141,26500.628235,0.7080514, 68.6487, 45.3660, 65.3752, 47.9389,1358.686417
13014.51544814,26500.628216,0.7080806, 68.6490, 45.2642, 65.3273, 50.5367,1357.912578
13015.51111872,26500.628196,0.7081349, 68.6501, 45.1643, 65.2781, 53.1544,1356.473525
13016.50680570,26500.628176,0.7082193, 68.6515, 45.0657, 65.2290, 55.7935,1354.236161
13017.50251286,26500.628156,0.7083324, 68.6524, 44.9673, 65.1813, 58.4574,1351.238754
13018.49824021,26500.628136,0.7084654, 68.6524, 44.8677, 65.1363, 61.1450,1347.713991
13019.99186844,26500.628105,0.7086685, 68.6496, 44.7137, 65.0751, 65.2202,1342.332181
13020.48975155,26500.628095,0.7087284, 68.6478, 44.6608, 65.0563, 66.5869,1340.746538
13021.98342744,26500.628063,0.7088601, 68.6410, 44.4980, 65.0025, 70.7248,1337.255565
13022.48132619,26500.628053,0.7088854, 68.6384, 44.4428, 64.9848, 72.1149,1336.583490
13023.47712738,26500.628031,0.7089102, 68.6334, 44.3317, 64.9483, 74.9039,1335.927732
13023.97503437,26500.628021,0.7089121, 68.6311, 44.2763, 64.9292, 76.3098,1335.877284
13024.47293934,26500.628010,0.7089094, 68.6292, 44.2213, 64.9094, 77.7141,1335.947846
13025.46875480,26500.627989,0.7088989, 68.6262, 44.1126, 64.8674, 80.5349,1336.227419
13025.96666351,26500.627978,0.7088952, 68.6253, 44.0592, 64.8452, 81.9485,1336.323852
13026.96249393,26500.627957,0.7089005, 68.6245, 43.9544, 64.7988, 84.7965,1336.185422
13027.46041405,26500.627946,0.7089121, 68.6244, 43.9028, 64.7749, 86.2280,1335.876424
13028.45626657,26500.627925,0.7089573, 68.6249, 43.8012, 64.7266, 89.1083,1334.678977
13029.45213283,26500.627903,0.7090319, 68.6254, 43.7005, 64.6784, 92.0059,1332.701381
13029.95006427,26500.627893,0.7090789, 68.6256, 43.6503, 64.6549, 93.4509,1331.455817
13030.44800001,26500.627882,0.7091310, 68.6255, 43.5999, 64.6318, 94.9009,1330.075294
13031.44390544,26500.627860,0.7092451, 68.6246, 43.4981, 64.5874, 97.8468,1327.052454
13032.93778218,26500.627827,0.7094182, 68.6210, 43.3418, 64.5257,102.2851,1322.464560
13033.43575447,26500.627815,0.7094706, 68.6191, 43.2886, 64.5064,103.7825,1321.077699
13034.43170036,26500.627793,0.7095600, 68.6147, 43.1804, 64.4690,106.7783,1318.706907
13034.92967683,26500.627781,0.7095955, 68.6122, 43.1256, 64.4508,108.2814,1317.767241
13035.42765572,26500.627770,0.7096242, 68.6095, 43.0703, 64.4327,109.7883,1317.006391
13036.42361473,26500.627747,0.7096613, 68.6041, 42.9591, 64.3963,112.8056,1316.021765
13037.41959101,26500.627724,0.7096742, 68.5990, 42.8475, 64.3590,115.8514,1315.680946
13038.41556818,26500.627701,0.7096695, 68.5947, 42.7364, 64.3198,118.9025,1315.805809
13039.41155955,26500.627678,0.7096567, 68.5913, 42.6267, 64.2784,121.9782,1316.145734
13040.40755415,26500.627655,0.7096465, 68.5892, 42.5189, 64.2346,125.0620,1316.415306
13041.90156509,26500.627620,0.7096587, 68.5879, 42.3611, 64.1653,129.7186,1316.091313
13042.39955835,26500.627609,0.7096743, 68.5879, 42.3094, 64.1416,131.2558,1315.679225
13043.39559579,26500.627586,0.7097259, 68.5881, 42.2070, 64.0941,134.4025,1314.309734
13044.39164518,26500.627563,0.7098047, 68.5881, 42.1050, 64.0476,137.5630,1312.222732
13045.38771563,26500.627539,0.7099047, 68.5873, 42.0024, 64.0032,140.7492,1309.572809
13046.38379944,26500.627515,0.7100142, 68.5853, 41.8979, 63.9619,143.9494,1306.669399
13047.37991351,26500.627491,0.7101176, 68.5817, 41.7908, 63.9237,147.1890,1303.931792
13048.37603093,26500.627467,0.7101982, 68.5767, 41.6806, 63.8883,150.4309,1301.795059
13049.37215747,26500.627443,0.7102437, 68.5707, 41.5679, 63.8542,153.6864,1300.587593
13051.36443578,26500.627394,0.7102255, 68.5588, 41.3394, 63.7828,160.2469,1301.071268
13051.86250731,26500.627382,0.7102057, 68.5564, 41.2829, 63.7631,161.8937,1301.595643
13052.36058147,26500.627370,0.7101843, 68.5545, 41.2269, 63.7426,163.5459,1302.162599
13053.35674038,26500.627346,0.7101465, 68.5518, 41.1170, 63.6988,166.8695,1303.164999
13054.35290231,26500.627321,0.7101289, 68.5506, 41.0099, 63.6523,170.2003,1303.632060
13055.34907757,26500.627297,0.7101414, 68.5504, 40.9052, 63.6044,173.5507,1303.300724
13056.34526684,26500.627273,0.7101856, 68.5504, 40.8018, 63.5565,176.9190,1302.128912
13057.34147142,26500.627249,0.7102560, 68.5501, 40.6986, 63.5100,180.3055,1300.263601
13058.33766041,26500.627224,0.7103422, 68.5488, 40.5944, 63.4657,183.6648,1297.977316
13059.33388132,26500.627199,0.7104320, 68.5463, 40.4886, 63.4240,187.0663,1295.597614
13060.33016221,26500.627174,0.7105132, 68.5425, 40.3805, 63.3848,190.5515,1293.446471
13062.32270508,26500.627124,0.7106132, 68.5321, 40.1583, 63.3111,197.4920,1290.797965
13063.31895793,26500.627099,0.7106233, 68.5263, 40.0451, 63.2748,200.9377,1290.529180
13063.81709457,26500.627086,0.7106188, 68.5235, 39.9883, 63.2563,202.6765,1290.649138
13064.31523962,26500.627073,0.7106087, 68.5208, 39.9316, 63.2375,204.4285,1290.915386
13064.81337715,26500.627061,0.7105941, 68.5183, 39.8750, 63.2181,206.1708,1291.302794
13065.31152481,26500.627048,0.7105760, 68.5160, 39.8187, 63.1982,207.9287,1291.781211
13066.30782516,26500.627023,0.7105348, 68.5124, 39.7071, 63.1567,211.4551,1292.873186
13067.30411036,26500.626998,0.7104960, 68.5100, 39.5975, 63.1126,214.9631,1293.903422
13069.29672872,26500.626948,0.7104647, 68.5084, 39.3846, 63.0188,222.0538,1294.732517
13070.29304881,26500.626923,0.7104852, 68.5086, 39.2805, 62.9708,225.6140,1294.188962
13070.79121774,26500.626910,0.7105053, 68.5087, 39.2288, 62.9470,227.4060,1293.656060
13072.28575323,26500.626872,0.7105986, 68.5082, 39.0735, 62.8779,232.8174,1291.182456
13072.28575366,26500.626872,0.7105986, 68.5082, 39.0735, 62.8779,232.8180,1291.182456
13074.27851851,26500.626821,0.7107543, 68.5038, 38.8612, 62.7947,240.0907,1287.056051
13075.27492044,26500.626796,0.7108151, 68.4996, 38.7513, 62.7573,243.7502,1285.446464
13076.27133588,26500.626770,0.7108466, 68.4941, 38.6388, 62.7216,247.4286,1284.612364
13076.76954122,26500.626757,0.7108487, 68.4912, 38.5818, 62.7039,249.2651,1284.555470
13077.26775613,26500.626744,0.7108415, 68.4882, 38.5244, 62.6860,251.1164,1284.747319
13077.76596812,26500.626731,0.7108254, 68.4853, 38.4670, 62.6677,252.9648,1285.172818
13078.76239649,26500.626705,0.7107725, 68.4801, 38.3525, 62.6291,256.6726,1286.575963
13079.26061140,26500.626692,0.7107399, 68.4780, 38.2959, 62.6084,258.5301,1287.440236
13079.75882794,26500.626679,0.7107066, 68.4764, 38.2398, 62.5868,260.3917,1288.321462
13081.25348302,26500.626641,0.7106288, 68.4743, 38.0764, 62.5166,265.9911,1290.382640
13081.75170611,26500.626628,0.7106171, 68.4743, 38.0234, 62.4919,267.8655,1290.694323
13082.24992714,26500.626616,0.7106143, 68.4746, 37.9710, 62.4669,269.7368,1290.766667
13083.24638724,26500.626590,0.7106361, 68.4754, 37.8674, 62.4169,273.5037,1290.190429
13084.24285440,26500.626565,0.7106887, 68.4760, 37.7643, 62.3681,277.2768,1288.795252
13085.23934529,26500.626539,0.7107607, 68.4756, 37.6605, 62.3216,281.0793,1286.887261
13086.23585059,26500.626513,0.7108380, 68.4740, 37.5551, 62.2779,284.8981,1284.838073
13087.23236336,26500.626487,0.7109075, 68.4711, 37.4476, 62.2366,288.7243,1282.998332
13088.22888840,26500.626461,0.7109586, 68.4671, 37.3380, 62.1973,292.5667,1281.643315
13089.22542301,26500.626435,0.7109849, 68.4623, 37.2266, 62.1591,296.4233,1280.945027
13090.22195476,26500.626408,0.7109845, 68.4574, 37.1141, 62.1208,300.2776,1280.957701
13090.72022399,26500.626395,0.7109748, 68.4549, 37.0577, 62.1014,302.2109,1281.214725
13091.21849325,26500.626382,0.7109596, 68.4527, 37.0014, 62.0815,304.1452,1281.616265
13091.71676575,26500.626369,0.7109399, 68.4506, 36.9451, 62.0612,306.0852,1282.137571
13092.71332281,26500.626343,0.7108917, 68.4472, 36.8336, 62.0189,309.9861,1283.416114
13093.21159396,26500.626330,0.7108658, 68.4460, 36.7784, 61.9968,311.9274,1284.102486
13093.70986688,26500.626317,0.7108406, 68.4451, 36.7238, 61.9741,313.8722,1284.770377
13095.20470037,26500.626278,0.7107826, 68.4442, 36.5630, 61.9024,319.7320,1286.307682
13095.20471114,26500.626278,0.7107826, 68.4442, 36.5630, 61.9024,319.7476,1286.307689
13095.70299197,26500.626265,0.7107730, 68.4445, 36.5105, 61.8776,321.7058,1286.562093
13096.20127304,26500.626252,0.7107696, 68.4450, 36.4585, 61.8526,323.6644,1286.650891
13096.69956823,26500.626239,0.7107730, 68.4456, 36.4069, 61.8274,325.6430,1286.562356
13097.69615317,26500.626213,0.7107999, 68.4470, 36.3044, 61.7772,329.5907,1285.848981
13098.69275533,26500.626187,0.7108512, 68.4482, 36.2022, 61.7282,333.5597,1284.490081
13099.68937177,26500.626161,0.7109196, 68.4486, 36.0994, 61.6813,337.5449,1282.677169
13100.68601047,26500.626135,0.7109944, 68.4478, 35.9951, 61.6369,341.5578,1280.693977
13101.68265754,26500.626108,0.7110631, 68.4458, 35.8886, 61.5952,345.5791,1278.874939
13102.67931651,26500.626082,0.7111130, 68.4425, 35.7797, 61.5558,349.6154,1277.552485
13103.67599030,26500.626055,0.7111341, 68.4383, 35.6687, 61.5175,353.6733,1276.991604
13104.67266387,26500.626028,0.7111220, 68.4337, 35.5563, 61.4789,357.7336,1277.312171
13105.66933934,26500.626002,0.7110802, 68.4296, 35.4436, 61.4386,  1.8018,1278.420941
13106.66601485,26500.625975,0.7110212, 68.4267, 35.3323, 61.3950,  5.8764,1279.983944
13107.16435221,26500.625962,0.7109912, 68.4259, 35.2775, 61.3717,  7.9155,1280.778510
13108.65937879,26500.625922,0.7109302, 68.4262, 35.1176, 61.2970, 14.0601,1282.396138
13109.65607370,26500.625896,0.7109325, 68.4281, 35.0145, 61.2445, 18.1730,1282.335430
13110.15442761,26500.625883,0.7109487, 68.4293, 34.9636, 61.2182, 20.2379,1281.904741
13111.15114403,26500.625857,0.7110080, 68.4315, 34.8625, 61.1665, 24.3770,1280.332729
13112.14787513,26500.625830,0.7110926, 68.4328, 34.7608, 61.1171, 28.5319,1278.091941
13113.14461777,26500.625803,0.7111865, 68.4328, 34.6576, 61.0706, 32.6982,1275.602866
13114.14136793,26500.625776,0.7112744, 68.4314, 34.5523, 61.0270, 36.8713,1273.273624
13115.13812589,26500.625749,0.7113444, 68.4287, 34.4448, 60.9855, 41.0536,1271.419509
13116.13490135,26500.625722,0.7113894, 68.4252, 34.3355, 60.9452, 45.2612,1270.227778
13117.13163897,26500.625694,0.7114073, 68.4214, 34.2251, 60.9050, 49.4157,1269.751412
13117.63006953,26500.625680,0.7114068, 68.4196, 34.1697, 60.8846, 51.5835,1269.764538
13118.62685187,26500.625653,0.7113905, 68.4163, 34.0590, 60.8427, 55.8080,1270.197753
13119.62364352,26500.625625,0.7113606, 68.4140, 33.9493, 60.7987, 60.0501,1270.988366
13120.12203772,26500.625612,0.7113439, 68.4133, 33.8950, 60.7758, 62.1704,1271.432710
13121.11883711,26500.625584,0.7113137, 68.4129, 33.7879, 60.7280, 66.4296,1272.232697
13123.11245212,26500.625530,0.7113029, 68.4157, 33.5801, 60.6265, 74.9770,1272.517778
13124.10923891,26500.625503,0.7113365, 68.4182, 33.4788, 60.5744, 79.2198,1271.627022
13124.10926944,26500.625503,0.7113366, 68.4182, 33.4788, 60.5744, 79.2640,1271.626983
13125.10609293,26500.625475,0.7113980, 68.4209, 33.3784, 60.5229, 83.5570,1269.998204
13126.10293085,26500.625448,0.7114820, 68.4230, 33.2779, 60.4731, 87.8665,1267.771136
13127.09978568,26500.625420,0.7115791, 68.4241, 33.1763, 60.4258, 92.1955,1265.200169
13128.09665043,26500.625391,0.7116769, 68.4239, 33.0728, 60.3812, 96.5345,1262.608654
13130.09043489,26500.625334,0.7118261, 68.4198, 32.8593, 60.2988,105.2841,1258.653497
13131.08732564,26500.625306,0.7118599, 68.4164, 32.7497, 60.2592,109.6570,1257.758063
13131.08733269,26500.625306,0.7118599, 68.4164, 32.7497, 60.2592,109.6672,1257.758059
13133.08114570,26500.625248,0.7118426, 68.4101, 32.5286, 60.1762,118.4703,1258.217417
13134.07804990,26500.625219,0.7118114, 68.4086, 32.4197, 60.1305,122.8770,1259.041843
13135.07496460,26500.625190,0.7117883, 68.4088, 32.3131, 60.0814,127.3039,1259.654206
13136.07187095,26500.625162,0.7117915, 68.4106, 32.2094, 60.0294,131.7217,1259.570243
13137.06879512,26500.625133,0.7118330, 68.4135, 32.1080, 59.9762,136.1648,1258.469722
13138.06573295,26500.625104,0.7119144, 68.4166, 32.0078, 59.9234,140.6242,1256.314557
13139.06269082,26500.625075,0.7120263, 68.4189, 31.9075, 59.8729,145.1071,1253.348496
13139.56117185,26500.625060,0.7120888, 68.4196, 31.8569, 59.8488,147.3493,1251.691510
13140.55814820,26500.625030,0.7122158, 68.4198, 31.7540, 59.8029,151.8504,1248.325986
13142.05362237,26500.624985,0.7123823, 68.4171, 31.5954, 59.7395,158.6091,1243.913532
13142.05362984,26500.624985,0.7123823, 68.4171, 31.5954, 59.7395,158.6199,1243.913513
13143.05063104,26500.624955,0.7124624, 68.4140, 31.4869, 59.6992,163.1512,1241.790086
13144.04764211,26500.624924,0.7125140, 68.4104, 31.3772, 59.6594,167.6981,1240.422999
13145.04465604,26500.624893,0.7125398, 68.4069, 31.2669, 59.6187,172.2523,1239.740827
13146.04166635,26500.624862,0.7125464, 68.4042, 31.1570, 59.5764,176.8050,1239.565706
13147.53720304,26500.624816,0.7125415, 68.4020, 30.9944, 59.5086,183.6725,1239.696015
13148.53422609,26500.624785,0.7125441, 68.4022, 30.8883, 59.4606,188.2529,1239.624792
13149.53126024,26500.624754,0.7125637, 68.4035, 30.7842, 59.4105,192.8512,1239.105535
13150.52829502,26500.624723,0.7126081, 68.4058, 30.6819, 59.3593,197.4503,1237.928932
13151.02681983,26500.624707,0.7126410, 68.4071, 30.6313, 59.3337,199.7600,1237.057317
13151.52534265,26500.624691,0.7126811, 68.4085, 30.5809, 59.3081,202.0660,1235.994575
13152.52240453,26500.624660,0.7127811, 68.4110, 30.4803, 59.2580,206.6986,1233.344293
13153.51947316,26500.624628,0.7129011, 68.4127, 30.3791, 59.2101,211.3359,1230.164744
13154.01801783,26500.624612,0.7129651, 68.4131, 30.3280, 59.1871,213.6676,1228.469038
13155.01511494,26500.624579,0.7130926, 68.4128, 30.2243, 59.1435,218.3387,1225.091408
13156.51078499,26500.624530,0.7132572, 68.4097, 30.0643, 59.0830,225.3742,1220.727980
13157.50791868,26500.624496,0.7133339, 68.4062, 29.9549, 59.0447,230.0929,1218.696240
13158.50505126,26500.624463,0.7133786, 68.4022, 29.8440, 59.0064,234.8119,1217.511564
13159.00364073,26500.624446,0.7133896, 68.4002, 29.7882, 58.9868,237.2064,1217.218815
13159.50219786,26500.624429,0.7133944, 68.3984, 29.7325, 58.9668,239.5553,1217.092568
13160.49933541,26500.624395,0.7133913, 68.3954, 29.6217, 58.9246,244.2910,1217.174573
13161.49647973,26500.624362,0.7133848, 68.3939, 29.5126, 58.8794,249.0420,1217.347114
13162.49362909,26500.624328,0.7133924, 68.3940, 29.4059, 58.8310,253.8044,1217.145757
13162.99220408,26500.624311,0.7134065, 68.3946, 29.3535, 58.8060,256.1868,1216.771788
13163.98936319,26500.624277,0.7134619, 68.3965, 29.2503, 58.7550,260.9646,1215.303911
13165.48512856,26500.624226,0.7136151, 68.3998, 29.0974, 58.6795,268.1639,1211.242800
13165.98371359,26500.624209,0.7136812, 68.4005, 29.0463, 58.6554,270.5559,1209.491186
13166.48232191,26500.624191,0.7137518, 68.4009, 28.9949, 58.6320,272.9802,1207.620733
13167.47951345,26500.624156,0.7138975, 68.4004, 28.8906, 58.5879,277.7881,1203.760789
13168.47672294,26500.624120,0.7140347, 68.3982, 28.7839, 58.5469,282.6173,1200.124668
13169.47395102,26500.624084,0.7141497, 68.3945, 28.6747, 58.5084,287.4711,1197.075329
13170.47119322,26500.624047,0.7142352, 68.3899, 28.5634, 58.4710,292.3454,1194.810698
13170.96980655,26500.624029,0.7142663, 68.3874, 28.5073, 58.4524,294.7720,1193.985591
13171.46844101,26500.624010,0.7142902, 68.3849, 28.4511, 58.4337,297.2299,1193.351721
13172.46568661,26500.623973,0.7143197, 68.3803, 28.3384, 58.3952,302.1147,1192.571478
13172.96431039,26500.623955,0.7143274, 68.3782, 28.2823, 58.3753,304.5601,1192.368441
13172.96431206,26500.623955,0.7143274, 68.3782, 28.2823, 58.3753,304.5625,1192.368440
13173.96156811,26500.623918,0.7143350, 68.3749, 28.1708, 58.3337,309.4687,1192.164645
13174.95882874,26500.623881,0.7143415, 68.3729, 28.0608, 58.2899,314.3853,1191.993035
13176.45473129,26500.623825,0.7143716, 68.3721, 27.8993, 58.2202,321.7816,1191.194477
13176.95336019,26500.623806,0.7143915, 68.3723, 27.8464, 58.1962,324.2398,1190.668346
13179.44656656,26500.623712,0.7145887, 68.3750, 27.5858, 58.0762,336.6140,1185.442956
13179.94521536,26500.623693,0.7146465, 68.3753, 27.5339, 58.0532,339.0969,1183.911647
13181.44119632,26500.623635,0.7148390, 68.3745, 27.3761, 57.9880,346.5879,1178.808527
13181.93986135,26500.623615,0.7149041, 68.3736, 27.3226, 57.9678,349.0891,1177.083936
13182.93720883,26500.623576,0.7150245, 68.3704, 27.2136, 57.9296,354.1139,1173.894740
13183.93456511,26500.623536,0.7151205, 68.3657, 27.1020, 57.8937,359.1492,1171.348571
13184.93193378,26500.623495,0.7151832, 68.3600, 26.9883, 57.8588,  4.2029,1169.688441
13186.42799477,26500.623434,0.7152131, 68.3511, 26.8157, 57.8051, 11.8015,1168.894419
13187.42537883,26500.623394,0.7152030, 68.3461, 26.7011, 57.7663, 16.8888,1169.162493
13188.42276242,26500.623353,0.7151873, 68.3426, 26.5882, 57.7243, 21.9812,1169.577917
13189.42014475,26500.623313,0.7151842, 68.3408, 26.4776, 57.6792, 27.0762,1169.660498
13189.91884138,26500.623293,0.7151923, 68.3405, 26.4233, 57.6557, 29.6326,1169.445778
13190.91623728,26500.623252,0.7152341, 68.3406, 26.3161, 57.6078, 34.7490,1168.338679
13192.41235848,26500.623191,0.7153631, 68.3412, 26.1573, 57.5366, 42.4580,1164.919540
13192.91106744,26500.623170,0.7154206, 68.3410, 26.1043, 57.5138, 45.0279,1163.396356
13194.40723372,26500.623107,0.7156119, 68.3386, 25.9431, 57.4501, 52.7863,1158.326597
13195.40467457,26500.623064,0.7157342, 68.3347, 25.8328, 57.4116, 57.9477,1155.084611
13195.90340254,26500.623043,0.7157881, 68.3322, 25.7767, 57.3933, 60.5382,1153.657050
13196.90087276,26500.623000,0.7158748, 68.3262, 25.6628, 57.3582, 65.7392,1151.359193
13198.39711243,26500.622934,0.7159453, 68.3161, 25.4889, 57.3064, 73.5929,1149.492710
13198.89584114,26500.622912,0.7159538, 68.3127, 25.4306, 57.2888, 76.1865,1149.266278
13199.89334251,26500.622869,0.7159538, 68.3064, 25.3142, 57.2524, 81.4406,1149.266581
13201.38959671,26500.622803,0.7159304, 68.2991, 25.1415, 57.1935, 89.3330,1149.885024
13201.88834529,26500.622781,0.7159220, 68.2972, 25.0847, 57.1726, 91.9617,1150.108565
13202.88585780,26500.622738,0.7159119, 68.2946, 24.9725, 57.1293, 97.2435,1150.375763
13203.88336779,26500.622694,0.7159180, 68.2930, 24.8621, 57.0844,102.5231,1150.215686
13204.88088923,26500.622650,0.7159462, 68.2922, 24.7532, 57.0385,107.8193,1149.468798
13206.37720038,26500.622584,0.7160345, 68.2915, 24.5914, 56.9700,115.8018,1147.128227
13206.87595039,26500.622562,0.7160752, 68.2911, 24.5376, 56.9479,118.4314,1146.049470
13207.87351275,26500.622518,0.7161686, 68.2897, 24.4293, 56.9051,123.7774,1143.572553
13208.87109045,26500.622473,0.7162693, 68.2869, 24.3194, 56.8651,129.1408,1140.906300
13209.86868269,26500.622427,0.7163636, 68.2827, 24.2074, 56.8280,134.5209,1138.406803
13210.86629143,26500.622382,0.7164372, 68.2768, 24.0929, 56.7935,139.9221,1136.455874
13211.86390978,26500.622335,0.7164782, 68.2697, 23.9759, 56.7604,145.3370,1135.369467
13212.86153434,26500.622289,0.7164813, 68.2620, 23.8574, 56.7272,150.7635,1135.287836
13213.85916618,26500.622243,0.7164508, 68.2547, 23.7385, 56.6922,156.2059,1136.096293
13214.85680075,26500.622197,0.7164007, 68.2487, 23.6206, 56.6540,161.6589,1137.422692
13214.85681026,26500.622197,0.7164007, 68.2487, 23.6206, 56.6540,161.6727,1137.422705
13215.85443718,26500.622151,0.7163515, 68.2445, 23.5050, 56.6120,167.1209,1138.726885
13217.35089692,26500.622083,0.7163211, 68.2416, 23.3366, 56.5434,175.3281,1139.531705
13217.84972966,26500.622060,0.7163287, 68.2412, 23.2815, 56.5198,178.0826,1139.330294
13218.84739526,26500.622015,0.7163721, 68.2408, 23.1725, 56.4728,183.5897,1138.181873
13219.84507446,26500.621969,0.7164466, 68.2399, 23.0636, 56.4274,189.1120,1136.206967
13220.84277398,26500.621923,0.7165388, 68.2378, 22.9538, 56.3847,194.6583,1133.761793
13221.84048877,26500.621876,0.7166325, 68.2340, 22.8420, 56.3451,200.2217,1131.280266
13223.33708310,26500.621805,0.7167426, 68.2255, 22.6700, 56.2906,208.5930,1128.362232
13223.83593184,26500.621781,0.7167658, 68.2220, 22.6116, 56.2734,211.3597,1127.747047
13224.83367689,26500.621734,0.7167884, 68.2146, 22.4937, 56.2392,216.9630,1127.148647
13226.33029005,26500.621662,0.7167665, 68.2036, 22.3156, 56.1866,225.3676,1127.727745
13227.32803530,26500.621615,0.7167251, 68.1973, 22.1974, 56.1493,230.9807,1128.825656
13228.32578967,26500.621567,0.7166744, 68.1921, 22.0804, 56.1095,236.6115,1130.169112
13229.32356407,26500.621520,0.7166257, 68.1884, 21.9653, 56.0672,242.2753,1131.459160
13230.32134496,26500.621473,0.7165890, 68.1860, 21.8520, 56.0228,247.9510,1132.432118
13232.31692885,26500.621380,0.7165774, 68.1839, 21.6304, 55.9305,259.3359,1132.741221
13232.81582066,26500.621357,0.7165892, 68.1837, 21.5757, 55.9074,262.1752,1132.426736
13233.81363926,26500.621310,0.7166294, 68.1830, 21.4664, 55.8618,267.9023,1131.362165
13235.31039243,26500.621239,0.7167197, 68.1808, 21.3016, 55.7968,276.5222,1128.970043
13236.30822306,26500.621192,0.7167866, 68.1779, 21.1901, 55.7565,282.2566,1127.197319
13237.30609676,26500.621144,0.7168450, 68.1735, 21.0765, 55.7188,288.0497,1125.647058
13238.30398342,26500.621096,0.7168825, 68.1677, 20.9607, 55.6833,293.8594,1124.655418
13239.30188182,26500.621047,0.7168882, 68.1608, 20.8427, 55.6489,299.6864,1124.504526
13239.80083276,26500.621023,0.7168773, 68.1572, 20.7831, 55.6317,302.6034,1124.793102
13241.29769558,26500.620951,0.7167949, 68.1468, 20.6039, 55.5771,311.3769,1126.975680
13243.29352387,26500.620857,0.7166446, 68.1384, 20.3704, 55.4919,323.1150,1130.958081
13243.79247363,26500.620833,0.7166186, 68.1377, 20.3138, 55.4682,326.0422,1131.648935
13244.79040571,26500.620786,0.7165960, 68.1374, 20.2027, 55.4193,331.9448,1132.247704
13245.28937660,26500.620763,0.7166011, 68.1376, 20.1479, 55.3945,334.9026,1132.113013
13245.78835383,26500.620739,0.7166167, 68.1379, 20.0935, 55.3699,337.8687,1131.699148
13246.78631654,26500.620692,0.7166740, 68.1381, 19.9847, 55.3221,343.8090,1130.180383
13248.78229760,26500.620597,0.7168329, 68.1344, 19.7637, 55.2353,355.7532,1125.970060
13249.78028694,26500.620549,0.7168993, 68.1301, 19.6500, 55.1963,  1.7173,1124.210027
13250.77830169,26500.620501,0.7169402, 68.1244, 19.5343, 55.1592,  7.7169,1123.126534
13251.27730197,26500.620476,0.7169492, 68.1213, 19.4758, 55.1410, 10.7066,1122.886870
13251.77630967,26500.620452,0.7169505, 68.1181, 19.4171, 55.1228, 13.7076,1122.853342
13253.27339023,26500.620379,0.7169124, 68.1089, 19.2403, 55.0667, 22.7989,1123.863084
13253.77242009,26500.620355,0.7168887, 68.1062, 19.1816, 55.0471, 25.8358,1124.489510
13254.77047970,26500.620307,0.7168325, 68.1017, 19.0649, 55.0062, 31.9129,1125.979672
13256.26758543,26500.620235,0.7167470, 68.0976, 18.8931, 54.9400, 41.0599,1128.245543
13257.76469759,26500.620164,0.7166906, 68.0966, 18.7256, 54.8691, 50.2218,1129.740048
13258.26373625,26500.620141,0.7166825, 68.0967, 18.6706, 54.8448, 53.2780,1129.953943
13259.76088820,26500.620070,0.7166954, 68.0981, 18.5077, 54.7715, 62.4968,1129.612502
13260.75900132,26500.620022,0.7167331, 68.0991, 18.3998, 54.7234, 68.6566,1128.614014
13260.75900756,26500.620022,0.7167331, 68.0991, 18.3998, 54.7234, 68.6657,1128.614006
13262.25622018,26500.619950,0.7168202, 68.0994, 18.2372, 54.6542, 77.9604,1126.305976
13263.25439040,26500.619902,0.7168862, 68.0983, 18.1275, 54.6109, 84.1931,1124.556441
13264.25256583,26500.619854,0.7169466, 68.0959, 18.0161, 54.5700, 90.4300,1122.956306
13264.75167418,26500.619829,0.7169712, 68.0942, 17.9596, 54.5503, 93.5773,1122.302344
13266.24899225,26500.619756,0.7170087, 68.0874, 17.7873, 54.4935,103.0080,1121.310452
13267.24721471,26500.619707,0.7169951, 68.0820, 17.6706, 54.4560,109.3122,1121.669473
13268.24544539,26500.619659,0.7169510, 68.0769, 17.5533, 54.4169,115.6328,1122.839100
13268.74456407,26500.619634,0.7169203, 68.0747, 17.4949, 54.3963,118.8003,1123.651897
13269.74280189,26500.619586,0.7168530, 68.0716, 17.3794, 54.3523,125.1412,1125.435602
13271.73930550,26500.619490,0.7167771, 68.0717, 17.1564, 54.2532,137.8788,1127.446785
13272.73758340,26500.619443,0.7168043, 68.0741, 17.0488, 54.2010,144.2861,1126.726973
13273.73587657,26500.619394,0.7168763, 68.0763, 16.9421, 54.1500,150.7109,1124.817271
13274.73419294,26500.619346,0.7169769, 68.0773, 16.8347, 54.1020,157.1625,1122.151191
13275.73252159,26500.619297,0.7170840, 68.0765, 16.7254, 54.0576,163.6257,1119.312923
13276.73087103,26500.619247,0.7171775, 68.0738, 16.6138, 54.0164,170.1145,1116.835595
13277.72923668,26500.619197,0.7172441, 68.0697, 16.5000, 53.9774,176.6250,1115.070709
13278.72761262,26500.619147,0.7172787, 68.0648, 16.3847, 53.9390,183.1513,1114.154300
13279.72600888,26500.619097,0.7172832, 68.0600, 16.2687, 53.9001,189.7098,1114.034711
13280.72439994,26500.619047,0.7172648, 68.0558, 16.1530, 53.8596,196.2647,1114.523921
13281.22360543,26500.619022,0.7172500, 68.0541, 16.0955, 53.8386,199.5583,1114.914588
13282.22201972,26500.618972,0.7172166, 68.0518, 15.9815, 53.7946,206.1534,1115.800728
13282.72123341,26500.618947,0.7172007, 68.0512, 15.9251, 53.7716,209.4619,1116.220845
13284.21888063,26500.618872,0.7171719, 68.0515, 15.7590, 53.6996,219.4000,1116.984030
13285.21732789,26500.618822,0.7171780, 68.0531, 15.6505, 53.6497,226.0495,1116.821807
13286.71502240,26500.618747,0.7172347, 68.0567, 15.4901, 53.5742,236.0558,1115.320823
13287.71350464,26500.618697,0.7173023, 68.0591, 15.3838, 53.5247,242.7510,1113.528214
13288.71201030,26500.618646,0.7173878, 68.0609, 15.2772, 53.4770,249.4762,1111.263816
13289.71053598,26500.618595,0.7174826, 68.0617, 15.1698, 53.4314,256.2262,1108.750629
13290.70908257,26500.618544,0.7175768, 68.0613, 15.0608, 53.3882,263.0025,1106.253291
13291.70764418,26500.618492,0.7176604, 68.0595, 14.9501, 53.3471,269.7975,1104.039256
13292.70623386,26500.618439,0.7177241, 68.0566, 14.8375, 53.3078,276.6317,1102.350687
13293.70483194,26500.618387,0.7177613, 68.0527, 14.7233, 53.2692,283.4784,1101.364595
13294.70343994,26500.618334,0.7177696, 68.0485, 14.6081, 53.2301,290.3419,1101.143885
13295.70205287,26500.618281,0.7177529, 68.0448, 14.4927, 53.1894,297.2172,1101.586681
13296.70067443,26500.618228,0.7177228, 68.0423, 14.3783, 53.1456,304.1108,1102.385054
13297.69930645,26500.618176,0.7176983, 68.0417, 14.2660, 53.0983,311.0254,1103.033745
13298.69794512,26500.618123,0.7177015, 68.0431, 14.1562, 53.0478,317.9535,1102.949341
13299.69660285,26500.618070,0.7177493, 68.0460, 14.0488, 52.9956,324.9094,1101.682018
13300.69528052,26500.618017,0.7178456, 68.0491, 13.9427, 52.9441,331.8903,1099.131320
13301.69398006,26500.617964,0.7179783, 68.0512, 13.8362, 52.8953,338.8962,1095.613112
13302.69268900,26500.617909,0.7181249, 68.0512, 13.7279, 52.8504,345.9084,1091.728734
13303.69142329,26500.617854,0.7182609, 68.0491, 13.6170, 52.8094,352.9517,1088.124220
13304.69016822,26500.617798,0.7183688, 68.0451, 13.5035, 52.7710,  0.0077,1085.264627
13305.68892900,26500.617742,0.7184412, 68.0402, 13.3882, 52.7336,  7.0871,1083.346887
13306.68770570,26500.617685,0.7184799, 68.0351, 13.2721, 52.6959, 14.1924,1082.321163
13307.68649176,26500.617628,0.7184932, 68.0308, 13.1561, 52.6565, 21.3153,1081.969892
13308.68528727,26500.617571,0.7184924, 68.0276, 13.0412, 52.6148, 28.4563,1081.991368
13309.68407922,26500.617514,0.7184895, 68.0259, 12.9277, 52.5707, 35.5961,1082.066405
13310.68288945,26500.617457,0.7184956, 68.0256, 12.8161, 52.5244, 42.7653,1081.904224
13311.68170209,26500.617400,0.7185194, 68.0266, 12.7062, 52.4763, 49.9394,1081.274016
13312.68051951,26500.617343,0.7185664, 68.0284, 12.5978, 52.4275, 57.1203,1080.028057
13313.67938111,26500.617285,0.7186386, 68.0307, 12.4904, 52.3786, 64.3633,1078.115799
13314.67823415,26500.617227,0.7187338, 68.0328, 12.3833, 52.3308, 71.5908,1075.592262
13315.67710342,26500.617169,0.7188464, 68.0342, 12.2759, 52.2847, 78.8377,1072.608048
13316.67598537,26500.617109,0.7189678, 68.0346, 12.1674, 52.2408, 86.0986,1069.392258
13317.67488374,26500.617049,0.7190875, 68.0336, 12.0573, 52.1995, 93.3791,1066.218342
13318.67380311,26500.616988,0.7191952, 68.0311, 11.9454, 52.1604,100.6870,1063.365289
13319.67273585,26500.616927,0.7192816, 68.0274, 11.8316, 52.1230,108.0127,1061.075220
13320.67168454,26500.616865,0.7193407, 68.0228, 11.7161, 52.0864,115.3618,1059.508406
13321.67063509,26500.616803,0.7193710, 68.0178, 11.5997, 52.0494,122.7160,1058.707861
13322.66959060,26500.616740,0.7193765, 68.0132, 11.4831, 52.0108,130.0816,1058.561780
13323.66854743,26500.616678,0.7193681, 68.0097, 11.3672, 51.9695,137.4545,1058.783932
13325.66646225,26500.616554,0.7193785, 68.0080, 11.1411, 51.8777,152.2166,1058.506957
13326.66543004,26500.616491,0.7194332, 68.0094, 11.0313, 51.8285,159.6155,1057.059036
13327.66440860,26500.616428,0.7195333, 68.0114, 10.9228, 51.7795,167.0272,1054.406625
13328.66339693,26500.616364,0.7196720, 68.0125, 10.8142, 51.7327,174.4471,1050.729821
13329.66239743,26500.616300,0.7198301, 68.0117, 10.7040, 51.6897,181.8773,1046.539304
13330.66141858,26500.616234,0.7199829, 68.0085, 10.5911, 51.6508,189.3311,1042.490438
13331.66044121,26500.616167,0.7201092, 68.0032, 10.4755, 51.6150,196.7835,1039.144282
13332.65947137,26500.616100,0.7201976, 67.9965, 10.3576, 51.5808,204.2466,1036.801391
13333.65850478,26500.616032,0.7202479, 67.9896, 10.2386, 51.5463,211.7170,1035.468187
13334.65753960,26500.615964,0.7202683, 67.9832, 10.1195, 51.5103,219.1937,1034.927219
13335.65657501,26500.615895,0.7202714, 67.9781, 10.0014, 51.4720,226.6761,1034.845634
13336.65560819,26500.615827,0.7202704, 67.9745,  9.8849, 51.4311,234.1595,1034.870778
13337.65463916,26500.615759,0.7202772, 67.9724,  9.7701, 51.3879,241.6429,1034.692383
13338.65366569,26500.615691,0.7203004, 67.9716,  9.6570, 51.3430,249.1214,1034.075721
13339.65269187,26500.615622,0.7203457, 67.9718,  9.5454, 51.2972,256.5993,1032.876977
13340.65171972,26500.615553,0.7204147, 67.9723,  9.4348, 51.2515,264.0781,1031.048070
13341.65074703,26500.615483,0.7205057, 67.9726,  9.3244, 51.2066,271.5531,1028.637281
13342.64978113,26500.615413,0.7206133, 67.9723,  9.2136, 51.1635,279.0340,1025.784595
13343.64882210,26500.615342,0.7207294, 67.9709,  9.1018, 51.1226,286.5206,1022.709038
13344.64786903,26500.615270,0.7208435, 67.9681,  8.9884, 51.0842,294.0117,1019.683500
13345.64692077,26500.615197,0.7209448, 67.9637,  8.8731, 51.0482,301.5067,1016.998443
13346.64597444,26500.615124,0.7210235, 67.9580,  8.7558, 51.0139,309.0029,1014.913907
13347.64502514,26500.615050,0.7210729, 67.9513,  8.6369, 50.9804,316.4953,1013.604249
13348.64407319,26500.614976,0.7210915, 67.9443,  8.5169, 50.9464,323.9864,1013.112597
13349.64310933,26500.614902,0.7210839, 67.9377,  8.3968, 50.9109,331.4647,1013.312166
13350.64213596,26500.614828,0.7210618, 67.9323,  8.2774, 50.8726,338.9347,1013.899726
13351.64115032,26500.614754,0.7210414, 67.9286,  8.1598, 50.8312,346.3924,1014.438253
13352.64015703,26500.614680,0.7210412, 67.9266,  8.0442, 50.7869,353.8428,1014.445993
13353.63915820,26500.614606,0.7210758, 67.9261,  7.9307, 50.7409,  1.2863,1013.527773
13354.63815724,26500.614532,0.7211520, 67.9261,  7.8185, 50.6949,  8.7244,1011.508709
13355.13766824,26500.614494,0.7212045, 67.9259,  7.7624, 50.6725, 12.4583,1010.115894
13355.63715517,26500.614457,0.7212646, 67.9254,  7.7062, 50.6507, 16.1558,1008.523123
13356.63615158,26500.614381,0.7213977, 67.9230,  7.5925, 50.6100, 23.5784,1004.996714
13357.63514864,26500.614304,0.7215289, 67.9183,  7.4765, 50.5730, 30.9959,1001.518893
13358.63414087,26500.614226,0.7216371, 67.9113,  7.3576, 50.5394, 38.4025,998.653052
13359.63312708,26500.614147,0.7217085, 67.9028,  7.2364, 50.5076, 45.7997,996.761383
13360.63210539,26500.614068,0.7217401, 67.8938,  7.1139, 50.4759, 53.1877,995.924206
13361.63107271,26500.613988,0.7217385, 67.8853,  6.9911, 50.4427, 60.5643,995.965636
13362.13054163,26500.613949,0.7217291, 67.8816,  6.9300, 50.4252, 64.2331,996.214705
13362.63001847,26500.613909,0.7217164, 67.8781,  6.8692, 50.4071, 67.9147,996.552439
13363.62895566,26500.613830,0.7216879, 67.8726,  6.7489, 50.3688, 75.2574,997.305970
13364.62788189,26500.613752,0.7216659, 67.8687,  6.6305, 50.3280, 82.5878,997.888671
13365.62678768,26500.613673,0.7216598, 67.8662,  6.5139, 50.2854, 89.8905,998.051180
13366.62568114,26500.613594,0.7216750, 67.8647,  6.3987, 50.2418, 97.1756,997.647287
13367.62456478,26500.613515,0.7217133, 67.8637,  6.2846, 50.1981,104.4452,996.633153
13368.62344256,26500.613436,0.7217728, 67.8626,  6.1708, 50.1552,111.7036,995.057319
13369.62231306,26500.613356,0.7218485, 67.8609,  6.0568, 50.1137,118.9480,993.049416
13370.62116845,26500.613276,0.7219331, 67.8581,  5.9418, 50.0744,126.1666,990.809614
13371.62002368,26500.613201,0.7220167, 67.8541,  5.8254, 50.0374,133.3811,988.591883
13372.11944613,26500.613167,0.7220550, 67.8515,  5.7665, 50.0198,136.9796,987.578547
13373.61771171,26500.613065,0.7221397, 67.8415,  5.5871, 49.9698,147.7698,985.333589
13374.61653910,26500.612996,0.7221610, 67.8335,  5.4652, 49.9377,154.9396,984.769014
13375.11594997,26500.612962,0.7221595, 67.8293,  5.4039, 49.9217,158.5212,984.809621
13376.61414747,26500.612859,0.7221110, 67.8171,  5.2192, 49.8714,169.2217,986.094947
13377.61292055,26500.612791,0.7220554, 67.8104,  5.0970, 49.8345,176.3259,987.566953
13378.11229936,26500.612757,0.7220269, 67.8078,  5.0365, 49.8148,179.8691,988.323290
13379.61040922,26500.612641,0.7219673, 67.8027,  4.8583, 49.7510,190.4669,989.903048
13380.60912988,26500.612560,0.7219689, 67.8013,  4.7422, 49.7058,197.5064,989.858233
13381.60783705,26500.612488,0.7220118, 67.8005,  4.6274, 49.6606,204.5243,988.722102
13382.60653540,26500.612420,0.7220901, 67.7991,  4.5127, 49.6172,211.5247,986.647141
13383.10588241,26500.612386,0.7221379, 67.7978,  4.4549, 49.5966,215.0194,985.379774
13383.60522040,26500.612351,0.7221882, 67.7960,  4.3967, 49.5769,218.4996,984.047555
13384.60390141,26500.612282,0.7222853, 67.7907,  4.2786, 49.5401,225.4630,981.474413
13385.60257273,26500.612211,0.7223616, 67.7834,  4.1579, 49.5065,232.4088,979.452317
13386.10189991,26500.612176,0.7223874, 67.7790,  4.0967, 49.4905,235.8689,978.768898
13387.59987501,26500.612069,0.7224074, 67.7650,  3.9108, 49.4431,246.2424,978.238021
13388.59849206,26500.611997,0.7223779, 67.7560,  3.7864, 49.4102,253.1151,979.020919
13389.59709155,26500.611927,0.7223267, 67.7483,  3.6627, 49.3749,259.9675,980.377264
13390.09638199,26500.611891,0.7222974, 67.7451,  3.6015, 49.3562,263.3821,981.152601
13390.59567335,26500.611856,0.7222681, 67.7424,  3.5406, 49.3368,266.7992,981.929816
13391.59423388,26500.611787,0.7222154, 67.7382,  3.4205, 49.2960,273.6040,983.325766
13392.09350341,26500.611752,0.7221947, 67.7367,  3.3612, 49.2749,276.9917,983.876334
13393.09203738,26500.611683,0.7221685, 67.7347,  3.2439, 49.2315,283.7606,984.570575
13394.09055731,26500.611614,0.7221654, 67.7336,  3.1279, 49.1874,290.5088,984.650620
13395.08904840,26500.611545,0.7221853, 67.7327,  3.0127, 49.1435,297.2134,984.124225
13396.08754112,26500.611476,0.7222245, 67.7315,  2.8977, 49.1006,303.9176,983.084757
13397.08600235,26500.611406,0.7222771, 67.7297,  2.7823, 49.0594,310.5726,981.692042
13397.58523895,26500.611371,0.7223059, 67.7283,  2.7242, 49.0396,313.9074,980.928385
13398.58370235,26500.611300,0.7223630, 67.7247,  2.6071, 49.0015,320.5602,979.414243
13399.58214062,26500.611229,0.7224114, 67.7197,  2.4884, 48.9655,327.1737,978.131885
13400.08136137,26500.611193,0.7224294, 67.7167,  2.4284, 48.9482,330.4820,977.656806
13401.07979163,26500.611121,0.7224471, 67.7098,  2.3071, 48.9147,337.0818,977.186715
13402.07819656,26500.611050,0.7224355, 67.7021,  2.1843, 48.8816,343.6459,977.492777
13403.57577599,26500.610942,0.7223617, 67.6905,  1.9991, 48.8301,353.4583,979.449717
13404.57412638,26500.610872,0.7222863, 67.6841,  1.8762, 48.7926,359.9550,981.447057
13405.57245913,26500.610802,0.7222098, 67.6797,  1.7551, 48.7516,  6.4324,983.476174
13406.57077224,26500.610733,0.7221533, 67.6774,  1.6364, 48.7071, 12.8861,984.972675
13407.06992073,26500.610699,0.7221385, 67.6770,  1.5780, 48.6840, 16.1021,985.365290
13408.06821067,26500.610630,0.7221421, 67.6770,  1.4625, 48.6369, 22.5235,985.269322
13409.06648674,26500.610561,0.7221889, 67.6770,  1.3480, 48.5907, 28.9211,984.028799
13410.06475175,26500.610492,0.7222665, 67.6759,  1.2329, 48.5470, 35.2969,981.973466
13411.06300154,26500.610421,0.7223544, 67.6728,  1.1161, 48.5069, 41.6445,979.644046
13411.56213502,26500.610386,0.7223953, 67.6704,  1.0569, 48.4881, 44.8288,978.558220
13412.56035259,26500.610314,0.7224598, 67.6640,  0.9367, 48.4527, 51.1234,976.849162
13413.05946870,26500.610278,0.7224801, 67.6603,  0.8757, 48.4358, 54.2809,976.311064
13415.05588812,26500.610133,0.7224715, 67.6440,  0.6290, 48.3684, 66.8505,976.540825
13416.55315500,26500.610025,0.7223926, 67.6338,  0.4443, 48.3137, 76.2198,978.631077
13417.55129849,26500.609954,0.7223284, 67.6291,  0.3230, 48.2739, 82.4222,980.330930
13418.54941997,26500.609884,0.7222706, 67.6263,  0.2037, 48.2314, 88.5965,981.864320
13419.54752737,26500.609814,0.7222293, 67.6251,  0.0862, 48.1869, 94.7525,982.957212
13420.04656634,26500.609779,0.7222170, 67.6249,  0.0282, 48.1641, 97.8095,983.282633
13421.54367818,26500.609675,0.7222168, 67.6256,359.8559, 48.0952,106.9717,983.289003
13422.54173615,26500.609606,0.7222452, 67.6262,359.7418, 48.0499,113.0531,982.537468
13423.04076039,26500.609571,0.7222663, 67.6264,359.6848, 48.0276,116.0858,981.977925
13424.03880350,26500.609500,0.7223182, 67.6261,359.5705, 47.9844,122.1407,980.603092
13426.03484999,26500.609358,0.7224324, 67.6224,359.3388, 47.9037,134.1827,977.574887
13427.03286027,26500.609286,0.7224776, 67.6186,359.2208, 47.8663,140.1809,976.378666
13427.53186021,26500.609250,0.7224934, 67.6162,359.1612, 47.8482,143.1719,975.958153
13428.52985277,26500.609177,0.7225075, 67.6107,359.0410, 47.8126,149.1432,975.586600
13429.52782969,26500.609104,0.7224940, 67.6046,358.9195, 47.7772,155.0934,975.942733
13430.52578813,26500.609032,0.7224530, 67.5986,358.7976, 47.7407,161.0202,977.030239
13431.52372460,26500.608960,0.7223913, 67.5935,358.6760, 47.7019,166.9205,978.665019
13432.52163717,26500.608889,0.7223242, 67.5902,358.5559, 47.6598,172.7923,980.444035
13433.51953173,26500.608819,0.7222730, 67.5892,358.4380, 47.6140,178.6433,981.799372
13434.51740804,26500.608749,0.7222589, 67.5901,358.3226, 47.5657,184.4704,982.173110
13435.01634587,26500.608714,0.7222700, 67.5911,358.2657, 47.5411,187.3832,981.879505
13436.01420507,26500.608644,0.7223285, 67.5930,358.1525, 47.4925,193.1820,980.329406
13437.01205623,26500.608572,0.7224240, 67.5938,358.0390, 47.4465,198.9629,977.797379
13438.00990173,26500.608500,0.7225338, 67.5924,357.9238, 47.4043,204.7287,974.886913
13439.00774824,26500.608427,0.7226333, 67.5886,357.8062, 47.3658,210.4906,972.250074
13439.00775122,26500.608427,0.7226333, 67.5886,357.8062, 47.3658,210.4950,972.250067
13440.00557923,26500.608352,0.7227041, 67.5828,357.6862, 47.3299,216.2277,970.376337
13441.50230211,26500.608239,0.7227415, 67.5727,357.5035, 47.2773,224.8009,969.384547
13442.00119963,26500.608202,0.7227371, 67.5694,357.4423, 47.2593,227.6457,969.501282
13442.99898729,26500.608127,0.7227103, 67.5637,357.3205, 47.2219,233.3280,970.210359
13443.99674246,26500.608052,0.7226707, 67.5596,357.1998, 47.1820,238.9680,971.260141
13444.99449177,26500.607978,0.7226318, 67.5574,357.0809, 47.1395,244.6036,972.290822
13445.99223390,26500.607904,0.7226052, 67.5569,356.9640, 47.0946,250.2316,972.995126
13446.49108425,26500.607867,0.7225993, 67.5572,356.9062, 47.0715,253.0160,973.151431
13447.48878435,26500.607793,0.7226054, 67.5587,356.7917, 47.0247,258.5842,972.989961
13447.98763455,26500.607756,0.7226179, 67.5596,356.7349, 47.0011,261.3680,972.659448
13448.98532446,26500.607682,0.7226609, 67.5618,356.6219, 46.9543,266.9189,971.520717
13449.98300011,26500.607608,0.7227245, 67.5636,356.5091, 46.9084,272.4461,969.835495
13450.98067004,26500.607532,0.7228023, 67.5648,356.3959, 46.8642,277.9615,967.771144
13451.97833292,26500.607456,0.7228868, 67.5649,356.2819, 46.8219,283.4630,965.533893
13452.97599077,26500.607378,0.7229694, 67.5637,356.1666, 46.7816,288.9540,963.345454
13453.97364044,26500.607300,0.7230419, 67.5612,356.0500, 46.7432,294.4306,961.421668
13455.47009113,26500.607181,0.7231167, 67.5554,355.8722, 46.6879,302.6091,959.441439
13455.96890380,26500.607141,0.7231298, 67.5531,355.8124, 46.6697,305.3294,959.092172
13456.96651747,26500.607061,0.7231371, 67.5482,355.6920, 46.6332,310.7546,958.901246
13457.96411631,26500.606982,0.7231207, 67.5436,355.5714, 46.5954,316.1619,959.335798
13458.96169688,26500.606902,0.7230887, 67.5400,355.4513, 46.5552,321.5477,960.182734
13459.95925815,26500.606823,0.7230564, 67.5382,355.3327, 46.5119,326.9111,961.038439
13460.95680639,26500.606744,0.7230444, 67.5386,355.2162, 46.4653,332.2601,961.357523
13461.95433838,26500.606665,0.7230726, 67.5408,355.1019, 46.4165,337.5872,960.609402
13463.45063033,26500.606546,0.7232088, 67.5448,354.9327, 46.3438,345.5634,957.000393
13463.94938717,26500.606505,0.7232750, 67.5455,354.8762, 46.3208,348.2086,955.246444
13464.94690127,26500.606423,0.7234208, 67.5452,354.7617, 46.2780,353.4938,951.380382
13466.44316483,26500.606296,0.7236209, 67.5394,354.5850, 46.2213,  1.3995,946.079544
13467.44066067,26500.606209,0.7237120, 67.5330,354.4642, 46.1868,  6.6481,943.663225
13468.43815255,26500.606122,0.7237624, 67.5260,354.3419, 46.1526, 11.8927,942.327958
13469.43562934,26500.606034,0.7237787, 67.5196,354.2195, 46.1171, 17.1194,941.897167
13469.93436039,26500.605990,0.7237780, 67.5169,354.1586, 46.0986, 19.7239,941.916315
13470.93181704,26500.605902,0.7237681, 67.5128,354.0377, 46.0596, 24.9286,942.177757
13472.42796964,26500.605770,0.7237582, 67.5101,353.8596, 45.9962, 32.6957,942.440422
13473.42538854,26500.605683,0.7237706, 67.5104,353.7432, 45.9516, 37.8528,942.110279
13474.42279015,26500.605595,0.7238058, 67.5119,353.6283, 45.9059, 42.9850,941.177649
13475.42018413,26500.605506,0.7238654, 67.5139,353.5144, 45.8601, 48.1046,939.599112
13476.41756607,26500.605416,0.7239472, 67.5158,353.4009, 45.8150, 53.2041,937.430388
13477.41494461,26500.605325,0.7240462, 67.5172,353.2872, 45.7714, 58.2953,934.807102
13477.91363103,26500.605280,0.7240999, 67.5175,353.2301, 45.7502, 60.8353,933.383384
13479.40968614,26500.605139,0.7242656, 67.5166,353.0573, 45.6899, 68.4439,928.992532
13480.40706151,26500.605044,0.7243694, 67.5143,352.9404, 45.6521, 73.5202,926.243739
13481.40442149,26500.604947,0.7244587, 67.5107,352.8220, 45.6160, 78.5722,923.875748
13482.40177361,26500.604850,0.7245277, 67.5060,352.7022, 45.5810, 83.6123,922.048617
13483.39911605,26500.604751,0.7245726, 67.5007,352.5813, 45.5464, 88.6391,920.856980
13484.39644461,26500.604652,0.7245935, 67.4952,352.4598, 45.5111, 93.6483,920.304449
13485.39376014,26500.604552,0.7245944, 67.4903,352.3382, 45.4744, 98.6423,920.279869
13486.39105593,26500.604453,0.7245850, 67.4865,352.2174, 45.4353,103.6125,920.529668
13487.38833545,26500.604354,0.7245802, 67.4846,352.0980, 45.3933,108.5639,920.656708
13487.88696999,26500.604304,0.7245853, 67.4843,352.0390, 45.3712,111.0335,920.521548
13489.38285659,26500.604155,0.7246569, 67.4858,351.8648, 45.3022,118.4194,918.622622
13489.88149012,26500.604104,0.7247042, 67.4867,351.8074, 45.2790,120.8872,917.369074
13491.37736263,26500.603951,0.7249103, 67.4878,351.6350, 45.2127,128.2413,911.908779
13492.37461206,26500.603845,0.7250748, 67.4854,351.5178, 45.1734,133.1363,907.548178
13492.87323522,26500.603792,0.7251544, 67.4830,351.4582, 45.1555,135.5791,905.438975
13494.36909834,26500.603627,0.7253447, 67.4719,351.2748, 45.1065,142.8931,900.396094
13495.36632776,26500.603515,0.7254166, 67.4629,351.1500, 45.0755,147.7514,898.490545
13496.36354669,26500.603403,0.7254482, 67.4542,351.0246, 45.0435,152.5985,897.653333
13497.36075186,26500.603290,0.7254536, 67.4470,350.9001, 45.0091,157.4309,897.509795
13498.35794753,26500.603177,0.7254497, 67.4418,350.7770, 44.9720,162.2543,897.613285
13499.35512740,26500.603064,0.7254513, 67.4387,350.6559, 44.9323,167.0583,897.569833
13499.85371147,26500.603007,0.7254578, 67.4378,350.5961, 44.9116,169.4527,897.400166
13501.34945167,26500.602837,0.7255088, 67.4369,350.4188, 44.8480,176.6188,896.048456
13502.34659898,26500.602723,0.7255718, 67.4372,350.3019, 44.8054,181.3762,894.378977
13503.84229879,26500.602555,0.7257043, 67.4372,350.1271, 44.7429,188.4764,890.865555
13504.34086497,26500.602506,0.7257560, 67.4368,350.0687, 44.7229,190.8408,889.496371
13505.33798743,26500.602406,0.7258650, 67.4353,349.9512, 44.6842,195.5526,886.606554
13506.33511191,26500.602304,0.7259748, 67.4325,349.8326, 44.6476,200.2638,883.698191
13507.33223183,26500.602199,0.7260767, 67.4282,349.7125, 44.6130,204.9655,880.996094
13508.32934720,26500.602093,0.7261632, 67.4225,349.5909, 44.5800,209.6588,878.706371
13508.32935539,26500.602093,0.7261632, 67.4225,349.5909, 44.5800,209.6706,878.706355
13509.32645441,26500.601984,0.7262279, 67.4158,349.4679, 44.5482,214.3397,876.990040
13510.32355859,26500.601874,0.7262677, 67.4083,349.3437, 44.5166,219.0173,875.936471
13511.32064712,26500.601764,0.7262826, 67.4008,349.2190, 44.4845,223.6747,875.540003
13512.31772131,26500.601653,0.7262773, 67.3938,349.0942, 44.4510,228.3150,875.682213
13512.81625562,26500.601598,0.7262697, 67.3907,349.0320, 44.4334,230.6328,875.883929
13514.31182672,26500.601433,0.7262467, 67.3838,348.8473, 44.3767,237.5470,876.490950
13514.81034582,26500.601378,0.7262456, 67.3824,348.7865, 44.3565,239.8471,876.521509
13516.30588169,26500.601213,0.7262886, 67.3804,348.6067, 44.2932,246.7184,875.381160
13516.80439416,26500.601158,0.7263231, 67.3802,348.5474, 44.2717,249.0092,874.468679
13518.29991562,26500.600988,0.7264872, 67.3784,348.3697, 44.2096,255.8517,870.118618
13519.29692729,26500.600870,0.7266291, 67.3746,348.2495, 44.1722,260.4015,866.358744
13520.29394226,26500.600749,0.7267680, 67.3678,348.1266, 44.1391,264.9497,862.677994
13520.79244707,26500.600687,0.7268279, 67.3632,348.0640, 44.1239,267.2184,861.090729
13522.28795012,26500.600498,0.7269430, 67.3467,347.8726, 44.0815,274.0071,858.038307
13522.78644950,26500.600434,0.7269581, 67.3409,347.8080, 44.0674,276.2689,857.638822
13523.78343336,26500.600306,0.7269595, 67.3301,347.6789, 44.0379,280.7748,857.601469
13525.27887702,26500.600115,0.7269224, 67.3174,347.4874, 43.9885,287.4975,858.583977
13525.77735439,26500.600052,0.7269088, 67.3143,347.4246, 43.9705,289.7352,858.946810
13526.77429118,26500.599925,0.7268903, 67.3098,347.3004, 43.9327,294.1869,859.436237
13527.77121783,26500.599799,0.7268911, 67.3070,347.1781, 43.8933,298.6252,859.415572
13528.76813450,26500.599673,0.7269150, 67.3051,347.0572, 43.8531,303.0486,858.782007
13529.76504377,26500.599545,0.7269613, 67.3036,346.9370, 43.8132,307.4594,857.554685
13530.76194563,26500.599417,0.7270260, 67.3017,346.8169, 43.7743,311.8567,855.839424
13532.25728877,26500.599219,0.7271437, 67.2973,346.6358, 43.7190,318.4323,852.720810
13532.75572870,26500.599152,0.7271846, 67.2952,346.5750, 43.7015,320.6113,851.636934
13533.75261812,26500.599017,0.7272627, 67.2900,346.4523, 43.6681,324.9809,849.565996
13534.74950371,26500.598879,0.7273293, 67.2833,346.3283, 43.6364,329.3428,847.802253
13535.74638406,26500.598740,0.7273770, 67.2755,346.2027, 43.6061,333.6960,846.536890
13536.74325751,26500.598599,0.7274008, 67.2667,346.0759, 43.5765,338.0395,845.907973
13538.73696874,26500.598318,0.7273717, 67.2486,345.8202, 43.5160,346.6820,846.676972
13539.73380466,26500.598179,0.7273281, 67.2406,345.6927, 43.4833,350.9808,847.834341
13540.73062422,26500.598041,0.7272790, 67.2342,345.5662, 43.4480,355.2607,849.134480
13541.72743033,26500.597904,0.7272395, 67.2297,345.4413, 43.4100,359.5253,850.182260
13542.72422119,26500.597768,0.7272245, 67.2269,345.3181, 43.3698,  3.7703,850.578439
13543.72101184,26500.597632,0.7272453, 67.2252,345.1963, 43.3286,  8.0150,850.027276
13544.71778666,26500.597495,0.7273050, 67.2234,345.0752, 43.2880, 12.2339,848.445552
13545.71455944,26500.597356,0.7273959, 67.2202,344.9535, 43.2496, 16.4449,846.037566
13546.71132562,26500.597213,0.7275001, 67.2147,344.8300, 43.2146, 20.6403,843.276045
13547.70809607,26500.597068,0.7275941, 67.2062,344.7039, 43.1833, 24.8370,840.782670
13548.70485524,26500.596920,0.7276567, 67.1953,344.5752, 43.1548, 29.0151,839.124516
13550.69835628,26500.596621,0.7276538, 67.1714,344.3132, 43.0989, 37.3529,839.203051
13551.69508083,26500.596473,0.7276029, 67.1613,344.1827, 43.0680, 41.4919,840.549444
13552.69179846,26500.596327,0.7275421, 67.1536,344.0540, 43.0339, 45.6264,842.161873
13553.68849958,26500.596182,0.7274885, 67.1484,343.9275, 42.9969, 49.7409,843.582798
13554.68517970,26500.596039,0.7274539, 67.1452,343.8030, 42.9579, 53.8269,844.498039
13555.68185114,26500.595897,0.7274438, 67.1432,343.6801, 42.9178, 57.9003,844.767543
13557.67517339,26500.595611,0.7274913, 67.1401,343.4366, 42.8388, 66.0112,843.508472
13558.67182449,26500.595467,0.7275383, 67.1377,343.3147, 42.8011, 70.0477,842.262353
13559.66846571,26500.595320,0.7275911, 67.1342,343.1921, 42.7652, 74.0667,840.862355
13560.66510230,26500.595173,0.7276419, 67.1295,343.0684, 42.7311, 78.0762,839.517088
13561.66173752,26500.595023,0.7276829, 67.1234,342.9433, 42.6987, 82.0816,838.429201
13562.65836503,26500.594873,0.7277074, 67.1162,342.8170, 42.6676, 86.0748,837.782118
13563.65498455,26500.594722,0.7277097, 67.1080,342.6895, 42.6372, 90.0566,837.720732
13564.65159272,26500.594572,0.7276870, 67.0994,342.5611, 42.6068, 94.0238,838.321771
13565.64818212,26500.594422,0.7276404, 67.0911,342.4325, 42.5754, 97.9669,839.557358
13566.64476255,26500.594275,0.7275759, 67.0837,342.3042, 42.5421,101.9015,841.266017
13567.64132640,26500.594129,0.7275051, 67.0780,342.1770, 42.5061,105.8170,843.142793
13568.63787338,26500.593986,0.7274434, 67.0743,342.0515, 42.4673,109.7125,844.775870
13569.63440709,26500.593844,0.7274071, 67.0726,341.9278, 42.4260,113.5915,845.739088
13570.63092976,26500.593703,0.7274078, 67.0721,341.8058, 42.3836,117.4546,845.720865
13571.62744586,26500.593561,0.7274483, 67.0716,341.6845, 42.3416,121.3055,844.648039
13572.62396510,26500.593417,0.7275204, 67.0698,341.5628, 42.3017,125.1561,842.735615
13573.62046284,26500.593271,0.7276068, 67.0658,341.4395, 42.2650,128.9700,840.445258
13574.61695813,26500.593122,0.7276858, 67.0591,341.3140, 42.2317,132.7758,838.352877
13575.61345291,26500.592971,0.7277378, 67.0501,341.1861, 42.2010,136.5785,836.974233
13576.60993779,26500.592819,0.7277516, 67.0398,341.0564, 42.1714,140.3677,836.610046
13577.60640959,26500.592667,0.7277268, 67.0297,340.9260, 42.1412,144.1414,837.265993
13578.60286623,26500.592516,0.7276737, 67.0211,340.7961, 42.1088,147.8983,838.674201
13579.59930688,26500.592367,0.7276085, 67.0148,340.6678, 42.0735,151.6374,840.401442
13580.59572976,26500.592220,0.7275484, 67.0110,340.5416, 42.0352,155.3548,841.994079
13581.59213934,26500.592075,0.7275066, 67.0094,340.4175, 41.9946,159.0552,843.100626
13582.58853396,26500.591931,0.7274903, 67.0092,340.2952, 41.9528,162.7341,843.534250
13583.58491880,26500.591787,0.7275001, 67.0098,340.1740, 41.9109,166.3973,843.272833
13584.58129617,26500.591642,0.7275323, 67.0102,340.0533, 41.8697,170.0469,842.419623
13585.57766468,26500.591496,0.7275802, 67.0100,339.9325, 41.8300,173.6805,841.151951
13586.57402637,26500.591348,0.7276358, 67.0088,339.8109, 41.7919,177.3010,839.678195
13587.57037099,26500.591199,0.7276912, 67.0063,339.6885, 41.7555,180.8939,838.208621
13588.56671698,26500.591047,0.7277391, 67.0025,339.5648, 41.7209,184.4865,836.939191
13589.56305431,26500.590895,0.7277730, 66.9975,339.4400, 41.6875,188.0655,836.040574
13590.55937945,26500.590741,0.7277879, 66.9917,339.3140, 41.6549,191.6267,835.647216
13591.55569358,26500.590587,0.7277805, 66.9853,339.1873, 41.6224,195.1732,835.841958
13592.55199367,26500.590434,0.7277509, 66.9791,339.0601, 41.5892,198.7020,836.625716
13593.54827481,26500.590283,0.7277035, 66.9736,338.9331, 41.5543,202.2073,837.883654
13594.54453940,26500.590133,0.7276477, 66.9697,338.8070, 41.5170,205.6932,839.360615
13595.54079065,26500.589984,0.7275985, 66.9677,338.6824, 41.4769,209.1644,840.664599
13596.53702669,26500.589837,0.7275731, 66.9679,338.5598, 41.4342,212.6165,841.337568
13597.53324532,26500.589690,0.7275861, 66.9695,338.4389, 41.3899,216.0440,840.994985
13598.52944852,26500.589542,0.7276427, 66.9713,338.3189, 41.3458,219.4465,839.494824
13599.52564701,26500.589392,0.7277355, 66.9720,338.1986, 41.3038,222.8371,837.034789
13600.52183905,26500.589238,0.7278459, 66.9702,338.0769, 41.2651,226.2124,834.110200
13601.51802633,26500.589080,0.7279502, 66.9655,337.9529, 41.2299,229.5757,831.343686
13602.51420469,26500.588920,0.7280285, 66.9585,337.8265, 41.1974,232.9237,829.271216
13603.51037252,26500.588757,0.7280695, 66.9502,337.6984, 41.1661,236.2570,828.183386
13604.50652604,26500.588593,0.7280737, 66.9421,337.5697, 41.1343,239.5727,828.072933
13605.50266392,26500.588430,0.7280507, 66.9353,337.4413, 41.1005,242.8704,828.681394
13606.49878398,26500.588268,0.7280158, 66.9308,337.3144, 41.0640,246.1470,829.606053
13607.49488415,26500.588107,0.7279850, 66.9286,337.1894, 41.0248,249.3986,830.422355
13608.49096835,26500.587946,0.7279713, 66.9287,337.0664, 40.9835,252.6291,830.785606
13609.48703630,26500.587786,0.7279824, 66.9302,336.9451, 40.9409,255.8363,830.491848
13610.48309090,26500.587625,0.7280201, 66.9325,336.8249, 40.8980,259.0225,829.490965
13611.47913402,26500.587462,0.7280815, 66.9347,336.7052, 40.8559,262.1893,827.864874
13612.47516388,26500.587297,0.7281600, 66.9362,336.5854, 40.8152,265.3335,825.783965
13613.47118386,26500.587129,0.7282477, 66.9367,336.4650, 40.7763,268.4598,823.460811
13614.46719601,26500.586957,0.7283363, 66.9358,336.3435, 40.7392,271.5717,821.113809
13615.46319677,26500.586782,0.7284182, 66.9335,336.2209, 40.7038,274.6648,818.942720
13616.45918492,26500.586605,0.7284872, 66.9300,336.0971, 40.6697,277.7381,817.112851
13617.45516519,26500.586425,0.7285388, 66.9255,335.9723, 40.6365,280.7997,815.747162
13618.45113095,26500.586243,0.7285700, 66.9205,335.8465, 40.6036,283.8412,814.920219
13619.44708032,26500.586060,0.7285806, 66.9154,335.7202, 40.5702,286.8609,814.638684
13620.44301030,26500.585878,0.7285737, 66.9108,335.5939, 40.5356,289.8557,814.819798
13621.43892026,26500.585696,0.7285568, 66.9075,335.4682, 40.4990,292.8256,815.269985
13622.43481108,26500.585514,0.7285417, 66.9059,335.3437, 40.4599,295.7719,815.667654
13623.43068332,26500.585333,0.7285447, 66.9062,335.2208, 40.4182,298.6945,815.589936
13624.42653710,26500.585151,0.7285818, 66.9083,335.0996, 40.3747,301.5916,814.606190
13625.42238034,26500.584967,0.7286632, 66.9109,334.9796, 40.3309,304.4717,812.447830
13626.41821296,26500.584779,0.7287866, 66.9125,334.8595, 40.2887,307.3315,809.179041
13627.41403337,26500.584585,0.7289349, 66.9116,334.7380, 40.2499,310.1671,805.248350
13628.40984631,26500.584384,0.7290821, 66.9075,334.6141, 40.2151,312.9861,801.346861
13629.40564365,26500.584178,0.7292035, 66.9004,334.4875, 40.1834,315.7793,798.130830
13630.40143194,26500.583967,0.7292848, 66.8917,334.3589, 40.1533,318.5594,795.976125
13631.39720599,26500.583753,0.7293257, 66.8830,334.2295, 40.1229,321.3220,794.891171
13632.39296224,26500.583538,0.7293371, 66.8758,334.1004, 40.0905,324.0634,794.589575
13633.38869914,26500.583323,0.7293352, 66.8707,333.9726, 40.0556,326.7813,794.639918
13634.38441431,26500.583108,0.7293363, 66.8682,333.8467, 40.0181,329.4714,794.609583
13635.38010995,26500.582893,0.7293533, 66.8678,333.7227, 39.9785,332.1350,794.161390
13636.37578857,26500.582676,0.7293934, 66.8688,333.6003, 39.9378,334.7739,793.098595
13637.37144277,26500.582474,0.7294587, 66.8706,333.4790, 39.8970,337.3759,791.367990
13638.36709173,26500.582285,0.7295465, 66.8722,333.3580, 39.8569,339.9674,789.039369
13639.36272918,26500.582089,0.7296510, 66.8731,333.2368, 39.8182,342.5388,786.269960
13640.35833474,26500.581887,0.7297644, 66.8729,333.1150, 39.7812,345.0605,783.265071
13641.35394249,26500.581678,0.7298784, 66.8711,332.9921, 39.7462,347.5822,780.243393
13642.34953912,26500.581462,0.7299854, 66.8679,332.8680, 39.7130,350.0854,777.409190
13643.34512831,26500.581239,0.7300789, 66.8634,332.7426, 39.6811,352.5762,774.931041
13644.34070389,26500.581011,0.7301544, 66.8578,332.6161, 39.6502,355.0470,772.930849
13645.33625094,26500.580778,0.7302093, 66.8516,332.4886, 39.6197,357.4772,771.475114
13646.33178797,26500.580541,0.7302437, 66.8452,332.3606, 39.5888,359.8947,770.562496
13647.32730379,26500.580303,0.7302605, 66.8393,332.2324, 39.5569,  2.2843,770.118204
13648.32279865,26500.580064,0.7302658, 66.8343,332.1047, 39.5234,  4.6470,769.978981
13649.81600390,26500.579705,0.7302746, 66.8298,331.9148, 39.4691,  8.1443,769.744863
13650.31372679,26500.579585,0.7302845, 66.8291,331.8522, 39.4499,  9.2940,769.482142
13651.30916526,26500.579343,0.7303258, 66.8291,331.7281, 39.4101, 11.5837,768.387623
13652.30458852,26500.579097,0.7304054, 66.8299,331.6051, 39.3695, 13.8508,766.277457
13653.79768901,26500.578712,0.7306011, 66.8296,331.4209, 39.3110, 17.1940,761.092721
13654.29540048,26500.578579,0.7306807, 66.8283,331.3588, 39.2930, 18.3217,758.981089
13655.29077369,26500.578301,0.7308433, 66.8231,331.2328, 39.2600, 20.5005,754.671994
13656.28614728,26500.578009,0.7309864, 66.8143,331.1039, 39.2309, 22.6755,750.880193
13657.28151303,26500.577707,0.7310887, 66.8030,330.9724, 39.2041, 24.8384,748.170211
13658.77453511,26500.577241,0.7311574, 66.7859,330.7730, 39.1635, 28.0501,746.348466
13659.27219611,26500.577085,0.7311633, 66.7809,330.7068, 39.1490, 29.1044,746.192316
13660.26751267,26500.576771,0.7311637, 66.7730,330.5753, 39.1179, 31.2088,746.182174
13661.26281000,26500.576457,0.7311644, 66.7678,330.4458, 39.0840, 33.2893,746.163031
13662.25807482,26500.576143,0.7311797, 66.7650,330.3183, 39.0479, 35.3248,745.758584
13663.25332933,26500.575826,0.7312172, 66.7637,330.1924, 39.0107, 37.3453,744.764086
13663.25333068,26500.575826,0.7312172, 66.7637,330.1924, 39.0107, 37.3473,744.764085
13664.24856264,26500.575504,0.7312787, 66.7632,330.0675, 38.9733, 39.3335,743.133878
13665.24378994,26500.575175,0.7313613, 66.7625,329.9430, 38.9367, 41.3104,740.945272
13666.23901126,26500.574837,0.7314591, 66.7612,329.8183, 38.9014, 43.2753,738.353228
13667.23420879,26500.574489,0.7315647, 66.7586,329.6929, 38.8678, 45.2024,735.555795
13668.72700303,26500.573944,0.7317202, 66.7519,329.5028, 38.8210, 48.0848,731.433512
13669.72218372,26500.573568,0.7318115, 66.7456,329.3745, 38.7918, 49.9816,729.014521
13670.21977406,26500.573376,0.7318511, 66.7420,329.3099, 38.7776, 50.9295,727.964426
13671.21493661,26500.572986,0.7319157, 66.7340,329.1798, 38.7500, 52.7992,726.251671
13672.70766393,26500.572389,0.7319725, 66.7209,328.9830, 38.7090, 55.5819,724.746997
13673.70279523,26500.571987,0.7319848, 66.7123,328.8513, 38.6810, 57.4105,724.421189
13674.69791012,26500.571585,0.7319814, 66.7044,328.7197, 38.6517, 59.2186,724.511338
13675.69300609,26500.571184,0.7319698, 66.6977,328.5887, 38.6207, 61.0028,724.817925
13676.68808739,26500.570784,0.7319603, 66.6927,328.4587, 38.5876, 62.7692,725.070181
13677.68315282,26500.570384,0.7319649, 66.6893,328.3300, 38.5525, 64.5153,724.947245
13678.67820521,26500.569983,0.7319958, 66.6873,328.2026, 38.5159, 66.2435,724.129484
13679.67324729,26500.569575,0.7320618, 66.6858,328.0760, 38.4790, 67.9557,722.380327
13680.66828272,26500.569157,0.7321640, 66.6835,327.9494, 38.4432, 69.6548,719.671012
13681.66331857,26500.568724,0.7322925, 66.6789,327.8217, 38.4100, 71.3493,716.266302
13682.65833393,26500.568274,0.7324260, 66.6708,327.6916, 38.3805, 73.0087,712.728602
13683.65335396,26500.567805,0.7325381, 66.6593,327.5587, 38.3545, 74.6714,709.758402
13684.64836287,26500.567324,0.7326081, 66.6455,327.4231, 38.3306, 76.3179,707.902083
13685.64337355,26500.566836,0.7326306, 66.6314,327.2864, 38.3066, 77.9706,707.305210
13686.63835732,26500.566348,0.7326166, 66.6190,327.1499, 38.2804, 79.5898,707.676842
13687.63333062,26500.565863,0.7325865, 66.6095,327.0151, 38.2512, 81.1994,708.472832
13688.62829361,26500.565382,0.7325611, 66.6031,326.8824, 38.2190, 82.7979,709.148322
13689.62324332,26500.564903,0.7325543, 66.5991,326.7519, 38.1848, 84.3787,709.328209
13690.61818420,26500.564424,0.7325721, 66.5966,326.6230, 38.1497, 85.9462,708.854984
13691.11564284,26500.564183,0.7325902, 66.5956,326.5590, 38.1322, 86.7121,708.374487
13691.61311945,26500.563941,0.7326139, 66.5946,326.4950, 38.1148, 87.5034,707.748708
13692.60804346,26500.563449,0.7326744, 66.5923,326.3672, 38.0809, 89.0414,706.145153
13693.60296705,26500.562948,0.7327465, 66.5889,326.2390, 38.0485, 90.5756,704.233746
13694.59790216,26500.562435,0.7328222, 66.5843,326.1100, 38.0178, 92.1236,702.227703
13695.59282167,26500.561911,0.7328937, 66.5782,325.9799, 37.9889, 93.6465,700.331055
13696.58774422,26500.561376,0.7329544, 66.5707,325.8486, 37.9614, 95.1723,698.724473
13697.58266668,26500.560832,0.7329985, 66.5620,325.7162, 37.9350, 96.6974,697.554244
13698.57758675,26500.560283,0.7330225, 66.5525,325.5828, 37.9093, 98.2195,696.919060
13699.57250255,26500.559731,0.7330249, 66.5426,325.4486, 37.8835, 99.7370,696.855737
13700.56742142,26500.559180,0.7330071, 66.5330,325.3142, 37.8570,101.2616,697.326419
13701.56231418,26500.558634,0.7329736, 66.5242,325.1800, 37.8293,102.7516,698.214775
13702.55721910,26500.558094,0.7329317, 66.5167,325.0464, 37.7997,104.2629,699.323230
13703.55210101,26500.557561,0.7328915, 66.5109,324.9139, 37.7681,105.7443,700.388007
13704.54698704,26500.557034,0.7328643, 66.5069,324.7827, 37.7345,107.2343,701.109565
13705.54187299,26500.556508,0.7328608, 66.5043,324.6528, 37.6994,108.7254,701.202942
13706.53676323,26500.555981,0.7328886, 66.5024,324.5238, 37.6638,110.2221,700.466644
13707.53165170,26500.555447,0.7329493, 66.5000,324.3951, 37.6290,111.7135,698.857998
13708.52654492,26500.554901,0.7330360, 66.4958,324.2656, 37.5961,113.2075,696.559478
13709.52144542,26500.554338,0.7331329, 66.4888,324.1343, 37.5662,114.7075,693.991261
13710.51635410,26500.553795,0.7332181, 66.4784,324.0005, 37.5396,116.2159,691.731815
13711.51126800,26500.553259,0.7332709, 66.4654,323.8642, 37.5153,117.7309,690.332911
13712.00872640,26500.552989,0.7332811, 66.4584,323.7953, 37.5035,118.4913,690.064399
13713.00364746,26500.552447,0.7332687, 66.4446,323.6570, 37.4794,120.0214,690.391028
13713.99857285,26500.551912,0.7332235, 66.4328,323.5192, 37.4529,121.5635,691.588196
13714.99349323,26500.551387,0.7331660, 66.4242,323.3831, 37.4233,123.1039,693.112591
13715.98841285,26500.550832,0.7331171, 66.4188,323.2494, 37.3907,124.6468,694.410001
13716.48587232,26500.550549,0.7331006, 66.4172,323.1834, 37.3736,125.4183,694.847116
13716.98333361,26500.550267,0.7330908, 66.4160,323.1179, 37.3561,126.1924,695.106745
13717.97825838,26500.549704,0.7330920, 66.4146,322.9881, 37.3208,127.7428,695.072613
13718.97319100,26500.549138,0.7331183, 66.4134,322.8590, 37.2859,129.3020,694.376502
13719.96813643,26500.548572,0.7331625, 66.4116,322.7300, 37.2523,130.8765,693.204014
13720.96308951,26500.548067,0.7332161, 66.4087,322.6004, 37.2203,132.4588,691.783992
13721.95805780,26500.547531,0.7332705, 66.4044,322.4701, 37.1900,134.0605,690.342320
13722.95303715,26500.546986,0.7333182, 66.3987,322.3386, 37.1612,135.6762,689.078153
13723.94802993,26500.546431,0.7333531, 66.3917,322.2061, 37.1338,137.3103,688.153823
13724.94305013,26500.545872,0.7333707, 66.3837,322.0726, 37.1072,138.9841,687.686516
13725.93805195,26500.545310,0.7333685, 66.3752,321.9382, 37.0808,140.6323,687.746257
13726.93306934,26500.544751,0.7333461, 66.3666,321.8035, 37.0541,142.3051,688.339551
13727.92811419,26500.544199,0.7333061, 66.3586,321.6687, 37.0264,144.0206,689.397996
13728.92318350,26500.543655,0.7332542, 66.3517,321.5344, 36.9971,145.7750,690.773629
13729.91823311,26500.543123,0.7331989, 66.3465,321.4009, 36.9659,147.5044,692.237733
13730.41573789,26500.542861,0.7331734, 66.3446,321.3347, 36.9495,148.3413,692.913512
13730.91325982,26500.542596,0.7331513, 66.3432,321.2688, 36.9326,149.2038,693.501463
13731.41079117,26500.542310,0.7331338, 66.3422,321.2032, 36.9152,150.0803,693.964194
13731.90834400,26500.542024,0.7331223, 66.3415,321.1380, 36.8974,150.9883,694.267605
13732.40587945,26500.541739,0.7331180, 66.3412,321.0731, 36.8794,151.8711,694.382938
13732.90342277,26500.541455,0.7331215, 66.3411,321.0085, 36.8612,152.7652,694.290344
13732.90342707,26500.541455,0.7331215, 66.3411,321.0085, 36.8612,152.7714,694.290342
13733.40096586,26500.541169,0.7331332, 66.3411,320.9440, 36.8430,153.6585,693.979771
13733.89850121,26500.540888,0.7331531, 66.3410,320.8796, 36.8250,154.5400,693.452749
13734.89360369,26500.540367,0.7332145, 66.3398,320.7507, 36.7899,156.3463,691.823695
13735.39116387,26500.540099,0.7332535, 66.3385,320.6859, 36.7731,157.2609,690.791292
13735.88871007,26500.539828,0.7332954, 66.3365,320.6208, 36.7570,158.1541,689.680770
13736.38627323,26500.539553,0.7333380, 66.3339,320.5552, 36.7417,159.0710,688.552811
13736.88384532,26500.539273,0.7333787, 66.3304,320.4890, 36.7271,159.9999,687.472788
13737.38142717,26500.538989,0.7334152, 66.3262,320.4223, 36.7131,160.9424,686.505512
13737.38142782,26500.538989,0.7334152, 66.3262,320.4223, 36.7131,160.9433,686.505511
13737.87901132,26500.538701,0.7334452, 66.3214,320.3550, 36.6997,161.8879,685.711546
13738.37659405,26500.538411,0.7334669, 66.3160,320.2871, 36.6868,162.8314,685.136506
13738.87417584,26500.538119,0.7334791, 66.3103,320.2189, 36.6741,163.7740,684.811613
13739.86937128,26500.537533,0.7334745, 66.2989,320.0816, 36.6484,165.7079,684.935205
13739.86937961,26500.537533,0.7334745, 66.2989,320.0816, 36.6484,165.7200,684.935210
13740.86456123,26500.536952,0.7334372, 66.2888,319.9444, 36.6210,167.6388,685.921811
13741.36216106,26500.536665,0.7334112, 66.2848,319.8763, 36.6063,168.6133,686.611375
13741.85974306,26500.536381,0.7333836, 66.2816,319.8086, 36.5909,169.5632,687.342891
13741.85974501,26500.536381,0.7333836, 66.2816,319.8086, 36.5909,169.5660,687.342894
13742.35734787,26500.536100,0.7333569, 66.2792,319.7414, 36.5747,170.5471,688.049886
13742.85494760,26500.535821,0.7333336, 66.2776,319.6749, 36.5578,171.5245,688.668730
13743.35255652,26500.535544,0.7333154, 66.2767,319.6089, 36.5403,172.5155,689.150487
13743.85018567,26500.535269,0.7333037, 66.2764,319.5434, 36.5223,173.5360,689.459495
13744.34779901,26500.534995,0.7332993, 66.2766,319.4784, 36.5041,174.5334,689.576188
13744.84542260,26500.534721,0.7333023, 66.2770,319.4137, 36.4858,175.5452,689.495589
13745.84068298,26500.534170,0.7333292, 66.2782,319.2851, 36.4494,177.5859,688.784963
13746.33830609,26500.533891,0.7333513, 66.2786,319.2209, 36.4316,178.5947,688.198690
13746.83594148,26500.533610,0.7333777, 66.2789,319.1567, 36.4142,179.6204,687.497200
13747.33358694,26500.533326,0.7334073, 66.2788,319.0924, 36.3971,180.6598,686.712749
13747.83122692,26500.533039,0.7334388, 66.2784,319.0279, 36.3805,181.6904,685.877779
13748.32887664,26500.532749,0.7334711, 66.2777,318.9633, 36.3644,182.7344,685.023418
13748.82654673,26500.532455,0.7335030, 66.2765,318.8984, 36.3487,183.8072,684.178578
13749.32419722,26500.532157,0.7335335, 66.2750,318.8332, 36.3334,184.8510,683.369834
13749.82186777,26500.531856,0.7335618, 66.2731,318.7678, 36.3185,185.9235,682.619668
13750.31953492,26500.531552,0.7335871, 66.2709,318.7020, 36.3039,186.9908,681.947852
13750.81720582,26500.531246,0.7336089, 66.2684,318.6361, 36.2896,188.0633,681.371184
13751.31487884,26500.530937,0.7336266, 66.2656,318.5698, 36.2755,189.1389,680.902317
13751.31488358,26500.530937,0.7336266, 66.2656,318.5698, 36.2755,189.1457,680.902313
13751.81256815,26500.530626,0.7336398, 66.2626,318.5034, 36.2615,190.2381,680.551025
13752.31025948,26500.530315,0.7336484, 66.2595,318.4368, 36.2477,191.3405,680.323680
13752.80795077,26500.530002,0.7336522, 66.2562,318.3700, 36.2338,192.4431,680.223060
13753.30564019,26500.529689,0.7336512, 66.2530,318.3031, 36.2199,193.5435,680.248140
13754.30102959,26500.529065,0.7336361, 66.2467,318.1691, 36.1915,195.7614,680.650550
13755.29644445,26500.528446,0.7336064, 66.2413,318.0353, 36.1620,198.0192,681.435461
13755.79414911,26500.528140,0.7335881, 66.2390,317.9686, 36.1466,199.1453,681.921371
13756.29186441,26500.527835,0.7335688, 66.2371,317.9021, 36.1308,200.2876,682.432035
13757.78499009,26500.526934,0.7335186, 66.2343,317.7043, 36.0803,203.6900,683.763649
13758.28273948,26500.526636,0.7335091, 66.2343,317.6391, 36.0625,204.8844,684.014378
13758.78048495,26500.526339,0.7335056, 66.2347,317.5742, 36.0443,206.0734,684.106606
13759.27819634,26500.526043,0.7335093, 66.2354,317.5096, 36.0259,207.2131,684.009413
13759.77592160,26500.525745,0.7335210, 66.2363,317.4453, 36.0072,208.3727,683.699894
13760.27366010,26500.525446,0.7335411, 66.2374,317.3811, 35.9885,209.5510,683.165811
13761.26913558,26500.524838,0.7336062, 66.2391,317.2531, 35.9517,211.9034,681.440230
13761.76688268,26500.524527,0.7336495, 66.2394,317.1889, 35.9338,213.0916,680.292197
13762.26464435,26500.524212,0.7336981, 66.2392,317.1245, 35.9165,214.2999,679.006217
13763.26016098,26500.523562,0.7338023, 66.2367,316.9946, 35.8839,216.7037,676.242263
13764.25571340,26500.522886,0.7339007, 66.2312,316.8627, 35.8541,219.1560,673.635784
13765.25127045,26500.522189,0.7339759, 66.2232,316.7287, 35.8265,221.6139,671.643762
13765.74904992,26500.521834,0.7340011, 66.2186,316.6610, 35.8132,222.8445,670.975895
13766.24685986,26500.521476,0.7340172, 66.2139,316.5931, 35.7998,224.1200,670.547294
13766.74464234,26500.521116,0.7340246, 66.2092,316.5250, 35.7864,225.3566,670.350567
13767.24243829,26500.520756,0.7340243, 66.2048,316.4568, 35.7726,226.6137,670.360641
13768.23803792,26500.520038,0.7340066, 66.1977,316.3210, 35.7434,229.1428,670.827312
13768.73583689,26500.519681,0.7339936, 66.1952,316.2537, 35.7278,230.4079,671.173725
13769.23365241,26500.519326,0.7339807, 66.1934,316.1867, 35.7115,231.6978,671.514565
13770.22924984,26500.518620,0.7339641, 66.1921,316.0544, 35.6771,234.2310,671.954514
13771.22485812,26500.517915,0.7339702, 66.1933,315.9241, 35.6409,236.7805,671.793165
13771.72266912,26500.517562,0.7339839, 66.1944,315.8595, 35.6225,238.0648,671.429242
13772.22050523,26500.517205,0.7340049, 66.1958,315.7952, 35.6041,239.3849,670.872243
13772.71832073,26500.516846,0.7340328, 66.1971,315.7311, 35.5858,240.6743,670.133842
13773.21614300,26500.516482,0.7340667, 66.1984,315.6671, 35.5677,241.9727,669.234919
13774.21180717,26500.515739,0.7341484, 66.2003,315.5389, 35.5327,244.5950,667.070345
13774.21182529,26500.515739,0.7341484, 66.2003,315.5389, 35.5327,244.6213,667.070302
13774.70964400,26500.515359,0.7341937, 66.2007,315.4747, 35.5159,245.9117,665.869220
13775.20749778,26500.514971,0.7342403, 66.2007,315.4102, 35.4995,247.2521,664.634853
13776.20319599,26500.514177,0.7343326, 66.1995,315.2805, 35.4682,249.9172,662.189017
13777.19891557,26500.513355,0.7344170, 66.1966,315.1496, 35.4384,252.6113,659.950182
13778.19465256,26500.512510,0.7344877, 66.1924,315.0176, 35.4099,255.3297,658.078280
13779.19039180,26500.511644,0.7345408, 66.1873,314.8847, 35.3820,258.0515,656.668783
13780.18614386,26500.510764,0.7345753, 66.1817,314.7511, 35.3543,260.7931,655.756411
13781.18192694,26500.509876,0.7345919, 66.1762,314.6172, 35.3262,263.5817,655.315068
13782.17771451,26500.508985,0.7345941, 66.1713,314.4833, 35.2971,266.3794,655.255580
13783.17350534,26500.508094,0.7345879, 66.1677,314.3499, 35.2665,269.1849,655.421665
13784.16930369,26500.507206,0.7345814, 66.1657,314.2173, 35.2341,272.0042,655.591521
13785.16509665,26500.506318,0.7345854, 66.1655,314.0859, 35.1999,274.8182,655.485931
13786.16090528,26500.505426,0.7346109, 66.1669,313.9557, 35.1642,277.6560,654.811456
13787.15672710,26500.504519,0.7346667, 66.1693,313.8266, 35.1277,280.5124,653.331222
13787.65464313,26500.504058,0.7347075, 66.1705,313.7622, 35.1095,281.9472,652.250689
13788.15256818,26500.503588,0.7347566, 66.1715,313.6979, 35.0915,283.3943,650.949994
13789.14841641,26500.502620,0.7348754, 66.1722,313.5688, 35.0569,286.2825,647.801217
13789.14842346,26500.502620,0.7348754, 66.1722,313.5688, 35.0569,286.2927,647.801193
13790.14428443,26500.501676,0.7350093, 66.1701,313.4385, 35.0249,289.1949,644.251423
13791.14016717,26500.500608,0.7351387, 66.1648,313.3060, 34.9958,292.1252,640.821631
13792.13606364,26500.499493,0.7352449, 66.1566,313.1713, 34.9691,295.0741,638.006860
13793.13197405,26500.498340,0.7353165, 66.1470,313.0348, 34.9434,298.0445,636.109614
13793.62993333,26500.497753,0.7353387, 66.1421,312.9663, 34.9304,299.5368,635.520669
13794.12789778,26500.497163,0.7353530, 66.1376,312.8977, 34.9172,301.0377,635.142317
13795.12382268,26500.495976,0.7353642, 66.1300,312.7609, 34.8893,304.0369,634.844129
13796.11975778,26500.494787,0.7353661, 66.1252,312.6255, 34.8590,307.0551,634.793037
13797.11569961,26500.493595,0.7353754, 66.1233,312.4918, 34.8263,310.0856,634.547121
13798.11162843,26500.492396,0.7354048, 66.1238,312.3600, 34.7920,313.0978,633.768111
13798.60960737,26500.491789,0.7354293, 66.1246,312.2946, 34.7746,314.6246,633.119253
13799.10757222,26500.491177,0.7354606, 66.1256,312.2295, 34.7571,316.1304,632.289526
13799.60555526,26500.490556,0.7354984, 66.1267,312.1646, 34.7397,317.6619,631.286200
13800.10353664,26500.489926,0.7355422, 66.1277,312.0998, 34.7225,319.1901,630.125783
13801.09952540,26500.488631,0.7356438, 66.1289,311.9700, 34.6892,322.2815,627.433416
13802.09552606,26500.487284,0.7357564, 66.1288,311.8397, 34.6577,325.3866,624.449432
13803.09154472,26500.485878,0.7358703, 66.1268,311.7083, 34.6281,328.5147,621.431343
13804.08753846,26500.484412,0.7359767, 66.1230,311.5757, 34.6001,331.6046,618.609466
13805.08356548,26500.482892,0.7360692, 66.1177,311.4419, 34.5735,334.7419,616.158877
13806.07961527,26500.481322,0.7361436, 66.1113,311.3071, 34.5477,337.9122,614.187609
13807.07566415,26500.479715,0.7361984, 66.1043,311.1715, 34.5221,341.0825,612.734501
13808.07172699,26500.478080,0.7362346, 66.0974,311.0354, 34.4961,344.2750,611.773663
13809.06779949,26500.476428,0.7362557, 66.0910,310.8994, 34.4693,347.4841,611.214671
13809.56583806,26500.475598,0.7362622, 66.0882,310.8314, 34.4555,349.0931,611.042517
13810.06384272,26500.474766,0.7362671, 66.0857,310.7636, 34.4413,350.6537,610.910870
13810.06385923,26500.474766,0.7362671, 66.0857,310.7636, 34.4413,350.6776,610.910866
13811.05992745,26500.473043,0.7362767, 66.0820,310.6285, 34.4117,353.8863,610.658226
13812.05601848,26500.471367,0.7362937, 66.0800,310.4945, 34.3803,357.1305,610.207315
13813.05211594,26500.469675,0.7363283, 66.0795,310.3616, 34.3476,  0.3852,609.288801
13814.04820340,26500.467953,0.7363897, 66.0801,310.2296, 34.3139,  3.6254,607.660667
13815.04430580,26500.466180,0.7364831, 66.0808,310.0982, 34.2804,  6.8853,605.184770
13815.54236609,26500.465267,0.7365416, 66.0807,310.0324, 34.2640,  8.5272,603.635487
13816.04040633,26500.464333,0.7366066, 66.0801,309.9664, 34.2481, 10.1390,601.913302
13816.53847368,26500.463376,0.7366764, 66.0788,309.9002, 34.2328, 11.7891,600.063412
13817.03652529,26500.462392,0.7367487, 66.0767,309.8335, 34.2182, 13.4152,598.145514
13817.53459723,26500.461382,0.7368210, 66.0737,309.7663, 34.2044, 15.0699,596.228801
13818.03266318,26500.460345,0.7368906, 66.0698,309.6984, 34.1913, 16.7152,594.386441
13819.02882265,26500.458275,0.7370111, 66.0597,309.5610, 34.1669, 20.0450,591.191961
13819.52690748,26500.457223,0.7370583, 66.0538,309.4915, 34.1554, 21.7175,589.940073
13820.02498484,26500.456151,0.7370956, 66.0476,309.4216, 34.1439, 23.3799,588.952107
13821.02114850,26500.453969,0.7371415, 66.0355,309.2813, 34.1207, 26.7206,587.734054
13822.01732867,26500.451758,0.7371587, 66.0253,309.1412, 34.0957, 30.0901,587.278239
13823.01351223,26500.449538,0.7371642, 66.0180,309.0025, 34.0684, 33.4687,587.131564
13824.00967488,26500.447311,0.7371756, 66.0138,308.8655, 34.0387, 36.8197,586.828621
13824.50775948,26500.446191,0.7371878, 66.0127,308.7978, 34.0232, 38.5003,586.504996
13825.00585679,26500.445065,0.7372058, 66.0121,308.7304, 34.0075, 40.1992,586.028693
13825.50396003,26500.443928,0.7372300, 66.0119,308.6633, 33.9916, 41.9064,585.386125
13826.00204989,26500.442778,0.7372606, 66.0118,308.5965, 33.9756, 43.5936,584.575034
13826.99825080,26500.440426,0.7373394, 66.0117,308.4634, 33.9442, 46.9967,582.485824
13827.49636029,26500.439218,0.7373862, 66.0114,308.3968, 33.9289, 48.7101,581.245303
13827.99447506,26500.437985,0.7374367, 66.0108,308.3302, 33.9140, 50.4304,579.908271
13828.49258867,26500.436725,0.7374896, 66.0098,308.2634, 33.8994, 52.1481,578.504153
13828.99070280,26500.435437,0.7375440, 66.0084,308.1964, 33.8854, 53.8658,577.063622
13829.48882341,26500.434118,0.7375986, 66.0066,308.1291, 33.8718, 55.5922,575.617333
13829.98694115,26500.432769,0.7376522, 66.0042,308.0616, 33.8586, 57.3138,574.194642
13830.98316794,26500.429982,0.7377529, 65.9982,307.9256, 33.8335, 60.7434,571.525472
13830.98318603,26500.429982,0.7377529, 65.9982,307.9256, 33.8335, 60.7696,571.525427
13831.48131987,26500.428536,0.7377983, 65.9946,307.8571, 33.8215, 62.5136,570.323593
13831.97942674,26500.427073,0.7378394, 65.9906,307.7883, 33.8098, 64.2186,569.233682
13831.97943280,26500.427073,0.7378394, 65.9906,307.7883, 33.8098, 64.2273,569.233670
13832.47757377,26500.425466,0.7378756, 65.9863,307.7192, 33.7982, 65.9912,568.272332
13832.97570118,26500.423959,0.7379071, 65.9818,307.6499, 33.7867, 67.7262,567.439237
13833.47384139,26500.422433,0.7379334, 65.9772,307.5805, 33.7754, 69.4802,566.741717
13833.97196392,26500.420891,0.7379546, 65.9725,307.5108, 33.7640, 71.2090,566.178720
13833.97196612,26500.420891,0.7379546, 65.9725,307.5108, 33.7640, 71.2122,566.178717
13834.96825310,26500.417775,0.7379828, 65.9631,307.3713, 33.7410, 74.7323,565.431206
13835.46640107,26500.416205,0.7379906, 65.9586,307.3015, 33.7292, 76.4999,565.224146
13835.96453053,26500.414632,0.7379950, 65.9544,307.2317, 33.7172, 78.2414,565.106981
13836.46268046,26500.413056,0.7379967, 65.9504,307.1620, 33.7048, 80.0134,565.059550
13836.96080949,26500.411480,0.7379968, 65.9467,307.0924, 33.6921, 81.7558,565.058737
13837.45897041,26500.409904,0.7379960, 65.9435,307.0230, 33.6790, 83.5452,565.078845
13837.95710006,26500.408328,0.7379955, 65.9406,306.9538, 33.6656, 85.2900,565.092072
13837.95710229,26500.408328,0.7379955, 65.9406,306.9538, 33.6656, 85.2932,565.092072
13838.95339066,26500.405175,0.7379997, 65.9362,306.8161, 33.6375, 88.8266,564.979745
13839.45154528,26500.403594,0.7380067, 65.9346,306.7476, 33.6229, 90.6091,564.794020
13839.94966602,26500.402006,0.7380184, 65.9334,306.6794, 33.6080, 92.3427,564.483169
13840.94600764,26500.398798,0.7380597, 65.9316,306.5436, 33.5777, 95.9550,563.386228
13841.44416597,26500.397168,0.7380908, 65.9309,306.4760, 33.5624, 97.7427,562.563855
13841.94229840,26500.395515,0.7381291, 65.9301,306.4084, 33.5473, 99.4925,561.547068
13842.44046232,26500.393832,0.7381746, 65.9291,306.3408, 33.5323,101.2871,560.340358
13842.93861700,26500.392114,0.7382267, 65.9277,306.2731, 33.5177,103.0676,558.961343
13843.43678698,26500.390357,0.7382840, 65.9256,306.2051, 33.5036,104.8694,557.441622
13843.93493788,26500.388555,0.7383449, 65.9229,306.1368, 33.4900,106.6426,555.827144
13844.43313795,26500.386706,0.7384072, 65.9193,306.0680, 33.4772,108.4862,554.176064
13844.93129836,26500.384809,0.7384683, 65.9148,305.9987, 33.4651,110.2717,552.555985
13844.93130141,26500.384809,0.7384683, 65.9148,305.9987, 33.4651,110.2761,552.555976
13845.42947812,26500.382863,0.7385256, 65.9094,305.9288, 33.4536,112.0848,551.035880
13845.92762687,26500.380874,0.7385766, 65.9032,305.8583, 33.4427,113.8528,549.685454
13846.42581180,26500.378844,0.7386191, 65.8963,305.7872, 33.4323,115.6735,548.559009
13846.92398096,26500.376783,0.7386517, 65.8890,305.7156, 33.4221,117.4720,547.693788
13847.92035955,26500.372597,0.7386863, 65.8744,305.5717, 33.4016,121.1305,546.776176
13848.41855176,26500.370490,0.7386900, 65.8675,305.4996, 33.3908,122.9659,546.677479
13848.91671531,26500.368382,0.7386871, 65.8613,305.4277, 33.3796,124.7612,546.753170
13849.91312947,26500.364181,0.7386717, 65.8515,305.2850, 33.3550,128.4815,547.161077
13850.90947881,26500.360007,0.7386598, 65.8451,305.1443, 33.3280,132.1112,547.473903
13851.90584671,26500.355838,0.7386664, 65.8416,305.0054, 33.2992,135.7687,547.297745
13851.90586433,26500.355837,0.7386664, 65.8416,305.0054, 33.2992,135.7943,547.297736
13852.90225556,26500.351634,0.7386980, 65.8397,304.8681, 33.2697,139.4844,546.459763
13853.89865391,26500.347353,0.7387535, 65.8381,304.7314, 33.2406,143.1823,544.988785
13854.39685396,26500.345170,0.7387884, 65.8370,304.6632, 33.2265,145.0313,544.063626
13854.89498100,26500.342953,0.7388267, 65.8357,304.5949, 33.2127,146.7738,543.048113
13855.89141732,26500.338406,0.7389090, 65.8319,304.4577, 33.1863,150.5207,540.865986
13856.88780761,26500.333698,0.7389915, 65.8263,304.3196, 33.1617,154.1986,538.676110
13857.88423231,26500.328831,0.7390663, 65.8190,304.1804, 33.1387,157.9250,536.694511
13858.88066446,26500.323823,0.7391268, 65.8101,304.0400, 33.1168,161.6619,535.088901
13858.88068715,26500.323823,0.7391268, 65.8101,304.0400, 33.1168,161.6948,535.088869
13859.87710111,26500.318705,0.7391689, 65.8001,303.8986, 33.0957,165.4063,533.971341
13860.87357948,26500.313518,0.7391909, 65.7896,303.7565, 33.0747,169.2128,533.386951
13861.87004099,26500.308303,0.7391936, 65.7792,303.6140, 33.0534,172.9974,533.314739
13862.86648212,26500.303100,0.7391804, 65.7695,303.4715, 33.0313,176.7556,533.664450
13863.86294122,26500.297938,0.7391568, 65.7611,303.3294, 33.0079,180.5432,534.288837
13864.85940458,26500.292830,0.7391301, 65.7543,303.1880, 32.9830,184.3400,534.994126
13865.85588307,26500.287774,0.7391086, 65.7492,303.0476, 32.9566,188.1613,535.561088
13865.85589792,26500.287774,0.7391086, 65.7492,303.0476, 32.9566,188.1828,535.561094
13866.35412089,26500.285260,0.7391025, 65.7473,302.9777, 32.9429,190.0705,535.722645
13866.85234424,26500.282750,0.7391007, 65.7458,302.9082, 32.9289,191.9591,535.768924
13867.84881274,26500.277720,0.7391135, 65.7435,302.7697, 32.9003,195.7680,535.429403
13868.84528744,26500.272637,0.7391514, 65.7417,302.6318, 32.8715,199.5850,534.425197
13869.84178731,26500.267444,0.7392146, 65.7391,302.4940, 32.8433,203.4366,532.747194
13870.83827067,26500.262087,0.7392980, 65.7348,302.3556, 32.8166,207.2616,530.537443
13871.83478047,26500.256527,0.7393898, 65.7276,302.2157, 32.7920,211.1223,528.101361
13872.83128935,26500.250756,0.7394734, 65.7171,302.0738, 32.7698,214.9801,525.884853
13873.82780060,26500.244808,0.7395314, 65.7038,301.9298, 32.7494,218.8422,524.347461
13874.32611000,26500.241790,0.7395468, 65.6966,301.8572, 32.7395,220.8522,523.937638
13874.82437663,26500.238758,0.7395525, 65.6893,301.7842, 32.7295,222.8015,523.785456
13875.82091648,26500.232702,0.7395380, 65.6759,301.6383, 32.7086,226.7137,524.169551
13876.81742429,26500.226712,0.7395018, 65.6654,301.4932, 32.6853,230.5851,525.127178
13877.31569616,26500.223753,0.7394821, 65.6616,301.4214, 32.6726,232.5486,525.648443
13877.81395084,26500.220817,0.7394648, 65.6588,301.3501, 32.6592,234.4879,526.105553
13878.81050836,26500.214993,0.7394454, 65.6556,301.2091, 32.6310,238.4371,526.617845
13879.80705285,26500.209183,0.7394531, 65.6545,301.0699, 32.6018,242.3665,526.412795
13880.80360354,26500.203320,0.7394876, 65.6540,300.9316, 32.5729,246.3023,525.497406
13881.80016209,26500.197344,0.7395419, 65.6528,300.7935, 32.5451,250.2462,524.055666
13882.79672762,26500.191215,0.7396064, 65.6501,300.6549, 32.5189,254.1973,522.346450
13883.79330798,26500.184916,0.7396711, 65.6456,300.5154, 32.4944,258.1677,520.628315
13884.78989548,26500.178453,0.7397280, 65.6394,300.3749, 32.4714,262.1473,519.118893
13885.78641798,26500.171851,0.7397710, 65.6317,300.2334, 32.4494,266.0327,517.979325
13886.78302935,26500.165153,0.7397962, 65.6230,300.0909, 32.4281,270.0480,517.308993
13887.77964706,26500.158410,0.7398023, 65.6139,299.9478, 32.4069,274.0744,517.144676
13888.77622639,26500.151676,0.7397903, 65.6050,299.8045, 32.3853,278.0481,517.460901
13889.27453876,26500.148326,0.7397785, 65.6008,299.7328, 32.3742,280.0689,517.773580
13890.27116836,26500.141686,0.7397464, 65.5934,299.5897, 32.3510,284.1203,518.622738
13890.76947262,26500.138401,0.7397277, 65.5902,299.5184, 32.3390,286.1319,519.117085
13892.26442811,26500.128700,0.7396728, 65.5835,299.3057, 32.3005,292.2331,520.569392
13892.76270390,26500.125512,0.7396583, 65.5822,299.2353, 32.2869,294.2061,520.951835
13893.75932837,26500.119180,0.7396411, 65.5808,299.0954, 32.2588,298.2587,521.407113
13894.25763807,26500.116025,0.7396400, 65.5806,299.0258, 32.2444,300.2816,521.435752
13894.75595241,26500.112867,0.7396447, 65.5806,298.9564, 32.2298,302.3111,521.310026
13895.75258533,26500.106511,0.7396727, 65.5809,298.8181, 32.2007,306.3755,520.565256
13896.74922590,26500.100046,0.7397249, 65.5806,298.6799, 32.1721,310.4492,519.182012
13897.74587534,26500.093410,0.7397959, 65.5786,298.5412, 32.1447,314.5334,517.298774
13898.74253429,26500.086557,0.7398757, 65.5742,298.4014, 32.1192,318.6292,515.180919
13899.73920743,26500.079475,0.7399508, 65.5669,298.2600, 32.0956,322.7444,513.189185
13900.73588369,26500.072192,0.7400068, 65.5570,298.1167, 32.0737,326.8647,511.704890
13901.23421385,26500.068497,0.7400239, 65.5515,298.0445, 32.0630,328.9143,511.249334
13902.72918886,26500.057338,0.7400269, 65.5348,297.8266, 32.0305,335.0472,511.167067
13903.72586380,26500.049952,0.7399977, 65.5262,297.6817, 32.0067,339.1787,511.938450
13904.72254040,26500.042668,0.7399631, 65.5213,297.5384, 31.9804,343.3173,512.854899
13905.71922389,26500.035471,0.7399424, 65.5200,297.3971, 31.9516,347.4681,513.399832
13906.71589379,26500.028295,0.7399492, 65.5214,297.2577, 31.9215,351.5989,513.219076
13907.71258720,26500.021052,0.7399864, 65.5238,297.1196, 31.8914,355.7613,512.231132
13908.70927024,26500.013654,0.7400480, 65.5257,296.9818, 31.8622,359.9050,510.595272
13909.70598253,26500.006037,0.7401233, 65.5260,296.8436, 31.8348,  4.0879,508.598293
13910.70270467,26499.998170,0.7402008, 65.5243,296.7046, 31.8091,  8.2825,506.543355
13911.69943683,26499.990052,0.7402710, 65.5207,296.5645, 31.7849, 12.4904,504.682223
13912.19780513,26499.985908,0.7403011, 65.5183,296.4940, 31.7733, 14.5975,503.882214
13913.69291463,26499.973209,0.7403659, 65.5094,296.2813, 31.7395, 20.9270,502.161101
13914.68961764,26499.964597,0.7403861, 65.5028,296.1387, 31.7172, 25.0961,501.623189
13915.68638707,26499.955942,0.7403892, 65.4965,295.9958, 31.6944, 29.3641,501.538513
13916.68313916,26499.947300,0.7403789, 65.4910,295.8531, 31.6708, 33.6103,501.810961
13917.67988141,26499.938710,0.7403606, 65.4869,295.7108, 31.6460, 37.8454,502.293010
13919.17501770,26499.925950,0.7403341, 65.4841,295.4989, 31.6060, 44.2367,502.991345
13919.67338843,26499.921722,0.7403296, 65.4841,295.4288, 31.5920, 46.3566,503.109881
13920.67014514,26499.913272,0.7403329, 65.4854,295.2894, 31.5631, 50.6193,503.019884
13921.66691404,26499.904773,0.7403579, 65.4879,295.1509, 31.5334, 54.9000,502.357230
13922.66366516,26499.896139,0.7404077, 65.4907,295.0130, 31.5036, 59.1538,501.033843
13923.66043689,26499.887276,0.7404816, 65.4929,294.8752, 31.4744, 63.4357,499.074356
13924.65722877,26499.878097,0.7405736, 65.4934,294.7370, 31.4464, 67.7446,496.632328
13925.65402881,26499.868627,0.7406738, 65.4914,294.5976, 31.4201, 72.0633,493.975148
13926.65083218,26499.858878,0.7407694, 65.4867,294.4568, 31.3957, 76.3860,491.438444
13927.64764573,26499.848744,0.7408481, 65.4796,294.3144, 31.3727, 80.7242,489.351847
13928.64445820,26499.838310,0.7409009, 65.4711,294.1706, 31.3504, 85.0636,487.949066
13929.64125662,26499.827697,0.7409259, 65.4628,294.0262, 31.3276, 89.3870,487.284001
13930.63807262,26499.817018,0.7409295, 65.4563,293.8820, 31.3034, 93.7409,487.185622
13931.63488838,26499.806345,0.7409256, 65.4529,293.7390, 31.2771, 98.0989,487.285260
13932.63169715,26499.795672,0.7409315, 65.4529,293.5977, 31.2486,102.4497,487.127670
13933.62851294,26499.784918,0.7409614, 65.4558,293.4582, 31.2186,106.8109,486.332927
13934.62532152,26499.773947,0.7410218, 65.4599,293.3199, 31.1883,111.1598,484.729620
13935.62215552,26499.762609,0.7411098, 65.4639,293.1822, 31.1588,115.5423,482.393174
13936.61899850,26499.750770,0.7412158, 65.4662,293.0441, 31.1309,119.9344,479.582125
13937.61584906,26499.738347,0.7413272, 65.4663,292.9051, 31.1049,124.3349,476.625521
13938.61270898,26499.725312,0.7414328, 65.4642,292.7649, 31.0807,128.7477,473.824241
13939.60957698,26499.711697,0.7415243, 65.4601,292.6235, 31.0577,133.1723,471.395298
13940.60645111,26499.697579,0.7415973, 65.4547,292.4812, 31.0355,137.6074,469.457152
13941.60333235,26499.683063,0.7416508, 65.4488,292.3382, 31.0134,142.0553,468.037631
13942.60021774,26499.668259,0.7416864, 65.4431,292.1948, 30.9910,146.5125,467.088908
13943.59709294,26499.653268,0.7417083, 65.4382,292.0516, 30.9677,150.9585,466.504965
13944.59398207,26499.638159,0.7417222, 65.4347,291.9087, 30.9434,155.4282,466.131989
13945.59087271,26499.622962,0.7417352, 65.4329,291.7666, 30.9177,159.9035,465.784520
13946.58776418,26499.607658,0.7417550, 65.4329,291.6253, 30.8908,164.3826,465.255283
13947.58466049,26499.592172,0.7417894, 65.4345,291.4850, 30.8628,168.8703,464.339922
13948.58155579,26499.576379,0.7418448, 65.4373,291.3455, 30.8341,173.3572,462.868481
13949.57845786,26499.560108,0.7419247, 65.4404,291.2066, 30.8054,177.8534,460.746009
13950.57537009,26499.543164,0.7420285, 65.4427,291.0676, 30.7773,182.3629,457.991207
13951.57227950,26499.525352,0.7421503, 65.4432,290.9282, 30.7505,186.8666,454.758671
13952.56919893,26499.506521,0.7422797, 65.4410,290.7875, 30.7255,191.3836,451.326739
13953.56613596,26499.486602,0.7424034, 65.4359,290.6453, 30.7022,195.9261,448.043383
13954.56307791,26499.465692,0.7425091, 65.4283,290.5015, 30.6804,200.4775,445.237197
13955.56002119,26499.444383,0.7425887, 65.4193,290.3564, 30.6592,205.0345,443.121671
13956.55696279,26499.422295,0.7426412, 65.4105,290.2107, 30.6377,209.5941,441.724796
13957.55391450,26499.399782,0.7426732, 65.4035,290.0652, 30.6149,214.1740,440.871257
13958.55086540,26499.376986,0.7426973, 65.3992,289.9206, 30.5903,218.7577,440.226968
13959.54781745,26499.353910,0.7427284, 65.3981,289.7775, 30.5640,223.3467,439.395162
13960.54477223,26499.330402,0.7427796, 65.3996,289.6359, 30.5363,227.9410,438.034527
13961.54172335,26499.306188,0.7428576, 65.4025,289.4954, 30.5082,232.5296,435.958987
13962.53868536,26499.280937,0.7429622, 65.4053,289.3553, 30.4808,237.1321,433.183133
13963.53565841,26499.254322,0.7430858, 65.4066,289.2150, 30.4548,241.7486,429.899957
13964.53264327,26499.226095,0.7432173, 65.4057,289.0738, 30.4306,246.3807,426.407183
13965.52962820,26499.196135,0.7433449, 65.4022,288.9313, 30.4083,251.0127,423.017843
13966.52663080,26499.164463,0.7434590, 65.3964,288.7875, 30.3874,255.6719,419.987642
13967.52362382,26499.131241,0.7435535, 65.3891,288.6425, 30.3674,260.3202,417.474987
13968.52063886,26499.096719,0.7436264, 65.3809,288.4967, 30.3477,265.0046,415.532905
13969.01914823,26499.079062,0.7436552, 65.3768,288.4236, 30.3378,267.3514,414.766246
13970.51468036,26499.024919,0.7437167, 65.3655,288.2042, 30.3069,274.4056,413.122380
13971.01320174,26499.006572,0.7437313, 65.3623,288.1312, 30.2961,276.7752,412.730053
13971.51170554,26498.988109,0.7437445, 65.3596,288.0583, 30.2851,279.1207,412.377763
13972.50873316,26498.950849,0.7437699, 65.3554,287.9131, 30.2621,283.8444,411.693332
13973.50576386,26498.913109,0.7438008, 65.3529,287.7686, 30.2379,288.5769,410.866421
13974.50277746,26498.874725,0.7438443, 65.3521,287.6250, 30.2127,293.2882,409.702485
13975.49980077,26498.835399,0.7439067, 65.3525,287.4822, 30.1870,298.0161,408.038858
13976.49683972,26498.794722,0.7439917, 65.3531,287.3398, 30.1612,302.7681,405.776257
13977.49389133,26498.752205,0.7440993, 65.3531,287.1974, 30.1359,307.5394,402.914021
13977.99238328,26498.730096,0.7441603, 65.3524,287.1260, 30.1237,309.8761,401.292530
13978.49094443,26498.707340,0.7442247, 65.3512,287.0544, 30.1119,312.3133,399.579875
13979.48797322,26498.659719,0.7443579, 65.3465,286.9103, 30.0896,317.0533,396.036781
13980.48503904,26498.612372,0.7444858, 65.3387,286.7645, 30.0691,321.8493,392.635988
13981.48211124,26498.562945,0.7445950, 65.3282,286.6171, 30.0501,326.6588,389.731331
13982.47919046,26498.511083,0.7446763, 65.3162,286.4683, 30.0317,331.4848,387.562094
13983.47627625,26498.457451,0.7447286, 65.3044,286.3188, 30.0129,336.3284,386.163813
13983.97480620,26498.430184,0.7447457, 65.2991,286.2441, 30.0031,338.7345,385.702328
13984.97189828,26498.375059,0.7447698, 65.2905,286.0953, 29.9823,343.5996,385.050453
13985.47042946,26498.347259,0.7447804, 65.2874,286.0213, 29.9712,346.0133,384.762323
13986.46751830,26498.291136,0.7448079, 65.2836,285.8744, 29.9478,350.8833,384.018745
13987.46460070,26498.233978,0.7448533, 65.2823,285.7289, 29.9233,355.7480,382.801712
13988.46168527,26498.175139,0.7449226, 65.2823,285.5844, 29.8985,  0.6183,380.950111
13989.45877977,26498.113833,0.7450153, 65.2823,285.4403, 29.8744,  5.5043,378.478296
13990.45588747,26498.049298,0.7451253, 65.2810,285.2960, 29.8515, 10.4108,375.546944
13991.45300660,26497.980929,0.7452429, 65.2775,285.1508, 29.8302, 15.3360,372.413561
13992.45013632,26497.908417,0.7453574, 65.2715,285.0043, 29.8107, 20.2800,369.361041
13993.44727694,26497.831818,0.7454593, 65.2631,284.8566, 29.7925, 25.2449,366.640986
13994.44441913,26497.751552,0.7455420, 65.2530,284.7076, 29.7753, 30.2191,364.430056
13995.44157176,26497.668324,0.7456025, 65.2420,284.5578, 29.7583, 35.2167,362.806812
13996.43872541,26497.582968,0.7456415, 65.2309,284.4074, 29.7411, 40.2252,361.750886
13997.43588496,26497.496283,0.7456631, 65.2207,284.2570, 29.7232, 45.2521,361.155217
13998.43303710,26497.408878,0.7456737, 65.2120,284.1070, 29.7042, 50.2780,360.852636
13999.43020023,26497.321070,0.7456808, 65.2051,283.9576, 29.6840, 55.3293,360.643043
14000.42736349,26497.232842,0.7456921, 65.2001,283.8091, 29.6626, 60.3893,360.320595
14001.42451580,26497.143837,0.7457148, 65.1969,283.6614, 29.6403, 65.4412,359.696892
14002.42168974,26497.053401,0.7457545, 65.1949,283.5145, 29.6174, 70.5312,358.621191
14003.41886655,26496.960634,0.7458147, 65.1933,283.3680, 29.5944, 75.6313,357.003289
14004.41603429,26496.864481,0.7458956, 65.1912,283.2217, 29.5719, 80.7238,354.834772
14005.41322474,26496.763836,0.7459935, 65.1875,283.0748, 29.5504, 85.8545,352.214162
14006.41041459,26496.657804,0.7461004, 65.1813,282.9269, 29.5304, 90.9905,349.357063
14007.40762304,26496.545921,0.7462041, 65.1720,282.7776, 29.5120, 96.1611,346.578653
14008.40484772,26496.424374,0.7462916, 65.1598,282.6265, 29.4950,101.3651,344.230899
14009.40205796,26496.297191,0.7463522, 65.1459,282.4741, 29.4787,106.5608,342.592470
14010.39928674,26496.167022,0.7463825, 65.1320,282.3209, 29.4622,111.7978,341.757939
14011.39650265,26496.035649,0.7463883, 65.1199,282.1679, 29.4443,117.0314,341.569382
14012.39370036,26495.904236,0.7463834, 65.1111,282.0159, 29.4247,122.2529,341.665202
14013.39091664,26495.772948,0.7463840, 65.1060,281.8654, 29.4033,127.5137,341.616839
14014.38813256,26495.640984,0.7464028, 65.1036,281.7164, 29.3807,132.7840,341.084473
14015.38535768,26495.506889,0.7464458, 65.1028,281.5686, 29.3579,138.0759,339.911634
14016.38259434,26495.368994,0.7465116, 65.1020,281.4211, 29.3357,143.3921,338.134786
14017.37983847,26495.225795,0.7465933, 65.0998,281.2734, 29.3147,148.7269,335.933341
14018.37709322,26495.076247,0.7466814, 65.0956,281.1249, 29.2953,154.0859,333.559457
14019.37435466,26494.919955,0.7467661, 65.0889,280.9754, 29.2773,159.4653,331.276368
14020.37163166,26494.757255,0.7468387, 65.0801,280.8246, 29.2607,164.8796,329.312091
14021.36891165,26494.589174,0.7468931, 65.0696,280.6727, 29.2447,170.3125,327.828715
14022.36620210,26494.417235,0.7469263, 65.0583,280.5199, 29.2291,175.7763,326.904864
14023.36348923,26494.243191,0.7469388, 65.0470,280.3668, 29.2130,181.2520,326.529342
14024.36078305,26494.068676,0.7469343, 65.0367,280.2137, 29.1963,186.7547,326.605931
14025.35807882,26493.894920,0.7469188, 65.0279,280.0610, 29.1784,192.2772,326.972916
14026.35537552,26493.722546,0.7469000, 65.0212,279.9091, 29.1593,197.8175,327.426868
14027.35267563,26493.551469,0.7468857, 65.0166,279.7581, 29.1390,203.3781,327.760547
14028.34996538,26493.380992,0.7468831, 65.0138,279.6080, 29.1177,208.9381,327.787985
14029.34727314,26493.209890,0.7468973, 65.0124,279.4587, 29.0959,214.5375,327.368655
14030.34459206,26493.036604,0.7469312, 65.0116,279.3099, 29.0740,220.1657,326.427054
14031.34191927,26492.859346,0.7469847, 65.0103,279.1613, 29.0524,225.8180,324.964742
14032.33924607,26492.676364,0.7470543, 65.0078,279.0123, 29.0317,231.4820,323.073457
14033.33659009,26492.486254,0.7471332, 65.0030,278.8626, 29.0122,237.1842,320.934030
14034.33391966,26492.288287,0.7472116, 64.9955,278.7116, 28.9941,242.8801,318.809204
14035.33127496,26492.082780,0.7472777, 64.9853,278.5591, 28.9772,248.6301,317.004633
14036.32860386,26491.871306,0.7473214, 64.9732,278.4054, 28.9610,254.3610,315.794642
14037.32596474,26491.656434,0.7473372, 64.9607,278.2508, 28.9446,260.1597,315.321238
14038.32332206,26491.441025,0.7473282, 64.9498,278.0963, 28.9271,265.9754,315.505047
14039.32067985,26491.227160,0.7473063, 64.9421,277.9426, 28.9078,271.8133,316.032423
14040.31802960,26491.015329,0.7472882, 64.9383,277.7906, 28.8866,277.6591,316.457497
14041.31539630,26490.804269,0.7472891, 64.9379,277.6402, 28.8641,283.5462,316.379872
14042.31276801,26490.591500,0.7473167, 64.9395,277.4911, 28.8412,289.4551,315.594056
14043.31014175,26490.374124,0.7473699, 64.9411,277.3425, 28.8189,295.3804,314.131544
14044.30752611,26490.149610,0.7474406, 64.9413,277.1937, 28.7979,301.3351,312.201280
14045.30491031,26489.916306,0.7475181, 64.9394,277.0442, 28.7784,307.3050,310.090128
14046.30231971,26489.673693,0.7475917, 64.9350,276.8936, 28.7603,313.3290,308.079219
14047.29971727,26489.422446,0.7476529, 64.9284,276.7418, 28.7434,319.3556,306.393274
14048.29714600,26489.164210,0.7476963, 64.9203,276.5891, 28.7271,325.4491,305.178001
14049.29457428,26488.901310,0.7477197, 64.9115,276.4357, 28.7109,331.5652,304.493724
14050.29199617,26488.636286,0.7477238, 64.9029,276.2820, 28.6943,337.6962,304.317506
14051.28943540,26488.371425,0.7477125, 64.8952,276.1284, 28.6769,343.8769,304.550264
14052.28686586,26488.108407,0.7476918, 64.8893,275.9753, 28.6584,350.0692,305.031722
14053.28431003,26487.847926,0.7476692, 64.8855,275.8229, 28.6387,356.3047,305.565554
14054.28174467,26487.589713,0.7476523, 64.8839,275.6716, 28.6179,  2.5488,305.947240
14055.27918543,26487.332561,0.7476481, 64.8843,275.5212, 28.5962,  8.8230,305.993291
14055.27919738,26487.332558,0.7476481, 64.8843,275.5212, 28.5962,  8.8403,305.993289
14056.27662858,26487.074519,0.7476616, 64.8859,275.3716, 28.5739, 15.1207,305.570427
14057.27409212,26486.813120,0.7476952, 64.8882,275.2225, 28.5516, 21.4674,304.614587
14058.27155982,26486.545659,0.7477482, 64.8900,275.0736, 28.5296, 27.8394,303.143942
14059.26903705,26486.269566,0.7478167, 64.8905,274.9244, 28.5085, 34.2450,301.260739
14060.26651562,26485.982801,0.7478940, 64.8890,274.7745, 28.4885, 40.6735,299.141059
14061.26401404,26485.684264,0.7479713, 64.8849,274.6235, 28.4696, 47.1536,297.018676
14062.26146418,26485.385362,0.7480389, 64.8784,274.4713, 28.4518, 53.5886,295.151446
14062.26151104,26485.385348,0.7480389, 64.8784,274.4713, 28.4518, 53.6565,295.151368
14063.25898332,26485.088227,0.7480882, 64.8700,274.3180, 28.4345, 60.2194,293.770814
14064.25645600,26484.784757,0.7481139, 64.8610,274.1638, 28.4172, 66.7410,293.013341
14065.25396960,26484.478212,0.7481172, 64.8532,274.0096, 28.3990, 73.3512,292.850082
14066.25147441,26484.171954,0.7481067, 64.8481,273.8561, 28.3792, 79.9777,293.051020
14067.24898868,26483.867154,0.7480973, 64.8468,273.7039, 28.3577, 86.6454,293.222176
14068.24649064,26483.562156,0.7481051, 64.8492,273.5534, 28.3346, 93.3201,292.938765
14069.24401282,26483.252781,0.7481408, 64.8539,273.4042, 28.3110,100.0464,291.915409
14070.24152898,26482.933511,0.7482058, 64.8591,273.2558, 28.2879,106.7854,290.114521
14071.23905340,26482.598954,0.7482925, 64.8629,273.1072, 28.2661,113.5583,287.732901
14072.23659795,26482.245099,0.7483887, 64.8642,272.9577, 28.2459,120.3848,285.096277
14073.23415485,26481.870148,0.7484817, 64.8627,272.8071, 28.2272,127.2568,282.539106
14074.23170802,26481.474764,0.7485616, 64.8587,272.6553, 28.2097,134.1545,280.323529
14075.22929928,26481.061746,0.7486226, 64.8531,272.5025, 28.1928,141.1414,278.605458
14076.22688101,26480.635331,0.7486628, 64.8467,272.3490, 28.1760,148.1510,277.434560
14077.22442379,26480.200230,0.7486838, 64.8406,272.1953, 28.1587,155.1420,276.767352
14078.22203654,26479.760597,0.7486902, 64.8356,272.0417, 28.1405,162.2731,276.487182
14079.21963280,26479.319417,0.7486884, 64.8323,271.8887, 28.1214,169.4187,276.425797
14080.21723115,26478.877863,0.7486857, 64.8312,271.7364, 28.1011,176.6052,276.385534
14081.21484538,26478.435156,0.7486898, 64.8323,271.5850, 28.0797,183.8518,276.165249
14082.21244962,26477.988612,0.7487074, 64.8352,271.4346, 28.0577,191.1199,275.587748
14083.21000276,26477.533974,0.7487432, 64.8394,271.2849, 28.0352,198.3494,274.525929
14083.21003897,26477.533957,0.7487432, 64.8394,271.2849, 28.0352,198.4019,274.525880
14084.20766408,26477.066978,0.7487992, 64.8440,271.1356, 28.0128,205.7715,272.924666
14085.20530303,26476.579012,0.7488742, 64.8480,270.9864, 27.9908,213.1976,270.816086
14086.20289564,26476.065430,0.7489638, 64.8505,270.8368, 27.9697,220.5947,268.316474
14087.69934269,26475.236625,0.7491095, 64.8500,270.6109, 27.9401,231.8533,264.251445
14088.69698468,26474.641753,0.7492013, 64.8466,270.4589, 27.9217,239.4323,261.670185
14089.69464647,26474.014283,0.7492791, 64.8410,270.3058, 27.9040,247.0912,259.452529
14090.19345266,26473.689724,0.7493108, 64.8377,270.2289, 27.8953,250.9051,258.532921
14090.19347335,26473.689710,0.7493108, 64.8377,270.2289, 27.8953,250.9352,258.532886
14091.19114025,26473.014985,0.7493578, 64.8308,270.0746, 27.8777,258.6846,257.120774
14092.18881794,26472.331237,0.7493846, 64.8248,269.9201, 27.8593,266.5101,256.239427
14093.18647678,26471.637076,0.7493982, 64.8211,269.7662, 27.8398,274.3682,255.704911
14094.18415977,26470.935277,0.7494108, 64.8207,269.6134, 27.8186,282.3210,255.195309
14095.18181117,26470.223163,0.7494368, 64.8238,269.4620, 27.7962,290.2861,254.328140
14095.68069456,26469.860710,0.7494588, 64.8264,269.3868, 27.7847,294.3737,253.655622
14096.17949698,26469.492110,0.7494881, 64.8294,269.3118, 27.7731,298.3580,252.788964
14097.17719835,26468.729046,0.7495690, 64.8359,269.1624, 27.7504,306.5094,250.456526
14098.17491235,26467.919204,0.7496750, 64.8413,269.0129, 27.7288,314.7387,247.447722
14099.17262874,26467.096519,0.7497949, 64.8440,268.8626, 27.7088,323.0346,244.068626
14100.66924140,26465.772243,0.7499696, 64.8420,268.6346, 27.6820,335.6593,239.113407
14101.66696729,26464.792385,0.7500659, 64.8373,268.4809, 27.6654,344.1479,236.319946
14102.66472348,26463.743822,0.7501393, 64.8310,268.3261, 27.6492,352.7656,234.115618
14103.66248851,26462.639833,0.7501896, 64.8244,268.1709, 27.6328,  1.4871,232.507166
14104.16136853,26462.071615,0.7502073, 64.8213,268.0932, 27.6243,  5.8799,231.898600
14105.15914732,26460.910631,0.7502312, 64.8161,267.9379, 27.6068, 14.7655,230.974171
14106.65582836,26459.123031,0.7502531, 64.8119,267.7062, 27.5785, 28.2981,229.949556
14107.65359935,26457.903217,0.7502698, 64.8118,267.5527, 27.5584, 37.4213,229.202033
14108.15248972,26457.283034,0.7502816, 64.8126,267.4762, 27.5481, 42.0278,228.734851
14109.15029336,26456.014791,0.7503158, 64.8154,267.3240, 27.5270, 51.3508,227.513584
14110.14808804,26454.695590,0.7503675, 64.8193,267.1723, 27.5056, 60.7653,225.817209
14111.14588597,26453.304471,0.7504382, 64.8235,267.0210, 27.4844, 70.2933,223.600255
14111.14591178,26453.304434,0.7504382, 64.8235,267.0210, 27.4844, 70.3308,223.600191
14112.14374374,26451.817789,0.7505263, 64.8268,266.8696, 27.4638, 80.0236,220.899142
14113.14158761,26450.209158,0.7506268, 64.8285,266.7176, 27.4442, 89.8580,217.839429
14114.63837296,26447.521561,0.7507839, 64.8264,266.4879, 27.4167,104.8974,213.013912
14115.13722344,26446.545581,0.7508334, 64.8244,266.4108, 27.4081,109.8733,211.460697
14116.13509739,26444.471373,0.7509218, 64.8185,266.2556, 27.3914,120.2016,208.606830
14117.13298199,26442.244494,0.7509906, 64.8110,266.0994, 27.3751,130.7244,206.231888
14118.13085638,26439.887681,0.7510371, 64.8030,265.9426, 27.3587,141.4242,204.415802
14118.13086990,26439.887648,0.7510371, 64.8030,265.9426, 27.3587,141.4438,204.415781
14119.12876352,26437.423679,0.7510632, 64.7959,265.7856, 27.3416,152.3735,203.111997
14120.12663686,26434.890375,0.7510762, 64.7910,265.6291, 27.3234,163.4829,202.139083
14121.12454202,26432.292557,0.7510868, 64.7891,265.4735, 27.3039,174.8519,201.212838
14122.12245431,26429.620115,0.7511073, 64.7904,265.3191, 27.2833,186.4482,200.005166
14123.12037246,26426.838643,0.7511481, 64.7941,265.1657, 27.2623,198.2755,198.232907
14124.11830481,26423.951964,0.7512150, 64.7988,265.0130, 27.2414,210.3548,195.748771
14125.11623807,26421.062051,0.7513070, 64.8027,264.8602, 27.2216,222.6662,192.598953
14125.11625172,26421.062009,0.7513070, 64.8027,264.8602, 27.2216,222.6861,192.598906
14126.11420387,26417.821211,0.7514121, 64.8042,264.7066, 27.2033,235.2730,189.014824
14127.11218112,26414.154679,0.7515167, 64.8023,264.5517, 27.1866,248.1780,185.341741
14128.11015816,26410.020039,0.7516068, 64.7970,264.3951, 27.1713,261.4036,181.933626
14129.60714383,26402.963132,0.7516947, 64.7845,264.1577, 27.1496,281.9617,177.861247
14130.10621170,26400.410271,0.7517096, 64.7798,264.0781, 27.1424,289.1230,176.833147
14131.10423519,26395.560787,0.7517243, 64.7706,263.9186, 27.1275,303.5941,175.240234
14132.10226867,26390.606083,0.7517197, 64.7625,263.7592, 27.1117,318.4835,174.132628
14132.10227414,26390.606055,0.7517197, 64.7625,263.7592, 27.1117,318.4915,174.132622
14133.10030906,26385.436117,0.7517026, 64.7566,263.6003, 27.0948,333.8358,173.300651
14134.09835802,26380.079775,0.7516822, 64.7530,263.4422, 27.0769,349.6063,172.509055
14135.59546665,26371.628611,0.7516622, 64.7518,263.2065, 27.0487, 14.1670,170.938435
14136.59355651,26365.586099,0.7516633, 64.7530,263.0502, 27.0294, 31.1665,169.408391
14137.09260441,26362.390298,0.7516690, 64.7539,262.9722, 27.0197, 39.8621,168.463544
14138.09070420,26355.532746,0.7516900, 64.7557,262.8163, 27.0006, 57.6704,166.206155
14139.08882333,26347.871238,0.7517204, 64.7565,262.6601, 26.9822, 76.1050,163.503067
14140.08695805,26339.162346,0.7517531, 64.7556,262.5033, 26.9648, 95.2380,160.480193
14141.08510195,26329.163801,0.7517784, 64.7521,262.3454, 26.9484,115.1585,157.330913
14142.08327120,26317.679272,0.7517857, 64.7459,262.1862, 26.9330,136.0077,154.289091
14143.58054553,26297.518785,0.7517426, 64.7323,261.9451, 26.9111,169.2712,150.418823
14144.57875151,26282.280327,0.7516709, 64.7216,261.7830, 26.8966,192.9761,148.519033
14145.07786828,26274.217725,0.7516226, 64.7164,261.7018, 26.8892,205.3403,147.786873
14146.07609071,26257.407053,0.7515051, 64.7068,261.5393, 26.8738,231.0917,146.696272
14147.57344645,26233.976461,0.7513254, 64.6972,261.2964, 26.8485,272.3300,145.589475
14148.07256198,26226.128596,0.7512651, 64.6955,261.2158, 26.8396,286.7164,145.218621
14149.56994789,26201.200397,0.7510902, 64.6947,260.9755, 26.8115,331.9743,143.600538
14150.56822647,26182.714077,0.7509815, 64.6965,260.8162, 26.7927,  4.0058,141.845358
14151.56651957,26161.693177,0.7508722, 64.6984,260.6568, 26.7744, 37.7142,139.470703
14152.56484808,26136.919154,0.7507465, 64.6989,260.4969, 26.7573, 73.3977,136.584789
14153.56319257,26109.658636,0.7506071, 64.6967,260.3356, 26.7416,111.2937,133.427418
14154.56154944,26074.774855,0.7503931, 64.6912,260.1726, 26.7273,151.8306,130.309674
14155.06073780,26053.938122,0.7502489, 64.6872,260.0904, 26.7205,173.3225,128.863541
14156.55832523,25980.678248,0.7496806, 64.6715,259.8411, 26.7010,243.8209,125.333255
14157.55673852,25923.944217,0.7491925, 64.6597,259.6730, 26.6879,296.4335,123.785349
14158.55516769,25859.379658,0.7486030, 64.6485,259.5041, 26.6739,354.3407,122.835519
14159.55360880,25789.791775,0.7479450, 64.6390,259.3348, 26.6588, 58.1261,122.309807
14160.55206337,25717.192862,0.7472467, 64.6320,259.1654, 26.6426,128.1747,121.971243
14161.55053923,25641.973561,0.7465205, 64.6276,258.9961, 26.6253,204.7770,121.580716
14162.54902647,25562.747995,0.7457599, 64.6254,258.8267, 26.6073,288.2467,120.941421
14163.54752935,25476.432447,0.7449384, 64.6247,258.6571, 26.5891, 19.1276,119.924274
14164.54604645,25378.228754,0.7440084, 64.6245,258.4867, 26.5709,118.3249,118.477591
14165.54458676,25261.417912,0.7428980, 64.6238,258.3150, 26.5531,227.3110,116.627048
14167.54171464,24952.665553,0.7398956, 64.6176,257.9650, 26.5198,122.3901,112.162124
14168.54031168,24710.222053,0.7374351, 64.6107,257.7850, 26.5042,276.9843,109.903141
14169.53892598,24386.482954,0.7340315, 64.6012,257.6000, 26.4891, 99.1748,107.901523
14170.53756055,23981.431880,0.7296049, 64.5897,257.4090, 26.4740,318.5019,106.326900
14171.53621053,23530.844016,0.7244724, 64.5775,257.2112, 26.4582,222.6919,105.261457
14172.53487420,23018.574816,0.7183663, 64.5656,257.0058, 26.4413,180.3674,104.670431
14173.53354986,22476.179602,0.7115812, 64.5552,256.7919, 26.4228,199.8439,104.417353
14174.53223502,21925.180331,0.7043383, 64.5469,256.5690, 26.4028,287.1047,104.301264
14175.53093116,21368.734358,0.6966478, 64.5407,256.3362, 26.3812, 87.2012,104.117333
14176.52964061,20792.491466,0.6882602, 64.5359,256.0923, 26.3585,326.5997,103.712461
14177.52836439,20169.210813,0.6786609, 64.5313,255.8352, 26.3351,295.8895,103.021070
14178.52710719,19463.779786,0.6670632, 64.5254,255.5612, 26.3112, 12.7506,102.073950
14179.52586910,18639.844510,0.6524051, 64.5169,255.2651, 26.2869,225.2993,100.980423
14180.52465084,17670.477090,0.6333985, 64.5044,254.9389, 26.2617,255.7736,99.889235
14181.52344916,16551.393087,0.6086690, 64.4871,254.5708, 26.2349,163.9423,98.938170
14182.52226470,15307.998774,0.5769308, 64.4644,254.1444, 26.2053, 29.5606,98.207885
14183.52109451,13986.812055,0.5370043, 64.4355,253.6363, 26.1713,314.2355,97.698980
14184.51993403,12634.001281,0.4874564, 64.3992,253.0125, 26.1312, 65.8131,97.341044
14185.51877404,11274.629597,0.4256881, 64.3528,252.2202, 26.0826,171.8278,97.019272
14186.51762831,9905.005588,0.3463182, 64.2897,251.1665, 26.0230,155.7669,96.586909
14187.51649163,8492.857310,0.2377192, 64.1946,249.6654, 25.9491, 40.5189,95.806911
