Time(day),a(km),e,i(deg),n(deg),w(deg),m(deg)
0.00000000,26587.619412,0.7467782, 64.8152,109.4180,325.6047,  3.4869
1.98816468,26588.406141,0.7467004, 64.8292,109.1172,325.5641,  3.3470
8.94671085,26588.921991,0.7463646, 64.8357,108.0865,325.3986,  3.0681
23.85813953,26587.709461,0.7459047, 64.8961,105.8469,325.0837,  3.1824
29.82315497,26586.200376,0.7456991, 64.9424,104.9428,324.9751,  3.4459
31.81153827,26585.643259,0.7455335, 64.9500,104.6479,324.9345,  3.5315
37.77719789,26580.440574,0.7452938, 64.9587,103.7643,324.8066,  4.0711
44.73781586,26569.157027,0.7447630, 65.0149,102.7121,324.6904,  4.8624
52.69370490,26549.252043,0.7442171, 65.0339,101.5380,324.5238,  6.1247
57.66666943,26535.347146,0.7437050, 65.0700,100.7981,324.4318,  7.1022
66.12108660,26516.753267,0.7431019, 65.0864, 99.5641,324.2408,  8.9219
66.61888148,26513.118846,0.7430587, 65.0902, 99.4894,324.2286,  9.3706
78.55582884,26501.160192,0.7420526, 65.1296, 97.7531,323.9610, 12.5869
85.02167277,26499.267335,0.7415404, 65.1648, 96.8149,323.8255, 14.2220
92.48439146,26499.368549,0.7411789, 65.1619, 95.7566,323.6368, 17.6803
110.39264774,26501.392467,0.7401302, 65.2133, 93.2050,323.2299, 24.6494
134.27037381,26500.338292,0.7392788, 65.2525, 89.8471,322.6524, 37.2976
466.83953390,26478.315808,0.7281412, 66.7387, 45.2374,312.7470,338.7744
479.79373130,26469.481318,0.7280623, 66.7932, 43.5302,312.3071, 17.5366
557.53527670,26465.776336,0.7257236, 67.2458, 33.6878,309.5853,280.4029
562.51947359,26467.132219,0.7253407, 67.2449, 33.0982,309.3688,298.5215
571.49126964,26471.785148,0.7249408, 67.2848, 31.9846,309.0386,330.7734
583.45427518,26472.081727,0.7246029, 67.3083, 30.5013,308.5632, 13.6448
586.44515566,26463.046220,0.7243193, 67.3079, 30.1461,308.4246, 24.4173
609.37550738,26464.579980,0.7242122, 67.3716, 27.3781,307.5147,108.2572
766.41028720,26472.992826,0.7199434, 67.9208,  8.5651,301.0975, 12.9827
840.36696056,26455.845890,0.7195900, 68.1813,359.8354,298.0183, 83.7043
849.35741208,26459.007784,0.7192018, 68.2017,358.7982,297.6347,132.6383
861.84389320,26460.833017,0.7184375, 68.2325,357.3779,297.1209,199.2808
865.34026912,26461.357091,0.7184066, 68.2499,356.9616,296.9910,217.9339
868.33698621,26461.463494,0.7180284, 68.2664,356.6128,296.8840,233.7674
876.32777474,26460.621173,0.7176105, 68.2802,355.7250,296.5178,275.9099
1212.37196112,26455.230819,0.7058760, 68.7722,318.9021,281.4883,290.8530
1241.73695294,26455.735346,0.7044867, 68.7879,315.8749,280.1020, 21.7463
1241.73718061,26455.581634,0.7044854, 68.7878,315.8749,280.1018, 21.9119
1265.62049936,26449.727233,0.7037668, 68.7811,313.4337,278.9509, 94.7810
1290.99340600,26455.143224,0.7034000, 68.7726,310.7747,277.8360,165.9787
1301.93924689,26455.535462,0.7032886, 68.7810,309.6078,277.3886,195.9898
1317.36405526,26453.089737,0.7026234, 68.7991,307.9941,276.7399,239.7781
1334.78213360,26450.236151,0.7018037, 68.8211,306.1950,275.9703,293.6210
1348.72002618,26460.850386,0.7010279, 68.8305,304.7642,275.3383,339.7162
1354.19615461,26365.808733,0.6997305, 68.8256,304.1742,275.1423,357.8301
1362.65996629,26458.829122,0.7000593, 68.8283,303.3221,274.7070, 25.8269
1366.14550294,26456.059763,0.6999567, 68.8277,302.9545,274.5592, 37.4335
1372.61887039,26456.725414,0.6992787, 68.8249,302.3215,274.2649, 58.8321
1377.59855942,26457.397228,0.6991966, 68.8192,301.8287,274.0334, 75.2530
1384.57076128,26457.728244,0.6986275, 68.8233,301.1333,273.7346, 98.4684
1394.53284475,26457.300240,0.6983070, 68.8199,300.1528,273.2827,133.0322
1398.01863367,26456.629918,0.6979424, 68.8218,299.8190,273.1245,144.5245
1405.49002630,26455.572678,0.6978081, 68.8166,299.0971,272.7661,170.8573
1412.96234201,26453.909395,0.6973125, 68.8217,298.3704,272.4226,198.2598
1427.41019077,26453.050823,0.6969096, 68.8132,296.9612,271.7401,253.1598
1439.86558071,26455.307698,0.6966243, 68.8025,295.7223,271.1686,300.4071
1470.76247884,26461.348154,0.6960436, 68.7694,292.5869,269.8067, 56.9628
1478.73642337,26460.684315,0.6956982, 68.7726,291.7577,269.5015, 86.5780
1493.68913750,26458.435568,0.6949617, 68.7811,290.2608,268.8782,144.0536
1499.17149068,26457.553109,0.6948142, 68.7803,289.7241,268.6327,165.3543
1520.60661328,26456.098200,0.6931898, 68.7940,287.6066,267.7041,253.1358
1542.04303708,26470.438501,0.6919523, 68.7774,285.5480,266.7172,340.3264
1555.00629239,26465.874328,0.6912174, 68.7624,284.2985,266.1257, 32.2682
1567.96979027,26462.990229,0.6905733, 68.7480,283.0813,265.5375, 83.7360
1569.96378544,26462.722233,0.6904868, 68.7482,282.8863,265.4553, 91.3789
1667.73202441,26465.198034,0.6872307, 68.6640,273.5236,261.2191,156.2338
1675.21792999,26464.045361,0.6868461, 68.6622,272.8343,260.8876,190.4879
1709.16283843,26431.543828,0.6845875, 68.6623,269.6822,259.4046,356.2999
1716.65269868,26466.495650,0.6847848, 68.6543,268.9840,259.0133, 34.2117
1730.63505016,26466.464571,0.6842693, 68.6292,267.7106,258.3796,104.4921
1737.62689901,26467.816466,0.6839664, 68.6226,267.0750,258.0725,139.3911
1748.61470047,26469.061552,0.6838433, 68.6032,266.0700,257.6100,194.0232
1755.60721803,26468.889146,0.6836470, 68.5918,265.4495,257.2944,228.8618
1763.09936783,26468.242299,0.6834416, 68.5880,264.7537,256.9844,266.3979
1768.09416975,26467.232506,0.6834016, 68.5822,264.3096,256.7633,291.5909
1772.58934979,26466.512988,0.6834147, 68.5762,263.8877,256.5819,314.2926
1794.56483860,26464.673913,0.6828492, 68.5613,261.8376,255.6086, 66.5875
1798.06056300,26464.376571,0.6828952, 68.5541,261.5124,255.4625, 84.3557
1804.05304224,26464.550742,0.6826669, 68.5491,260.9458,255.2163,114.5960
1811.04375562,26465.780318,0.6825175, 68.5355,260.3131,254.9055,149.2891
1816.53596340,26466.950209,0.6823101, 68.5320,259.7950,254.6776,175.8943
1832.51169385,26470.780322,0.6817644, 68.5130,258.3248,254.0108,250.3744
1836.50470856,26471.347013,0.6816496, 68.5065,257.9695,253.8350,267.9612
1838.50139356,26471.638191,0.6816185, 68.5035,257.7848,253.7538,276.8393
1851.97738708,26476.039799,0.6811336, 68.5017,256.5588,253.1768,335.0724
1860.96003468,26476.581158,0.6807568, 68.5020,255.7120,252.7748, 12.8546
1866.44906032,26475.471091,0.6805926, 68.5005,255.2217,252.5507, 35.8499
1870.44094088,26472.660093,0.6804013, 68.5044,254.8594,252.3746, 52.5781
1885.90804331,26468.669685,0.6800378, 68.5021,253.4837,251.6865,117.3841
1888.90132966,26468.306889,0.6799467, 68.4997,253.2266,251.5411,129.8638
1901.37263537,26467.915355,0.6797878, 68.4899,252.1255,250.9687,181.5884
1906.85978324,26468.544619,0.6798512, 68.4765,251.6401,250.7276,204.0907
1909.85239631,26468.988673,0.6798149, 68.4716,251.3679,250.6018,216.0188
1922.82026752,26471.583044,0.6796702, 68.4455,250.2165,250.0227,266.8203
1926.81016952,26472.387199,0.6796086, 68.4406,249.8628,249.8459,281.9619
1929.80252140,26472.850944,0.6796334, 68.4326,249.6004,249.7152,293.1584
1937.78194899,26474.464440,0.6796057, 68.4140,248.8735,249.3946,322.4799
1938.77941515,26474.984449,0.6795694, 68.4134,248.7830,249.3520,326.1353
1948.75287465,26402.963933,0.6786421, 68.3870,247.8776,248.9208,  1.5257
1948.75291019,26402.880641,0.6786412, 68.3870,247.8775,248.9205,  1.5517
1951.74485262,26474.535053,0.6794854, 68.3915,247.5884,248.7733, 12.0126
1952.74204976,26482.784319,0.6795402, 68.3927,247.4986,248.7427, 15.4037
1952.74206592,26482.799211,0.6795403, 68.3927,247.4986,248.7427, 15.4154
1956.73118843,26482.491182,0.6794847, 68.3888,247.1458,248.5855, 29.2488
1956.73120506,26482.487602,0.6794846, 68.3888,247.1458,248.5855, 29.2608
1957.72861437,26481.474963,0.6794837, 68.3867,247.0567,248.5447, 32.8160
2015.06376500,26472.711675,0.6789026, 68.3741,241.9303,246.0935,233.3015
2019.05164557,26473.417596,0.6788490, 68.3739,241.5719,245.9249,246.8493
2027.02728272,26474.797444,0.6788119, 68.3672,240.8752,245.5626,273.4665
2027.52575873,26474.850808,0.6788137, 68.3665,240.8314,245.5414,275.1114
2033.50724672,26476.029745,0.6788022, 68.3675,240.3017,245.2795,294.4916
2039.48861773,26476.825243,0.6788846, 68.3594,239.7785,245.0131,313.4146
2040.98384476,26477.047111,0.6789034, 68.3563,239.6453,244.9509,318.0085
2051.94900579,26507.964233,0.6792231, 68.3514,238.6743,244.4632,351.3090
2061.91670909,26487.923562,0.6791361, 68.3424,237.7645,244.0341, 20.6017
2066.90035884,26485.141362,0.6792133, 68.3338,237.3269,243.8245, 35.0633
2080.35540943,26480.690565,0.6793244, 68.3189,236.1327,243.2519, 73.8857
2086.83325806,26479.234586,0.6794046, 68.3165,235.5569,242.9781, 92.5679
2088.82646543,26478.825777,0.6794454, 68.3168,235.3810,242.8899, 98.3848
2090.81956550,26478.409175,0.6795013, 68.3143,235.2054,242.8024,104.1513
2094.80571661,26477.563139,0.6796042, 68.3046,234.8499,242.6363,115.7364
2098.79175987,26476.767006,0.6796299, 68.2997,234.4899,242.4757,127.3592
2121.70896776,26475.958806,0.6799381, 68.2716,232.4495,241.4780,193.5357
2122.70525911,26476.094298,0.6799467, 68.2690,232.3595,241.4377,196.3187
2132.16967779,26477.492600,0.6799842, 68.2611,231.5118,241.0380,222.1806
2134.16201003,26477.912535,0.6800121, 68.2555,231.3350,240.9506,227.4109
2142.13110347,26479.629748,0.6800827, 68.2516,230.6275,240.6104,247.8106
2146.61354157,26480.663382,0.6802006, 68.2446,230.2289,240.4183,258.8631
2162.05109721,26483.226248,0.6803182, 68.2335,228.8518,239.7826,294.1002
2166.03451830,26483.448548,0.6803280, 68.2334,228.4992,239.6188,302.5935
2173.00512257,26483.230626,0.6805167, 68.2423,227.8840,239.3185,317.0070
2178.97945173,26483.124919,0.6805741, 68.2396,227.3481,239.0762,328.9510
2189.93139218,26511.451700,0.6810953, 68.2539,226.3783,238.5857,350.2869
2211.83091423,26485.844444,0.6815808, 68.2753,224.4062,237.6463, 31.5646
2213.82158737,26484.913463,0.6816713, 68.2752,224.2301,237.5557, 35.3362
2214.81690957,26484.458008,0.6817142, 68.2738,224.1416,237.5107, 37.2223
2218.79812307,26482.888954,0.6818234, 68.2689,223.7873,237.3347, 44.7833
2230.74090239,26480.837997,0.6824317, 68.2644,222.7229,236.7963, 67.1895
2234.72181766,26480.825410,0.6825315, 68.2603,222.3634,236.6248, 74.6617
2237.70737798,26481.056426,0.6826511, 68.2612,222.0967,236.4910, 80.1396
2238.70260182,26481.148877,0.6827068, 68.2606,222.0079,236.4456, 81.9833
2241.68808664,26481.408752,0.6828836, 68.2528,221.7394,236.3098, 87.3498
2244.67355082,26481.706964,0.6829963, 68.2410,221.4692,236.1785, 92.6554
2249.64949115,26482.588632,0.6831668, 68.2387,221.0250,235.9610,101.4794
2253.63033588,26483.346912,0.6834423, 68.2322,220.6670,235.7839,108.4479
2263.58246855,26485.371660,0.6837545, 68.2034,219.7573,235.3692,125.2806
2266.56846784,26486.047928,0.6838947, 68.1997,219.4874,235.2403,130.4043
2271.04709482,26486.927907,0.6840744, 68.1811,219.0777,235.0502,137.6741
2281.99583730,26488.801574,0.6844886, 68.1678,218.0873,234.5936,155.4664
2287.47056093,26489.342490,0.6845636, 68.1525,217.5828,234.3777,164.3489
2289.95919152,26489.448273,0.6845871, 68.1544,217.3575,234.2770,168.4369
2292.94562660,26489.522041,0.6846842, 68.1570,217.0882,234.1530,173.3764
2295.43439587,26489.553401,0.6847920, 68.1538,216.8616,234.0491,177.5384
2296.92767402,26489.523445,0.6848371, 68.1497,216.7248,233.9870,180.0502
2298.42096737,26489.503071,0.6848553, 68.1457,216.5883,233.9259,182.5778
2300.41204913,26489.479583,0.6848538, 68.1448,216.4087,233.8439,185.9711
2302.40319451,26489.338003,0.6848761, 68.1500,216.2320,233.7609,189.4136
2304.39450003,26489.159906,0.6849592, 68.1570,216.0556,233.6763,192.9755
2305.88778004,26489.029728,0.6850486, 68.1599,215.9217,233.6126,195.5071
2306.88338862,26488.937963,0.6851096, 68.1602,215.8316,233.5707,197.2628
2307.87904173,26488.845546,0.6851648, 68.1593,215.7407,233.5293,199.0549
2309.37274234,26488.676458,0.6852283, 68.1566,215.6036,233.4684,201.9123
2311.36410806,26488.453197,0.6852703, 68.1530,215.4205,233.3882,205.5713
2312.85767451,26488.295813,0.6852774, 68.1521,215.2839,233.3280,208.3609
2315.34672946,26487.859073,0.6852823, 68.1563,215.0589,233.2269,212.8784
2339.74577894,26483.044752,0.6862773, 68.1976,212.8662,232.1806,264.0432
2354.68742822,26480.944692,0.6869652, 68.2210,211.5225,231.5218,299.7338
2367.63834110,26479.647117,0.6878218, 68.2316,210.3498,230.9466,331.6092
2374.11456818,26498.727144,0.6883469, 68.2473,209.7631,230.6362,347.7692
2382.08582638,26436.613367,0.6882993, 68.2212,209.0069,230.2588,  7.5801
2383.08226834,26456.573618,0.6885909, 68.2233,208.9132,230.2163, 10.0396
2385.57340355,26484.255968,0.6890632, 68.2327,208.6863,230.1264, 16.1588
2390.05759664,26492.499455,0.6896065, 68.2319,208.2728,229.9494, 27.1352
2391.05411258,26492.660810,0.6896914, 68.2271,208.1783,229.9088, 29.5729
2392.05063337,26492.697079,0.6897565, 68.2221,208.0837,229.8682, 32.0069
2402.01625585,26492.923176,0.6903241, 68.2137,207.1604,229.4508, 56.1569
2409.98916139,26493.184120,0.6907880, 68.1867,206.4098,229.1203, 75.2476
2425.43826029,26492.961704,0.6917373, 68.1636,204.9568,228.4871,112.8178
2431.91725512,26492.347175,0.6922071, 68.1543,204.3443,228.2202,128.8656
2438.89501845,26491.396663,0.6923812, 68.1449,203.6856,227.9300,146.6517
2440.88869896,26491.122696,0.6925170, 68.1501,203.5017,227.8465,151.7937
2442.88244822,26490.768054,0.6926978, 68.1494,203.3136,227.7645,157.0050
2444.87619351,26490.345515,0.6928546, 68.1419,203.1208,227.6836,162.2441
2450.85759726,26489.099249,0.6929672, 68.1282,202.5460,227.4361,178.3016
2451.85449142,26488.891050,0.6929876, 68.1307,202.4532,227.3937,180.9990
2453.84834983,26488.442509,0.6930727, 68.1365,202.2680,227.3088,186.4645
2455.84221545,26487.958058,0.6932050, 68.1393,202.0810,227.2245,191.9660
2457.83610961,26487.472138,0.6933432, 68.1365,201.8907,227.1406,197.5249
2459.83006860,26487.007932,0.6934373, 68.1297,201.6981,227.0565,203.1735
2461.82393029,26486.564351,0.6934652, 68.1243,201.5068,226.9711,208.7963
2464.81485322,26485.887234,0.6934729, 68.1293,201.2288,226.8400,217.3950
2467.80583885,26485.212780,0.6936248, 68.1432,200.9555,226.7091,226.0950
2469.79982638,26484.820319,0.6937969, 68.1463,200.7688,226.6237,231.9202
2477.77618267,26483.893543,0.6940523, 68.1358,200.0071,226.2773,255.7936
2479.77031331,26483.727567,0.6941066, 68.1442,199.8238,226.1879,261.8219
2482.76154844,26483.538978,0.6942994, 68.1544,199.5473,226.0554,270.8791
2488.24565906,26483.554046,0.6946169, 68.1461,199.0250,225.8161,287.5907
2490.73843487,26483.578120,0.6946402, 68.1467,198.7919,225.7034,295.1693
2492.23413239,26483.431160,0.6946682, 68.1535,198.6558,225.6369,299.7233
2494.72695821,26483.193747,0.6948236, 68.1679,198.4306,225.5258,307.2675
2496.22271308,26482.920284,0.6949692, 68.1734,198.2924,225.4623,311.8129
2504.69885342,26481.426376,0.6953361, 68.1682,197.4839,225.0917,337.4804
2506.19461116,26483.488838,0.6953810, 68.1765,197.3456,225.0190,341.9396
2511.18046935,26526.531506,0.6962843, 68.1974,196.8830,224.8072,356.6354
2515.16991302,26445.144001,0.6957536, 68.1800,196.4781,224.5798,  8.8016
2517.66313645,26484.300708,0.6962675, 68.1831,196.2366,224.4897, 16.1844
2522.15009951,26494.168453,0.6966040, 68.2102,195.8273,224.3116, 28.7272
2524.14477375,26494.460547,0.6968478, 68.2163,195.6416,224.2308, 34.5691
2528.13423614,26494.425819,0.6972211, 68.2058,195.2554,224.0680, 46.2514
2530.12912453,26494.410550,0.6973021, 68.2032,195.0640,223.9836, 52.1737
2532.12281151,26494.523038,0.6973778, 68.2081,194.8770,223.8980, 57.1953
2533.12008211,26494.586632,0.6974323, 68.2127,194.7849,223.8553, 60.0030
2536.11205467,26494.831291,0.6977003, 68.2268,194.5082,223.7295, 68.4905
2540.10335936,26494.963163,0.6981547, 68.2262,194.1265,223.5667, 81.1739
2542.09825179,26494.945278,0.6983141, 68.2196,193.9317,223.4847, 86.9504
2546.08789402,26494.973479,0.6984976, 68.2203,193.5509,223.3157, 98.3831
2559.05286234,26494.281803,0.6996819, 68.2225,192.3014,222.7840,134.4578
2562.04612196,26494.129304,0.6999134, 68.2338,192.0179,222.6580,143.8101
2565.03888919,26493.852720,0.7002673, 68.2365,191.7285,222.5365,152.8149
2570.03296516,26493.048659,0.7007045, 68.2146,191.2289,222.3331,172.3709
2576.01869723,26492.224327,0.7010325, 68.2231,190.6507,222.0786,190.8316
2578.01546036,26491.975658,0.7012832, 68.2262,190.4572,221.9982,198.1079
2582.00276294,26491.161551,0.7017315, 68.2041,190.0505,221.8395,208.2377
2584.00013757,26490.747347,0.7018192, 68.1935,189.8471,221.7550,216.0690
2586.98896714,26490.125747,0.7019240, 68.1949,189.5529,221.6243,222.6319
2588.98408633,26489.679768,0.7020675, 68.2008,189.3595,221.5387,228.8932
2596.97019428,26487.892397,0.7027325, 68.1728,188.5525,221.2050,258.3396
2602.95733403,26486.460066,0.7029282, 68.1760,187.9638,220.9383,279.0162
2607.94699266,26485.307304,0.7034244, 68.1651,187.4614,220.7301,296.6189
2611.93881035,26484.316201,0.7035510, 68.1412,187.0500,220.5528,310.8714
2614.93259272,26482.765387,0.7036025, 68.1466,186.7555,220.4152,321.5056
2617.92791109,26480.104811,0.7037749, 68.1537,186.4600,220.2825,333.2074
2619.92392463,26479.320815,0.7039098, 68.1501,186.2565,220.1917,340.3620
2621.92062000,26491.139935,0.7041157, 68.1418,186.0485,220.0851,348.0120
2623.41804960,26528.847171,0.7045869, 68.1353,185.8935,220.0058,353.6812
2627.90994601,26452.974630,0.7039424, 68.1189,185.4207,219.7701, 10.3088
2629.40737189,26480.356471,0.7042869, 68.1281,185.2717,219.7188, 15.8844
2630.90485038,26489.177608,0.7044516, 68.1356,185.1255,219.6643, 21.4819
2633.40065736,26491.979917,0.7046753, 68.1385,184.8777,219.5674, 30.7786
2635.39732490,26492.219390,0.7048279, 68.1295,184.6733,219.4853, 38.2094
2639.39098299,26492.122159,0.7049096, 68.1137,184.2670,219.3058, 53.2655
2641.38777219,26492.218615,0.7049313, 68.1209,184.0732,219.2123, 60.7234
2643.38448379,26492.456293,0.7050321, 68.1330,183.8822,219.1218, 68.0780
2646.38011748,26492.864421,0.7052986, 68.1411,183.5894,218.9930, 79.4360
2648.37718724,26493.093508,0.7054657, 68.1362,183.3881,218.9083, 86.9553
2650.37427483,26493.351903,0.7055689, 68.1282,183.1851,218.8212, 94.4648
2651.87215486,26493.589213,0.7056026, 68.1247,183.0343,218.7539,100.1261
2653.36995597,26493.836425,0.7056130, 68.1263,182.8867,218.6848,105.7114
2654.86783249,26494.146065,0.7056343, 68.1334,182.7425,218.6163,111.3288
2658.36299106,26495.109627,0.7058451, 68.1580,182.4104,218.4637,124.4026
2661.35893867,26495.690892,0.7061589, 68.1619,182.1144,218.3426,135.5635
2663.35650993,26495.889441,0.7063144, 68.1547,181.9106,218.2606,143.1726
2665.35376728,26496.104103,0.7063869, 68.1501,181.7082,218.1739,150.5405
2667.35117037,26496.455470,0.7064239, 68.1563,181.5120,218.0837,157.9896
2669.34861613,26496.860530,0.7065086, 68.1721,181.3217,217.9945,165.4296
2671.34611019,26497.138831,0.7066813, 68.1883,181.1316,217.9102,172.8621
2673.34367879,26497.295712,0.7069061, 68.1963,180.9364,217.8298,180.3203
2675.34126170,26497.362983,0.7071132, 68.1952,180.7356,217.7501,187.7788
2681.33428683,26497.420720,0.7073841, 68.1987,180.1370,217.4931,210.3612
2683.33192506,26497.391330,0.7074814, 68.2155,179.9468,217.4062,217.8481
2685.32954203,26497.300779,0.7076683, 68.2327,179.7563,217.3246,225.3020
2687.32720106,26497.147098,0.7079195, 68.2405,179.5596,217.2480,232.7791
2689.32527508,26496.988904,0.7081513, 68.2371,179.3556,217.1714,240.5699
2691.32326706,26496.825318,0.7083005, 68.2305,179.1495,217.0900,248.3277
2693.32112561,26496.628785,0.7083811, 68.2310,178.9478,217.0032,256.0133
2695.31906122,26496.299753,0.7084654, 68.2426,178.7526,216.9151,263.7650
2696.81737906,26495.995368,0.7085738, 68.2556,178.6083,216.8507,269.4813
2696.81745068,26495.994370,0.7085738, 68.2556,178.6083,216.8507,269.5332
2699.31500518,26495.420473,0.7088548, 68.2727,178.3646,216.7510,279.3193
2701.31288811,26494.957590,0.7091087, 68.2750,178.1625,216.6742,287.0463
2703.31109802,26494.454445,0.7093171, 68.2693,177.9557,216.5959,295.0411
2707.30688058,26492.883355,0.7095311, 68.2625,177.5447,216.4278,310.6754
2709.30472536,26491.440901,0.7096036, 68.2711,177.3459,216.3414,318.4962
2710.80345550,26489.869326,0.7096859, 68.2819,177.1987,216.2784,324.6201
2712.30201446,26487.686332,0.7098072, 68.2927,177.0506,216.2189,330.6254
2714.30014075,26484.387449,0.7100067, 68.2996,176.8468,216.1411,338.6820
2716.29840262,26488.794935,0.7102456, 68.2953,176.6334,216.0493,346.8830
2721.29333943,26429.170743,0.7100169, 68.2706,176.0878,215.7926,  7.1069
2723.29138870,26480.505857,0.7107290, 68.2836,175.8772,215.7130, 15.2779
2725.28956341,26492.208564,0.7110097, 68.2977,175.6753,215.6460, 23.5661
2727.28744321,26493.433454,0.7112464, 68.3025,175.4704,215.5726, 31.6753
2729.28546134,26492.985118,0.7114693, 68.2958,175.2596,215.4959, 39.9280
2731.28347708,26492.231359,0.7116345, 68.2830,175.0457,215.4141, 48.2324
2735.27932095,26490.764790,0.7117956, 68.2696,174.6256,215.2357, 64.8557
2737.27699917,26490.198276,0.7118779, 68.2754,174.4225,215.1449, 73.0400
2739.27473376,26489.772719,0.7120274, 68.2842,174.2210,215.0583, 81.2813
2740.77300943,26489.426179,0.7121911, 68.2874,174.0677,214.9966, 87.4516
2743.76958711,26488.864114,0.7125500, 68.2710,173.7474,214.8770, 99.8541
2745.26789303,26488.591205,0.7126714, 68.2556,173.5829,214.8138,106.1011
2746.76607569,26488.285816,0.7127386, 68.2441,173.4206,214.7444,112.2803
2748.76357434,26488.168854,0.7127969, 68.2404,173.2108,214.6491,120.4762
2750.76112806,26488.296172,0.7129009, 68.2470,173.0068,214.5559,128.7001
2752.25927177,26488.418610,0.7130315, 68.2517,172.8537,214.4909,134.8364
2756.25426588,26488.518155,0.7134652, 68.2365,172.4298,214.3250,151.1198
2759.25020066,26488.577590,0.7136637, 68.2084,172.1020,214.1943,163.1035
2760.74832559,26488.744678,0.7137084, 68.1982,171.9404,214.1238,169.2056
2762.24608809,26488.874794,0.7137362, 68.1938,171.7817,214.0541,175.0337
2768.23744247,26489.870340,0.7140847, 68.1997,171.1607,213.7890,198.3593
2769.73525835,26490.151239,0.7142422, 68.1909,170.9995,213.7288,204.1232
2770.73381186,26490.244858,0.7143371, 68.1814,170.8897,213.6888,207.9691
2772.23159808,26490.268737,0.7144393, 68.1649,170.7234,213.6262,213.7060
2774.22860485,26490.517610,0.7144967, 68.1479,170.5045,213.5342,221.3243
2775.72628405,26490.814184,0.7145177, 68.1450,170.3462,213.4616,226.9713
2777.22383479,26490.962474,0.7145602, 68.1505,170.1921,213.3908,232.5019
2821.14403692,26495.478004,0.7165721, 68.1393,165.4994,211.4389, 21.2225
2836.11187311,26497.833537,0.7173418, 68.1935,163.9272,210.8137, 66.9169
2840.10335744,26497.054323,0.7176013, 68.1848,163.4956,210.6488, 79.2846
2844.09465105,26496.285388,0.7176659, 68.1954,163.0740,210.4632, 91.6574
2981.72726949,26494.792727,0.7241114, 68.0963,147.9266,204.4809,128.4727
2987.70927937,26493.900696,0.7243122, 68.1243,147.2691,204.2299,143.8573
3017.11822151,26486.608417,0.7251438, 68.2412,144.0189,202.9214,222.2875
3028.08329867,26485.562906,0.7255619, 68.2962,142.8144,202.4328,252.6642
3030.07688469,26485.618290,0.7256243, 68.2847,142.5869,202.3428,258.1669
3033.06721600,26485.847501,0.7256768, 68.2869,142.2536,202.1963,266.3855
3036.05707391,26486.139730,0.7257438, 68.3093,141.9285,202.0547,274.1918
3038.05046277,26486.294171,0.7258152, 68.3235,141.7116,201.9698,279.4488
3040.04392520,26486.474517,0.7259031, 68.3276,141.4905,201.8916,284.7186
3043.03412100,26486.771156,0.7260256, 68.3101,141.1493,201.7745,292.5876
3045.02760706,26486.896632,0.7260767, 68.2939,140.9200,201.6872,297.8532
3048.01755733,26486.850821,0.7261258, 68.2952,140.5861,201.5444,305.5326
3054.99425887,26485.078386,0.7264120, 68.3056,139.8081,201.2781,323.1481
3059.97721326,26480.375809,0.7264406, 68.2685,139.2334,201.0595,335.3532
3060.97383305,26478.396116,0.7264253, 68.2696,139.1212,201.0134,337.7959
3062.96699050,26473.376519,0.7263814, 68.2768,138.8980,200.9229,342.5861
3066.45484946,26477.948208,0.7264156, 68.2858,138.5016,200.7553,350.7340
3068.44784958,26534.500324,0.7270177, 68.2777,138.2692,200.6538,355.3008
3070.93937983,26516.740397,0.7269154, 68.2440,137.9756,200.6119,  1.1441
3074.92544051,26448.732524,0.7263776, 68.2084,137.4970,200.3515, 10.2421
3076.91828591,26472.343631,0.7266711, 68.2204,137.2714,200.2698, 14.5628
3087.87906887,26495.599824,0.7270127, 68.1512,136.0007,199.8568, 38.0000
3091.86443559,26495.637513,0.7270292, 68.1596,135.5519,199.6852, 46.2156
3093.85712224,26495.538299,0.7270517, 68.1574,135.3249,199.6087, 50.3031
3095.84951705,26495.441124,0.7270740, 68.1428,135.0933,199.5347, 54.1841
3101.82683580,26494.880812,0.7270678, 68.0900,134.3940,199.2690, 66.1471
3104.81540266,26494.386069,0.7270865, 68.1107,134.0609,199.1363, 72.1029
3116.27123623,26492.547264,0.7271222, 68.0589,132.7344,198.6417, 95.1308
3117.76529755,26492.293213,0.7271241, 68.0672,132.5664,198.5733, 98.0735
3121.74940266,26491.597294,0.7271448, 68.0754,132.1136,198.4069,105.9085
3189.95124920,26487.529109,0.7274163, 68.2392,124.3745,195.3137,237.1716
3195.92166914,26488.416841,0.7274099, 68.2244,123.6937,195.0382,245.7077
3206.86877189,26490.797742,0.7273663, 68.2416,122.4632,194.5824,261.3671
3214.82903921,26491.650424,0.7273104, 68.2773,121.5734,194.2439,271.3448
3217.81629949,26491.776167,0.7272349, 68.2553,121.2302,194.1441,276.5259
3224.78285828,26491.492674,0.7271438, 68.2399,120.4374,193.8372,286.0992
3229.75945237,26490.881440,0.7270537, 68.2526,119.8784,193.6425,293.2506
3237.72301331,26489.423101,0.7268674, 68.2015,118.9630,193.3046,305.7568
3242.70054932,26487.657588,0.7267416, 68.2281,118.4060,193.1115,313.9101
3258.62855708,26470.261813,0.7261577, 68.1590,116.5738,192.4567,341.2126
3263.60846991,26467.028257,0.7258722, 68.1171,115.9846,192.2015,351.9881
3273.56484603,26446.323178,0.7255001, 68.0963,114.8224,191.7377, 11.7252
3291.98660392,26481.718347,0.7255475, 68.0621,112.7084,190.8824, 52.3068
3299.95561651,26482.808786,0.7253558, 68.0724,111.8076,190.5395, 71.7690
3302.94404107,26483.356997,0.7253293, 68.0555,111.4647,190.3913, 79.0639
3346.28702516,26489.047509,0.7248333, 68.2008,106.6257,188.4529,185.7121
3346.28764169,26489.047076,0.7248333, 68.2008,106.6257,188.4529,186.1591
3354.26094169,26488.676781,0.7244753, 68.2500,105.7483,188.1481,206.3873
3400.11690693,26468.559775,0.7223361, 68.3034,100.6785,186.2156,337.4591
3458.45391541,26484.767000,0.7199791, 68.2005, 94.2296,183.5475,168.9851
3598.17251803,26518.075519,0.7133409, 68.4749, 79.3577,177.3386,357.6786
3612.15525844,26473.061054,0.7123655, 68.4712, 77.8843,176.7089, 62.5971
3620.64588572,26471.287871,0.7122018, 68.5012, 77.0030,176.3010,103.8113
3623.14308000,26470.549182,0.7119872, 68.5135, 76.7461,176.1963,115.9881
3644.12201529,26469.862698,0.7114193, 68.5524, 74.5804,175.1832,221.6881
3658.11230971,26471.519101,0.7110685, 68.6302, 73.1475,174.5413,294.6123
3672.09958822,26496.087747,0.7108241, 68.7019, 71.7053,173.9248,  4.2961
3685.08785278,26473.191945,0.7100153, 68.7718, 70.3776,173.3291, 68.3257
3694.57783726,26472.200287,0.7093129, 68.8145, 69.4331,172.9339,114.2661
3727.53617553,26465.779690,0.7069120, 68.9157, 66.1702,171.4430,274.5296
3765.97328024,26467.218183,0.7042690, 68.8874, 62.3667,169.5654, 97.0311
3772.46116477,26467.936544,0.7039304, 68.9045, 61.7389,169.2743,126.1144
3794.41755181,26466.835022,0.7033287, 68.9587, 59.6067,168.2231,222.7385
3808.38855391,26464.090490,0.7030115, 69.0256, 58.2547,167.5670,284.7954
3822.85750847,26417.699287,0.7020645, 69.1289, 56.8374,166.9170,350.1768
3833.83177930,26456.015888,0.7020902, 69.1750, 55.7547,166.3344, 39.2758
3846.80237222,26460.582891,0.7014286, 69.2444, 54.5130,165.7338, 97.7525
3851.78858067,26461.171164,0.7011991, 69.2930, 54.0370,165.5188,118.1955
3861.76686457,26462.794025,0.7006314, 69.3091, 53.1032,165.0405,163.0644
3868.74891401,26463.544101,0.6999578, 69.3402, 52.4550,164.7364,192.1069
3879.72179296,26463.404744,0.6992527, 69.3781, 51.4348,164.2303,238.5469
3885.70604353,26462.245875,0.6987285, 69.3630, 50.8891,163.9353,263.4325
3899.67077996,26458.467131,0.6976665, 69.3851, 49.6042,163.2638,323.6342
3910.64082647,26442.726647,0.6966029, 69.4068, 48.5679,162.7096, 10.5861
3914.62946063,26447.034172,0.6966746, 69.4029, 48.1915,162.4726, 27.6594
3928.59240798,26454.632981,0.6960037, 69.4225, 46.9026,161.7657, 89.8020
3930.58652759,26454.826292,0.6959861, 69.4371, 46.7162,161.6702, 98.2322
3939.56053090,26455.960860,0.6954784, 69.4288, 45.9011,161.2134,136.3012
3942.55177050,26456.452765,0.6955381, 69.4389, 45.6241,161.0565,148.8689
3949.53107720,26457.353875,0.6952198, 69.4693, 44.9864,160.7235,177.7409
3950.52876739,26457.413004,0.6951464, 69.4659, 44.8972,160.6713,182.3225
3957.50769166,26458.342834,0.6952291, 69.4936, 44.2526,160.3163,210.7483
3959.50251750,26458.488232,0.6951525, 69.5089, 44.0699,160.2294,219.4291
3962.49408126,26458.325267,0.6949492, 69.5136, 43.8015,160.0893,231.9767
3976.95175008,26456.643625,0.6946585, 69.5885, 42.4821,159.3916,292.1654
3989.91142967,26427.509379,0.6940781, 69.6674, 41.2895,158.8022,345.7376
3991.40699891,26403.114481,0.6936462, 69.6692, 41.1475,158.7117,352.1905
3995.89343668,26440.127323,0.6940338, 69.6985, 40.7225,158.4488, 11.5364
3998.38560799,26438.514604,0.6941185, 69.7243, 40.4853,158.3112, 22.1127
4001.37615468,26444.793355,0.6940342, 69.7534, 40.2086,158.1811, 34.7795
4004.36612919,26447.331590,0.6937653, 69.7623, 39.9404,158.0400, 47.0997
4009.34989671,26448.979755,0.6936521, 69.7780, 39.4885,157.7810, 68.1136
4012.34020976,26449.289978,0.6936233, 69.8124, 39.2111,157.6458, 80.7204
4020.31422642,26450.572432,0.6929482, 69.8317, 38.5030,157.2602,114.0862
4028.28797223,26451.716820,0.6926143, 69.8871, 37.7859,156.8848,146.9841
4029.28469926,26451.822841,0.6924930, 69.8899, 37.6991,156.8386,151.0742
4033.27152758,26452.247966,0.6920772, 69.8843, 37.3552,156.6353,167.3703
4035.76275709,26452.625473,0.6920028, 69.8872, 37.1355,156.5049,177.1504
4037.25780037,26452.935844,0.6919894, 69.8966, 37.0015,156.4314,183.2198
4047.72177964,26452.965061,0.6910449, 69.9180, 36.0944,155.9316,224.5644
4050.71140747,26452.791776,0.6909654, 69.9307, 35.8309,155.7815,236.3842
4063.66546513,26450.782917,0.6899086, 69.9524, 34.7153,155.1294,287.5264
4075.62182171,26443.922672,0.6889821, 69.9644, 33.6858,154.5271,335.1652
4076.61814094,26439.323268,0.6889372, 69.9668, 33.5973,154.4790,339.1714
4082.59588744,26494.329066,0.6891207, 70.0062, 33.0504,154.1552,  3.2279
4085.58457976,26432.960787,0.6881135, 69.9945, 32.7939,153.9731, 15.2513
4097.53851059,26443.991954,0.6878920, 70.0126, 31.7473,153.3303, 62.8290
4105.50729018,26446.104336,0.6877874, 70.0132, 31.0582,152.8906, 93.9829
4112.47922545,26446.939434,0.6874408, 70.0369, 30.4563,152.5408,120.3585
4120.44681101,26448.070193,0.6875522, 70.0624, 29.7615,152.1200,150.0673
4131.40141039,26447.383621,0.6873139, 70.0978, 28.8181,151.5643,190.1731
4134.38863640,26447.104498,0.6873512, 70.1281, 28.5522,151.4253,200.9089
4154.30200224,26443.027641,0.6866319, 70.2395, 26.8314,150.4405,273.3955
4161.27053862,26441.925425,0.6866607, 70.2940, 26.2180,150.0893,298.8454
4168.73657208,26441.263136,0.6861244, 70.3229, 25.5832,149.7164,326.1889
4202.58083943,26442.122814,0.6844319, 70.4608, 22.6831,147.9930, 87.0046
4208.55264258,26441.714929,0.6836949, 70.4661, 22.2000,147.6956,107.5838
4215.52087527,26440.730235,0.6834229, 70.4947, 21.6186,147.3367,132.7849
4222.48960092,26439.061801,0.6826477, 70.5004, 21.0595,146.9717,158.7382
4229.45837761,26437.822729,0.6824363, 70.5221, 20.4818,146.5979,185.2606
4232.44510198,26437.191472,0.6821003, 70.5324, 20.2381,146.4491,196.8117
4236.42773848,26436.250562,0.6816990, 70.5210, 19.9230,146.2165,212.6335
4240.41040303,26436.086131,0.6816711, 70.5308, 19.5904,145.9900,228.5850
4244.39317207,26436.374278,0.6814365, 70.5500, 19.2588,145.7853,244.5974
4247.38059021,26436.599682,0.6811378, 70.5469, 19.0213,145.6195,256.8584
4251.36401921,26436.985601,0.6809921, 70.5355, 18.7033,145.3814,273.3575
4254.35155657,26437.540970,0.6810646, 70.5425, 18.4542,145.2144,285.6500
4258.33494359,26438.632889,0.6809473, 70.5606, 18.1221,145.0143,301.9175
4262.31852323,26439.670693,0.6806266, 70.5525, 17.8072,144.7940,318.2689
4264.80821925,26439.410101,0.6806376, 70.5473, 17.6066,144.6481,328.4503
4272.27847555,26436.014369,0.6804663, 70.5855, 16.9599,144.2261,359.5865
4278.75281216,26430.601639,0.6802837, 70.5805, 16.4360,143.8707, 26.6831
4287.21976499,26434.724607,0.6803294, 70.6280, 15.7270,143.4539, 62.7111
4289.21198586,26434.857438,0.6802002, 70.6278, 15.5688,143.3453, 71.2823
4295.18933563,26434.233740,0.6803345, 70.6545, 15.0695,143.0227, 97.7571
4305.65039114,26432.221200,0.6799633, 70.7013, 14.2097,142.4762,145.3392
4319.60037522,26431.679040,0.6797142, 70.7691, 13.0508,141.7485,211.2393
4322.09143473,26432.196091,0.6797900, 70.7884, 12.8365,141.6224,222.9951
4322.09155786,26432.196374,0.6797900, 70.7884, 12.8365,141.6224,223.0846
4326.57587707,26433.162177,0.6795620, 70.8225, 12.4611,141.4111,244.4051
4329.56548449,26433.627254,0.6793307, 70.8266, 12.2242,141.2525,258.6119
4333.55186691,26434.303050,0.6793016, 70.8335, 11.9030,141.0327,277.6696
4336.54178523,26434.978043,0.6793613, 70.8544, 11.6518,140.8859,291.9741
4341.52489602,26436.487736,0.6789890, 70.8820, 11.2470,140.6555,315.6167
4358.96762997,26428.299043,0.6778882, 70.9396,  9.8268,139.7334, 40.1427
4362.95490680,26429.490029,0.6778689, 70.9569,  9.5046,139.5271, 60.0403
4365.44701942,26429.391067,0.6777440, 70.9760,  9.3000,139.4117, 72.5707
4370.92969997,26428.878955,0.6770387, 70.9861,  8.8767,139.1283,100.3969
4371.92660162,26428.807436,0.6769666, 70.9850,  8.8004,139.0698,105.5397
4375.41577778,26428.514015,0.6768786, 70.9962,  8.5206,138.8767,123.6149
4376.91110156,26428.273844,0.6768166, 71.0070,  8.3977,138.8023,131.3470
4397.34878744,26429.750916,0.6751147, 71.0331,  6.8155,137.6873,238.4919
4400.83846056,26430.302149,0.6749792, 71.0247,  6.5500,137.4750,256.8874
4403.82962125,26431.060776,0.6749566, 71.0366,  6.3091,137.3148,272.5777
4414.79761612,26433.491340,0.6743235, 71.0329,  5.4806,136.7033,330.0651
4420.78040619,26440.767649,0.6742906, 71.0563,  4.9856,136.3540,  1.5617
4426.26480022,26424.246331,0.6737019, 71.0485,  4.5718,136.0473, 30.7771
4432.24788042,26426.207515,0.6738410, 71.0747,  4.0886,135.7235, 63.0178
4437.73248697,26426.026627,0.6734516, 71.0854,  3.6689,135.4251, 92.9221
4442.71887117,26425.500094,0.6735091, 71.0897,  3.2833,135.1318,120.6837
4445.71054500,26425.034676,0.6735882, 71.1062,  3.0404,134.9746,137.3008
4448.70244162,26424.614795,0.6734756, 71.1217,  2.8016,134.8226,154.1239
4450.19837906,26424.489711,0.6733622, 71.1245,  2.6867,134.7413,162.5497
4463.16403022,26425.483302,0.6731451, 71.1678,  1.6540,134.0340,236.2861
4473.63613540,26427.866985,0.6732933, 71.2004,  0.8253,133.4707,295.1734
4478.62369669,26430.034361,0.6730122, 71.2161,  0.4401,133.2200,323.5763
4504.55889943,26422.422992,0.6721657, 71.3412,358.3685,131.8827,112.5324
4516.53165793,26421.520687,0.6714209, 71.3950,357.4342,131.2563,185.0107
4518.52760699,26421.481845,0.6711845, 71.3966,357.2876,131.1450,197.5018
4533.99348851,26424.658338,0.6701238, 71.4217,356.1256,130.3048,291.8435
4542.97498807,26407.346844,0.6695094, 71.4432,355.4384,129.8595,346.8998
4546.96683171,26443.305785,0.6693532, 71.4444,355.1358,129.6046, 11.3393
4552.45596457,26421.169615,0.6690961, 71.4429,354.7288,129.2648, 45.2622
4558.44440932,26421.856608,0.6686497, 71.4609,354.2831,128.9605, 82.5659
4562.43679384,26421.669909,0.6683041, 71.4531,354.0036,128.7210,107.7198
4569.42417727,26420.442639,0.6680334, 71.4801,353.4708,128.3449,152.5808
4579.40687664,26419.245957,0.6675833, 71.4795,352.7501,127.7511,217.9436
4589.39099849,26420.607459,0.6670458, 71.4841,352.0202,127.1760,284.5406
4595.38189261,26424.023098,0.6671400, 71.5025,351.5539,126.8436,324.5976
4599.37600045,26380.992023,0.6663704, 71.4995,351.2573,126.6572,351.2325
4601.37308048,26443.188663,0.6670062, 71.5018,351.0983,126.4729,  4.5863
4603.37025486,26425.304660,0.6667834, 71.4991,350.9526,126.3693, 17.9647
4605.36741479,26418.784733,0.6668622, 71.4992,350.8007,126.2409, 31.3112
4608.36338020,26420.108962,0.6670102, 71.5087,350.5684,126.0838, 51.4196
4618.35027132,26421.691251,0.6667884, 71.5216,349.8311,125.5410,118.6937
4625.34188592,26420.498519,0.6666162, 71.5624,349.2852,125.1923,166.6305
4627.33948213,26420.065648,0.6665079, 71.5643,349.1417,125.0783,180.4093
4637.32830913,26418.573169,0.6666003, 71.6031,348.3795,124.5463,250.4451
4646.31887038,26419.626443,0.6663500, 71.6236,347.7086,124.0402,314.5155
4653.31190520,26434.660062,0.6661487, 71.6605,347.1387,123.6585,  4.5324
4654.31100855,26437.561641,0.6660651, 71.6619,347.0666,123.6305, 11.7272
4664.30139451,26418.806239,0.6658948, 71.6861,346.3044,123.0827, 82.8847
4674.29161723,26421.056510,0.6654213, 71.7037,345.5704,122.5561,153.2502
4684.28154919,26420.303678,0.6646102, 71.7377,344.8378,122.0434,223.3242
4694.27098318,26419.429288,0.6639839, 71.7762,344.1047,121.5329,293.7051
4704.75886909,26441.764493,0.6636007, 71.8060,343.3155,120.9422,  7.8109
4714.74636311,26415.550539,0.6626581, 71.8034,342.6119,120.3462, 78.0361
4725.73134986,26418.393196,0.6618221, 71.8027,341.8459,119.7301,153.7066
4735.71670550,26420.152288,0.6611422, 71.8147,341.1361,119.1813,221.0259
4745.70091240,26420.524082,0.6609104, 71.8209,340.4364,118.6208,287.3487
4756.68215536,26370.870574,0.6599078, 71.8231,339.6520,117.9505,  0.0189
4767.66222650,26414.395349,0.6601185, 71.8347,338.8717,117.3137, 72.8189
4778.64096122,26415.674124,0.6598583, 71.8460,338.0855,116.6982,144.9080
4781.13596114,26416.303740,0.6599329, 71.8433,337.9062,116.5475,161.1230
4793.61003099,26418.929752,0.6597527, 71.8621,336.9948,115.8630,240.6377
4803.58824478,26420.950350,0.6596116, 71.8893,336.2642,115.3524,302.7841
4814.56312238,26439.627275,0.6595973, 71.9285,335.4248,114.7734, 10.6038
4829.52729872,26414.209943,0.6588951, 71.9690,334.3353,113.9628,103.4749
4839.50227001,26415.368204,0.6585001, 71.9911,333.6053,113.4243,165.0558
4853.46635967,26418.545975,0.6576243, 72.0147,332.6109,112.6794,249.6114
4863.43939066,26420.793725,0.6568881, 72.0197,331.9349,112.1275,308.2396
4863.43939067,26420.793725,0.6568881, 72.0197,331.9349,112.1275,308.2396
4872.91385400,26407.622389,0.6558470, 72.0380,331.2569,111.5753,  3.9530
4878.89693700,26415.767543,0.6558037, 72.0482,330.8392,111.2649, 38.8481
4888.86872940,26414.792098,0.6550390, 72.0525,330.1786,110.6891, 97.6132
4898.83988511,26414.828908,0.6543415, 72.0642,329.4901,110.1180,156.3725
4908.81035876,26417.150220,0.6541283, 72.0612,328.8092,109.5458,214.2845
4918.78003235,26419.376970,0.6538447, 72.0485,328.1475,108.9577,270.7848
4928.74907308,26424.051100,0.6534431, 72.0512,327.4741,108.3840,326.2277
4948.68557379,26415.334739,0.6532773, 72.0757,326.0570,107.2684, 77.0515
4958.65239999,26415.468802,0.6531458, 72.0815,325.3657,106.6985,132.4050
4977.58758869,26419.353377,0.6526669, 72.1063,324.0127,105.6937,235.1511
4977.58857276,26419.357991,0.6526664, 72.1063,324.0127,105.6937,235.8673
4988.05024679,26421.062996,0.6525040, 72.1152,323.2807,105.1386,289.5988
5009.96865708,26417.161582,0.6512214, 72.1571,321.7418,103.9486, 41.7272
5020.92574375,26415.949635,0.6506030, 72.1784,320.9825,103.3665, 97.3448
5034.86921677,26418.673042,0.6496251, 72.1858,320.0379,102.5860,166.3976
5045.32534544,26421.391016,0.6491271, 72.1882,319.3368,102.0231,215.9672
5054.78452689,26421.986932,0.6486417, 72.1830,318.7314,101.4855,259.4545
5062.74935016,26421.717082,0.6479019, 72.1917,318.2126,101.0329,295.5530
5068.72254283,26423.011291,0.6478356, 72.1944,317.8152,100.6935,322.6036
5077.68153218,26380.464653,0.6467657, 72.1920,317.2299,100.1313,  3.1019
5084.15154676,26420.060489,0.6471769, 72.1970,316.7870, 99.7878, 32.3302
5091.61639533,26418.516324,0.6468444, 72.1880,316.3073, 99.3250, 65.5992
5101.56907678,26420.666011,0.6466921, 72.1829,315.6408, 98.7761,108.9134
5109.03332532,26422.357747,0.6467759, 72.1696,315.1535, 98.3492,140.6638
5119.48305336,26422.808126,0.6465433, 72.1686,314.4561, 97.7704,184.4477
5120.47825976,26422.806022,0.6465830, 72.1684,314.3869, 97.7183,188.6122
5129.93310609,26421.552101,0.6463147, 72.1791,313.7466, 97.2237,228.6418
5139.88596605,26420.118011,0.6461818, 72.1891,313.0554, 96.6893,271.7948
5149.34181971,26420.802033,0.6460305, 72.1921,312.4110, 96.1569,313.7285
5161.28728197,26413.257247,0.6455079, 72.1919,311.5824, 95.4690,  7.1514
5171.74081148,26423.840838,0.6450123, 72.1987,310.8635, 94.9330, 53.7631
5180.70202428,26424.136457,0.6447058, 72.2048,310.2484, 94.4803, 93.8451
5192.65169983,26423.207490,0.6440737, 72.2134,309.4625, 93.8426,148.3854
5202.61097493,26421.534288,0.6434069, 72.2219,308.8156, 93.2803,195.4466
5208.08918013,26420.983006,0.6429771, 72.2310,308.4522, 92.9885,222.0295
5215.55988737,26420.913890,0.6425630, 72.2273,307.9900, 92.5465,258.7436
5222.53308396,26422.603015,0.6420896, 72.2304,307.5273, 92.1566,293.2118
5228.51045206,26426.086979,0.6419126, 72.2202,307.1574, 91.7877,322.7240
5231.49940963,26432.789713,0.6419343, 72.2185,306.9585, 91.6231,337.5344
5235.48468319,26373.504586,0.6409203, 72.2123,306.6978, 91.4327,357.1136
5240.46642169,26434.984275,0.6414794, 72.2112,306.3853, 91.1115, 21.5865
5244.45203439,26427.661293,0.6414282, 72.2036,306.1335, 90.8796, 41.2552
5250.43069338,26425.869429,0.6411302, 72.2057,305.7451, 90.5466, 70.8715
5277.33841805,26422.247846,0.6407966, 72.1935,304.0158, 89.0321,209.2440
5284.81365890,26423.073450,0.6409066, 72.1797,303.5265, 88.6042,248.6988
5290.79438333,26424.444832,0.6406933, 72.1781,303.1275, 88.2871,280.3418
5297.27353058,26426.906501,0.6407232, 72.1660,302.7127, 87.9230,314.2880
5305.74663976,26372.498883,0.6397484, 72.1588,302.1358, 87.4887,358.3562
5311.22958478,26434.259905,0.6406213, 72.1560,301.7606, 87.1740, 26.9274
5317.70954574,26428.069871,0.6402845, 72.1591,301.3219, 86.8415, 60.7160
5326.68225987,26426.245059,0.6401713, 72.1562,300.7371, 86.3641,108.1585
5332.66421771,26425.018357,0.6397749, 72.1657,300.3375, 86.0450,140.2120
5339.64353006,26424.419894,0.6396820, 72.1621,299.8752, 85.6671,178.1791
5346.62310114,26424.388885,0.6391908, 72.1683,299.4180, 85.2916,216.4273
5352.10718852,26425.063724,0.6390695, 72.1618,299.0678, 84.9866,246.5012
5359.08715349,26426.765190,0.6385937, 72.1648,298.6062, 84.6109,284.5964
5371.05342100,26437.712508,0.6382174, 72.1571,297.8370, 83.9669,349.3110
5380.02860858,26432.952979,0.6377921, 72.1508,297.2667, 83.4461, 37.6202
5384.01793226,26430.324611,0.6375657, 72.1533,297.0075, 83.2308, 59.3293
5384.01793712,26430.324434,0.6375657, 72.1533,297.0075, 83.2308, 59.3328
5391.49770820,26428.723031,0.6373269, 72.1504,296.5515, 82.7939,100.0773
5391.99616786,26428.643638,0.6373280, 72.1499,296.5192, 82.7674,102.6654
5393.49239783,26428.256001,0.6373065, 72.1494,296.4213, 82.6890,111.0565
5395.48709304,26427.793751,0.6372129, 72.1507,296.2915, 82.5842,122.0650
5396.48444909,26427.574524,0.6371476, 72.1519,296.2281, 82.5302,127.5867
5400.47402498,26426.855221,0.6369101, 72.1547,295.9867, 82.3003,149.8651
5402.96751106,26426.538552,0.6368567, 72.1527,295.8391, 82.1526,163.8508
5402.96753414,26426.538520,0.6368567, 72.1527,295.8391, 82.1526,163.8676
5407.45591213,26426.198685,0.6368558, 72.1466,295.5608, 81.8987,189.1939
5407.45591250,26426.198685,0.6368558, 72.1466,295.5608, 81.8987,189.1941
5409.45079157,26426.135786,0.6368081, 72.1462,295.4320, 81.7899,200.4985
5409.45079485,26426.135787,0.6368081, 72.1462,295.4320, 81.7899,200.5009
5409.45079794,26426.135787,0.6368081, 72.1462,295.4320, 81.7899,200.5031
5409.45080025,26426.135788,0.6368081, 72.1462,295.4320, 81.7899,200.5048
5419.92424147,26426.882400,0.6366598, 72.1331,294.7796, 81.1782,259.9903
5419.92429766,26426.882242,0.6366598, 72.1331,294.7796, 81.1782,260.0312
5419.92430565,26426.882220,0.6366598, 72.1331,294.7796, 81.1782,260.0370
5421.42050036,26427.239747,0.6366386, 72.1307,294.6808, 81.0993,268.4712
5423.41565803,26427.684968,0.6365555, 72.1294,294.5520, 80.9922,279.8546
5423.41566196,26427.684961,0.6365555, 72.1294,294.5520, 80.9922,279.8574
5425.90955009,26428.263093,0.6364378, 72.1281,294.3981, 80.8510,293.9948
5425.90958489,26428.263239,0.6364378, 72.1281,294.3981, 80.8510,294.0201
5426.90711221,26428.531806,0.6364052, 72.1271,294.3384, 80.7926,299.6400
5426.90711496,26428.531834,0.6364052, 72.1271,294.3384, 80.7926,299.6420
5426.90712250,26428.531912,0.6364052, 72.1271,294.3384, 80.7926,299.6475
5428.90226488,26429.298736,0.6363806, 72.1237,294.2197, 80.6745,310.9247
5429.89976892,26429.921762,0.6363888, 72.1214,294.1599, 80.6156,316.5013
5430.89740763,26430.913070,0.6364093, 72.1189,294.0993, 80.5569,322.1677
5433.89021876,26439.637268,0.6365699, 72.1118,293.9115, 80.3844,339.0411
5435.38665339,26444.172630,0.6366817, 72.1085,293.8149, 80.3148,347.4628
5438.37957240,26383.724723,0.6358239, 72.1008,293.6070, 80.1192,  4.3025
5441.87136832,26439.198819,0.6364221, 72.1042,293.3870, 79.9473, 23.8961
5441.87139028,26439.193831,0.6364220, 72.1042,293.3870, 79.9473, 23.9121
5444.86439398,26434.597762,0.6364482, 72.0959,293.2040, 79.7727, 40.7309
5449.85296849,26432.169729,0.6364952, 72.0862,292.8730, 79.5144, 68.8819
5451.34966632,26431.856235,0.6364407, 72.0862,292.7766, 79.4355, 77.4203
5454.84185127,26431.372848,0.6363611, 72.0848,292.5615, 79.2422, 97.2989
5454.84187814,26431.372656,0.6363611, 72.0848,292.5615, 79.2422, 97.3185
5456.83743603,26431.079680,0.6363789, 72.0819,292.4399, 79.1309,108.7241
5456.83744007,26431.079660,0.6363789, 72.0819,292.4399, 79.1309,108.7270
5457.83523917,26430.916613,0.6364012, 72.0800,292.3782, 79.0764,114.4498
5457.83523919,26430.916613,0.6364012, 72.0800,292.3782, 79.0764,114.4498
5457.83524984,26430.916568,0.6364013, 72.0800,292.3782, 79.0764,114.4575
5459.83087562,26430.551787,0.6364527, 72.0762,292.2517, 78.9705,125.9377
5462.82438326,26429.924977,0.6364824, 72.0730,292.0554, 78.8175,143.2764
5462.82441778,26429.924933,0.6364824, 72.0730,292.0554, 78.8175,143.3015
5464.82010419,26429.467853,0.6364426, 72.0736,291.9236, 78.7143,154.9080
5464.82011489,26429.467845,0.6364426, 72.0736,291.9236, 78.7143,154.9158
5467.31478810,26428.890912,0.6363590, 72.0755,291.7635, 78.5774,169.5159
5469.80955176,26428.471692,0.6363320, 72.0743,291.6082, 78.4334,184.2299
5469.80955478,26428.471686,0.6363320, 72.0743,291.6082, 78.4334,184.2321
5470.80746108,26428.336912,0.6363528, 72.0725,291.5457, 78.3761,190.1296
5472.80332339,26428.143090,0.6364230, 72.0673,291.4160, 78.2670,201.9766
5472.80332977,26428.143072,0.6364230, 72.0673,291.4160, 78.2670,201.9813
5474.79923514,26428.030317,0.6364561, 72.0630,291.2799, 78.1654,213.8723
5475.79720600,26427.989766,0.6364400, 72.0620,291.2111, 78.1155,219.8337
5476.79518617,26427.949605,0.6364043, 72.0617,291.1430, 78.0649,225.8032
5476.79522107,26427.949545,0.6364043, 72.0617,291.1430, 78.0649,225.8286
5477.79321205,26427.914144,0.6363567, 72.0619,291.0762, 78.0128,231.8072
5477.79322288,26427.914127,0.6363567, 72.0619,291.0762, 78.0128,231.8151
5486.77554764,26428.208113,0.6362229, 72.0517,290.5042, 77.5185,285.8395
5487.77364030,26428.363878,0.6362261, 72.0496,290.4382, 77.4668,291.8590
5489.76987007,26428.846583,0.6361978, 72.0467,290.3041, 77.3647,303.9064
5489.76987876,26428.846668,0.6361978, 72.0467,290.3041, 77.3647,303.9128
5495.75876151,26440.567879,0.6360438, 72.0474,289.9146, 77.0255,340.0039
5496.75698728,26445.992127,0.6361307, 72.0459,289.8527, 76.9720,346.0440
5498.75337497,26390.353229,0.6354378, 72.0357,289.7214, 76.8880,358.0253
5499.75156449,26381.030959,0.6353484, 72.0318,289.6477, 76.7810,  4.0343
5500.74978974,26418.867275,0.6359133, 72.0314,289.5752, 76.7230, 10.0290
5501.74803911,26437.125871,0.6361289, 72.0311,289.5054, 76.6935, 16.0196
5502.74641533,26439.770684,0.6361035, 72.0304,289.4367, 76.6552, 22.1031
5504.74296118,26437.020119,0.6359327, 72.0297,289.3022, 76.5573, 34.1092
5504.74297096,26437.018320,0.6359327, 72.0297,289.3022, 76.5573, 34.1163
5505.74113317,26435.947993,0.6358511, 72.0299,289.2371, 76.5038, 40.0294
5505.74124218,26435.933597,0.6358510, 72.0299,289.2371, 76.5038, 40.1087
5505.74126133,26435.931075,0.6358509, 72.0299,289.2371, 76.5038, 40.1226
5506.73943867,26435.244215,0.6357813, 72.0301,289.1736, 76.4488, 46.0395
5506.73944529,26435.243609,0.6357813, 72.0301,289.1736, 76.4488, 46.0443
5507.73773910,26434.812835,0.6357264, 72.0301,289.1114, 76.3929, 52.0367
5507.73775317,26434.811943,0.6357264, 72.0301,289.1114, 76.3929, 52.0469
5508.73607929,26434.547521,0.6356876, 72.0297,289.0499, 76.3367, 58.0588
5508.73608921,26434.547079,0.6356876, 72.0297,289.0499, 76.3367, 58.0660
5509.73439019,26434.372496,0.6356633, 72.0288,288.9888, 76.2807, 64.0554
5509.73440613,26434.371988,0.6356633, 72.0288,288.9888, 76.2807, 64.0670
5510.73274477,26434.259113,0.6356512, 72.0275,288.9274, 76.2254, 70.0790
5510.73276394,26434.258668,0.6356512, 72.0275,288.9274, 76.2254, 70.0929
5511.73114050,26434.180149,0.6356475, 72.0258,288.8656, 76.1711, 76.1282
5511.73115259,26434.179942,0.6356475, 72.0258,288.8656, 76.1711, 76.1370
5512.72951040,26434.111407,0.6356476, 72.0240,288.8029, 76.1181, 82.1556
5512.72951625,26434.111332,0.6356476, 72.0240,288.8029, 76.1181, 82.1598
5513.72789487,26434.055456,0.6356472, 72.0223,288.7395, 76.0661, 88.1902
5514.72628472,26433.997190,0.6356419, 72.0208,288.6751, 76.0152, 94.2275
5514.72629370,26433.997124,0.6356419, 72.0208,288.6751, 76.0152, 94.2340
5515.72468707,26433.928147,0.6356279, 72.0198,288.6101, 75.9650,100.2725
5519.71841417,26433.575194,0.6354603, 72.0219,288.3496, 75.7609,124.5422
5524.71079689,26433.020269,0.6352719, 72.0247,288.0413, 75.4810,155.1129
5526.70783122,26432.752157,0.6352802, 72.0219,287.9161, 75.3721,167.4370
5527.70637858,26432.607636,0.6352817, 72.0204,287.8514, 75.3201,173.6299
5528.70492571,26432.447873,0.6352699, 72.0194,287.7856, 75.2693,179.8286
5529.20420477,26432.327558,0.6352575, 72.0191,287.7524, 75.2441,182.9344
5529.70349981,26432.270290,0.6352396, 72.0190,287.7192, 75.2190,186.0534
5530.20276694,26432.144061,0.6352175, 72.0192,287.6860, 75.1937,189.1539
5530.70207021,26432.074957,0.6351902, 72.0194,287.6529, 75.1683,192.2825
5531.70065538,26431.873477,0.6351261, 72.0205,287.5875, 75.1164,198.5300
5532.69925100,26431.660724,0.6350547, 72.0221,287.5234, 75.0628,204.7929
5533.69785141,26431.448526,0.6349846, 72.0239,287.4607, 75.0073,211.0674
5538.19169570,26430.513442,0.6348067, 72.0265,287.1882, 74.7481,239.5010
5539.68969697,26430.266385,0.6347905, 72.0251,287.0964, 74.6638,249.0485
5540.18904070,26430.171012,0.6347862, 72.0246,287.0655, 74.6359,252.2413
5540.68839769,26430.110798,0.6347814, 72.0240,287.0342, 74.6087,255.4447
5542.18644454,26429.892149,0.6347593, 72.0227,286.9396, 74.5273,265.0450
5543.18516015,26429.769291,0.6347343, 72.0222,286.8756, 74.4738,271.4635
5545.18262405,26429.595607,0.6346519, 72.0229,286.7473, 74.3657,284.3339
5547.67947455,26429.486326,0.6345038, 72.0263,286.5898, 74.2240,300.4498
5547.67947466,26429.486326,0.6345038, 72.0263,286.5898, 74.2240,300.4499
5550.17639306,26429.941656,0.6343882, 72.0285,286.4386, 74.0708,316.6216
5551.67455853,26431.375925,0.6343801, 72.0278,286.3486, 73.9759,326.3339
5552.17395275,26432.453866,0.6343919, 72.0271,286.3183, 73.9438,329.5744
5554.17156091,26442.502599,0.6345571, 72.0233,286.1939, 73.8204,342.5518
5556.66863101,26388.412852,0.6338698, 72.0122,286.0263, 73.7133,358.7505
5559.66518450,26436.881985,0.6344141, 72.0142,285.8182, 73.5142, 18.2055
5560.16461646,26438.193079,0.6343859, 72.0148,285.7870, 73.4910, 21.4425
5562.16234607,26436.401950,0.6342420, 72.0153,285.6664, 73.3782, 34.3851
5565.15901927,26434.347600,0.6341938, 72.0110,285.4895, 73.1975, 53.7960
5571.15256868,26434.163480,0.6342644, 71.9967,285.1215, 72.8661, 92.5140
5572.65098697,26434.282561,0.6342453, 71.9956,285.0277, 72.7855,102.1675
5573.15045641,26434.354185,0.6342349, 71.9954,284.9965, 72.7584,105.3793
5574.64888108,26434.481435,0.6342004, 71.9955,284.9044, 72.6748,115.0160
5576.14730855,26434.641899,0.6341731, 71.9954,284.8143, 72.5884,124.6422
5577.64573932,26434.776889,0.6341743, 71.9942,284.7259, 72.5000,134.2593
5578.14521448,26434.844713,0.6341828, 71.9934,284.6964, 72.4707,137.4615
5579.14417559,26434.940671,0.6342118, 71.9910,284.6372, 72.4127,143.8704
5582.14108599,26435.144887,0.6343245, 71.9813,284.4518, 72.2493,163.0929
5583.63954634,26435.174389,0.6343425, 71.9775,284.3555, 72.1723,172.6973
5584.63853238,26435.166950,0.6343323, 71.9760,284.2911, 72.1210,179.1073
5586.63649953,26435.097346,0.6342794, 71.9752,284.1647, 72.0155,191.9221
5588.13497898,26434.980488,0.6342385, 71.9756,284.0729, 71.9329,201.5379
5589.13396680,26434.890365,0.6342217, 71.9756,284.0130, 71.8764,207.9519
5591.13194072,26434.673908,0.6342237, 71.9742,283.8944, 71.7625,220.7872
5592.13093168,26434.546071,0.6342407, 71.9725,283.8350, 71.7061,227.2133
5593.12992911,26434.407145,0.6342642, 71.9705,283.7750, 71.6506,233.6487
5593.62942280,26434.367615,0.6342770, 71.9692,283.7448, 71.6234,236.8644
5597.12586417,26433.743224,0.6343441, 71.9618,283.5277, 71.4386,259.4035
5600.12280171,26433.121210,0.6343243, 71.9600,283.3381, 71.2814,278.7777
5603.11969412,26432.392072,0.6342681, 71.9618,283.1525, 71.1143,298.1887
5603.61916821,26432.311034,0.6342632, 71.9619,283.1221, 71.0853,301.4251
5606.61599864,26432.290004,0.6343135, 71.9592,282.9402, 70.9069,320.8786
5606.61600404,26432.290449,0.6343135, 71.9592,282.9402, 70.9069,320.8825
5607.61493912,26433.259423,0.6343624, 71.9567,282.8777, 70.8474,327.3773
5608.11440575,26434.227527,0.6343928, 71.9553,282.8459, 70.8174,330.6273
5611.61066499,26435.884486,0.6345457, 71.9448,282.6144, 70.6527,353.3934
5612.60958161,26384.954419,0.6338197, 71.9397,282.5430, 70.5923,359.8986
5614.10794502,26410.801374,0.6341976, 71.9400,282.4346, 70.4560,  9.6773
5614.60740161,26425.141632,0.6343787, 71.9413,282.4014, 70.4364, 12.9247
5617.60407692,26436.339542,0.6344370, 71.9420,282.2155, 70.2899, 32.4099
5618.10351470,26435.662552,0.6344344, 71.9412,282.1850, 70.2611, 35.6557
5623.59721542,26432.700200,0.6345735, 71.9241,281.8404, 69.9553, 71.2462
5626.09428649,26432.585250,0.6346016, 71.9183,281.6781, 69.8249, 87.3337
5626.09428887,26432.585220,0.6346016, 71.9183,281.6781, 69.8249, 87.3354
5627.09309839,26432.644795,0.6346003, 71.9169,281.6135, 69.7723, 93.7461
5628.09189009,26432.734598,0.6345953, 71.9159,281.5493, 69.7189,100.1370
5630.08946371,26433.001988,0.6345900, 71.9144,281.4231, 69.6092,112.8895
5631.08821456,26433.169170,0.6345982, 71.9132,281.3610, 69.5531,119.2279
5632.58634924,26433.454115,0.6346336, 71.9102,281.2683, 69.4686,128.7263
5633.08569604,26433.545243,0.6346517, 71.9088,281.2373, 69.4407,131.8652
5635.08316286,26433.946828,0.6347457, 71.9010,281.1110, 69.3323,144.4572
5636.08187001,26434.143261,0.6347910, 71.8964,281.0457, 69.2809,150.7206
5636.08188133,26434.143217,0.6347910, 71.8964,281.0457, 69.2809,150.7288
5638.57862193,26434.572308,0.6348314, 71.8869,280.8780, 69.1576,166.3263
5640.07664229,26434.823742,0.6348005, 71.8841,280.7778, 69.0827,175.6422
5641.07530723,26434.973782,0.6347715, 71.8833,280.7125, 69.0310,181.8312
5645.06985472,26435.544577,0.6347307, 71.8794,280.4619, 68.8147,206.4280
5646.06846918,26435.675131,0.6347451, 71.8772,280.4000, 68.7611,212.5436
5650.06280206,26436.077893,0.6348080, 71.8654,280.1469, 68.5568,236.8610
5650.06280645,26436.077871,0.6348080, 71.8654,280.1469, 68.5568,236.8642
5651.06136154,26436.140477,0.6348093, 71.8630,280.0823, 68.5078,242.9126
5651.06136792,26436.140442,0.6348093, 71.8630,280.0823, 68.5078,242.9173
5653.05843904,26436.202283,0.6347852, 71.8601,279.9524, 68.4098,254.9766
5653.05845140,26436.202201,0.6347852, 71.8601,279.9524, 68.4098,254.9856
5656.05394752,26436.106213,0.6347077, 71.8604,279.7601, 68.2575,272.9817
5656.05396198,26436.106087,0.6347077, 71.8604,279.7601, 68.2575,272.9922
5657.05242109,26436.012666,0.6346840, 71.8610,279.6973, 68.2046,278.9615
5657.05242369,26436.012641,0.6346840, 71.8610,279.6973, 68.2046,278.9634
5662.04462683,26435.196210,0.6346973, 71.8571,279.3852, 67.9352,308.7694
5663.04302808,26435.142524,0.6347123, 71.8545,279.3202, 67.8832,314.7120
5663.04304010,26435.142767,0.6347123, 71.8545,279.3202, 67.8832,314.7207
5664.04146057,26435.339967,0.6347161, 71.8520,279.2538, 67.8318,320.6824
5665.03986323,26436.095268,0.6347052, 71.8501,279.1863, 67.7799,326.6377
5667.03656330,26442.223945,0.6346853, 71.8496,279.0517, 67.6695,338.4959
5667.03656853,26442.227768,0.6346854, 71.8496,279.0517, 67.6695,338.4997
5667.03659292,26442.245616,0.6346856, 71.8496,279.0517, 67.6694,338.5175
5667.03659386,26442.246305,0.6346856, 71.8496,279.0517, 67.6694,338.5181
5667.03659989,26442.250722,0.6346857, 71.8496,279.0517, 67.6694,338.5225
5668.03494862,26449.511866,0.6347378, 71.8509,278.9862, 67.6136,344.4629
5668.03494863,26449.511876,0.6347378, 71.8509,278.9862, 67.6136,344.4629
5671.02989956,26381.812414,0.6337636, 71.8477,278.7888, 67.4498,  2.2383
5677.01961056,26437.662054,0.6345215, 71.8475,278.4015, 67.1232, 37.8439
5678.01785189,26436.606546,0.6344996, 71.8463,278.3373, 67.0706, 43.7765
5679.01608586,26435.769801,0.6344752, 71.8456,278.2728, 67.0179, 49.7108
5681.01250867,26434.609954,0.6344156, 71.8461,278.1441, 66.9113, 61.5655
5682.01070133,26434.214022,0.6343834, 71.8471,278.0804, 66.8568, 67.4879
5683.00888682,26433.903477,0.6343534, 71.8485,278.0173, 66.8013, 73.4100
5683.00889042,26433.903390,0.6343534, 71.8485,278.0173, 66.8013, 73.4127
5684.00706258,26433.659490,0.6343294, 71.8498,277.9550, 66.7448, 79.3294
5687.99957649,26433.085759,0.6343400, 71.8500,277.7089, 66.5152,102.8995
5689.49674017,26433.002203,0.6343782, 71.8468,277.6148, 66.4317,111.7230
5695.98419624,26433.037006,0.6342858, 71.8386,277.1911, 66.0850,149.7290
5695.98427706,26433.036755,0.6342858, 71.8386,277.1911, 66.0850,149.7878
5698.97825461,26433.427536,0.6342340, 71.8397,277.0060, 65.9113,167.0955
5701.97223070,26433.995549,0.6342691, 71.8344,276.8223, 65.7420,184.3365
5701.97223232,26433.995544,0.6342691, 71.8344,276.8223, 65.7420,184.3377
5708.95786588,26435.376036,0.6342278, 71.8252,276.3830, 65.3719,224.0408
5711.95149155,26435.825732,0.6341935, 71.8275,276.1996, 65.2059,240.7712
5718.93642135,26436.523586,0.6343299, 71.8148,275.7682, 64.8264,279.4039
5721.92985866,26436.600216,0.6342535, 71.8117,275.5758, 64.6710,295.8072
5727.91646036,26437.713883,0.6341738, 71.8150,275.2119, 64.3248,328.3550
5727.91646271,26437.714313,0.6341738, 71.8150,275.2119, 64.3248,328.3568
5727.91646866,26437.715402,0.6341738, 71.8150,275.2119, 64.3248,328.3611
5731.90739263,26456.912467,0.6345119, 71.8089,274.9661, 64.1027,349.9664
5739.88885763,26441.232793,0.6343028, 71.8119,274.4558, 63.6603, 33.0367
5740.38763078,26440.752850,0.6343071, 71.8122,274.4261, 63.6316, 35.6928
5747.86979286,26436.085832,0.6344906, 71.7982,273.9589, 63.2193, 76.1787
5750.86257678,26435.237720,0.6344558, 71.7996,273.7709, 63.0513, 92.4389
5752.85775239,26434.826542,0.6344810, 71.8006,273.6499, 62.9337,103.3022
5759.34181880,26433.941530,0.6347076, 71.7860,273.2506, 62.5684,138.5433
5759.84057072,26433.898404,0.6347162, 71.7850,273.2191, 62.5419,141.2424
5762.83311662,26433.780622,0.6347468, 71.7818,273.0310, 62.3799,157.4633
5768.31931488,26434.107858,0.6349086, 71.7786,272.6941, 62.0689,187.0446
5770.31424614,26434.383374,0.6350294, 71.7718,272.5703, 61.9579,197.7268
5771.31168720,26434.548626,0.6350868, 71.7672,272.5070, 61.9044,203.0407
5771.31169379,26434.548595,0.6350868, 71.7672,272.5070, 61.9044,203.0455
5772.30914700,26434.724933,0.6351329, 71.7623,272.4426, 61.8523,208.3615
5775.30147647,26435.242783,0.6351796, 71.7517,272.2475, 61.6979,224.2454
5781.78468004,26436.149865,0.6353099, 71.7429,271.8434, 61.3408,258.2758
5784.27819473,26436.424509,0.6354184, 71.7330,271.6876, 61.2086,271.2517
5785.77427322,26436.583400,0.6354594, 71.7269,271.5926, 61.1325,278.9934
5788.76640968,26436.703792,0.6354828, 71.7189,271.4019, 60.9817,294.4197
5790.76111337,26436.654858,0.6354787, 71.7172,271.2760, 60.8788,304.6371
5796.24648797,26438.908777,0.6355971, 71.7138,270.9354, 60.5748,332.6169
5801.73172120,26399.909829,0.6352754, 71.6888,270.5736, 60.3090,  0.4528
5807.21681852,26442.634453,0.6358578, 71.6908,270.2088, 59.9907, 28.2568
5813.69905836,26438.661919,0.6359704, 71.6753,269.7982, 59.6508, 61.2127
5816.69078555,26437.476791,0.6359529, 71.6725,269.6057, 59.4966, 76.4752
5822.67416138,26435.916516,0.6360315, 71.6750,269.2300, 59.1716,107.1459
5823.17273412,26435.790311,0.6360523, 71.6744,269.1987, 59.1441,109.6826
5824.16995314,26435.605604,0.6360968, 71.6724,269.1355, 59.0901,114.8139
5833.64323742,26434.576571,0.6361692, 71.6583,268.5169, 58.5821,163.5533
5833.64324028,26434.576558,0.6361692, 71.6583,268.5169, 58.5821,163.5554
5837.63187474,26434.847607,0.6362991, 71.6510,268.2645, 58.3599,183.9843
5844.61186610,26435.826010,0.6363216, 71.6393,267.8153, 57.9945,219.4540
5851.59158425,26436.954241,0.6364966, 71.6372,267.3773, 57.6178,254.3182
5857.07555124,26437.745198,0.6365553, 71.6216,267.0190, 57.3374,281.3505
5859.56823434,26437.856375,0.6365104, 71.6243,266.8598, 57.2020,293.5477
5865.55054419,26437.569193,0.6366457, 71.6211,266.4859, 56.8702,322.5539
5868.54166115,26441.704722,0.6366619, 71.6174,266.2944, 56.7039,336.9825
5871.53273143,26462.600846,0.6369384, 71.6210,266.1060, 56.5436,351.3645
5873.52675049,26402.858726,0.6361597, 71.6199,265.9781, 56.4523,  0.9090
5880.50569973,26443.479850,0.6369942, 71.6237,265.5297, 56.0508, 34.3090
5882.99815184,26442.051126,0.6370096, 71.6192,265.3686, 55.9216, 46.2737
5882.99815193,26442.051120,0.6370096, 71.6192,265.3686, 55.9216, 46.2737
5882.99816063,26442.050569,0.6370096, 71.6192,265.3686, 55.9216, 46.2800
5887.98292017,26439.887058,0.6370049, 71.6274,265.0544, 55.6407, 70.2587
5888.97988477,26439.537224,0.6370520, 71.6291,264.9936, 55.5816, 75.0839
5890.47529643,26439.035577,0.6371410, 71.6289,264.9017, 55.4944, 82.3105
5894.46301996,26437.743061,0.6373072, 71.6214,264.6505, 55.2735,101.6397
5894.46302298,26437.743027,0.6373072, 71.6214,264.6505, 55.2735,101.6419
5896.95531347,26437.087886,0.6373401, 71.6208,264.4930, 55.1374,113.7605
5896.95531369,26437.087884,0.6373401, 71.6208,264.4930, 55.1374,113.7607
5896.95531827,26437.087843,0.6373401, 71.6208,264.4930, 55.1374,113.7640
5901.44135944,26436.390570,0.6374560, 71.6283,264.2151, 54.8852,135.6047
5909.91471279,26436.027360,0.6379355, 71.6128,263.6800, 54.4157,176.7847
5912.40682788,26436.094184,0.6379777, 71.6101,263.5193, 54.2794,188.8539
5916.39413612,26436.434312,0.6381816, 71.6120,263.2704, 54.0486,208.0420
5919.88297626,26437.044208,0.6384449, 71.5996,263.0501, 53.8537,224.6997
5921.87655106,26437.390879,0.6385302, 71.5915,262.9224, 53.7478,234.1458
5926.36202479,26437.995170,0.6386582, 71.5856,262.6390, 53.5100,255.2367
5926.86039379,26438.030865,0.6386786, 71.5858,262.6080, 53.4832,257.5578
5949.78429429,26397.130742,0.6392070, 71.5270,261.1360, 52.2610,  2.4299
5957.75704514,26442.031613,0.6400811, 71.5282,260.6146, 51.8275, 38.4721
5962.73979848,26439.522095,0.6403394, 71.5107,260.2902, 51.5685, 61.0740
5974.19932234,26436.488356,0.6407294, 71.4901,259.5423, 50.9458,113.2557
5982.17076519,26436.004103,0.6408601, 71.4769,259.0215, 50.5212,149.5921
5982.17077832,26436.004028,0.6408601, 71.4769,259.0215, 50.5212,149.6017
5986.65439148,26436.458575,0.6411021, 71.4713,258.7327, 50.2803,169.7344
5994.12659943,26437.498366,0.6412686, 71.4457,258.2345, 49.8929,202.6835
5994.62481283,26437.584827,0.6412756, 71.4461,258.2022, 49.8657,204.9144
6004.08885771,26438.971845,0.6416619, 71.4268,257.5868, 49.3636,245.4584
6004.08885926,26438.971834,0.6416619, 71.4268,257.5868, 49.3636,245.4595
6007.07734326,26439.166353,0.6416610, 71.4266,257.3941, 49.2095,258.0483
6007.07736248,26439.166158,0.6416610, 71.4266,257.3941, 49.2095,258.0622
6007.07738421,26439.165936,0.6416610, 71.4266,257.3941, 49.2095,258.0780
6011.55991403,26439.047540,0.6417965, 71.4334,257.1101, 48.9746,276.7116
6013.05404632,26438.949711,0.6418749, 71.4331,257.0147, 48.8973,282.8740
6015.04619912,26438.707291,0.6419749, 71.4293,256.8854, 48.7957,291.0689
6015.04622301,26438.706581,0.6419749, 71.4293,256.8854, 48.7957,291.0863
6015.04622395,26438.706553,0.6419749, 71.4293,256.8854, 48.7957,291.0870
6017.03833451,26438.357557,0.6420363, 71.4229,256.7536, 48.6957,299.2537
6018.03437530,26438.124695,0.6420435, 71.4199,256.6871, 48.6456,303.3301
6023.01437714,26436.304416,0.6420063, 71.4261,256.3624, 48.3787,323.6180
6026.00225133,26437.020710,0.6421701, 71.4329,256.1717, 48.2047,335.7359
6026.99818480,26439.629105,0.6422534, 71.4322,256.1068, 48.1447,339.7700
6028.99003648,26454.970041,0.6425293, 71.4292,255.9758, 48.0252,347.8544
6030.98184725,26457.176694,0.6426406, 71.4255,255.8454, 47.9469,355.9184
6031.97771852,26421.722317,0.6421703, 71.4230,255.7787, 47.9031,359.9374
6031.97772689,26421.660245,0.6421694, 71.4230,255.7787, 47.9031,359.9435
6032.47565989,26403.187442,0.6419234, 71.4221,255.7446, 47.8656,  1.9627
6033.96946085,26395.488635,0.6418929, 71.4237,255.6413, 47.7364,  8.0402
6034.96529358,26412.715215,0.6421774, 71.4277,255.5744, 47.6763, 12.0578
6034.96529842,26412.730106,0.6421776, 71.4277,255.5744, 47.6763, 12.0613
6035.96113098,26426.458021,0.6423945, 71.4325,255.5095, 47.6291, 16.0791
6035.96113479,26426.465384,0.6423946, 71.4325,255.5095, 47.6291, 16.0819
6036.95696104,26434.115872,0.6425244, 71.4370,255.4457, 47.5834, 20.1032
6037.95278205,26437.733534,0.6426073, 71.4408,255.3824, 47.5356, 24.1304
6038.94857867,26439.200955,0.6426722, 71.4436,255.3192, 47.4856, 28.1494
6039.94438097,26439.621641,0.6427322, 71.4452,255.2558, 47.4342, 32.1814
6041.93594140,26439.277032,0.6428468, 71.4448,255.1274, 47.3293, 40.2385
6042.93171375,26438.911778,0.6428965, 71.4431,255.0623, 47.2765, 44.2736
6043.92746424,26438.528580,0.6429367, 71.4408,254.9966, 47.2237, 48.3008
6045.91893258,26437.822477,0.6429805, 71.4367,254.8644, 47.1169, 56.3548
6049.90172679,26437.038261,0.6430476, 71.4437,254.6060, 46.8917, 72.4259
6050.89739754,26436.963714,0.6431138, 71.4475,254.5433, 46.8331, 76.4272
6051.89305864,26436.893369,0.6432052, 71.4501,254.4806, 46.7747, 80.4199
6052.88871352,26436.805474,0.6433097, 71.4506,254.4172, 46.7170, 84.4063
6053.88435789,26436.705157,0.6434120, 71.4490,254.3529, 46.6604, 88.3839
6054.87998836,26436.610985,0.6434995, 71.4459,254.2879, 46.6049, 92.3504
6055.87561584,26436.538728,0.6435664, 71.4422,254.2223, 46.5501, 96.3138
6056.87122809,26436.504405,0.6436138, 71.4389,254.1566, 46.4958,100.2645
6058.86241971,26436.562429,0.6436727, 71.4356,254.0264, 46.3873,108.1322
6059.85800193,26436.645526,0.6436981, 71.4359,253.9621, 46.3327,112.0490
6060.85356360,26436.757550,0.6437289, 71.4372,253.8984, 46.2780,115.9445
6060.85357228,26436.757473,0.6437289, 71.4372,253.8984, 46.2780,115.9508
6061.84912598,26436.891178,0.6437691, 71.4392,253.8352, 46.2232,119.8331
6061.84912612,26436.891176,0.6437691, 71.4392,253.8352, 46.2232,119.8332
6063.84021933,26437.191401,0.6438854, 71.4437,253.7095, 46.1137,127.5446
6064.83575321,26437.348782,0.6439612, 71.4453,253.6467, 46.0592,131.3883
6065.83127788,26437.499551,0.6440456, 71.4461,253.5836, 46.0052,135.2171
6066.82679440,26437.647483,0.6441356, 71.4458,253.5200, 45.9518,139.0322
6067.82230109,26437.789001,0.6442265, 71.4443,253.4560, 45.8989,142.8326
6068.81780206,26437.923319,0.6443137, 71.4417,253.3913, 45.8466,146.6221
6069.81329257,26438.050074,0.6443925, 71.4382,253.3260, 45.7948,150.3976
6070.80877491,26438.171582,0.6444595, 71.4342,253.2603, 45.7433,154.1615
6070.80877530,26438.171579,0.6444595, 71.4342,253.2603, 45.7433,154.1618
6071.80424819,26438.283244,0.6445127, 71.4302,253.1943, 45.6918,157.9087
6072.30198069,26438.330540,0.6445345, 71.4284,253.1613, 45.6660,159.7801
6073.79515979,26438.498876,0.6445822, 71.4245,253.0624, 45.5878,165.3739
6074.79060418,26438.601426,0.6446090, 71.4238,252.9973, 45.5346,169.0910
6075.28832163,26438.630157,0.6446246, 71.4241,252.9651, 45.5076,170.9440
6075.78603843,26438.692571,0.6446425, 71.4247,252.9330, 45.4804,172.7951
6076.78146694,26438.786621,0.6446939, 71.4270,252.8696, 45.4253,176.4889
6077.77688669,26438.876520,0.6447707, 71.4297,252.8066, 45.3697,180.1691
6078.77229987,26438.960904,0.6448731, 71.4316,252.7438, 45.3141,183.8374
6079.76770969,26439.044960,0.6449920, 71.4316,252.6803, 45.2591,187.4971
6080.76310973,26439.128060,0.6451119, 71.4293,252.6160, 45.2051,191.1450
6081.75850700,26439.204485,0.6452175, 71.4251,252.5508, 45.1519,194.7882
6082.75389391,26439.267179,0.6453000, 71.4201,252.4850, 45.0995,198.4226
6083.74927593,26439.321798,0.6453589, 71.4153,252.4192, 45.0474,202.0527
6085.74001969,26439.379275,0.6454303, 71.4095,252.2886, 44.9431,209.2952
6086.73538225,26439.377779,0.6454591, 71.4089,252.2242, 44.8906,212.9075
6092.20978696,26439.052099,0.6457704, 71.4162,251.8755, 44.6012,232.6864
6093.20512303,26438.954296,0.6458578, 71.4162,251.8116, 44.5494,236.2750
6095.69344807,26438.654347,0.6460780, 71.4111,251.6494, 44.4216,245.2476
6096.19110677,26438.602052,0.6461175, 71.4092,251.6164, 44.3963,247.0409
6099.67473168,26438.049677,0.6463026, 71.3944,251.3830, 44.2193,259.6515
6101.66535037,26437.607524,0.6463461, 71.3902,251.2504, 44.1154,266.8841
6104.65125057,26436.688149,0.6464684, 71.3949,251.0563, 43.9534,277.7696
6106.64187515,26435.967180,0.6466601, 71.3979,250.9278, 43.8441,285.0756
6108.13482600,26435.470327,0.6468289, 71.3947,250.8292, 43.7636,290.5611
6108.63246804,26435.254987,0.6468805, 71.3927,250.7959, 43.7371,292.3885
6109.13012068,26435.116663,0.6469260, 71.3901,250.7623, 43.7108,294.2259
6109.62777542,26434.897078,0.6469659, 71.3874,250.7287, 43.6844,296.0679
6110.62307760,26434.514319,0.6470249, 71.3818,250.6611, 43.6320,299.7544
6113.60899025,26433.087264,0.6470903, 71.3718,250.4602, 43.4734,310.8784
6115.59960076,26431.887840,0.6471215, 71.3725,250.3291, 43.3660,318.3339
6116.59491376,26431.244555,0.6471493, 71.3740,250.2640, 43.3118,322.0756
6117.59022565,26430.633005,0.6471873, 71.3756,250.1989, 43.2573,325.8211
6118.58554360,26430.154057,0.6472352, 71.3769,250.1336, 43.2023,329.5754
6119.58086673,26430.039055,0.6472932, 71.3775,250.0679, 43.1464,333.3380
6120.57619572,26430.771729,0.6473644, 71.3771,250.0017, 43.0891,337.1097
6123.56220870,26449.754117,0.6478020, 71.3695,249.7993, 42.9092,348.4742
6127.54360465,26393.363870,0.6472765, 71.3421,249.5196, 42.7142,  3.6653
6128.53896059,26389.691007,0.6472860, 71.3376,249.4466, 42.6287,  7.4862
6130.52968763,26418.578586,0.6477631, 71.3375,249.3066, 42.5119, 15.0937
6131.52506412,26427.925879,0.6479246, 71.3396,249.2395, 42.4647, 18.8942
6134.01352745,26436.697816,0.6482161, 71.3419,249.0745, 42.3421, 28.3881
6136.50204254,26438.227578,0.6484589, 71.3313,248.9061, 42.2150, 37.8846
6139.48831178,26438.421689,0.6485747, 71.3124,248.7009, 42.0601, 49.2842
6140.48374365,26438.430085,0.6485818, 71.3087,248.6336, 42.0076, 53.0807
6141.97690626,26438.485619,0.6485946, 71.3066,248.5341, 41.9285, 58.7728
6144.96328699,26438.649229,0.6486912, 71.3088,248.3385, 41.7705, 70.1411
6147.45200339,26438.830633,0.6488507, 71.3084,248.1752, 41.6414, 79.6072
6147.94975932,26438.835643,0.6488874, 71.3076,248.1423, 41.6159, 81.5043
6148.44752381,26438.880089,0.6489238, 71.3064,248.1091, 41.5906, 83.4066
6148.94528113,26438.876918,0.6489604, 71.3050,248.0759, 41.5654, 85.3020
6152.42963507,26438.913440,0.6491543, 71.2880,247.8390, 41.3905, 98.5856
6155.91407804,26438.834682,0.6491853, 71.2750,247.6009, 41.2112,111.9191
6160.39418007,26438.972668,0.6493627, 71.2833,247.3068, 40.9706,129.1052
6162.38547288,26438.852381,0.6495508, 71.2810,247.1748, 40.8660,136.8300
6163.38116097,26438.737680,0.6496319, 71.2768,247.1074, 40.8145,140.7257
6164.87465187,26438.524891,0.6497100, 71.2690,247.0052, 40.7375,146.5480
6166.36815514,26438.310378,0.6497361, 71.2628,246.9033, 40.6600,152.3914
6168.85735817,26437.984663,0.6497334, 71.2616,246.7368, 40.5284,162.1762
6170.35091454,26437.766652,0.6497507, 71.2656,246.6390, 40.4489,168.0833
6174.33385273,26437.044684,0.6499374, 71.2771,246.3793, 40.2395,183.9704
6175.32961878,26436.826129,0.6500034, 71.2778,246.3134, 40.1881,187.9802
6176.32539605,26436.595933,0.6500687, 71.2772,246.2469, 40.1370,192.0064
6177.32118465,26436.360291,0.6501288, 71.2754,246.1798, 40.0860,196.0499
6177.81908540,26436.272262,0.6501552, 71.2741,246.1459, 40.0605,198.0800
6178.31699605,26436.124315,0.6501795, 71.2728,246.1121, 40.0350,200.1200
6181.30443027,26435.398204,0.6502487, 71.2641,245.9073, 39.8795,212.3965
6181.80234310,26435.311865,0.6502488, 71.2634,245.8733, 39.8529,214.4577
6182.30026750,26435.150254,0.6502480, 71.2633,245.8395, 39.8260,216.5301
6183.29606856,26434.898129,0.6502465, 71.2644,245.7726, 39.7715,220.6474
6184.78987245,26434.543395,0.6502674, 71.2700,245.6738, 39.6884,226.9126
6185.78572971,26434.277900,0.6503122, 71.2753,245.6089, 39.6325,231.0881
6185.78574452,26434.277815,0.6503122, 71.2753,245.6089, 39.6325,231.0989
6190.76522417,26433.277461,0.6507716, 71.2810,245.2774, 39.3604,252.1902
6192.25911656,26433.073792,0.6508493, 71.2756,245.1749, 39.2795,258.5859
6193.25506335,26432.967451,0.6508741, 71.2729,245.1069, 39.2253,262.8712
6194.25102233,26432.852546,0.6508860, 71.2718,245.0395, 39.1706,267.1696
6194.74900415,26432.797225,0.6508900, 71.2720,245.0061, 39.1434,269.3215
6198.73290521,26432.160306,0.6509983, 71.2857,244.7442, 38.9239,286.5647
6199.72890862,26431.985885,0.6510595, 71.2899,244.6791, 38.8700,290.8883
6201.22290578,26431.727753,0.6511712, 71.2944,244.5809, 38.7901,297.3592
6215.16816509,26453.119731,0.6522105, 71.3072,243.6404, 38.0428,358.2133
6215.66626296,26430.696754,0.6519845, 71.3061,243.6062, 38.0212,  0.3971
6219.65096679,26424.946778,0.6524303, 71.2915,243.3190, 37.7535, 17.8067
6223.63568650,26438.347000,0.6526756, 71.2946,243.0510, 37.5608, 35.1433
6225.62819681,26438.782668,0.6527694, 71.3038,242.9218, 37.4565, 43.8996
6225.62822142,26438.782610,0.6527694, 71.3038,242.9218, 37.4565, 43.9175
6229.61318759,26438.565859,0.6531151, 71.3170,242.6622, 37.2499, 61.3421
6230.60945169,26438.452494,0.6532141, 71.3171,242.5959, 37.1991, 65.7099
6233.59818267,26438.039837,0.6534669, 71.3106,242.3937, 37.0468, 78.7774
6233.59848686,26438.035577,0.6534668, 71.3106,242.3937, 37.0468, 78.9986
6234.59480172,26437.874539,0.6535265, 71.3076,242.3256, 36.9954, 83.4126
6235.59111704,26437.708013,0.6535731, 71.3051,242.2576, 36.9433, 87.8317
6236.58743930,26437.547127,0.6536098, 71.3039,242.1899, 36.8905, 92.2608
6238.58009455,26437.276200,0.6536823, 71.3070,242.0565, 36.7826,101.1408
6239.57644276,26437.160349,0.6537391, 71.3117,241.9911, 36.7278,105.6013
6241.56916458,26436.963324,0.6539451, 71.3231,241.8617, 36.6190,114.5461
6243.56175559,26436.573036,0.6542487, 71.3269,241.7300, 36.5134,123.4081
6246.55093890,26435.624619,0.6545977, 71.3143,241.5244, 36.3567,136.9855
6247.54733450,26435.319135,0.6546567, 71.3106,241.4557, 36.3033,141.5360
6254.52237772,26433.637605,0.6550962, 71.3268,240.9910, 35.9254,173.8213
6255.51888922,26433.399275,0.6552040, 71.3287,240.9245, 35.8730,178.5173
6255.51894021,26433.398924,0.6552041, 71.3287,240.9245, 35.8730,178.5543
6260.50142953,26432.260334,0.6557135, 71.3167,240.5819, 35.6141,202.1096
6262.49436282,26431.907397,0.6558380, 71.3076,240.4421, 35.5082,211.5475
6263.49083315,26431.758403,0.6558832, 71.3043,240.3726, 35.4541,216.2803
6264.48733758,26431.624680,0.6559242, 71.3026,240.3036, 35.3992,221.0434
6265.48373838,26431.504891,0.6559695, 71.3029,240.2354, 35.3438,225.7346
6267.47678278,26431.278601,0.6561142, 71.3083,240.1012, 35.2326,235.2946
6270.46643227,26431.036851,0.6565370, 71.3123,239.8987, 35.0712,249.6716
6275.44933290,26431.305403,0.6570478, 71.2784,239.5455, 34.8062,273.7202
6277.44238415,26431.292764,0.6571287, 71.2745,239.4079, 34.6976,283.2416
6278.43892115,26431.226231,0.6571809, 71.2751,239.3401, 34.6440,287.9986
6278.43893689,26431.225750,0.6571809, 71.2751,239.3401, 34.6440,288.0100
6280.43234423,26430.947106,0.6573247, 71.2775,239.2048, 34.5392,297.7390
6294.38513401,26396.044007,0.6576941, 71.2285,238.2160, 33.8023,  4.4249
6300.36511465,26435.712188,0.6589311, 71.2150,237.7844, 33.4787, 32.8962
6301.36179727,26436.347064,0.6589876, 71.2064,237.7125, 33.4292, 37.6604
6301.86014677,26436.511192,0.6590032, 71.2026,237.6767, 33.4038, 40.0508
6303.35514165,26436.536496,0.6590197, 71.1951,237.5709, 33.3245, 47.1886
6303.35514778,26436.536463,0.6590197, 71.1951,237.5709, 33.3245, 47.1930
6309.33540376,26435.646987,0.6592435, 71.2018,237.1616, 33.0087, 75.9567
6310.33241203,26435.454619,0.6593194, 71.2014,237.0927, 32.9582, 80.9720
6316.31262832,26433.990284,0.6596416, 71.1740,236.6674, 32.6531,109.8705
6326.28053088,26431.733748,0.6601455, 71.1771,235.9721, 32.1147,159.3506
6327.27703574,26431.457522,0.6602304, 71.1707,235.9001, 32.0622,164.1337
6334.75296522,26430.206579,0.6604107, 71.1680,235.3750, 31.6439,201.8352
6337.24494896,26430.072325,0.6605850, 71.1745,235.2029, 31.5110,214.4259
6337.24501044,26430.071953,0.6605850, 71.1745,235.2029, 31.5110,214.4706
6351.20074466,26430.416306,0.6612702, 71.1738,234.2204, 30.7586,285.1896
6353.19447568,26430.318660,0.6615064, 71.1721,234.0797, 30.6578,295.2165
6367.15081359,26394.970110,0.6617364, 71.1862,233.0936, 29.9009,  5.0404
6377.61825161,26435.061446,0.6627678, 71.2115,232.3508, 29.3327, 57.2116
6381.10730099,26434.463344,0.6632094, 71.2169,232.1079, 29.1564, 74.5414
6383.59969783,26433.770603,0.6633802, 71.2081,231.9298, 29.0241, 87.1421
6395.06454327,26431.209254,0.6641873, 71.2509,231.1363, 28.4122,145.5266
6395.56296256,26431.019926,0.6642284, 71.2499,231.1006, 28.3861,148.0497
6396.55991055,26430.733857,0.6643002, 71.2473,231.0290, 28.3334,153.1845
6396.55991764,26430.733822,0.6643002, 71.2473,231.0290, 28.3334,153.1896
6406.52946360,26429.240844,0.6651173, 71.2773,230.3299, 27.7874,204.9518
6408.52342751,26429.137677,0.6654132, 71.2686,230.1855, 27.6852,215.3615
6412.01283089,26429.205855,0.6656665, 71.2528,229.9322, 27.4932,233.5886
6421.98269624,26429.639920,0.6666017, 71.2660,229.2271, 26.9740,285.3475
6424.97369462,26429.395137,0.6668292, 71.2487,229.0076, 26.8218,300.7878
6427.96464055,26427.989332,0.6669488, 71.2406,228.7908, 26.6635,316.1610
6433.94666966,26426.521571,0.6674409, 71.2601,228.3621, 26.3364,346.8427
6436.43922441,26458.416558,0.6681787, 71.2433,228.1761, 26.2308,359.6196
6439.92873370,26416.516177,0.6679704, 71.2179,227.9042, 25.9843, 17.5221
6444.91375947,26432.977814,0.6684380, 71.2344,227.5487, 25.7460, 43.0344
6449.40043326,26432.711093,0.6688350, 71.2213,227.2222, 25.5265, 66.1455
6451.39448629,26432.256035,0.6689505, 71.2076,227.0742, 25.4237, 76.4484
6456.87810018,26430.901885,0.6691070, 71.1959,226.6739, 25.1222,104.9597
6459.37066453,26430.439572,0.6693030, 71.2067,226.4967, 24.9895,117.9944
6460.86621899,26430.153040,0.6694937, 71.2077,226.3888, 24.9143,125.8401
6472.33211582,26427.581185,0.6702179, 71.1782,225.5456, 24.2875,186.7568
6475.32326407,26427.327265,0.6704650, 71.1686,225.3241, 24.1323,202.7695
6476.32032009,26427.278505,0.6705337, 71.1619,225.2490, 24.0798,208.1177
6477.31736383,26427.256596,0.6705900, 71.1543,225.1736, 24.0265,213.4598
6479.80998071,26427.286789,0.6706714, 71.1363,224.9852, 23.8885,226.8281
6483.29960674,26427.586900,0.6707279, 71.1295,224.7269, 23.6881,245.4964
6489.78042964,26427.834854,0.6713027, 71.1304,224.2512, 23.3520,279.9453
6494.26714555,26427.589246,0.6714770, 71.0977,223.9128, 23.1071,303.6992
6503.73915072,26455.261297,0.6721393, 71.1122,223.2098, 22.5729,353.5126
6505.73326362,26408.198472,0.6716542, 71.0969,223.0567, 22.4982,  3.9752
6512.71261153,26430.259004,0.6721104, 71.1100,222.5298, 22.0795, 40.6474
6513.70966040,26430.520032,0.6721761, 71.1172,222.4583, 22.0293, 45.8808
6518.69500022,26430.085192,0.6725810, 71.1089,222.0889, 21.7790, 72.1730
6519.19351202,26429.967474,0.6725972, 71.1059,222.0515, 21.7515, 74.8013
6527.66848628,26428.233933,0.6728515, 71.1467,221.4377, 21.2808,119.9293
6529.66266327,26427.676635,0.6729894, 71.1486,221.2907, 21.1779,130.6552
6529.66267499,26427.676590,0.6729894, 71.1486,221.2907, 21.1779,130.6637
6533.15244161,26426.609438,0.6731404, 71.1408,221.0298, 20.9880,149.5200
6534.14950190,26426.349002,0.6731583, 71.1397,220.9553, 20.9307,154.9235
6535.64510403,26426.109873,0.6731739, 71.1416,220.8445, 20.8431,163.0550
6539.13472495,26425.754169,0.6732701, 71.1680,220.5918, 20.6402,181.9772
6541.12886954,26425.699503,0.6734390, 71.1863,220.4484, 20.5334,192.8344
6542.12597317,26425.658632,0.6735524, 71.1913,220.3757, 20.4827,198.2813
6546.11428816,26425.558319,0.6739383, 71.1788,220.0764, 20.2737,220.0186
6547.11135483,26425.613460,0.6739809, 71.1754,220.0014, 20.2164,225.4538
6549.10547825,26425.779234,0.6740333, 71.1794,219.8543, 20.0987,236.3109
6553.09374641,26426.114507,0.6742634, 71.2135,219.5670, 19.8796,257.9274
6554.58937370,26426.149609,0.6744058, 71.2217,219.4578, 19.8050,266.0084
6556.08500648,26426.271989,0.6745533, 71.2238,219.3471, 19.7316,274.0773
6556.58353843,26426.256704,0.6745987, 71.2235,219.3098, 19.7068,276.7559
6564.56016770,26423.933911,0.6749921, 71.2203,218.7148, 19.2834,319.6000
6568.54846934,26413.589493,0.6751551, 71.2553,218.4223, 19.0811,340.8631
6572.03828410,26468.373398,0.6761666, 71.2567,218.1556, 18.9031,359.4693
6575.02952503,26405.135354,0.6757156, 71.2358,217.9160, 18.6876, 15.4590
6575.52805456,26411.967816,0.6758233, 71.2368,217.8777, 18.6622, 18.1109
6575.52806478,26411.984520,0.6758235, 71.2368,217.8777, 18.6622, 18.1183
6578.51927666,26426.921299,0.6761040, 71.2581,217.6574, 18.5153, 34.0595
6594.97124358,26426.291914,0.6772187, 71.2939,216.4371, 17.6681,122.6734
6600.95381931,26424.550311,0.6778822, 71.2702,215.9835, 17.3688,155.4477
6604.44360955,26424.048633,0.6780282, 71.2687,215.7202, 17.1664,174.7365
6609.92760924,26423.787597,0.6784779, 71.2841,215.3099, 16.8799,205.0702
6610.42616804,26423.775290,0.6785265, 71.2819,215.2718, 16.8554,207.8364
6610.42616812,26423.775290,0.6785265, 71.2819,215.2718, 16.8554,207.8364
6612.91893484,26423.716814,0.6787434, 71.2634,215.0789, 16.7267,221.6880
6613.91601888,26423.744913,0.6788103, 71.2545,215.0013, 16.6729,227.2026
6619.89849809,26424.291501,0.6790798, 71.2352,214.5431, 16.3345,260.2162
6625.88104543,26424.297235,0.6796977, 71.2250,214.0859, 16.0436,292.9361
6629.37085761,26423.536657,0.6799053, 71.1854,213.8126, 15.8567,311.9842
6633.85768509,26414.244618,0.6799525, 71.1909,213.4699, 15.6171,336.3372
6638.84319679,26423.383630,0.6802791, 71.1789,213.0757, 15.3606,  3.3962
6639.84029027,26386.609746,0.6799568, 71.1655,212.9914, 15.2643,  8.8286
6640.33883840,26390.790929,0.6800728, 71.1602,212.9493, 15.2249, 11.5389
6643.82863823,26423.325563,0.6805729, 71.1349,212.6699, 15.0427, 30.4710
6644.32715148,26424.327789,0.6805835, 71.1334,212.6313, 15.0156, 33.1599
6644.82569227,26425.062097,0.6805906, 71.1324,212.5929, 14.9883, 35.8704
6652.30380824,26426.061163,0.6809257, 71.1444,212.0230, 14.6004, 76.5413
6652.30382943,26426.061217,0.6809257, 71.1444,212.0230, 14.6004, 76.5567
6658.78481670,26424.452321,0.6811141, 71.1048,211.5193, 14.2319,112.1445
6665.76406507,26422.966414,0.6813841, 71.1184,210.9850, 13.8555,150.6054
6665.76435995,26422.965705,0.6813842, 71.1184,210.9850, 13.8555,150.8200
6667.75846777,26422.437730,0.6814517, 71.1051,210.8285, 13.7441,161.9216
6687.69999306,26422.649445,0.6820423, 71.1118,209.2848, 12.5952,273.7417
6690.19269131,26422.595733,0.6821645, 71.1282,209.0940, 12.4670,287.5669
6696.67374811,26419.608047,0.6824028, 71.1111,208.5873, 12.1288,323.4155
6700.16342246,26406.175768,0.6822281, 71.1209,208.3140, 11.9279,342.5999
6701.16050913,26405.421571,0.6821706, 71.1313,208.2348, 11.8556,348.1069
6706.64441327,26406.482328,0.6825776, 71.1677,207.7970, 11.5253, 18.2340
6712.62680912,26424.127843,0.6829350, 71.1603,207.3303, 11.2155, 51.1324
6718.60922577,26423.711959,0.6831306, 71.2188,206.8770, 10.9049, 84.1510
6718.60925215,26423.712046,0.6831306, 71.2188,206.8770, 10.9049, 84.1702
6724.09317757,26422.414536,0.6833368, 71.2131,206.4521, 10.6119,114.7013
6725.09021855,26422.162902,0.6833521, 71.2148,206.3751, 10.5533,120.2682
6731.57116115,26421.131395,0.6835474, 71.2746,205.8812, 10.1941,156.7239
6733.56529499,26420.780290,0.6836951, 71.2813,205.7277, 10.0981,167.9632
6738.05212818,26419.880592,0.6839476, 71.2610,205.3770,  9.8550,193.4335
6741.04327430,26419.885910,0.6840224, 71.2774,205.1466,  9.6770,210.4268
6747.52429694,26420.487147,0.6844133, 71.3042,204.6458,  9.3500,247.1587
6749.51845901,26420.728949,0.6845288, 71.2919,204.4888,  9.2456,258.4261
6757.49496651,26420.678959,0.6848402, 71.3090,203.8697,  8.8096,303.1789
6758.49204272,26420.260503,0.6849035, 71.3146,203.7924,  8.7638,308.7338
6763.97595742,26407.546232,0.6851297, 71.2824,203.3576,  8.5146,339.2105
6764.47448562,26404.081871,0.6850929, 71.2786,203.3173,  8.4865,341.9801
6768.46267596,26422.866917,0.6852929, 71.2859,202.9977,  8.2467,  4.1396
6771.45388967,26408.756963,0.6854075, 71.2983,202.7529,  8.0419, 20.7544
6771.45389004,26408.757395,0.6854075, 71.2983,202.7529,  8.0419, 20.7547
6771.45389424,26408.762285,0.6854075, 71.2983,202.7529,  8.0419, 20.7577
6797.87591298,26419.378991,0.6863598, 71.2362,200.6803,  6.6496,169.0937
6797.87591301,26419.378991,0.6863598, 71.2362,200.6803,  6.6496,169.0937
6797.87591610,26419.378988,0.6863598, 71.2362,200.6803,  6.6496,169.0959
6797.87592344,26419.378979,0.6863598, 71.2362,200.6803,  6.6496,169.1013
6797.87594833,26419.378950,0.6863598, 71.2362,200.6803,  6.6496,169.1194
6797.87594844,26419.378950,0.6863598, 71.2362,200.6803,  6.6496,169.1195
6807.34793922,26418.755882,0.6866578, 71.1737,199.9276,  6.1228,223.2840
6815.82272350,26419.936046,0.6869037, 71.1696,199.2561,  5.6651,271.3552
6817.31827441,26420.182064,0.6869714, 71.1492,199.1359,  5.5873,279.7823
6817.81680060,26420.199418,0.6869886, 71.1424,199.0959,  5.5594,282.5999
6818.31530782,26420.310668,0.6870049, 71.1358,199.0560,  5.5309,285.4039
6819.31233404,26420.403455,0.6870274, 71.1256,198.9764,  5.4714,291.0219
6821.80485006,26420.160709,0.6870508, 71.1213,198.7790,  5.3200,305.0094
6822.30335057,26419.995953,0.6870544, 71.1234,198.7397,  5.2915,307.7967
6822.80185977,26419.752675,0.6870573, 71.1260,198.7003,  5.2632,310.5873
6833.76913985,26389.862813,0.6868559, 71.0876,197.8040,  4.6172, 11.7568
6834.76614713,26401.570669,0.6870459, 71.0862,197.7210,  4.5494, 17.3088
6838.75413229,26419.750793,0.6872456, 71.1089,197.4023,  4.3348, 39.4491
6840.74813664,26420.903772,0.6872653, 71.1195,197.2446,  4.2358, 50.5117
6841.74514886,26421.138613,0.6872807, 71.1200,197.1655,  4.1878, 56.0501
6842.74218041,26421.275111,0.6872992, 71.1163,197.0863,  4.1393, 61.6074
6850.71808074,26420.411728,0.6873113, 71.1059,196.4554,  3.6733,106.2138
6850.71808971,26420.411736,0.6873113, 71.1059,196.4554,  3.6733,106.2203
6859.69103852,26418.624810,0.6873701, 71.1090,195.7443,  3.1786,156.9125
6865.67290143,26418.266520,0.6873516, 71.1450,195.2701,  2.8128,190.9997
6867.66686906,26418.358758,0.6873624, 71.1617,195.1122,  2.7064,202.3482
6873.15027179,26418.508165,0.6874698, 71.1434,194.6753,  2.4105,233.5268
6874.14725467,26418.638007,0.6874821, 71.1405,194.5958,  2.3489,239.2036
6884.61534545,26419.948992,0.6875863, 71.1884,193.7644,  1.7822,297.9803
6888.60314948,26418.444306,0.6876281, 71.1845,193.4476,  1.5557,320.1908
6890.59703494,26414.218547,0.6875943, 71.1987,193.2890,  1.4458,331.2531
6891.59400533,26409.352955,0.6875367, 71.2090,193.2090,  1.3948,336.7894
6897.07728217,26402.444680,0.6873369, 71.2486,192.7586,  1.0950,  7.1137
6903.55725807,26419.438765,0.6877011, 71.2402,192.2347,  0.7126, 42.8386
6903.55728882,26419.442284,0.6877011, 71.2402,192.2347,  0.7126, 42.8610
6915.52036193,26419.691496,0.6876854, 71.2783,191.2936,  0.0951,109.1360
6918.01265616,26419.277690,0.6876712, 71.2949,191.0977,359.9510,123.0925
6918.51105405,26419.242032,0.6876659, 71.2998,191.0584,359.9232,125.8418
6933.46445993,26418.334856,0.6876722, 71.3285,189.8797,359.1251,209.8625
6946.42376527,26420.018211,0.6877705, 71.2991,188.8554,358.4389,282.0388
6949.41424131,26419.994658,0.6877591, 71.3068,188.6186,358.2966,298.3924
6953.90011530,26417.963281,0.6877844, 71.2638,188.2642,358.0858,322.9612
6960.87776407,26474.433974,0.6882988, 71.2640,187.6980,357.6816,  0.9339
6962.37299766,26396.413981,0.6873923, 71.2594,187.5753,357.5940,  9.0691
6965.36347828,26411.035103,0.6876673, 71.2359,187.3303,357.4288, 25.3240
6973.33769296,26419.821357,0.6877139, 71.1999,186.7018,356.9905, 68.7016
6979.81665294,26419.059030,0.6875773, 71.1812,186.1917,356.6657,104.0627
6986.29534161,26417.956363,0.6875430, 71.1480,185.6814,356.2774,139.7239
6990.28217211,26417.750414,0.6874492, 71.1556,185.3652,356.0647,161.6880
6998.25564358,26417.463367,0.6874453, 71.0962,184.7344,355.5963,205.6916
7003.73722662,26418.683157,0.6873524, 71.1129,184.2964,355.2873,235.6597
7009.71706236,26419.466453,0.6873210, 71.0615,183.8228,354.9594,268.0501
7017.68975135,26419.370993,0.6872147, 71.0860,183.1865,354.5136,310.6555
7027.65517316,26454.922604,0.6874249, 71.0815,182.3790,353.9413,  3.4525
7049.07893390,26416.788375,0.6864881, 71.1331,180.6662,352.7335,116.7800
7065.51839237,26417.176977,0.6860410, 71.1827,179.3630,351.8091,203.7482
7069.50331331,26418.236441,0.6859143, 71.2216,179.0442,351.5876,224.3871
7072.49206668,26418.718130,0.6857505, 71.2351,178.8074,351.4472,239.7724
7081.45767214,26419.234217,0.6855608, 71.2364,178.1049,350.9611,285.3829
7083.44991739,26419.133209,0.6854658, 71.2541,177.9472,350.8609,295.3885
7086.43829396,26418.480646,0.6852919, 71.2628,177.7127,350.7233,310.3675
7092.41475580,26403.390279,0.6849742, 71.2324,177.2476,350.4301,340.2365
7093.41078675,26392.017714,0.6848000, 71.2347,177.1673,350.3761,345.2027
7094.40678994,26381.515968,0.6845851, 71.2415,177.0846,350.3070,350.1591
7102.37473016,26409.507311,0.6845374, 71.2516,176.4436,349.8639, 29.8136
7106.35847373,26414.373703,0.6844957, 71.2370,176.1359,349.6463, 49.7042
7108.35025151,26414.707569,0.6844256, 71.2461,175.9803,349.5357, 59.6305
7109.34612196,26414.724509,0.6843732, 71.2525,175.9023,349.4829, 64.5841
7110.83993237,26414.717182,0.6842748, 71.2606,175.7851,349.4071, 72.0210
7116.31712628,26414.611539,0.6839271, 71.2368,175.3629,349.1357, 99.2965
7119.30450200,26414.589658,0.6838614, 71.2121,175.1343,348.9645,114.1487
7133.24436540,26416.394710,0.6833434, 71.1570,174.0573,348.2124,182.1465
7136.23116954,26416.970505,0.6832609, 71.1609,173.8244,348.0444,196.3762
7137.22676223,26417.160447,0.6832087, 71.1638,173.7467,347.9925,201.0928
7144.19578349,26417.440452,0.6828473, 71.1177,173.2134,347.6395,233.8967
7145.19126626,26417.395946,0.6828364, 71.1075,173.1380,347.5827,238.5285
7146.18676575,26417.375496,0.6828315, 71.1002,173.0621,347.5244,243.1768
7147.18224641,26417.381510,0.6828263, 71.0964,172.9857,347.4655,247.8135
7152.65728160,26417.395823,0.6826088, 71.1078,172.5608,347.1687,273.1903
7171.56988423,26463.612173,0.6823654, 71.0410,171.0929,346.1191,  1.3036
7176.54626367,26401.761982,0.6817132, 71.0300,170.6983,345.7868, 24.5923
7176.54650943,26401.904977,0.6817154, 71.0300,170.6983,345.7869, 24.7711
7180.52755603,26409.313885,0.6815890, 71.0472,170.3826,345.5789, 43.3369
7181.52288495,26410.086352,0.6815304, 71.0445,170.3053,345.5286, 48.0254
7206.40585757,26415.130142,0.6806835, 71.0493,168.3736,344.1405,164.1463
7210.38748481,26415.018363,0.6804041, 71.0483,168.0683,343.9400,182.7634
7212.37829399,26414.756165,0.6803447, 71.0390,167.9178,343.8298,192.1075
7213.37370024,26414.628884,0.6803324, 71.0370,167.8420,343.7720,196.7939
7239.75563768,26408.977636,0.6788294, 71.1227,165.8118,342.3510,325.7172
7243.73835921,26382.502024,0.6784108, 71.1343,165.4997,342.1415,345.9242
7249.71320428,26394.609832,0.6779614, 71.1668,165.0160,341.7706, 16.6877
7254.19447086,26407.421194,0.6778938, 71.1461,164.6731,341.5350, 39.7034
7254.19449689,26407.425926,0.6778938, 71.1461,164.6731,341.5350, 39.7223
7262.65950378,26411.571065,0.6773111, 71.1814,164.0214,341.1064, 83.2254
7263.65546343,26411.762973,0.6772004, 71.1779,163.9471,341.0601, 88.3712
7268.63539340,26412.203780,0.6769104, 71.1524,163.5799,340.7992,114.2670
7272.61951379,26412.125271,0.6766698, 71.1710,163.2778,340.5872,135.1477
7279.59213664,26411.529624,0.6759513, 71.1600,162.7608,340.2453,172.0354
7286.56504700,26410.416115,0.6755778, 71.1586,162.2425,339.8664,209.5699
7293.53849442,26409.166119,0.6748615, 71.1331,161.7320,339.5159,247.8042
7298.51981485,26408.848322,0.6746622, 71.1239,161.3650,339.2332,275.6094
7303.00265133,26408.851219,0.6742403, 71.1255,161.0305,339.0021,300.3635
7303.50104667,26408.857360,0.6741905, 71.1225,160.9941,338.9772,303.3318
7309.47920119,26401.020518,0.6738352, 71.0694,160.5586,338.6703,337.0576
7309.47921556,26401.007977,0.6738351, 71.0694,160.5586,338.6704,337.0680
7313.96295766,26453.952336,0.6741655, 71.0762,160.2044,338.3942,  2.3661
7314.95943170,26420.923241,0.6736523, 71.0757,160.1289,338.3582,  8.0226
7327.41378712,26409.114638,0.6729193, 71.0181,159.2078,337.6680, 77.4255
7334.88720354,26409.253397,0.6723622, 70.9801,158.6665,337.2815,119.6492
7339.37141779,26408.643575,0.6722915, 70.9721,158.3386,337.0277,145.3041
7346.84536922,26407.439771,0.6717185, 70.9680,157.7906,336.6361,188.4849
7347.84189815,26407.184898,0.6716749, 70.9597,157.7199,336.5805,194.2870
7353.82110618,26406.489440,0.6715407, 70.9614,157.2802,336.2334,229.3296
7365.28108480,26407.009220,0.6710003, 70.9446,156.4378,335.5962,296.5943
7374.74978113,26364.108326,0.6698649, 70.9527,155.7183,335.0996,353.0278
7386.21135353,26405.917962,0.6698276, 70.9831,154.8485,334.4518, 60.5930
7387.20805343,26406.266711,0.6697569, 70.9806,154.7761,334.4008, 66.4878
7395.67992105,26406.393048,0.6694065, 71.0080,154.1496,333.9466,116.7567
7422.09382780,26404.687016,0.6673023, 71.0713,152.2182,332.5438,277.4285
7439.53818060,26395.878867,0.6655260, 71.0799,150.9303,331.6167, 24.1806
7440.53503515,26398.101635,0.6654591, 71.0756,150.8586,331.5659, 30.2681
7450.00493347,26404.053051,0.6649031, 71.0673,150.1835,331.0829, 88.0991
7460.47191841,26403.015855,0.6638863, 71.0397,149.4550,330.5446,152.7252
7479.41250465,26402.820927,0.6623577, 71.0143,148.1252,329.5358,271.6624
7488.88277148,26402.127213,0.6618274, 70.9665,147.4714,329.0365,330.9605
7489.87977268,26397.647343,0.6617245, 70.9677,147.3992,328.9920,337.2638
7495.86112654,26399.866483,0.6610935, 70.9515,146.9607,328.6540, 14.5705
7500.84550767,26399.943395,0.6611072, 70.9271,146.6105,328.3688, 45.6178
7506.82674673,26401.715782,0.6608116, 70.9380,146.1853,328.0640, 82.8985
7516.79547112,26400.793485,0.6603100, 70.9182,145.4980,327.5306,145.5568
7517.79233308,26400.645725,0.6602344, 70.9226,145.4269,327.4776,151.8557
7536.73295775,26400.895149,0.6591917, 70.9233,144.0977,326.4597,272.5545
7536.73338542,26400.899833,0.6591917, 70.9233,144.0977,326.4597,272.8661
7543.71142151,26402.549363,0.6590520, 70.9211,143.6090,326.0810,317.1418
7544.70832676,26402.350468,0.6589930, 70.9264,143.5370,326.0305,323.4686
7550.68960779,26421.416298,0.6587008, 70.9296,143.0954,325.6865,  1.2300
7551.68655593,26428.469582,0.6587207, 70.9287,143.0258,325.6693,  7.5557
7556.67086722,26396.763814,0.6583699, 70.9335,142.6668,325.3713, 38.9797
7562.65209195,26399.475009,0.6579424, 70.9594,142.2395,325.0744, 76.7122
7562.65211197,26399.475516,0.6579424, 70.9594,142.2395,325.0744, 76.7268
7567.63644858,26399.478158,0.6576333, 70.9525,141.8984,324.8148,108.3351
7572.62074408,26398.706074,0.6573422, 70.9814,141.5454,324.5503,140.1158
7579.59882101,26397.974745,0.6567009, 70.9854,141.0629,324.1808,184.9212
7585.57988166,26398.078082,0.6564148, 71.0074,140.6410,323.8632,223.4206
7590.06571684,26398.704696,0.6559148, 71.0179,140.3278,323.6305,252.2819
7590.56416225,26398.776578,0.6558599, 71.0167,140.2941,323.6042,255.4992
7594.55152955,26399.503000,0.6555985, 71.0048,140.0242,323.3910,281.0741
7597.54200672,26400.463435,0.6554741, 71.0126,139.8159,323.2314,300.1705
7601.52934566,26400.856320,0.6550786, 71.0250,139.5371,323.0285,325.5456
7602.02777569,26400.372844,0.6550211, 71.0244,139.5028,323.0050,328.7191
7612.49443047,26394.306756,0.6542722, 71.0206,138.7598,322.4291, 35.0788
7616.48168415,26397.030582,0.6538799, 71.0277,138.4843,322.2312, 60.3225
7617.47850217,26397.301412,0.6537617, 71.0253,138.4176,322.1811, 66.6478
7619.47212522,26397.624027,0.6535658, 71.0168,138.2861,322.0790, 79.3132
7636.41732698,26396.288194,0.6522759, 71.0014,137.1520,321.1808,187.7256
7639.90605014,26396.397973,0.6520785, 71.0064,136.9141,320.9970,210.2345
7641.40118546,26396.591596,0.6519394, 71.0085,136.8125,320.9183,219.8528
7648.87680128,26397.741812,0.6513136, 70.9763,136.3207,320.5172,267.8117
7661.83418534,26360.799902,0.6501220, 70.9434,135.4495,319.8613,349.9991
7674.29227216,26395.798302,0.6499228, 70.9315,134.5982,319.1608, 68.2517
7675.28893575,26395.940490,0.6498948, 70.9269,134.5335,319.1082, 74.5566
7675.28896295,26395.941216,0.6498948, 70.9269,134.5335,319.1082, 74.5764
7682.76348895,26395.342590,0.6495779, 70.9348,134.0338,318.7112,121.7615
7688.24474480,26394.919696,0.6493052, 70.9204,133.6722,318.4165,156.5567
7695.22058684,26394.986798,0.6491632, 70.9294,133.1997,318.0493,200.7988
7701.19975591,26395.806332,0.6487856, 70.9217,132.8014,317.7301,238.5599
7736.07382208,26393.788694,0.6475088, 70.9703,130.4243,315.8806, 93.9074
7737.56827110,26393.685960,0.6473745, 70.9747,130.3238,315.8004,103.1235
7742.05152906,26393.472338,0.6471077, 70.9749,130.0256,315.5599,130.8014
7748.02888822,26393.463481,0.6469109, 70.9928,129.6203,315.2487,167.5982
7752.51174429,26393.927243,0.6465549, 71.0061,129.3182,315.0127,195.0492
7756.99446991,26394.684689,0.6462532, 70.9997,129.0232,314.7724,222.3330
7765.95937348,26396.735637,0.6456703, 71.0175,128.4251,314.2921,276.1708
7769.94358867,26397.514207,0.6454714, 71.0119,128.1630,314.0805,299.8549
7769.94360374,26397.514668,0.6454714, 71.0119,128.1630,314.0805,299.8659
7773.92759122,26398.485775,0.6453604, 71.0187,127.8967,313.8787,323.3696
7778.90745381,26349.631341,0.6443533, 71.0267,127.5568,313.6441,352.6551
7783.88713779,26392.430707,0.6444988, 71.0235,127.2223,313.3401, 22.0063
7793.84576337,26391.640639,0.6439584, 71.0314,126.5687,312.7909, 80.6637
7795.83740405,26391.727320,0.6438513, 71.0262,126.4399,312.6824, 92.4104
7799.82051133,26391.858496,0.6437251, 71.0235,126.1790,312.4719,115.8215
7813.26251226,26393.712691,0.6429845, 71.0068,125.3062,311.7527,193.8813
7813.76033282,26393.787265,0.6429733, 71.0066,125.2738,311.7262,196.7334
7813.76033296,26393.787265,0.6429733, 71.0066,125.2738,311.7262,196.7335
7832.67616912,26396.289260,0.6422478, 70.9988,124.0425,310.7293,303.6134
7838.64907039,26393.614926,0.6420471, 70.9837,123.6596,310.4209,337.1145
7839.64452022,26385.936450,0.6419650, 70.9813,123.5941,310.3797,342.6933
7846.61255795,26391.445948,0.6417075, 70.9942,123.1200,309.9687, 21.9204
7847.11033708,26389.762264,0.6416804, 70.9931,123.0875,309.9374, 24.7802
7856.06901759,26390.377651,0.6416905, 70.9875,122.4956,309.4588, 75.3494
7868.01372357,26392.966875,0.6413953, 70.9821,121.7139,308.8334,142.2630
7882.94478787,26394.113964,0.6411297, 71.0002,120.7297,308.0636,225.1231
7883.44246889,26394.135352,0.6411170, 71.0019,120.6968,308.0388,227.8679
7888.41967896,26393.891222,0.6409109, 71.0154,120.3715,307.7828,255.6625
7894.89022977,26393.543147,0.6407522, 71.0184,119.9509,307.4411,292.1846
7907.83207386,26413.214297,0.6406739, 71.0470,119.0817,306.7313,  6.4644
7915.79699483,26389.839971,0.6401092, 71.0623,118.5560,306.3038, 52.6611
7916.79264969,26390.310039,0.6400769, 71.0619,118.4913,306.2505, 58.4364
7929.73696326,26393.174102,0.6396760, 71.0751,117.6506,305.5631,133.6195
7934.71597315,26393.344426,0.6395818, 71.0772,117.3253,305.3069,162.7201
7988.50345897,26392.930198,0.6381066, 71.0959,113.8503,302.3908,130.4625
7994.48134384,26392.369188,0.6379809, 71.1042,113.4655,302.0844,167.7579
8001.45588673,26391.491054,0.6378499, 71.0988,113.0218,301.7080,211.8008
8008.43066898,26391.192080,0.6377626, 71.1057,112.5763,301.3319,256.3373
8021.38458928,26393.336482,0.6377884, 71.1041,111.7348,300.6486,339.6255
8024.37411179,26349.142742,0.6370941, 71.1003,111.5281,300.4588,358.8280
8030.35320857,26391.210330,0.6377033, 71.0954,111.1309,300.1458, 37.1155
8037.32903586,26392.623350,0.6377379, 71.1035,110.6801,299.7765, 81.7320
8043.30854432,26392.733785,0.6378287, 71.1045,110.2859,299.4736,120.1223
8043.30881053,26392.735384,0.6378287, 71.1045,110.2859,299.4736,120.3163
8050.28480825,26391.814696,0.6377222, 71.1222,109.8335,299.1202,165.2310
8050.28507319,26391.815601,0.6377222, 71.1222,109.8335,299.1202,165.4242
8054.27133803,26391.292500,0.6376921, 71.1247,109.5769,298.9080,191.2286
8054.27135014,26391.292541,0.6376921, 71.1247,109.5769,298.9080,191.2374
8054.27160297,26391.293401,0.6376921, 71.1247,109.5769,298.9080,191.4217
8058.75618986,26390.914597,0.6376720, 71.1300,109.2835,298.6756,220.6167
8059.25449754,26390.894955,0.6376651, 71.1315,109.2513,298.6491,223.8820
8059.25476248,26390.896387,0.6376650, 71.1315,109.2513,298.6491,224.0752
8064.23784160,26390.985994,0.6375958, 71.1447,108.9341,298.3729,256.7556
8064.23810908,26390.989066,0.6375957, 71.1447,108.9341,298.3729,256.9506
8070.21793853,26392.424841,0.6376384, 71.1489,108.5409,298.0538,296.2287
8070.21820601,26392.434309,0.6376384, 71.1489,108.5409,298.0538,296.4237
8078.19159625,26373.476867,0.6372958, 71.1612,108.0233,297.6663,348.6634
8078.19186245,26372.559447,0.6372831, 71.1612,108.0232,297.6667,348.8569
8085.16872547,26392.164680,0.6374490, 71.1659,107.5505,297.2509, 34.3762
8085.16899168,26392.137903,0.6374493, 71.1658,107.5505,297.2507, 34.5703
8091.14919824,26392.555458,0.6374266, 71.1797,107.1693,296.9226, 73.4602
8091.14946318,26392.559235,0.6374268, 71.1797,107.1693,296.9226, 73.6533
8097.12978360,26392.574021,0.6374978, 71.1848,106.7799,296.6085,112.6299
8101.11687062,26392.123334,0.6374177, 71.1968,106.5222,296.4049,138.8479
8108.09441271,26391.206796,0.6373113, 71.2079,106.0835,296.0229,185.0754
8109.09122279,26391.113113,0.6373101, 71.2080,106.0196,295.9686,191.7198
8112.08161681,26390.932208,0.6372941, 71.2101,105.8266,295.8084,211.6618
8116.06883780,26390.917044,0.6372295, 71.2196,105.5749,295.5876,238.3243
8120.05611215,26391.344120,0.6372477, 71.2228,105.3258,295.3527,265.0235
8120.05637836,26391.347759,0.6372476, 71.2228,105.3257,295.3527,265.2176
8124.04367099,26392.528409,0.6373157, 71.2222,105.0644,295.1345,291.8733
8125.04022932,26393.002061,0.6373143, 71.2232,104.9989,295.0817,298.3298
8125.04022957,26393.002071,0.6373143, 71.2232,104.9989,295.0817,298.3300
8125.04049553,26393.012504,0.6373143, 71.2232,104.9989,295.0816,298.5239
8130.02437974,26397.614736,0.6372998, 71.2294,104.6814,294.8110,331.4995
8130.02464599,26397.633900,0.6373006, 71.2294,104.6814,294.8111,331.6935
8136.00545811,26412.518700,0.6375225, 71.2266,104.2812,294.4769, 11.1085
8136.00572424,26412.425677,0.6375197, 71.2267,104.2812,294.4774, 11.3023
8141.98651007,26392.490388,0.6373524, 71.2245,103.8924,294.1458, 50.5740
8142.98335598,26392.621848,0.6373614, 71.2260,103.8296,294.0906, 57.1444
8142.98336314,26392.621935,0.6373614, 71.2260,103.8296,294.0906, 57.1496
8142.98362942,26392.625198,0.6373617, 71.2260,103.8296,294.0906, 57.3437
8148.96474974,26392.972176,0.6375653, 71.2251,103.4492,293.7565, 96.8159
8149.96160263,26392.895121,0.6376040, 71.2248,103.3827,293.7049,103.4041
8154.94586914,26392.301499,0.6376384, 71.2316,103.0547,293.4496,136.4238
8155.94272672,26392.159787,0.6376321, 71.2334,102.9913,293.3964,143.0488
8164.91450971,26391.165401,0.6377793, 71.2334,102.4156,292.9080,203.0099
8170.89569639,26391.247125,0.6378206, 71.2392,102.0294,292.5858,243.1720
8177.87376953,26392.821583,0.6380883, 71.2360,101.5721,292.2003,289.9401
8184.85183422,26399.099754,0.6381973, 71.2415,101.1123,291.8358,336.3834
8191.82992377,26399.759306,0.6383433, 71.2375,100.6320,291.4630, 22.4785
8198.80772144,26393.443243,0.6384152, 71.2440,100.1726,291.0874, 68.2376
8198.80798764,26393.446116,0.6384154, 71.2440,100.1726,291.0874, 68.4316
8199.80461197,26393.511022,0.6384498, 71.2448,100.1090,291.0330, 74.8181
8199.80487817,26393.513735,0.6384500, 71.2448,100.1090,291.0331, 75.0121
8205.78577952,26393.179028,0.6387040, 71.2475, 99.7075,290.7271,114.2411
8205.78604572,26393.180420,0.6387041, 71.2475, 99.7075,290.7271,114.4351
8206.78290396,26393.044622,0.6387097, 71.2496, 99.6393,290.6786,121.0222
8211.76697160,26392.336054,0.6386633, 71.2628, 99.3129,290.4219,153.8929
8211.76697792,26392.336068,0.6386633, 71.2628, 99.3129,290.4219,153.8975
8211.76724381,26392.336655,0.6386633, 71.2628, 99.3129,290.4219,154.0913
8218.74500150,26391.690556,0.6387883, 71.2686, 98.8564,290.0507,200.4073
8219.74189490,26391.675749,0.6387957, 71.2695, 98.7891,289.9996,207.0943
8219.74216143,26391.676429,0.6387957, 71.2695, 98.7891,289.9996,207.2885
8226.71983293,26392.053091,0.6387863, 71.2840, 98.3377,289.6229,253.6898
8232.70091887,26393.769101,0.6389719, 71.2869, 97.9390,289.3040,293.4583
8239.67878118,26400.289979,0.6389812, 71.2999, 97.4831,288.9387,339.4834
8240.67568023,26392.269792,0.6389234, 71.2991, 97.4191,288.9000,346.0607
8246.65668189,26399.069793,0.6390415, 71.3032, 97.0053,288.5599, 25.1898
8253.63441858,26394.187440,0.6390473, 71.3166, 96.5556,288.1741, 70.7039
8260.61218994,26393.597900,0.6392945, 71.3248, 96.0967,287.8067,116.3427
8266.59298684,26392.744012,0.6392224, 71.3414, 95.7143,287.4854,155.5978
8274.56731318,26392.290809,0.6393918, 71.3476, 95.2010,287.0482,208.1769
8281.54472534,26392.874484,0.6394474, 71.3596, 94.7619,286.6530,254.1475
8289.51871915,26395.909319,0.6397046, 71.3624, 94.2346,286.2197,306.1851
8296.49590493,26373.173539,0.6395820, 71.3632, 93.7934,285.8616,351.2528
8310.44969195,26395.131548,0.6403739, 71.3719, 92.8738,285.0503, 80.5272
8316.42971040,26394.250415,0.6406570, 71.3758, 92.4683,284.7410,118.8110
8316.92803192,26394.211319,0.6406585, 71.3767, 92.4355,284.7146,122.0029
8335.36535458,26393.725883,0.6412804, 71.3867, 91.2384,283.7035,240.3408
8342.34131440,26395.579472,0.6417332, 71.3824, 90.7625,283.3331,284.6422
8344.33448806,26396.431457,0.6417396, 71.3842, 90.6263,283.2290,297.2651
8345.33098336,26396.962491,0.6417428, 71.3853, 90.5605,283.1748,303.4983
8355.29598465,26385.825305,0.6420923, 71.3796, 89.8767,282.6074,  5.4881
8355.29599362,26385.880197,0.6420930, 71.3796, 89.8767,282.6074,  5.4946
8370.24231647,26395.276517,0.6428315, 71.3924, 88.8587,281.8539, 97.5271
8387.17967562,26394.540662,0.6431669, 71.4113, 87.7172,280.9560,201.8055
8392.16085417,26395.265478,0.6433860, 71.4153, 87.3934,280.6799,232.1359
8398.63605337,26396.978485,0.6435233, 71.4188, 86.9370,280.3520,271.0348
8406.10701459,26399.981101,0.6436729, 71.4275, 86.4490,279.9391,315.2119
8413.07945841,26348.771193,0.6431277, 71.4284, 85.9634,279.6066,355.8582
8420.05143633,26399.107047,0.6439971, 71.4463, 85.4997,279.1812, 36.2485
8420.05170254,26399.067128,0.6439970, 71.4463, 85.4997,279.1811, 36.4426
8426.02704807,26396.325246,0.6441229, 71.4558, 85.0852,278.8662, 70.7738
8427.02320755,26396.204529,0.6441087, 71.4588, 85.0202,278.8103, 76.7183
8431.00674247,26395.890146,0.6442014, 71.4676, 84.7698,278.5792, 99.7452
8433.99430322,26395.674492,0.6443794, 71.4693, 84.5750,278.4125,116.9877
8438.97336826,26395.568541,0.6444990, 71.4733, 84.2368,278.1452,145.6243
8443.95189244,26396.079605,0.6445950, 71.4827, 83.9223,277.8556,173.8315
8443.95215991,26396.079261,0.6445950, 71.4827, 83.9223,277.8556,174.0265
8450.92182147,26397.537529,0.6450472, 71.4825, 83.4550,277.4776,213.0047
8450.92208768,26397.537754,0.6450472, 71.4825, 83.4550,277.4776,213.1986
8457.89131931,26398.791573,0.6452010, 71.4915, 83.0058,277.0836,251.4862
8458.88719471,26398.945910,0.6452769, 71.4916, 82.9424,277.0272,257.1197
8463.86484745,26399.773363,0.6456041, 71.4898, 82.6072,276.7615,283.9527
8463.86511493,26399.776449,0.6456040, 71.4898, 82.6072,276.7615,284.1476
8473.82004494,26407.711735,0.6461939, 71.5022, 81.9620,276.1962,337.5230
8473.82031115,26407.801492,0.6461956, 71.5022, 81.9620,276.1962,337.7170
8480.78823917,26411.815680,0.6466289, 71.5079, 81.4539,275.8267, 14.8918
8481.78391028,26407.863195,0.6465753, 71.5101, 81.3893,275.7733, 20.4216
8490.74229880,26396.952518,0.6472051, 71.5094, 80.7944,275.2585, 68.4534
8490.74257654,26396.951650,0.6472053, 71.5094, 80.7944,275.2585, 68.6558
8496.71481117,26397.255438,0.6474381, 71.5119, 80.3874,274.9303,100.7414
8497.71017167,26397.439496,0.6475044, 71.5125, 80.3236,274.8725,106.0701
8504.67733884,26398.686211,0.6482064, 71.5051, 79.8399,274.5035,142.8832
8506.66827743,26399.003381,0.6482587, 71.5050, 79.6953,274.4019,153.5702
8514.13333019,26400.410872,0.6487064, 71.5050, 79.1923,273.9939,192.6417
8521.10074396,26400.989707,0.6490569, 71.4997, 78.6901,273.6467,228.8229
8522.09607084,26400.971968,0.6490707, 71.5007, 78.6212,273.5943,233.9751
8529.06362687,26400.342887,0.6495460, 71.5053, 78.1486,273.2224,270.2537
8530.05900290,26400.272586,0.6496314, 71.5048, 78.0748,273.1743,275.4539
8535.03594683,26400.194435,0.6496966, 71.5091, 77.7051,272.9241,301.6287
8550.96327616,26404.143086,0.6502207, 71.5214, 76.5653,272.0524, 27.0599
8552.45655560,26401.333783,0.6502419, 71.5226, 76.4667,271.9619, 35.1526
8561.41660766,26400.226649,0.6506733, 71.5192, 75.8220,271.4886, 83.6000
8567.39011336,26401.705293,0.6508253, 71.5253, 75.4196,271.1513,115.6525
8567.39039082,26401.705056,0.6508254, 71.5253, 75.4196,271.1513,115.8547
8576.84930457,26402.452932,0.6510263, 71.5276, 74.7479,270.6600,166.7208
8576.84958267,26402.452976,0.6510263, 71.5276, 74.7479,270.6600,166.9234
8582.82401304,26402.253768,0.6512956, 71.5369, 74.3543,270.3275,199.2573
8582.82429084,26402.253047,0.6512956, 71.5369, 74.3543,270.3275,199.4597
8585.31357188,26402.045564,0.6514390, 71.5373, 74.1755,270.2022,212.9025
8585.31384966,26402.045105,0.6514390, 71.5373, 74.1755,270.2023,213.1048
8591.78671759,26400.842167,0.6513980, 71.5516, 73.7246,269.8461,248.8286
8591.78699537,26400.842495,0.6513979, 71.5516, 73.7246,269.8461,249.0309
8599.25629281,26400.004055,0.6518152, 71.5593, 73.2171,269.4299,290.9813
8599.25657028,26400.006413,0.6518150, 71.5593, 73.2171,269.4299,291.1835
8605.73035991,26403.589632,0.6518333, 71.5714, 72.7793,269.0481,328.0330
8605.73063801,26403.659752,0.6518338, 71.5714, 72.7793,269.0480,328.2357
8611.20901292,26334.019613,0.6514092, 71.5679, 72.4087,268.7341,359.6949
8621.66853720,26403.406056,0.6526841, 71.5800, 71.6850,268.1236, 59.7744
8640.59766816,26403.851116,0.6540303, 71.5819, 70.3885,267.0980,168.4161
8646.07777964,26402.840359,0.6541826, 71.5906, 70.0102,266.7917,200.4363
8653.55089240,26401.681052,0.6549042, 71.5912, 69.4953,266.3844,244.5235
8659.52975310,26401.220533,0.6550880, 71.5951, 69.0775,266.0507,280.2962
8666.50539284,26403.379207,0.6557874, 71.5933, 68.5963,265.6633,322.1807
8670.49131935,26417.049939,0.6560833, 71.5897, 68.2973,265.4505,345.9092
8670.49159649,26417.052887,0.6560849, 71.5896, 68.2973,265.4510,346.1109
8677.46747622,26410.152668,0.6565177, 71.5879, 67.7949,265.0505, 27.6438
8677.46775336,26410.061479,0.6565165, 71.5879, 67.7949,265.0504, 27.8458
8681.95225611,26406.013011,0.6568027, 71.5767, 67.4574,264.8200, 54.3110
8681.95253326,26406.002749,0.6568028, 71.5767, 67.4574,264.8199, 54.5129
8682.45058832,26405.964471,0.6568157, 71.5759, 67.4199,264.7944, 57.2839
8682.45086610,26405.956228,0.6568158, 71.5759, 67.4199,264.7943, 57.4863
8688.43056039,26406.308101,0.6570484, 71.5764, 66.9989,264.4663, 92.8568
8688.43083817,26406.307315,0.6570485, 71.5764, 66.9989,264.4663, 93.0591
8694.41073057,26406.151205,0.6576302, 71.5692, 66.5627,264.1689,128.4300
8695.40743655,26405.983067,0.6576592, 71.5678, 66.4839,264.1219,134.3745
8695.40771497,26405.983121,0.6576593, 71.5678, 66.4839,264.1219,134.5773
8701.38780866,26405.154791,0.6577896, 71.5738, 66.0516,263.7952,170.2803
8701.38808708,26405.153857,0.6577896, 71.5738, 66.0516,263.7952,170.4831
8708.36516505,26404.056134,0.6582879, 71.5679, 65.5346,263.4401,212.5657
8708.36544220,26404.055465,0.6582879, 71.5679, 65.5346,263.4401,212.7676
8714.34622832,26403.154980,0.6583027, 71.5721, 65.0994,263.1121,249.4392
8720.32689946,26402.989516,0.6587179, 71.5713, 64.6726,262.7902,286.0525
8720.32717661,26402.988635,0.6587178, 71.5713, 64.6725,262.7902,286.2544
8726.30798933,26405.586104,0.6586612, 71.5687, 64.2146,262.4665,322.8964
8726.30826712,26405.622931,0.6586612, 71.5687, 64.2146,262.4664,323.0988
8727.30488059,26407.329691,0.6586875, 71.5706, 64.1460,262.4032,329.0539
8727.30515837,26407.403246,0.6586879, 71.5706, 64.1460,262.4031,329.2564
8735.28004417,26416.537470,0.6592878, 71.5629, 63.5399,261.9650, 17.8936
8735.28032259,26416.507859,0.6592862, 71.5629, 63.5398,261.9652, 18.0963
8741.26158748,26408.498615,0.6591074, 71.5635, 63.1057,261.6281, 54.3497
8741.26186400,26408.486975,0.6591075, 71.5635, 63.1057,261.6281, 54.5511
8747.24324552,26408.313725,0.6594932, 71.5650, 62.6891,261.3006, 90.6212
8747.24352457,26408.312986,0.6594933, 71.5650, 62.6891,261.3006, 90.8245
8755.21906227,26407.655116,0.6595308, 71.5721, 62.1034,260.8642,139.1821
8755.21934132,26407.654053,0.6595309, 71.5721, 62.1034,260.8642,139.3853
8759.70553997,26407.165289,0.6599061, 71.5757, 61.7914,260.6157,166.6357
8759.70581903,26407.164495,0.6599061, 71.5757, 61.7914,260.6157,166.8389
8765.18913629,26405.965401,0.6599573, 71.5774, 61.3842,260.3217,200.4760
8765.68792922,26405.893362,0.6599507, 71.5784, 61.3491,260.2926,203.7733
8770.67313094,26405.047213,0.6601048, 71.5915, 61.0163,259.9916,234.8299
8780.14523726,26405.075204,0.6604464, 71.5945, 60.3333,259.4640,294.0924
8780.64359186,26405.085985,0.6604484, 71.5958, 60.2993,259.4330,297.0837
8780.64386837,26405.086505,0.6604482, 71.5958, 60.2993,259.4330,297.2851
8785.13049482,26407.111863,0.6608207, 71.6049, 60.0033,259.1508,325.1475
8785.13077134,26407.155336,0.6608207, 71.6050, 60.0032,259.1507,325.3490
8787.62335348,26416.913274,0.6611606, 71.6031, 59.8230,259.0058,340.7536
8788.12192485,26420.797182,0.6612481, 71.6023, 59.7859,258.9788,343.8685
8789.11890754,26422.519270,0.6613584, 71.5997, 59.7111,258.9396,349.9680
8789.11918405,26422.095463,0.6613549, 71.5997, 59.7110,258.9405,350.1689
8791.11355863,26340.589428,0.6603693, 71.5912, 59.5486,258.7963,  2.6647
8794.10503046,26417.107742,0.6613428, 71.6002, 59.3289,258.6386, 21.2565
8798.09367708,26410.988024,0.6615499, 71.6059, 59.0671,258.3948, 45.9640
8801.08509919,26410.264143,0.6618980, 71.6048, 58.8607,258.2307, 64.3378
8801.58370403,26410.197646,0.6619492, 71.6041, 58.8245,258.2049, 67.4187
8809.06260956,26409.982575,0.6622744, 71.6053, 58.2808,257.7924,113.5207
8814.04867519,26409.603185,0.6629343, 71.6081, 57.9383,257.5152,144.3540
8818.53629182,26408.613292,0.6632057, 71.6030, 57.5982,257.2846,172.3270
8822.02668091,26407.798251,0.6633450, 71.6081, 57.3515,257.0831,194.2249
8828.01032356,26406.735910,0.6640004, 71.6124, 56.9372,256.7500,231.9923
8832.99684376,26406.235923,0.6642641, 71.6037, 56.5520,256.4955,263.7079
8838.48211389,26405.822621,0.6646488, 71.6087, 56.1651,256.1720,298.7345
8841.97283217,26406.870235,0.6650707, 71.6011, 55.9027,255.9893,320.9813
8842.97018388,26408.125439,0.6651392, 71.5978, 55.8231,255.9375,327.3294
8849.45309077,26389.043799,0.6651703, 71.5837, 55.3076,255.5334,  8.5554
8855.43751563,26412.050809,0.6659443, 71.5804, 54.8714,255.2462, 46.3439
8863.41705939,26411.636394,0.6661797, 71.5641, 54.2468,254.8309, 96.6123
8865.91073076,26411.778226,0.6664309, 71.5645, 54.0683,254.6932,112.3223
8869.90074082,26411.460962,0.6667941, 71.5532, 53.7553,254.5024,137.5208
8871.39703598,26411.236665,0.6668211, 71.5485, 53.6325,254.4306,147.0167
8875.88594696,26410.489063,0.6668009, 71.5463, 53.2840,254.1891,175.6195
8880.87370357,26409.727120,0.6670809, 71.5497, 52.9213,253.9133,207.5664
8882.37006520,26409.534562,0.6671919, 71.5474, 52.8067,253.8388,217.1930
8886.85924967,26408.707381,0.6672263, 71.5366, 52.4409,253.6179,246.2524
8893.34396807,26407.573867,0.6674015, 71.5432, 51.9613,253.2385,288.6984
8903.32105423,26412.978130,0.6675296, 71.5276, 51.1804,252.7059,354.2336
8909.80646101,26414.801159,0.6678216, 71.5288, 50.6864,252.3016, 36.6344
8912.79988806,26413.235287,0.6678636, 71.5199, 50.4486,252.1467, 56.1685
8918.78695735,26413.821929,0.6678523, 71.5228, 50.0016,251.7900, 95.2426
8923.27747065,26414.055127,0.6682579, 71.5199, 49.6704,251.5490,124.4796
8924.77434864,26413.988267,0.6682902, 71.5163, 49.5513,251.4734,134.2402
8929.26485129,26413.691237,0.6682229, 71.5169, 49.2090,251.2191,163.4666
8929.26512876,26413.690589,0.6682230, 71.5169, 49.2090,251.2191,163.6686
8938.74592335,26412.554920,0.6687302, 71.5298, 48.5298,250.6814,226.1143
8938.74620082,26412.553427,0.6687302, 71.5298, 48.5298,250.6814,226.3163
8946.73070823,26410.487292,0.6689251, 71.5447, 47.9458,250.2052,279.8661
8947.22983168,26410.392483,0.6689909, 71.5458, 47.9112,250.1762,283.2867
8947.23010978,26410.389237,0.6689907, 71.5458, 47.9112,250.1762,283.4892
8951.72162421,26409.665957,0.6693560, 71.5422, 47.5711,249.9348,313.8668
8951.72190231,26409.665739,0.6693556, 71.5422, 47.5711,249.9348,314.0693
8952.22069788,26409.721111,0.6693591, 71.5415, 47.5317,249.9076,317.2606
8952.22097597,26409.724504,0.6693587, 71.5415, 47.5317,249.9076,317.4631
8962.70235219,26417.149585,0.6699417, 71.5546, 46.7567,249.2526, 29.2994
8962.70263029,26417.095112,0.6699408, 71.5546, 46.7567,249.2525, 29.5019
8966.19684793,26414.074826,0.6701827, 71.5480, 46.4952,249.0629, 53.5840
8968.19330054,26413.872397,0.6702314, 71.5431, 46.3394,248.9542, 67.1323
8968.19357832,26413.865984,0.6702315, 71.5431, 46.3394,248.9542, 67.3346
8972.68605909,26414.590865,0.6704075, 71.5470, 46.0129,248.6786, 98.0797
8972.68633687,26414.588562,0.6704076, 71.5470, 46.0129,248.6786, 98.2819
8976.67982392,26415.320881,0.6710090, 71.5465, 45.7287,248.4578,125.5238
8976.68010171,26415.320079,0.6710091, 71.5465, 45.7287,248.4578,125.7260
8979.67525907,26415.485162,0.6712253, 71.5358, 45.4906,248.3099,146.0993
8979.67553685,26415.484531,0.6712254, 71.5358, 45.4906,248.3099,146.3015
8981.67226320,26415.580585,0.6712687, 71.5326, 45.3349,248.2014,159.8411
8981.67254098,26415.579817,0.6712687, 71.5326, 45.3349,248.2014,160.0433
8990.65931467,26415.607084,0.6720081, 71.5393, 44.6874,247.6963,221.8942
8990.65959308,26415.604843,0.6720081, 71.5393, 44.6874,247.6963,222.0968
8994.65384137,26415.058963,0.6722350, 71.5292, 44.3720,247.5009,249.6679
8995.65251235,26414.852671,0.6722416, 71.5274, 44.2923,247.4485,256.6602
8995.65277919,26414.850390,0.6722416, 71.5274, 44.2923,247.4485,256.8545
9000.64588958,26413.217492,0.6724954, 71.5349, 43.9232,247.1559,291.7537
9001.14552942,26413.052058,0.6725642, 71.5357, 43.8876,247.1276,295.4860
9001.64460229,26412.771372,0.6726376, 71.5365, 43.8517,247.1003,298.8062
9001.64488071,26412.766049,0.6726374, 71.5365, 43.8517,247.1003,299.0088
9005.63949674,26412.139579,0.6730437, 71.5273, 43.5352,246.9015,327.0926
9005.63977516,26412.166345,0.6730433, 71.5274, 43.5351,246.9014,327.2954
9030.11069925,26415.904845,0.6743667, 71.4887, 41.6149,245.5282,142.9480
9031.10957386,26416.098997,0.6744746, 71.4839, 41.5345,245.4810,150.0687
9057.08103950,26417.329224,0.6751270, 71.4339, 39.4700,244.0976,333.8272
9072.06379980,26416.303364,0.6754083, 71.4190, 38.2575,243.2519, 79.8972
9075.05992020,26415.710071,0.6754528, 71.4100, 38.0144,243.0962,100.9252
9078.05608053,26415.445160,0.6753273, 71.4024, 37.7677,242.9266,122.0324
9080.05390222,26415.583511,0.6752977, 71.4045, 37.6141,242.7992,136.3965
9080.05390223,26415.583511,0.6752977, 71.4045, 37.6141,242.7992,136.3965
9083.04988678,26416.050782,0.6755276, 71.4106, 37.3958,242.6135,157.7249
9084.54787746,26416.228130,0.6756794, 71.4087, 37.2813,242.5332,168.1635
9087.04456817,26416.558833,0.6757900, 71.3981, 37.0774,242.4063,185.5570
9088.04322619,26416.658757,0.6757777, 71.3937, 36.9940,242.3538,192.4954
9089.04193334,26416.774042,0.6757477, 71.3904, 36.9116,242.2985,199.4668
9093.53583591,26417.428637,0.6757045, 71.3914, 36.5656,242.0235,230.5548
9095.03349553,26417.719444,0.6757770, 71.3943, 36.4569,241.9309,240.6434
9095.53278016,26417.794008,0.6758073, 71.3952, 36.4207,241.9010,244.0465
9099.52698384,26418.404955,0.6760723, 71.3951, 36.1223,241.6785,271.1004
9102.02328639,26418.584614,0.6761268, 71.3887, 35.9233,241.5495,287.8751
9104.02020048,26418.573103,0.6760712, 71.3836, 35.7607,241.4416,301.1843
9108.51306031,26418.670020,0.6760636, 71.3933, 35.4201,241.1569,330.9648
9110.01092285,26424.868281,0.6762779, 71.4001, 35.3126,241.0546,341.0443
9114.50368987,26400.393037,0.6764942, 71.3882, 34.9352,240.7812, 10.6082
9116.99948836,26425.785523,0.6766892, 71.3880, 34.7300,240.6767, 26.9166
9116.99948963,26425.785388,0.6766892, 71.3880, 34.7300,240.6767, 26.9175
9117.99776065,26424.571382,0.6766554, 71.3891, 34.6527,240.6171, 33.4299
9118.49681972,26423.995152,0.6766482, 71.3900, 34.6149,240.5858, 36.6332
9121.99098153,26421.358028,0.6767925, 71.4018, 34.3612,240.3645, 59.6235
9126.48307921,26419.856799,0.6772113, 71.4106, 34.0327,240.1065, 88.9376
9130.47591972,26418.746371,0.6773772, 71.4053, 33.7177,239.8930,114.9992
9131.47409851,26418.486323,0.6773766, 71.4043, 33.6379,239.8361,121.5182
9135.96576494,26417.865995,0.6775871, 71.4167, 33.3026,239.5504,150.8608
9140.95622070,26417.724658,0.6782539, 71.4137, 32.9222,239.2812,183.2281
9141.45525035,26417.687674,0.6782769, 71.4115, 32.8807,239.2564,186.4548
9145.44744614,26417.564826,0.6783565, 71.4043, 32.5606,239.0268,212.2648
9149.43946173,26417.900990,0.6786663, 71.4117, 32.2671,238.7804,237.8720
9150.43741689,26417.988269,0.6787811, 71.4130, 32.1944,238.7224,244.2127
9152.43333638,26418.214855,0.6790116, 71.4127, 32.0454,238.6128,256.8687
9153.43128525,26418.344650,0.6791126, 71.4108, 31.9686,238.5609,263.1728
9157.92196064,26418.844698,0.6793244, 71.3943, 31.6062,238.3308,291.3724
9157.92196065,26418.844698,0.6793244, 71.3943, 31.6062,238.3308,291.3724
9158.91986383,26418.830872,0.6793264, 71.3913, 31.5249,238.2760,297.6069
9163.41027563,26418.149362,0.6795480, 71.3949, 31.1806,238.0050,325.4655
9167.90049641,26453.014842,0.6805410, 71.3876, 30.8239,237.7675,352.9338
9167.90049735,26453.014512,0.6805410, 71.3876, 30.8239,237.7675,352.9345
9167.90051488,26453.008154,0.6805411, 71.3876, 30.8239,237.7676,352.9472
9172.88943369,26427.487778,0.6803468, 71.3645, 30.3796,237.4938, 23.2242
9176.88037183,26424.672931,0.6805615, 71.3685, 30.0751,237.2673, 47.3232
9179.37471681,26423.501154,0.6808028, 71.3671, 29.8828,237.1354, 62.3797
9179.37499457,26423.493984,0.6808028, 71.3671, 29.8828,237.1354, 62.5819
9182.36791166,26422.602888,0.6810023, 71.3570, 29.6392,236.9903, 80.4516
9182.36819071,26422.600011,0.6810023, 71.3569, 29.6392,236.9903, 80.6546
9183.86442201,26422.204825,0.6810311, 71.3499, 29.5129,236.9179, 89.4450
9183.86470108,26422.202710,0.6810312, 71.3499, 29.5129,236.9179, 89.6481
9186.85743426,26421.538334,0.6809999, 71.3389, 29.2608,236.7596,107.4936
9186.85743554,26421.538326,0.6809999, 71.3389, 29.2608,236.7596,107.4945
9190.34917576,26421.012112,0.6811400, 71.3408, 28.9849,236.5538,128.5813
9192.84320084,26420.607530,0.6814599, 71.3409, 28.7912,236.4212,143.6128
9196.83359807,26419.438149,0.6816562, 71.3156, 28.4451,236.2383,167.7141
9197.83117299,26419.166442,0.6816261, 71.3101, 28.3575,236.1862,173.7555
9203.31772637,26418.544044,0.6817092, 71.3048, 27.9131,235.8653,207.0191
9207.80655562,26418.651431,0.6819922, 71.2950, 27.5533,235.6255,234.0714
9207.80656949,26418.651301,0.6819922, 71.2950, 27.5533,235.6255,234.0815
9215.28775288,26419.010032,0.6818473, 71.2597, 26.9179,235.2250,278.8897
9216.28518936,26418.966187,0.6818628, 71.2596, 26.8384,235.1640,284.8051
9220.27498359,26418.411887,0.6821865, 71.2567, 26.5225,234.9426,308.3546
9229.25171078,26372.983676,0.6814527, 71.2139, 25.7482,234.4637,  0.6263
9229.25200014,26369.918796,0.6814161, 71.2136, 25.7478,234.4615,  0.8379
9232.74244312,26426.680963,0.6823053, 71.2166, 25.4529,234.2253, 20.6129
9237.23045841,26426.198979,0.6823228, 71.2032, 25.0815,234.0041, 46.1269
9237.23074777,26426.180422,0.6823226, 71.2032, 25.0815,234.0041, 46.3375
9240.72110793,26425.193666,0.6821332, 71.1897, 24.7840,233.8131, 65.9635
9240.72110802,26425.193664,0.6821332, 71.1897, 24.7840,233.8131, 65.9635
9243.21440592,26424.862536,0.6820758, 71.1910, 24.5826,233.6583, 80.1480
9243.21440599,26424.862534,0.6820758, 71.1910, 24.5826,233.6583, 80.1481
9243.21441782,26424.862325,0.6820758, 71.1910, 24.5826,233.6583, 80.1567
9251.19266818,26423.118138,0.6824520, 71.1812, 23.9328,233.2281,125.2535
9257.17619104,26421.959336,0.6823806, 71.1853, 23.4481,232.8620,159.4036
9257.67482520,26421.822641,0.6824095, 71.1872, 23.4102,232.8312,162.2638
9258.17345215,26421.805446,0.6824411, 71.1886, 23.3721,232.8011,165.1197
9260.16786201,26421.494670,0.6825749, 71.1925, 23.2184,232.6852,176.4804
9260.16789218,26421.494525,0.6825749, 71.1925, 23.2184,232.6852,176.5023
9262.16222790,26421.159512,0.6826765, 71.1922, 23.0601,232.5756,187.8265
9266.15102133,26420.476671,0.6826662, 71.1828, 22.7302,232.3563,210.6457
9267.14830218,26420.322476,0.6826313, 71.1811, 22.6474,232.2969,216.4309
9270.13973999,26419.961723,0.6826177, 71.1853, 22.4091,232.1036,233.5219
9270.13974015,26419.961722,0.6826177, 71.1853, 22.4091,232.1036,233.5220
9272.13412970,26419.796864,0.6827924, 71.1940, 22.2594,231.9737,245.0291
9273.13127294,26419.824278,0.6829233, 71.1970, 22.1843,231.9139,250.7032
9274.62698704,26419.970352,0.6831102, 71.1969, 22.0675,231.8316,259.1918
9274.62700362,26419.970114,0.6831102, 71.1969, 22.0675,231.8316,259.2039
9276.12265826,26420.101058,0.6832221, 71.1914, 21.9438,231.7566,267.6334
9278.11695271,26420.287902,0.6832356, 71.1812, 21.7735,231.6521,278.9326
9279.11408795,26420.332944,0.6832122, 71.1776, 21.6891,231.5952,284.5742
9280.11122294,26420.315671,0.6831919, 71.1759, 21.6067,231.5349,290.2142
9280.11122326,26420.315663,0.6831919, 71.1759, 21.6067,231.5349,290.2144
9284.59824858,26419.414721,0.6833637, 71.1860, 21.2594,231.2500,315.5197
9286.59239747,26418.562415,0.6835297, 71.1912, 21.1078,231.1308,326.5880
9287.58946064,26418.442715,0.6836041, 71.1924, 21.0303,231.0727,332.0954
9289.58363169,26425.007440,0.6837683, 71.1926, 20.8707,230.9501,343.1185
9293.57194583,26354.897310,0.6830960, 71.1736, 20.5283,230.7026,  5.0589
9297.56015190,26429.100970,0.6840286, 71.1806, 20.1964,230.4773, 26.8033
9301.54825098,26427.618215,0.6845393, 71.1933, 19.8942,230.2499, 48.3636
9302.54527307,26427.253157,0.6846605, 71.1907, 19.8131,230.2022, 53.7261
9303.54228866,26426.967775,0.6847359, 71.1859, 19.7290,230.1556, 59.0835
9307.53033550,26426.317475,0.6847644, 71.1708, 19.3902,229.9425, 80.5717
9308.52731986,26426.207760,0.6847874, 71.1716, 19.3100,229.8819, 85.9406
9309.52431123,26426.102116,0.6848367, 71.1740, 19.2318,229.8205, 91.3172
9313.51220517,26425.570915,0.6852297, 71.1858, 18.9262,229.5863,112.7753
9314.50915165,26425.398165,0.6853391, 71.1869, 18.8485,229.5329,118.1222
9317.49999998,26424.747819,0.6855788, 71.1828, 18.6069,229.3805,134.1962
9319.49385584,26424.220703,0.6856401, 71.1762, 18.4401,229.2787,144.9214
9321.48772181,26423.670676,0.6856479, 71.1706, 18.2723,229.1702,155.6995
9324.47847423,26422.934505,0.6857203, 71.1718, 18.0287,228.9908,171.9187
9325.47538715,26422.765547,0.6858067, 71.1751, 17.9509,228.9291,177.3366
9326.47227680,26422.616970,0.6859326, 71.1787, 17.8742,228.8692,182.7395
9327.46920795,26422.507767,0.6860868, 71.1812, 17.7971,228.8131,188.1719
9329.46295616,26422.309090,0.6863761, 71.1775, 17.6355,228.7149,198.9521
9332.45357924,26421.782574,0.6864939, 71.1563, 17.3729,228.5735,215.1742
9333.45053302,26421.602360,0.6864802, 71.1508, 17.2855,228.5194,220.6620
9335.44427086,26421.354073,0.6864896, 71.1464, 17.1176,228.4014,231.5319
9336.44110618,26421.295086,0.6865312, 71.1467, 17.0368,228.3403,236.9427
9338.93319138,26421.258160,0.6867317, 71.1493, 16.8393,228.1924,250.4428
9340.42846203,26421.341039,0.6868827, 71.1490, 16.7207,228.1084,258.5325
9343.41886862,26421.511036,0.6871259, 71.1402, 16.4755,227.9551,274.5569
9343.41886863,26421.511036,0.6871259, 71.1402, 16.4755,227.9551,274.5569
9343.91773078,26421.435586,0.6871490, 71.1379, 16.4333,227.9313,277.5576
9345.41292889,26421.556974,0.6871900, 71.1289, 16.3054,227.8571,285.5410
9347.40644703,26421.527273,0.6871760, 71.1164, 16.1326,227.7554,296.1144
9349.39999519,26421.257101,0.6871297, 71.1066, 15.9610,227.6460,306.6960
9351.39353814,26420.549219,0.6871269, 71.1027, 15.7943,227.5288,317.2532
9354.38378017,26418.825999,0.6873314, 71.1051, 15.5528,227.3525,332.9536
9354.38378083,26418.825974,0.6873314, 71.1051, 15.5528,227.3525,332.9541
9355.38049787,26419.378252,0.6874431, 71.1044, 15.4709,227.2969,338.1344
9356.37719795,26423.786892,0.6875756, 71.1011, 15.3859,227.2408,343.2915
9356.37719859,26423.787624,0.6875756, 71.1011, 15.3859,227.2408,343.2920
9358.37063844,26463.246748,0.6881275, 71.0862, 15.2073,227.1429,353.6143
9359.36732341,26425.920805,0.6876987, 71.0723, 15.1142,227.1348,358.7209
9363.85255855,26427.855172,0.6876736, 71.0507, 14.6992,226.8349, 21.8979
9370.33096682,26428.158148,0.6879856, 71.0427, 14.1654,226.4993, 54.9606
9372.82262017,26427.509903,0.6879771, 71.0285, 13.9489,226.3780, 67.6254
9375.31405124,26427.031007,0.6878665, 71.0141, 13.7294,226.2493, 80.1643
9387.27295425,26424.639046,0.6880736, 70.9774, 12.7043,225.6120,140.8271
9388.26939548,26424.339484,0.6880026, 70.9716, 12.6141,225.5568,145.8401
9388.26939612,26424.339483,0.6880026, 70.9716, 12.6141,225.5568,145.8405
9391.25894669,26423.735307,0.6879297, 70.9692, 12.3590,225.3745,161.1154
9394.74665808,26423.332229,0.6880949, 70.9730, 12.0743,225.1703,178.9182
9394.74669171,26423.332076,0.6880949, 70.9730, 12.0743,225.1703,178.9427
9398.73249236,26422.826394,0.6881844, 70.9612, 11.7369,224.9598,199.2265
9402.71824342,26422.483539,0.6880066, 70.9416, 11.3884,224.7389,219.5542
9405.70746341,26422.431684,0.6879306, 70.9385, 11.1359,224.5519,234.7577
9409.69291400,26422.708490,0.6882200, 70.9436, 10.8129,224.3134,254.7923
9470.94936206,26423.540131,0.6902366, 70.8974,  5.6423,220.8033,181.9533
9474.93241781,26424.068620,0.6905887, 70.9088,  5.3204,220.5554,200.1427
9477.91914302,26424.606540,0.6909294, 70.9098,  5.0773,220.3927,213.2643
9479.91037036,26424.898545,0.6910669, 70.9034,  4.9093,220.2908,222.0283
9480.90592778,26425.031192,0.6911035, 70.8989,  4.8239,220.2395,226.3617
9481.90149683,26425.160117,0.6911232, 70.8942,  4.7379,220.1870,230.6996
9482.89705961,26425.273145,0.6911317, 70.8898,  4.6519,220.1330,235.0294
9483.89265507,26425.377537,0.6911372, 70.8862,  4.5662,220.0769,239.3796
9484.88817756,26425.477097,0.6911490, 70.8839,  4.4812,220.0189,243.6726
9485.88372681,26425.563993,0.6911773, 70.8832,  4.3973,219.9592,247.9795
9486.87924522,26425.647221,0.6912321, 70.8841,  4.3148,219.8986,252.2562
9488.87025756,26425.785464,0.6914438, 70.8892,  4.1530,219.7794,260.7570
9489.86575408,26425.867113,0.6915937, 70.8914,  4.0725,219.7240,264.9768
9490.86123215,26425.969997,0.6917508, 70.8915,  3.9908,219.6732,269.1660
9492.85218036,26426.233416,0.6919863, 70.8819,  3.8198,219.5828,277.4999
9493.34990469,26426.348371,0.6920153, 70.8776,  3.7754,219.5610,279.5699
9495.34080776,26426.532160,0.6920285, 70.8597,  3.5948,219.4686,287.8600
9495.83852330,26426.479489,0.6920184, 70.8561,  3.5498,219.4432,289.9279
9496.83395524,26426.418785,0.6920023, 70.8508,  3.4611,219.3893,294.0654
9497.82938746,26426.256166,0.6920062, 70.8482,  3.3744,219.3326,298.2031
9500.31790625,26425.456017,0.6921427, 70.8500,  3.1654,219.1884,308.4850
9500.81554629,26425.170924,0.6921877, 70.8511,  3.1243,219.1603,310.4907
9502.30865120,26424.294523,0.6923365, 70.8531,  3.0008,219.0804,316.6314
9503.30400100,26423.527744,0.6924317, 70.8531,  2.9175,219.0300,320.6804
9503.80166873,26423.062871,0.6924735, 70.8527,  2.8754,219.0052,322.6988
9504.79699833,26422.083686,0.6925419, 70.8505,  2.7903,218.9574,326.7302
9505.79235252,26420.962065,0.6925834, 70.8469,  2.7037,218.9101,330.7809
9506.78768164,26419.858000,0.6925958, 70.8422,  2.6158,218.8621,334.8176
9507.78303496,26419.265952,0.6925835, 70.8370,  2.5267,218.8114,338.8790
9508.28067681,26419.501092,0.6925732, 70.8344,  2.4819,218.7848,340.8880
9508.77834165,26420.720988,0.6925671, 70.8319,  2.4369,218.7557,342.9172
9510.76897779,26448.119999,0.6927929, 70.8246,  2.2572,218.6261,351.0544
9511.76426293,26472.432578,0.6930838, 70.8218,  2.1692,218.5796,355.1065
9512.75956456,26441.351930,0.6927476, 70.8166,  2.0812,218.5580,359.1623
9513.75487188,26370.435616,0.6919548, 70.8106,  1.9893,218.4760,  3.2597
9514.75015106,26367.146507,0.6920352, 70.8093,  1.8964,218.3726,  7.3493
9516.74070107,26413.039475,0.6928016, 70.8149,  1.7207,218.2641, 15.4737
9517.23835476,26418.522183,0.6929184, 70.8159,  1.6779,218.2432, 17.5159
9517.73599927,26421.925141,0.6930129, 70.8164,  1.6353,218.2229, 19.5515
9518.73124168,26425.566167,0.6931572, 70.8149,  1.5489,218.1825, 23.5917
9519.72649063,26426.915270,0.6932470, 70.8097,  1.4602,218.1429, 27.6419
9520.72175017,26427.285024,0.6932787, 70.8010,  1.3689,218.1028, 31.7100
9521.71700293,26427.265217,0.6932567, 70.7907,  1.2758,218.0601, 35.7888
9526.19562481,26426.105741,0.6930903, 70.7663,  0.8695,217.8141, 54.3513
9528.68373135,26425.268804,0.6932267, 70.7682,  0.6581,217.6686, 64.7222
9530.67418563,26424.766123,0.6933723, 70.7662,  0.4882,217.5616, 73.0029
9531.66941044,26424.559843,0.6934288, 70.7628,  0.4018,217.5109, 77.1435
9533.65985326,26424.244071,0.6934797, 70.7514,  0.2255,217.4119, 85.4269
9535.65031995,26424.077390,0.6934440, 70.7363,  0.0456,217.3111, 93.7411
9536.64555964,26424.055559,0.6934027, 70.7286,359.9552,217.2585, 97.9078
9537.64080189,26424.074657,0.6933551, 70.7215,359.8649,217.2038,102.0789
9538.63604466,26424.128469,0.6933100, 70.7155,359.7753,217.1472,106.2516
9539.63129089,26424.228753,0.6932764, 70.7110,359.6865,217.0888,110.4265
9540.62653566,26424.366551,0.6932625, 70.7081,359.5989,217.0291,114.5976
9541.62179472,26424.541721,0.6932749, 70.7066,359.5125,216.9690,118.7739
9543.61230244,26424.977719,0.6933866, 70.7059,359.3423,216.8520,127.0915
9545.60280364,26425.408075,0.6935662, 70.7016,359.1714,216.7471,135.3530
9546.59805960,26425.555792,0.6936382, 70.6954,359.0834,216.7003,139.4683
9549.58387500,26425.650422,0.6935960, 70.6620,358.8055,216.5626,151.8184
9551.57447030,26425.776109,0.6934539, 70.6446,358.6199,216.4525,160.0957
9553.56532718,26426.173257,0.6934202, 70.6396,358.4433,216.3313,168.5474
9554.56063470,26426.387682,0.6934542, 70.6396,358.3577,216.2714,172.6695
9555.55595345,26426.613231,0.6935087, 70.6397,358.2728,216.2138,176.7876
9556.55125490,26426.861826,0.6935703, 70.6390,358.1877,216.1588,180.8801
9557.54657431,26427.089931,0.6936269, 70.6369,358.1019,216.1064,184.9731
9558.54190569,26427.284085,0.6936694, 70.6333,358.0151,216.0559,189.0641
9559.53724369,26427.458115,0.6936921, 70.6283,357.9273,216.0066,193.1515
9560.53259210,26427.593149,0.6936922, 70.6221,357.8384,215.9577,197.2399
9562.02564346,26427.799181,0.6936519, 70.6114,357.7036,215.8834,203.3864
9563.51877114,26427.827272,0.6935752, 70.6011,357.5680,215.8061,209.5852
9565.50956091,26427.853379,0.6934575, 70.5905,357.3882,215.6959,217.8176
9566.50497817,26427.837814,0.6934123, 70.5875,357.2996,215.6378,221.9512
9567.50044405,26427.803548,0.6933875, 70.5863,357.2121,215.5783,226.1199
9568.49587084,26427.759209,0.6933894, 70.5867,357.1257,215.5183,230.2588
9570.48674237,26427.651676,0.6934782, 70.5903,356.9557,215.4009,238.5395
9571.48218363,26427.596583,0.6935542, 70.5917,356.8709,215.3457,242.6766
9572.47764719,26427.550589,0.6936340, 70.5913,356.7852,215.2939,246.8247
9572.47765860,26427.550475,0.6936340, 70.5913,356.7852,215.2939,246.8330
9573.47311976,26427.509617,0.6936992, 70.5883,356.6979,215.2454,250.9761
9576.95740567,26427.222225,0.6936319, 70.5606,356.3773,215.0797,265.6431
9578.45062446,26426.891763,0.6935188, 70.5517,356.2393,214.9957,271.9443
9578.45062447,26426.891763,0.6935188, 70.5517,356.2393,214.9957,271.9443
9579.44613612,26426.576505,0.6934730, 70.5501,356.1498,214.9352,276.6514
9580.44167901,26426.225724,0.6934674, 70.5516,356.0627,214.8729,280.9200
9582.43278246,26425.369132,0.6935625, 70.5589,355.8930,214.7515,289.4783
9584.42390991,26424.439218,0.6937057, 70.5640,355.7236,214.6403,298.0637
9588.40629002,26421.868201,0.6937912, 70.5566,355.3732,214.4356,315.4123
9589.40191527,26420.894776,0.6937551, 70.5527,355.2836,214.3834,319.8014
9590.39755332,26419.688884,0.6937016, 70.5491,355.1938,214.3295,324.2141
9591.39320373,26418.217494,0.6936360, 70.5463,355.1039,214.2731,328.6508
9592.38886499,26416.474489,0.6935651, 70.5448,355.0145,214.2138,333.1087
9593.38453864,26414.707147,0.6934980, 70.5451,354.9256,214.1508,337.5886
9594.38022083,26414.142931,0.6934542, 70.5475,354.8375,214.0823,342.0878
9595.37591350,26419.118954,0.6934905, 70.5522,354.7503,214.0058,346.6077
9597.36732009,26470.491638,0.6942092, 70.5653,354.5804,213.8686,355.6748
9599.35875240,26362.605155,0.6932302, 70.5631,354.4037,213.7483,  4.7451
9601.35022163,26400.707799,0.6939493, 70.5598,354.2172,213.6120, 13.8326
9602.34600368,26414.746808,0.6941316, 70.5555,354.1253,213.5731, 18.4003
9602.34601051,26414.756669,0.6941316, 70.5555,354.1253,213.5731, 18.4053
9603.83963684,26422.492295,0.6941663, 70.5463,353.9873,213.5072, 25.2402
9604.83534300,26424.198092,0.6941268, 70.5407,353.8958,213.4546, 29.7758
9605.83117504,26424.944918,0.6940854, 70.5375,353.8058,213.3964, 34.4095
9606.32908649,26425.187463,0.6940742, 70.5369,353.7617,213.3648, 36.7246
9607.32491823,26425.397826,0.6940786, 70.5382,353.6750,213.3012, 41.3591
9609.81452006,26425.377770,0.6942622, 70.5494,353.4655,213.1442, 52.9238
9611.80624087,26425.333753,0.6944862, 70.5559,353.2989,213.0297, 62.1481
9611.80624088,26425.333752,0.6944862, 70.5559,353.2989,213.0297, 62.1481
9613.30005314,26425.382374,0.6946237, 70.5556,353.1715,212.9498, 69.0099
9614.29594375,26425.397924,0.6946852, 70.5535,353.0851,212.8979, 73.6181
9615.29185046,26425.445275,0.6947225, 70.5501,352.9978,212.8459, 78.2330
9617.28370216,26425.607611,0.6947413, 70.5422,352.8216,212.7386, 87.4792
9617.28370418,26425.607593,0.6947413, 70.5422,352.8216,212.7386, 87.4807
9620.27157000,26426.018753,0.6947378, 70.5356,352.5587,212.5643,101.3950
9620.27157017,26426.018752,0.6947378, 70.5356,352.5587,212.5643,101.3951
9620.27157592,26426.018701,0.6947378, 70.5356,352.5587,212.5643,101.3993
9620.27159436,26426.018537,0.6947378, 70.5356,352.5587,212.5643,101.4127
9627.24358037,26427.454981,0.6954046, 70.5525,351.9683,212.1603,133.7746
9630.23173471,26427.489820,0.6955998, 70.5366,351.7025,212.0194,147.6058
9631.22791551,26427.419673,0.6955977, 70.5296,351.6115,211.9694,152.3123
9634.71423596,26427.358516,0.6956376, 70.5233,351.3008,211.7687,168.5906
9641.68802563,26427.159834,0.6963579, 70.5342,350.7038,211.3978,201.9065
9647.16627111,26426.005092,0.6964262, 70.5145,350.2133,211.1120,227.3941
9648.16296119,26425.759542,0.6964513, 70.5146,350.1254,211.0544,232.5290
9649.15934495,26425.473502,0.6965002, 70.5163,350.0385,210.9959,237.4490
9653.14452083,26424.446010,0.6969476, 70.5278,349.6959,210.7750,256.9035
9656.13351609,26423.714266,0.6972344, 70.5155,349.4289,210.6380,271.6099
9657.12984620,26423.471005,0.6972512, 70.5068,349.3365,210.5927,276.5330
9658.12627438,26423.177957,0.6972368, 70.4981,349.2434,210.5444,281.5449
9662.61010686,26420.919060,0.6972864, 70.4875,348.8377,210.2895,304.2044
9664.10463688,26419.861216,0.6974271, 70.4909,348.7076,210.2050,311.7210
9667.59240067,26415.079153,0.6977236, 70.4875,348.3994,210.0292,329.6286
9669.08715743,26411.566242,0.6977289, 70.4789,348.2619,209.9577,337.3022
9670.58188969,26410.901605,0.6976722, 70.4691,348.1217,209.8721,344.9690
9670.58189001,26410.901812,0.6976722, 70.4691,348.1217,209.8721,344.9692
9676.06278600,26396.874940,0.6975805, 70.4351,347.5968,209.5093, 13.2639
9676.56105199,26407.074410,0.6977151, 70.4356,347.5506,209.4865, 15.8217
9682.54041850,26425.420119,0.6983737, 70.4246,347.0160,209.2025, 46.4885
9683.03887449,26425.541584,0.6983925, 70.4192,346.9696,209.1810, 49.1560
9688.52032131,26426.360277,0.6982249, 70.3684,346.4552,208.8987, 77.3409
9693.50365575,26427.162724,0.6985518, 70.3619,346.0123,208.6300,102.9108
9695.49683979,26427.271056,0.6986368, 70.3498,345.8312,208.5376,112.9547
9698.48699123,26427.232165,0.6985760, 70.3235,345.5531,208.3966,128.2775
9702.97233809,26427.011601,0.6984043, 70.2991,345.1381,208.1535,151.3947
9702.97233841,26427.011600,0.6984043, 70.2991,345.1381,208.1535,151.3949
9708.45491345,26426.886125,0.6986989, 70.2939,344.6465,207.8622,180.0176
9710.94707940,26426.530118,0.6987419, 70.2721,344.4138,207.7513,193.0933
9710.94715975,26426.529939,0.6987419, 70.2721,344.4138,207.7513,193.1517
9710.94721314,26426.529820,0.6987419, 70.2721,344.4138,207.7513,193.1906
9715.43270409,26425.258244,0.6984796, 70.2370,343.9873,207.5140,216.6269
9715.43296519,26425.257864,0.6984797, 70.2370,343.9873,207.5140,216.8168
9716.42957178,26425.034418,0.6984869, 70.2374,343.8964,207.4546,221.9300
9719.42014988,26424.463820,0.6986546, 70.2413,343.6284,207.2878,237.8340
9724.90305716,26423.259603,0.6986894, 70.2147,343.1228,207.0166,267.2619
9731.88163716,26420.480573,0.6984970, 70.1978,342.4795,206.6132,305.4453
9731.88166726,26420.478683,0.6984970, 70.1978,342.4795,206.6132,305.4672
9737.86345710,26410.293124,0.6986846, 70.1839,341.9308,206.3036,338.3203
9737.86352346,26410.262917,0.6986840, 70.1839,341.9308,206.3036,338.3685
9738.36197726,26408.790609,0.6986368, 70.1792,341.8824,206.2763,341.0811
9741.35300668,26477.668248,0.6991480, 70.1604,341.5911,206.0896,357.6289
9748.33217048,26424.535560,0.6989733, 70.1601,340.9367,205.6669, 36.0531
9750.32642145,26425.272137,0.6990117, 70.1518,340.7543,205.5689, 47.0909
9752.81912000,26425.672373,0.6989444, 70.1372,340.5234,205.4390, 60.7839
9754.31470725,26425.857451,0.6988832, 70.1307,340.3851,205.3543, 68.9678
9754.31470851,26425.857435,0.6988832, 70.1307,340.3851,205.3543, 68.9687
9759.79876571,26426.675435,0.6990109, 70.1375,339.8918,205.0284, 99.0329
9761.29452374,26426.907380,0.6991570, 70.1418,339.7598,204.9463,107.2575
9766.77858547,26426.611337,0.6993804, 70.1191,339.2570,204.6782,137.0190
9766.77863854,26426.611229,0.6993804, 70.1191,339.2570,204.6782,137.0576
9766.77882820,26426.610842,0.6993804, 70.1191,339.2570,204.6782,137.1956
9776.75040592,26425.881210,0.6999070, 70.1306,338.3551,204.1283,191.9299
9776.75040655,26425.881208,0.6999070, 70.1306,338.3551,204.1283,191.9303
9779.24348455,26425.321277,0.6999342, 70.1213,338.1252,204.0038,205.8268
9789.21603479,26422.624803,0.7004836, 70.1433,337.2237,203.4426,262.0526
9789.71454733,26422.569617,0.7005377, 70.1431,337.1785,203.4181,264.7932
9793.70352579,26421.470646,0.7007046, 70.1235,336.8077,203.2252,287.4517
9797.19417560,26419.703036,0.7007161, 70.1164,336.4821,203.0249,307.6681
9798.19152671,26418.839770,0.7007871, 70.1206,336.3917,202.9649,313.4742
9798.19152672,26418.839769,0.7007871, 70.1206,336.3917,202.9649,313.4742
9801.68222551,26411.777089,0.7011572, 70.1345,336.0767,202.7780,333.8146
9803.67692371,26404.793357,0.7011979, 70.1316,335.8896,202.6727,345.3710
9807.16805409,26369.223513,0.7008596, 70.1087,335.5500,202.4626,  5.9214
9808.16549643,26386.140342,0.7011432, 70.1025,335.4475,202.3771, 11.7736
9828.61325570,26425.825829,0.7028269, 70.0658,333.5573,201.3333,130.2127
9828.61327550,26425.825773,0.7028269, 70.0658,333.5573,201.3333,130.2271
9834.09972585,26425.498443,0.7030474, 70.0287,333.0429,201.0859,161.9403
9834.59851802,26425.373236,0.7030367, 70.0251,332.9954,201.0607,164.8482
9839.58651679,26424.746752,0.7031218, 70.0127,332.5279,200.7922,194.0642
9840.08532081,26424.705393,0.7031612, 70.0132,332.4819,200.7659,196.9927
9844.07579933,26424.211226,0.7035383, 70.0072,332.1129,200.5738,220.4575
9846.56990017,26423.692818,0.7036097, 69.9832,331.8744,200.4659,235.2031
9850.56060499,26422.532031,0.7034822, 69.9485,331.4872,200.2650,259.0903
9852.55602125,26421.799683,0.7035390, 69.9471,331.2986,200.1538,271.1486
9856.54697203,26420.081603,0.7038627, 69.9442,330.9254,199.9553,295.3988
9858.54244122,26418.896263,0.7039228, 69.9292,330.7344,199.8672,307.5569
9859.54015244,26418.046519,0.7039038, 69.9192,330.6376,199.8224,313.6366
9859.54015969,26418.045742,0.7039037, 69.9192,330.6376,199.8224,313.6419
9862.53349715,26411.973705,0.7037041, 69.8909,330.3442,199.6766,332.1042
9864.52914004,26401.816020,0.7034759, 69.8819,330.1471,199.5608,344.5221
9865.02797626,26402.295884,0.7034445, 69.8819,330.0976,199.5219,347.5806
9865.52702514,26412.813321,0.7035244, 69.8829,330.0476,199.4765,350.7994
9866.52487169,26475.901648,0.7042536, 69.8866,329.9509,199.4093,357.0479
9869.51846674,26399.550845,0.7037733, 69.8729,329.6485,199.2196, 15.7589
9871.51416321,26417.833229,0.7040729, 69.8635,329.4549,199.1433, 28.1403
9874.50788279,26421.271169,0.7040385, 69.8289,329.1623,199.0135, 46.8274
9878.49962342,26422.084317,0.7038352, 69.7962,328.7730,198.7966, 71.8475
9884.48758435,26422.805251,0.7041447, 69.7844,328.2085,198.4844,109.3913
9884.98656544,26422.833357,0.7041515, 69.7804,328.1608,198.4609,112.4916
9888.47967567,26423.074066,0.7040337, 69.7456,327.8221,198.2927,134.3493
9889.47761543,26423.149680,0.7039751, 69.7374,327.7250,198.2398,140.5250
9894.46809345,26423.659753,0.7039579, 69.7277,327.2485,197.9607,171.9199
9897.46249236,26423.837080,0.7041551, 69.7267,326.9670,197.8091,190.7664
9900.45696446,26423.689234,0.7042190, 69.7057,326.6795,197.6725,209.6511
9900.95607598,26423.672815,0.7042034, 69.7004,326.6308,197.6497,212.8273
9902.45370560,26423.378592,0.7041212, 69.6856,326.4837,197.5756,222.5875
9905.44846156,26422.740454,0.7040034, 69.6739,326.1921,197.4076,241.8148
9908.44330941,26422.121661,0.7041719, 69.6845,325.9090,197.2393,261.1419
9909.44161754,26421.918502,0.7042553, 69.6868,325.8151,197.1886,267.6016
9915.43155634,26419.798340,0.7043061, 69.6606,325.2378,196.9005,306.5703
9917.92773920,26416.523884,0.7042001, 69.6541,324.9948,196.7658,323.2139
9918.42696683,26415.358055,0.7041851, 69.6542,324.9463,196.7379,326.5440
9919.42540667,26411.642594,0.7041566, 69.6566,324.8494,196.6825,333.1999
9920.42384822,26405.474102,0.7041127, 69.6611,324.7522,196.6262,339.8640
9921.92154153,26404.251805,0.7041047, 69.6723,324.6041,196.5168,349.9105
9922.42077573,26428.598366,0.7043833, 69.6774,324.5542,196.4676,353.2749
9925.41619171,26388.917837,0.7043742, 69.6757,324.2516,196.2861, 13.4246
9927.41317846,26414.749699,0.7047299, 69.6692,324.0533,196.2075, 26.8799
9928.41169535,26417.382622,0.7047378, 69.6628,323.9553,196.1626, 33.6440
9929.41022328,26418.424359,0.7047108, 69.6561,323.8572,196.1129, 40.4283
9930.40879549,26418.876536,0.7046734, 69.6506,323.7593,196.0589, 47.2553
9931.40735774,26419.111647,0.7046467, 69.6477,323.6620,196.0013, 54.0824
9932.40593559,26419.261972,0.7046491, 69.6483,323.5657,195.9413, 60.9238
9933.40448785,26419.389822,0.7046922, 69.6521,323.4704,195.8806, 67.7437
9934.40294261,26419.507669,0.7047760, 69.6580,323.3762,195.8213, 74.4841
9934.40312467,26419.506803,0.7047760, 69.6580,323.3762,195.8213, 74.6166
9935.40155857,26419.606524,0.7048890, 69.6641,323.2826,195.7648, 81.3298
9937.39874304,26419.749273,0.7051272, 69.6708,323.0954,195.6619, 94.9496
9938.39719282,26419.802274,0.7052181, 69.6698,323.0009,195.6139,101.6410
9939.39563459,26419.842062,0.7052786, 69.6663,322.9056,195.5665,108.3211
9940.39418438,26419.875094,0.7053097, 69.6610,322.8097,195.5182,115.0774
9940.39475626,26419.874186,0.7053097, 69.6610,322.8097,195.5182,115.4936
9941.39340195,26419.908750,0.7053180, 69.6552,322.7132,195.4683,122.3190
9942.39204746,26419.955075,0.7053137, 69.6500,322.6166,195.4161,129.1444
9943.39073986,26420.016839,0.7053081, 69.6461,322.5201,195.3617,136.0037
9944.38941183,26420.104687,0.7053124, 69.6443,322.4239,195.3053,142.8465
9945.38813477,26420.222713,0.7053355, 69.6448,322.3283,195.2477,149.7226
9947.38561053,26420.486384,0.7054584, 69.6517,322.1389,195.1321,163.4777
9948.38435588,26420.680152,0.7055580, 69.6567,322.0450,195.0760,170.3464
9949.38312942,26420.884172,0.7056756, 69.6616,321.9515,195.0221,177.2230
9950.38190176,26421.086662,0.7058013, 69.6652,321.8580,194.9708,184.0856
9951.38068322,26421.277941,0.7059236, 69.6667,321.7643,194.9219,190.9425
9952.37948199,26421.448399,0.7060313, 69.6656,321.6700,194.8752,197.8014
9952.37948203,26421.448398,0.7060313, 69.6656,321.6700,194.8752,197.8014
9953.37829432,26421.551011,0.7061157, 69.6619,321.5750,194.8296,204.7033
9954.37709822,26421.619902,0.7061720, 69.6559,321.4792,194.7843,211.5555
9955.37591156,26421.653849,0.7062015, 69.6487,321.3826,194.7379,218.4146
9956.37472759,26421.644864,0.7062109, 69.6415,321.2855,194.6897,225.2784
9957.37355107,26421.625849,0.7062121, 69.6356,321.1882,194.6390,232.1516
9958.37238843,26421.591234,0.7062200, 69.6322,321.0911,194.5858,239.0378
9960.37008970,26421.429735,0.7063132, 69.6351,320.8990,194.4748,252.8308
9961.36892408,26421.322855,0.7064133, 69.6405,320.8042,194.4199,259.7103
9962.36778651,26421.198221,0.7065431, 69.6465,320.7100,194.3677,266.6033
9963.36664754,26421.056371,0.7066867, 69.6514,320.6159,194.3188,273.4882
9964.36551173,26420.901338,0.7068237, 69.6536,320.5215,194.2733,280.3703
9965.36437506,26420.710953,0.7069362, 69.6525,320.4263,194.2301,287.2505
9966.36323985,26420.464358,0.7070145, 69.6482,320.3303,194.1878,294.1354
9966.36323993,26420.464355,0.7070145, 69.6482,320.3303,194.1878,294.1355
9968.36070908,26419.599674,0.7070730, 69.6348,320.1359,194.1004,308.0540
9970.35854306,26417.286917,0.7070585, 69.6233,319.9399,194.0056,321.9660
9971.35747838,26414.677661,0.7070422, 69.6204,319.8416,193.9562,328.9496
9972.35642665,26409.818220,0.7070120, 69.6199,319.7430,193.9061,335.9495
9973.35538026,26401.506830,0.7069423, 69.6222,319.6434,193.8524,342.9612
9974.35434539,26401.264534,0.7069304, 69.6283,319.5417,193.7767,350.0010
9975.35331255,26474.835335,0.7078047, 69.6390,319.4416,193.6978,357.0630
9977.35124629,26379.967429,0.7071335, 69.6356,319.2357,193.5764, 11.1666
9978.35021392,26403.644282,0.7075475, 69.6371,319.1338,193.5345, 18.2025
9979.34918202,26413.436486,0.7077434, 69.6364,319.0351,193.5002, 25.2457
9983.34589090,26418.425480,0.7078937, 69.6097,318.6418,193.3335, 54.1673
9984.34385691,26418.258870,0.7078774, 69.6023,318.5429,193.2842, 60.5570
9984.34414954,26418.259972,0.7078772, 69.6023,318.5429,193.2842, 60.7700
9986.34267053,26417.841822,0.7078701, 69.5943,318.3459,193.1777, 75.4845
9987.34145497,26417.660127,0.7079041, 69.5946,318.2482,193.1222, 82.5137
9988.34029384,26417.502584,0.7079716, 69.5971,318.1514,193.0669, 89.5889
9989.33920367,26417.368324,0.7080696, 69.6007,318.0551,193.0132, 96.7183
9990.33812701,26417.227368,0.7081871, 69.6036,317.9592,192.9622,103.8572
9991.33705967,26417.097723,0.7083074, 69.6043,317.8632,192.9143,111.0020
9992.33599860,26416.959124,0.7084118, 69.6016,317.7667,192.8690,118.1511
9993.33495211,26416.818396,0.7084859, 69.5951,317.6694,192.8250,125.3129
9994.33392381,26416.682562,0.7085241, 69.5857,317.5712,192.7807,132.4926
9995.33293146,26416.573165,0.7085304, 69.5747,317.4723,192.7347,139.7049
9996.33196551,26416.498857,0.7085162, 69.5638,317.3729,192.6862,146.9433
9997.33090701,26416.497515,0.7084964, 69.5543,317.2734,192.6350,154.1192
9998.33110296,26416.544625,0.7084847, 69.5471,317.1742,192.5817,162.2098
9999.33020236,26416.627957,0.7084915, 69.5424,317.0754,192.5271,169.5008
10000.32929862,26416.733077,0.7085227, 69.5401,316.9771,192.4721,176.7854
10001.32839314,26416.862344,0.7085797, 69.5395,316.8795,192.4178,184.0620
10002.32748277,26417.008406,0.7086594, 69.5397,316.7823,192.3650,191.3261
10004.32564317,26417.323767,0.7088562, 69.5382,316.5885,192.2659,205.8099
10005.32471505,26417.453023,0.7089522, 69.5345,316.4915,192.2198,213.0304
10006.32378094,26417.596700,0.7090322, 69.5280,316.3940,192.1755,220.2384
10007.32284223,26417.723128,0.7090876, 69.5188,316.2959,192.1321,227.4371
10008.32190183,26417.811223,0.7091138, 69.5072,316.1970,192.0885,234.6316
10009.32096012,26417.884947,0.7091129, 69.4944,316.0976,192.0436,241.8253
10012.31814239,26418.096161,0.7090392, 69.4610,315.7975,191.8957,263.4151
10013.31717629,26418.124710,0.7090326, 69.4547,315.6979,191.8425,270.5886
10015.31530903,26418.102617,0.7091011, 69.4502,315.5006,191.7358,284.9607
10016.31431417,26417.992509,0.7091759, 69.4500,315.4027,191.6848,292.0850
10017.31336074,26417.773830,0.7092669, 69.4495,315.3050,191.6369,299.2265
10018.31239487,26417.415652,0.7093598, 69.4471,315.2071,191.5922,306.3466
10019.31141592,26416.795454,0.7094373, 69.4419,315.1088,191.5507,313.4468
10021.30943253,26413.610072,0.7094821, 69.4219,314.9092,191.4733,327.6124
10022.30843281,26409.423606,0.7094195, 69.4089,314.8074,191.4349,334.6896
10023.30743240,26401.326897,0.7092693, 69.3961,314.7038,191.3928,341.7720
10025.30543161,26457.084276,0.7096334, 69.3843,314.4906,191.2378,356.0065
10026.30442755,26424.027903,0.7092576, 69.3758,314.3881,191.2347,  3.1010
10027.30338858,26377.165164,0.7088491, 69.3663,314.2769,191.1209, 10.2213
10028.30236585,26400.993593,0.7091862, 69.3658,314.1705,191.0666, 17.3145
10030.30029042,26416.265084,0.7094391, 69.3689,313.9692,190.9815, 31.4801
10033.29671070,26418.290747,0.7096199, 69.3619,313.6725,190.8511, 52.4144
10034.29555798,26418.243899,0.7096436, 69.3541,313.5730,190.8087, 59.4317
10034.29623308,26418.251152,0.7096432, 69.3541,313.5730,190.8087, 59.9231
10035.29503854,26418.117369,0.7096397, 69.3440,313.4729,190.7657, 66.9184
10036.29388026,26417.942472,0.7096096, 69.3325,313.3722,190.7212, 73.9514
10037.29266764,26417.738092,0.7095593, 69.3207,313.2710,190.6745, 80.9584
10038.29145389,26417.539872,0.7094996, 69.3103,313.1696,190.6250, 87.9789
10040.28904907,26417.152381,0.7094062, 69.2975,312.9671,190.5190,102.0757
10040.28904908,26417.152381,0.7094062, 69.2975,312.9671,190.5190,102.0757
10041.28740816,26416.952588,0.7093942, 69.2958,312.8666,190.4641,108.8813
10042.28613051,26416.769470,0.7094122, 69.2966,312.7667,190.4095,115.8976
10044.28366942,26416.415449,0.7095186, 69.3008,312.5683,190.3056,130.0113
10044.28371859,26416.415321,0.7095186, 69.3008,312.5683,190.3056,130.0471
10052.77318363,26413.989733,0.7094805, 69.2469,311.7142,189.8932,190.3746
10061.76075288,26413.743506,0.7098508, 69.2362,310.8147,189.4221,253.8642
10064.25709975,26414.071343,0.7098127, 69.2107,310.5618,189.3008,271.3198
10067.75195480,26413.889703,0.7097243, 69.1921,310.2065,189.1115,295.7474
10072.74430952,26408.413098,0.7100327, 69.2042,309.7059,188.8571,330.2839
10076.73790617,26473.328587,0.7106983, 69.1912,309.2876,188.6284,357.5806
10077.73626667,26403.223276,0.7099110, 69.1776,309.1831,188.6160,  4.3592
10078.73465469,26377.887750,0.7097122, 69.1656,309.0709,188.5102, 11.1936
10090.71450708,26415.952031,0.7106463, 69.1714,307.8594,187.9395, 92.0275
10093.70918276,26415.437545,0.7105949, 69.1582,307.5553,187.7866,112.1174
10095.70560473,26415.154085,0.7106379, 69.1637,307.3533,187.6765,125.5387
10095.70561109,26415.154058,0.7106379, 69.1637,307.3533,187.6765,125.5433
10114.66964990,26410.408278,0.7118648, 69.2059,305.4441,186.7338,253.1174
10115.66817966,26410.248934,0.7119356, 69.2027,305.3435,186.6884,260.2267
10116.66625075,26410.114218,0.7119815, 69.1972,305.2426,186.6424,267.0104
10117.16511174,26410.008581,0.7119964, 69.1942,305.1920,186.6181,270.2785
10117.16511175,26410.008581,0.7119964, 69.1942,305.1920,186.6181,270.2786
10117.16526524,26410.007473,0.7119965, 69.1942,305.1920,186.6181,270.3992
10129.14082098,26382.335874,0.7124524, 69.1925,303.9615,186.0200,350.7874
10129.63977193,26407.081076,0.7126931, 69.1927,303.9068,185.9705,354.1097
10130.13869956,26462.573629,0.7133074, 69.1922,303.8538,185.9400,357.4061
10130.13922174,26468.293032,0.7133717, 69.1925,303.8537,185.9426,357.7857
10155.58345454,26412.917617,0.7143290, 69.1323,301.2387,184.7516,163.4960
10157.57865373,26412.441287,0.7143907, 69.1135,301.0346,184.6702,176.1952
10167.55385134,26410.087801,0.7147897, 69.0875,300.0042,184.1926,239.7523
10184.51533616,26379.974356,0.7149610, 68.9840,298.2256,183.3916,352.1494
10186.51046419,26393.894836,0.7150139, 68.9567,298.0073,183.3044,  5.1435
10186.51085382,26389.888826,0.7149743, 68.9563,298.0068,183.3015,  5.4291
10192.49608366,26408.821953,0.7153988, 68.9322,297.3583,182.9677, 44.1743
10193.49366597,26409.401518,0.7154766, 68.9315,297.2545,182.9232, 50.6279
10196.48624293,26410.279214,0.7156309, 68.9120,296.9441,182.7958, 69.8092
10207.45854364,26411.603366,0.7156568, 68.8442,295.7948,182.2688,139.5365
10209.45331190,26411.518205,0.7157679, 68.8387,295.5874,182.1838,152.0226
10218.42947855,26409.877707,0.7156804, 68.7838,294.6400,181.7515,208.3901
10226.40974021,26408.422907,0.7159188, 68.7522,293.7999,181.3909,259.9686
10233.39074749,26406.090350,0.7159706, 68.7504,293.0555,181.0276,304.4738
10233.39141986,26406.071009,0.7159709, 68.7504,293.0555,181.0276,304.9634
10237.38084081,26400.849429,0.7161963, 68.7509,292.6313,180.8512,330.6771
10246.35666002,26401.641908,0.7163187, 68.7300,291.6275,180.3421, 28.3842
10246.85512206,26403.075268,0.7163775, 68.7339,291.5738,180.3208, 31.4280
10249.34844926,26406.567941,0.7166181, 68.7404,291.3084,180.2150, 47.3594
10249.34859735,26406.577160,0.7166181, 68.7404,291.3084,180.2151, 47.4673
10249.84742598,26406.712445,0.7166465, 68.7397,291.2556,180.1938, 50.7666
10249.84754939,26406.718153,0.7166464, 68.7397,291.2556,180.1938, 50.8565
10260.31896200,26409.206972,0.7169222, 68.7279,290.1417,179.6800,117.1337
10261.31618776,26409.362922,0.7170194, 68.7349,290.0360,179.6342,123.3642
10269.79282924,26408.718679,0.7173288, 68.7191,289.1378,179.2544,176.4428
10270.79019187,26408.573805,0.7173629, 68.7232,289.0305,179.2027,182.8017
10283.25502669,26406.353875,0.7181231, 68.7412,287.7015,178.6351,261.0429
10285.24949299,26405.777080,0.7182185, 68.7506,287.4863,178.5344,273.7795
10287.24368543,26405.112502,0.7183964, 68.7672,287.2714,178.4382,286.3416
10287.24392123,26405.111172,0.7183965, 68.7672,287.2714,178.4382,286.5133
10287.24418310,26405.109676,0.7183966, 68.7671,287.2714,178.4383,286.7041
10293.22666591,26401.419393,0.7188701, 68.7696,286.6310,178.1881,324.4592
10293.72522396,26400.347013,0.7188717, 68.7659,286.5773,178.1667,327.6355
10299.70807260,26387.781850,0.7188285, 68.7670,285.9025,177.8513,  5.9965
10301.70223564,26387.039857,0.7192068, 68.7740,285.6722,177.7181, 18.6566
10305.19213919,26402.658148,0.7196583, 68.7660,285.2938,177.5913, 40.7618
10309.67875288,26404.944403,0.7197233, 68.7295,284.8126,177.3908, 68.8811
10309.67902987,26404.947593,0.7197232, 68.7295,284.8126,177.3909, 69.0829
10311.67299212,26405.443759,0.7197774, 68.7255,284.5972,177.2917, 81.5098
10311.67325989,26405.445044,0.7197774, 68.7255,284.5972,177.2917, 81.7049
10311.67325990,26405.445044,0.7197774, 68.7255,284.5972,177.2917, 81.7049
10313.16882455,26405.793448,0.7198673, 68.7286,284.4354,177.2193, 91.0750
10314.16558886,26405.996594,0.7199491, 68.7323,284.3278,177.1727, 97.1059
10314.66411104,26406.096305,0.7199942, 68.7342,284.2742,177.1494,100.2189
10315.16265150,26406.187452,0.7200429, 68.7359,284.2205,177.1284,103.3421
10317.15666546,26406.475164,0.7202312, 68.7369,284.0072,177.0470,115.6988
10318.15373468,26406.572607,0.7203045, 68.7320,283.9011,177.0086,121.9098
10320.14776486,26406.535698,0.7203724, 68.7119,283.6893,176.9304,134.2491
10320.14779097,26406.535760,0.7203724, 68.7119,283.6893,176.9304,134.2682
10320.14779103,26406.535760,0.7203724, 68.7119,283.6893,176.9304,134.2682
10327.12824917,26406.257574,0.7205266, 68.6802,282.9344,176.6065,178.5758
10329.12090052,26406.134204,0.7207121, 68.6845,282.7190,176.5235,189.9513
10329.12092862,26406.134120,0.7207122, 68.6845,282.7190,176.5235,189.9718
10334.10577679,26405.158471,0.7208893, 68.6413,282.1858,176.3228,220.8613
10334.10577688,26405.158471,0.7208893, 68.6413,282.1858,176.3228,220.8614
10345.57072079,26402.126421,0.7212058, 68.6014,280.9372,175.8023,292.5649
10350.05629427,26400.162881,0.7211273, 68.5440,280.4496,175.6019,320.5288
10350.55471784,26399.435141,0.7211141, 68.5402,280.3945,175.5769,323.6760
10360.02491611,26391.212244,0.7214390, 68.5043,279.3062,175.0904, 23.5007
10360.02495904,26391.245272,0.7214394, 68.5043,279.3062,175.0905, 23.5319
10360.02495920,26391.245395,0.7214394, 68.5043,279.3062,175.0905, 23.5321
10362.01871019,26398.647296,0.7214520, 68.4785,279.0863,175.0065, 36.1019
10362.01936447,26398.768017,0.7214525, 68.4786,279.0862,175.0067, 36.5784
10367.99705175,26402.200978,0.7214510, 68.4541,278.4246,174.7120, 71.6727
10368.49731888,26402.218747,0.7214707, 68.4554,278.3695,174.6876, 76.1346
10370.98984361,26402.759086,0.7216021, 68.4562,278.0950,174.5770, 91.9901
10371.98662507,26402.930859,0.7216458, 68.4524,277.9860,174.5352, 98.1470
10376.97032757,26403.341554,0.7215907, 68.3972,277.4433,174.3140,128.7281
10381.95393467,26403.731760,0.7217227, 68.4034,276.8871,174.0707,159.2328
10381.95394041,26403.731752,0.7217227, 68.4034,276.8871,174.0707,159.2369
10388.93041033,26402.503160,0.7218888, 68.3706,276.1218,173.7735,201.5553
10401.88689443,26399.879402,0.7221832, 68.3795,274.6781,173.1720,281.4203
10410.85429257,26390.867072,0.7224982, 68.4039,273.6636,172.7499,335.8681
10410.85429290,26390.866849,0.7224982, 68.4039,273.6636,172.7499,335.8683
10416.83379465,26370.592777,0.7223724, 68.3757,272.9601,172.4216, 13.1278
10429.28849119,26400.128534,0.7232417, 68.4124,271.5508,171.8689, 88.2347
10430.28479243,26400.301473,0.7232431, 68.4059,271.4407,171.8237, 94.1523
10431.28165697,26400.473026,0.7232412, 68.4008,271.3299,171.7764,100.4813
10432.27800183,26400.637909,0.7232481, 68.3991,271.2183,171.7274,106.4321
10432.77606030,26400.622785,0.7232581, 68.4003,271.1619,171.7032,109.3233
10433.77244862,26400.782620,0.7232994, 68.4060,271.0487,171.6543,115.3005
10434.76894473,26400.942130,0.7233706, 68.4161,270.9349,171.6076,121.3485
10434.76917036,26400.942061,0.7233706, 68.4161,270.9349,171.6076,121.5129
10436.26333630,26401.197222,0.7235215, 68.4342,270.7646,171.5439,130.1443
10438.75397820,26400.972698,0.7237648, 68.4512,270.4851,171.4509,144.7641
10443.23663708,26399.923273,0.7238850, 68.4310,269.9900,171.2666,170.8453
10443.23705189,26399.923527,0.7238850, 68.4310,269.9900,171.2666,171.1476
10444.23311386,26399.684141,0.7238916, 68.4287,269.8787,171.2197,176.9188
10444.23316933,26399.684162,0.7238916, 68.4287,269.8787,171.2197,176.9593
10446.22555587,26399.273410,0.7239336, 68.4328,269.6542,171.1236,188.7270
10447.22176361,26399.101841,0.7239751, 68.4389,269.5412,171.0761,194.6289
10448.21797652,26398.942586,0.7240306, 68.4471,269.4280,171.0299,200.5388
10454.19477152,26397.746545,0.7244244, 68.4792,268.7550,170.7849,235.7361
10454.69271789,26397.659128,0.7244402, 68.4773,268.6997,170.7647,238.5957
10454.69271955,26397.659124,0.7244402, 68.4773,268.6997,170.7647,238.5969
10455.68883268,26397.378972,0.7244587, 68.4720,268.5893,170.7238,244.4195
10458.67707076,26396.490827,0.7244603, 68.4551,268.2562,170.5867,262.1310
10459.67299576,26396.205831,0.7244736, 68.4550,268.1435,170.5372,267.9558
10459.67313004,26396.206219,0.7244736, 68.4550,268.1435,170.5372,268.0537
10463.15909770,26395.149304,0.7247128, 68.4835,267.7431,170.3730,288.6562
10471.62409120,26386.909247,0.7250505, 68.4465,266.7920,170.0296,338.0311
10476.60448887,26375.179237,0.7249916, 68.4584,266.1939,169.7649,  7.7823
10476.60458410,26374.684734,0.7249877, 68.4584,266.1938,169.7643,  7.8521
10478.59619469,26379.956080,0.7253059, 68.4611,265.9560,169.6509, 19.2891
10480.58779648,26390.651053,0.7255277, 68.4582,265.7288,169.5806, 30.6679
10483.57502778,26395.180255,0.7255974, 68.4302,265.3970,169.4642, 47.5925
10483.57511379,26395.186690,0.7255974, 68.4302,265.3970,169.4642, 47.6552
10485.56682537,26396.382444,0.7255766, 68.4089,265.1760,169.3740, 59.1058
10490.54554645,26397.557450,0.7257752, 68.4159,264.6095,169.1503, 87.2519
10492.53694018,26397.550827,0.7259215, 68.4195,264.3846,169.0782, 98.3808
10499.00867838,26396.426324,0.7259378, 68.3554,263.6679,168.8077,134.5653
10499.00867902,26396.426325,0.7259378, 68.3554,263.6679,168.8077,134.5658
10501.49753889,26396.016620,0.7259556, 68.3506,263.3856,168.6880,148.4198
10506.47572734,26395.281652,0.7261404, 68.3585,262.8191,168.4750,176.5453
10506.47576656,26395.281657,0.7261404, 68.3585,262.8191,168.4750,176.5739
10510.95516356,26393.883027,0.7261410, 68.3172,262.3202,168.2903,201.3649
10511.45292151,26393.762755,0.7261255, 68.3107,262.2647,168.2665,204.1752
10511.95058685,26393.517303,0.7261098, 68.3050,262.2090,168.2428,206.9230
10512.44834609,26393.414012,0.7260954, 68.2997,262.1529,168.2179,209.7437
10513.44371989,26393.101942,0.7260755, 68.2926,262.0399,168.1674,215.2919
10513.94103234,26392.869518,0.7260723, 68.2911,261.9829,168.1422,217.7983
10513.94103235,26392.869518,0.7260723, 68.2911,261.9829,168.1422,217.7983
10514.93648547,26392.584061,0.7260835, 68.2913,261.8679,168.0918,222.9893
10515.43421311,26392.575054,0.7260984, 68.2927,261.8101,168.0671,225.8038
10516.42967087,26392.383634,0.7261436, 68.2979,261.6942,168.0201,231.4366
10516.92733172,26392.196258,0.7261720, 68.3012,261.6362,167.9977,234.2037
10517.42504853,26392.233163,0.7262026, 68.3034,261.5785,167.9762,237.0106
10517.92268818,26392.068483,0.7262336, 68.3057,261.5210,167.9551,239.7616
10518.42039647,26392.133082,0.7262638, 68.3064,261.4638,167.9350,242.5617
10518.91802406,26391.993667,0.7262913, 68.3066,261.4069,167.9147,245.3036
10519.41572333,26392.069331,0.7263149, 68.3049,261.3504,167.8952,248.0973
10519.41616344,26392.068298,0.7263150, 68.3049,261.3504,167.8952,248.4181
10519.91432780,26391.960485,0.7263342, 68.3024,261.2941,167.8749,251.5521
10520.41201975,26392.036777,0.7263479, 68.2982,261.2382,167.8554,254.3421
10520.90968626,26391.968309,0.7263567, 68.2933,261.1825,167.8343,257.1156
10521.90504188,26392.020743,0.7263590, 68.2806,261.0716,167.7916,262.6829
10521.90504252,26392.020744,0.7263590, 68.2806,261.0716,167.7916,262.6833
10522.40272968,26392.109631,0.7263532, 68.2734,261.0162,167.7702,265.4819
10524.39344237,26392.312238,0.7263139, 68.2460,260.7934,167.6752,276.6389
10525.88659461,26392.589427,0.7262926, 68.2313,260.6242,167.5989,285.0952
10526.88168135,26392.757584,0.7262900, 68.2257,260.5104,167.5483,290.4744
10527.87713070,26392.900280,0.7263002, 68.2232,260.3957,167.4984,296.1110
10527.87713133,26392.900282,0.7263002, 68.2232,260.3957,167.4984,296.1115
10528.87211906,26393.009025,0.7263225, 68.2231,260.2806,167.4498,301.4027
10531.85866661,26392.676944,0.7264383, 68.2277,259.9348,167.3149,318.3808
10532.85405645,26392.128909,0.7264793, 68.2274,259.8202,167.2740,323.9321
10533.84921994,26390.999930,0.7265107, 68.2247,259.7061,167.2350,329.3110
10534.84458044,26388.394982,0.7265199, 68.2188,259.5923,167.1982,334.8264
10535.84008383,26382.010383,0.7264770, 68.2094,259.4785,167.1640,340.4392
10536.83542566,26366.880126,0.7263144, 68.1969,259.3634,167.1304,345.9290
10537.83077039,26340.772523,0.7259645, 68.1841,259.2442,167.0794,351.4271
10538.82612835,26388.577241,0.7263291, 68.1779,259.1207,166.9710,356.9753
10539.82150798,26462.574206,0.7270548, 68.1725,259.0057,166.9658,  2.4973
10539.82159054,26461.688455,0.7270451, 68.1724,259.0057,166.9664,  2.5573
10540.81699383,26375.932233,0.7261700, 68.1594,258.8875,166.8946,  8.1317
10541.81242979,26369.298798,0.7261959, 68.1554,258.7656,166.8173, 13.7172
10542.80790203,26378.426982,0.7263618, 68.1593,258.6449,166.7676, 19.3048
10543.80340483,26384.674425,0.7264887, 68.1669,258.5255,166.7272, 24.9016
10545.79463086,26390.080777,0.7266582, 68.1793,258.2908,166.6559, 36.2303
10547.78581754,26391.794540,0.7267303, 68.1746,258.0630,166.5853, 47.5305
10548.78116489,26392.145756,0.7267313, 68.1662,257.9509,166.5468, 53.0160
10549.77657994,26392.347195,0.7267157, 68.1559,257.8392,166.5050, 58.5659
10550.77202279,26392.401251,0.7266907, 68.1458,257.7273,166.4602, 64.1522
10551.76497575,26392.330417,0.7266654, 68.1376,257.6148,166.4126, 67.9397
10552.76185680,26392.262605,0.7266440, 68.1323,257.5012,166.3638, 74.6043
10553.75750728,26392.133027,0.7266328, 68.1305,257.3866,166.3142, 80.3837
10557.73856048,26391.552834,0.7266976, 68.1489,256.9214,166.1247,102.4384
10558.73515638,26391.390173,0.7267297, 68.1556,256.8049,166.0812,108.9334
10560.72611501,26390.947988,0.7267879, 68.1647,256.5733,165.9981,120.3122
10561.72228234,26390.685566,0.7268065, 68.1656,256.4586,165.9573,126.5158
10562.71830999,26390.380654,0.7268144, 68.1637,256.3447,165.9162,132.6295
10563.71362508,26390.039960,0.7268101, 68.1590,256.2314,165.8739,138.2386
10564.70958703,26389.668947,0.7267943, 68.1522,256.1184,165.8294,144.3369
10566.69917411,26388.896532,0.7267473, 68.1389,255.8911,165.7327,154.8899
10567.69492048,26388.560696,0.7267328, 68.1365,255.7756,165.6811,160.8901
10569.68617615,26388.212393,0.7267666, 68.1483,255.5392,165.5787,172.7510
10571.67781414,26388.191895,0.7268839, 68.1738,255.3000,165.4885,184.8886
10573.66904436,26388.187138,0.7270003, 68.1882,255.0656,165.4095,196.7103
10574.66474082,26388.161416,0.7270330, 68.1870,254.9509,165.3699,202.6814
10575.66041532,26388.157583,0.7270469, 68.1815,254.8373,165.3282,208.6402
10576.65601546,26388.178923,0.7270471, 68.1739,254.7240,165.2838,214.5511
10577.65161065,26388.237670,0.7270408, 68.1664,254.6103,165.2368,220.4626
10578.64734871,26388.328102,0.7270350, 68.1607,254.4958,165.1880,226.4802
10579.64388373,26388.449871,0.7270351, 68.1580,254.3803,165.1380,233.0779
10580.63896415,26388.589885,0.7270448, 68.1587,254.2638,165.0879,238.6115
10581.63502471,26388.755320,0.7270658, 68.1627,254.1464,165.0383,244.8533
10582.62833958,26388.902596,0.7270973, 68.1693,254.0284,164.9900,249.0847
10583.62378186,26389.050456,0.7271378, 68.1778,253.9101,164.9432,254.8577
10584.62310778,26389.200306,0.7271853, 68.1870,253.7918,164.8982,263.4524
10585.61622881,26389.326845,0.7272342, 68.1959,253.6739,164.8548,267.5130
10586.61046440,26389.454388,0.7272823, 68.2035,253.5566,164.8127,272.3770
10587.60570964,26389.591353,0.7273263, 68.2089,253.4402,164.7717,277.9687
10589.60016304,26389.943855,0.7273923, 68.2115,253.2100,164.6904,292.0197
10594.58047164,26390.379899,0.7274322, 68.1900,252.6410,164.4691,322.8488
10596.57182722,26387.016992,0.7274792, 68.1998,252.4055,164.3810,334.6064
10598.56377346,26361.311809,0.7273715, 68.2258,252.1598,164.3184,346.7426
10601.55104199,26427.494581,0.7280482, 68.2613,251.7835,164.2014,  4.4619
10602.54736064,26365.067274,0.7274999, 68.2517,251.6630,164.1224, 10.8164
10603.54324632,26370.345736,0.7276248, 68.2442,251.5444,164.0697, 16.8441
10604.53926794,26378.228800,0.7277219, 68.2382,251.4281,164.0290, 22.9796
10605.53519211,26382.663425,0.7277634, 68.2343,251.3126,163.9875, 29.0615
10606.53109206,26385.005384,0.7277829, 68.2334,251.1969,163.9439, 35.1415
10608.52294746,26386.910739,0.7278183, 68.2413,250.9632,163.8538, 47.3762
10609.51904310,26387.241083,0.7278450, 68.2494,250.8452,163.8093, 53.6266
10610.51826871,26387.477283,0.7278774, 68.2595,250.7267,163.7663, 62.1638
10635.42362307,26386.364685,0.7283351, 68.2960,247.8308,162.7115,222.7792
10637.41005468,26386.578339,0.7283895, 68.3044,247.5966,162.6206,231.2684
10637.41081383,26386.578729,0.7283896, 68.3045,247.5966,162.6206,231.8220
10644.38426853,26387.525334,0.7285685, 68.3092,246.7916,162.3400,276.5488
10644.88299632,26387.685634,0.7285680, 68.3044,246.7360,162.3189,280.1878
10646.37725215,26387.867615,0.7285554, 68.2891,246.5691,162.2565,289.7012
10647.37367304,26388.045552,0.7285454, 68.2789,246.4576,162.2120,296.2281
10648.37009941,26388.158069,0.7285396, 68.2708,246.3452,162.1663,302.7619
10649.36654419,26388.202581,0.7285436, 68.2663,246.2314,162.1200,309.3114
10649.36654421,26388.202581,0.7285436, 68.2663,246.2314,162.1200,309.3115
10650.36296120,26388.046042,0.7285615, 68.2663,246.1158,162.0747,315.8420
10655.34540119,26347.502731,0.7283892, 68.2886,245.5212,161.9190,348.6827
10655.34540121,26347.502644,0.7283892, 68.2886,245.5212,161.9190,348.6827
10656.34195809,26333.198888,0.7281257, 68.2855,245.3940,161.8406,355.3274
10660.32807537,26373.298177,0.7285556, 68.2366,244.9269,161.6428, 21.9815
10661.32462462,26378.363456,0.7286005, 68.2302,244.8113,161.5988, 28.6867
10663.31806168,26382.235477,0.7286347, 68.2282,244.5788,161.5104, 42.3754
10664.31467568,26382.853718,0.7286483, 68.2308,244.4618,161.4670, 49.1553
10667.30505069,26383.182188,0.7286884, 68.2407,244.1110,161.3438, 69.9204
10668.30235283,26383.095098,0.7286950, 68.2415,243.9952,161.3046, 77.2282
10669.29920406,26382.939525,0.7286949, 68.2398,243.8805,161.2654, 84.2164
10670.29629389,26382.780684,0.7286867, 68.2350,243.7668,161.2256, 91.3898
10671.29302604,26382.572393,0.7286700, 68.2273,243.6541,161.1846, 98.3152
10671.29302605,26382.572394,0.7286700, 68.2273,243.6541,161.1846, 98.3152
10672.29007649,26382.349701,0.7286455, 68.2169,243.5423,161.1414,105.4465
10673.28534553,26382.114750,0.7286166, 68.2049,243.4308,161.0958,111.3369
10673.28724592,26382.125030,0.7286160, 68.2049,243.4308,161.0958,112.7229
10673.28771438,26382.127518,0.7286159, 68.2049,243.4308,161.0958,113.0646
10682.25604694,26382.876918,0.7286483, 68.1869,242.3863,160.6823,174.2490
10683.25377588,26383.017604,0.7286478, 68.1796,242.2729,160.6450,181.9162
10684.25063955,26383.095446,0.7286329, 68.1671,242.1614,160.6052,188.9519
10684.25074683,26383.095636,0.7286329, 68.1671,242.1614,160.6052,189.0302
10701.19595889,26385.389696,0.7285855, 68.0670,240.2213,159.8350,307.1003
10705.18514802,26380.766681,0.7285832, 68.0540,239.7582,159.6507,336.3655
10709.17461976,26404.657762,0.7287579, 68.0911,239.2478,159.4931,  5.8572
10709.17644272,26385.885019,0.7285750, 68.0894,239.2467,159.4841,  7.1941
10718.14738863,26380.387384,0.7285426, 68.0492,238.1941,159.0467, 70.2790
10754.05024172,26376.710780,0.7286267, 68.1436,233.9542,157.4867,338.7713
10755.04798908,26356.808667,0.7284293, 68.1382,233.8357,157.4601,346.4922
10756.04602657,26313.255902,0.7278640, 68.1361,233.7058,157.3922,354.4515
10758.04158187,26366.177386,0.7283547, 68.1442,233.4555,157.2735, 10.0709
10766.01968021,26377.709620,0.7285517, 68.2086,232.4869,156.9608, 69.6026
10769.01384515,26377.332254,0.7284611, 68.1978,232.1442,156.8268, 93.9060
10770.01198913,26377.102201,0.7284496, 68.2006,232.0269,156.7794,102.1090
10772.00735685,26376.653135,0.7284477, 68.2159,231.7880,156.6868,117.8779
10794.95329084,26377.789663,0.7281189, 68.2604,229.1084,155.7353,299.0436
10801.94108875,26336.465684,0.7276104, 68.2763,228.2682,155.4052,357.0395
10802.94091217,26397.217606,0.7281789, 68.2868,228.1446,155.4069,  6.4541
10805.93394803,26369.448613,0.7279832, 68.2796,227.7876,155.2503, 30.0691
10806.93217288,26372.064825,0.7279745, 68.2750,227.6743,155.2141, 38.3486
10807.93085657,26373.418960,0.7279471, 68.2685,227.5624,155.1754, 46.9771
10808.92734253,26373.974541,0.7279128, 68.2609,227.4514,155.1337, 54.0174
10809.92561060,26374.327942,0.7278786, 68.2533,227.3403,155.0898, 62.3733
10810.92395429,26374.464924,0.7278485, 68.2471,227.2286,155.0441, 70.7997
10811.92221421,26374.471354,0.7278247, 68.2436,227.1156,154.9975, 79.1792
10812.92054314,26374.397278,0.7278078, 68.2437,227.0006,154.9510, 87.6206
10813.91855398,26374.277238,0.7277961, 68.2481,226.8836,154.9062, 95.8380
10815.91397985,26374.007019,0.7277695, 68.2661,226.6454,154.8261,111.8462
10816.91282961,26373.875381,0.7277410, 68.2748,226.5268,154.7915,120.6792
10817.91070040,26373.703802,0.7276967, 68.2787,226.4107,154.7586,128.8001
10819.90791144,26373.189166,0.7275739, 68.2659,226.1884,154.6870,146.1501
10821.90669141,26372.469264,0.7274633, 68.2395,225.9712,154.5978,164.7348
10822.90314312,26372.184194,0.7274291, 68.2295,225.8605,154.5484,171.9152
10823.90257786,26372.006610,0.7274074, 68.2237,225.7476,154.4981,181.2858
10824.90195542,26371.917534,0.7273951, 68.2220,225.6327,154.4486,190.6212
10826.89911772,26371.972836,0.7273815, 68.2262,225.3993,154.3546,208.1301
10827.89788268,26372.086635,0.7273731, 68.2295,225.2822,154.3106,217.0121
10828.89630045,26372.226772,0.7273607, 68.2321,225.1656,154.2682,225.6341
10830.89316321,26372.506626,0.7273195, 68.2317,224.9352,154.1867,242.8791
10831.89172115,26372.647128,0.7272909, 68.2278,224.8219,154.1463,251.5864
10832.89025385,26372.775390,0.7272586, 68.2212,224.7099,154.1052,260.2725
10833.88878481,26372.900284,0.7272243, 68.2123,224.5991,154.0630,268.9569
10844.87208160,26433.894626,0.7275749, 68.1833,223.3156,153.5815,  4.0012
10845.86673256,26364.736133,0.7268330, 68.1730,223.2002,153.5263,  9.8200
10847.86383231,26364.907575,0.7268460, 68.1438,222.9733,153.4242, 27.1298
10850.85779342,26370.923425,0.7268119, 68.1104,222.6434,153.2906, 51.9509
10851.85933336,26371.393359,0.7268045, 68.1079,222.5298,153.2437, 62.8425
10855.85227087,26371.286282,0.7267715, 68.1213,222.0651,153.0683, 96.8096
10856.85088223,26371.169388,0.7267500, 68.1242,221.9495,153.0278,105.5872
10856.85089380,26371.169488,0.7267500, 68.1242,221.9495,153.0278,105.5956
10857.84895432,26371.032519,0.7267220, 68.1252,221.8350,152.9877,113.9767
10857.84896589,26371.032607,0.7267220, 68.1252,221.8350,152.9877,113.9852
10858.84781822,26370.866403,0.7266885, 68.1238,221.7217,152.9475,122.9535
10858.84782980,26370.866478,0.7266885, 68.1238,221.7217,152.9475,122.9619
10859.84602141,26370.676873,0.7266510, 68.1199,221.6098,152.9065,131.4584
10859.84603299,26370.676937,0.7266510, 68.1199,221.6098,152.9065,131.4668
10860.84467236,26370.460392,0.7266114, 68.1138,221.4990,152.8641,140.3025
10861.84299062,26370.208751,0.7265728, 68.1058,221.3889,152.8199,148.9181
10862.84172200,26369.928274,0.7265372, 68.0969,221.2792,152.7738,157.8511
10863.84026567,26369.618370,0.7265073, 68.0881,221.1691,152.7257,166.6644
10864.84014825,26369.310927,0.7264847, 68.0808,221.0580,152.6760,176.4723
10865.83769121,26369.022323,0.7264706, 68.0763,220.9452,152.6254,184.5884
10866.83749888,26368.795909,0.7264632, 68.0757,220.8302,152.5750,194.3702
10867.83410710,26368.619334,0.7264594, 68.0793,220.7130,152.5261,201.8252
10868.83514975,26368.521539,0.7264533, 68.0866,220.5940,152.4797,212.5208
10869.83282679,26368.471032,0.7264397, 68.0955,220.4743,152.4366,220.7589
10870.83091153,26368.447923,0.7264132, 68.1035,220.3552,152.3964,229.2916
10871.82907267,26368.429045,0.7263725, 68.1077,220.2383,152.3579,237.8776
10871.82911237,26368.429081,0.7263724, 68.1077,220.2383,152.3579,237.9066
10872.82717128,26368.402568,0.7263204, 68.1062,220.1243,152.3191,246.4162
10872.82745946,26368.402910,0.7263204, 68.1062,220.1243,152.3191,246.6265
10873.82592537,26368.391089,0.7262647, 68.0989,220.0131,152.2781,255.4410
10874.82455111,26368.438557,0.7262145, 68.0876,219.9036,152.2337,264.3814
10875.82605441,26368.595256,0.7261776, 68.0753,219.7943,152.1856,275.4314
10876.82426072,26368.822716,0.7261571, 68.0651,219.6838,152.1349,284.0806
10877.82302079,26369.133021,0.7261526, 68.0588,219.5711,152.0831,293.1347
10878.82079993,26369.481030,0.7261596, 68.0571,219.4560,152.0321,301.4682
10878.82088939,26369.482852,0.7261596, 68.0571,219.4560,152.0321,301.5335
10879.81969511,26369.860593,0.7261742, 68.0593,219.3389,151.9830,310.6071
10880.81837937,26370.157208,0.7261915, 68.0640,219.2205,151.9367,319.5810
10881.81688638,26369.983855,0.7262070, 68.0696,219.1015,151.8942,328.4135
10882.81530592,26367.306671,0.7262035, 68.0744,218.9820,151.8580,337.1679
10883.81374700,26349.857260,0.7260490, 68.0766,218.8604,151.8349,345.9173
10884.81193584,26294.015092,0.7253636, 68.0786,218.7279,151.7807,354.4809
10884.81224605,26294.031579,0.7253584, 68.0788,218.7272,151.7777,354.7086
10885.81066101,26436.588120,0.7267315, 68.0922,218.5978,151.7270,  3.4517
10887.81240126,26359.774630,0.7260076, 68.0761,218.3594,151.6024, 24.5149
10888.81139289,26364.359496,0.7260357, 68.0702,218.2456,151.5610, 33.6504
10889.81049017,26366.783329,0.7260332, 68.0636,218.1335,151.5181, 42.8620
10889.81054939,26366.790454,0.7260332, 68.0636,218.1335,151.5182, 42.9052
10890.80960469,26368.136021,0.7260222, 68.0570,218.0220,151.4731, 52.0861
10891.80879393,26368.943348,0.7260129, 68.0518,217.9100,151.4263, 61.3651
10892.80850352,26369.439681,0.7260086, 68.0492,217.7968,151.3787, 71.0242
10893.80753649,26369.714962,0.7260093, 68.0504,217.6817,151.3312, 80.1889
10894.80435344,26369.821441,0.7260122, 68.0560,217.5643,151.2853, 87.7341
10895.80308513,26369.864875,0.7260101, 68.0657,217.4448,151.2422, 96.6726
10897.80086246,26369.805166,0.7259664, 68.0898,217.2040,151.1660,114.7621
10898.79932271,26369.717269,0.7259184, 68.0987,217.0858,151.1312,123.4897
10899.79966607,26369.594364,0.7258562, 68.1024,216.9705,151.0962,133.5956
10900.79924141,26369.402409,0.7257897, 68.1006,216.8582,151.0589,143.1521
10901.79845920,26369.153177,0.7257285, 68.0948,216.7481,151.0179,152.4646
10902.79735678,26368.872994,0.7256805, 68.0876,216.6383,150.9732,161.5630
10903.79621869,26368.598054,0.7256488, 68.0819,216.5276,150.9256,170.6542
10904.79508893,26368.342281,0.7256318, 68.0797,216.4147,150.8767,179.7673
10905.79413409,26368.132865,0.7256247, 68.0820,216.2993,150.8279,189.0200
10906.79352097,26367.969331,0.7256216, 68.0883,216.1818,150.7805,198.5300
10909.79044085,26367.516855,0.7255868, 68.1195,215.8234,150.6506,226.1825
10910.79017616,26367.335624,0.7255591, 68.1294,215.7045,150.6104,235.9665
10911.79053213,26367.159639,0.7255238, 68.1372,215.5868,150.5707,246.2108
10912.29012288,26367.101064,0.7255040, 68.1401,215.5285,150.5503,250.9074
10912.79028413,26366.944762,0.7254831, 68.1426,215.4705,150.5307,256.0235
10913.28984115,26366.906067,0.7254616, 68.1442,215.4128,150.5100,260.7008
10913.78982860,26366.747941,0.7254395, 68.1455,215.3555,150.4899,265.6958
10914.78904567,26366.573246,0.7253961, 68.1460,215.2417,150.4477,275.1414
10914.78959486,26366.576982,0.7253961, 68.1460,215.2417,150.4477,275.5424
10915.78923924,26366.484080,0.7253560, 68.1445,215.1288,150.4037,285.3124
10916.78903759,26366.477689,0.7253223, 68.1419,215.0164,150.3579,295.2076
10917.78893620,26366.608280,0.7252980, 68.1390,214.9040,150.3103,305.1872
10918.78874581,26366.831384,0.7252861, 68.1369,214.7909,150.2617,315.1111
10919.78251528,26366.945293,0.7252808, 68.1368,214.6765,150.2125,320.6314
10920.78321707,26366.485465,0.7252916, 68.1393,214.5598,150.1663,331.2138
10921.28279086,26365.099438,0.7252906, 68.1416,214.5004,150.1464,335.9347
10921.78284859,26360.412573,0.7252647, 68.1447,214.4395,150.1298,341.0053
10922.78235495,26316.171778,0.7248065, 68.1521,214.3098,150.1081,350.6791
10923.28192182,26290.606963,0.7244392, 68.1600,214.2364,150.0537,355.3965
10923.78145380,26396.217897,0.7254865, 68.1756,214.1637,149.9878,  0.1007
10924.78059952,26364.519610,0.7250899, 68.1872,214.0384,149.9866,  9.5042
10925.77977321,26352.175897,0.7250022, 68.1925,213.9120,149.9222, 18.9304
10926.77947277,26358.274580,0.7250220, 68.1961,213.7916,149.8871, 28.7108
10927.77875887,26361.652546,0.7249790, 68.1948,213.6765,149.8530, 38.1866
10928.77785901,26363.485134,0.7249196, 68.1896,213.5646,149.8149, 47.5297
10929.77697290,26364.575788,0.7248663, 68.1830,213.4540,149.7725, 56.8884
10930.77663116,26365.306018,0.7248275, 68.1776,213.3430,149.7267, 66.6495
10934.76902409,26366.733903,0.7247679, 68.1901,212.8813,149.5408,101.1115
10943.26509257,26367.729063,0.7243796, 68.2300,211.9048,149.2127,182.8156
10948.75507462,26366.746446,0.7241903, 68.2308,211.2891,148.9674,230.4261
10953.24972517,26366.227580,0.7239184, 68.2803,210.7587,148.7979,271.5917
10955.24735211,26365.890263,0.7237055, 68.2777,210.5376,148.7273,289.9238
10956.24617537,26365.809938,0.7236172, 68.2702,210.4304,148.6864,299.1258
10957.24499663,26365.823599,0.7235522, 68.2627,210.3230,148.6420,308.3479
10960.24111841,26363.812552,0.7234717, 68.2575,209.9886,148.5084,335.8539
10961.24000242,26349.054652,0.7233366, 68.2606,209.8701,148.4811,345.1557
10962.23868645,26287.397454,0.7225887, 68.2661,209.7379,148.4325,354.3145
10963.23740396,26427.503142,0.7239281, 68.2875,209.6042,148.3709,  3.5289
10965.23515945,26351.735504,0.7231415, 68.2911,209.3629,148.2557, 22.1929
10965.73464103,26354.465289,0.7231520, 68.2925,209.3042,148.2366, 26.8808
10966.23377455,26356.305109,0.7231457, 68.2938,209.2461,148.2178, 31.3128
10967.23246919,26358.882940,0.7231056, 68.2944,209.1321,148.1811, 40.4899
10968.73048502,26360.872961,0.7230132, 68.2905,208.9651,148.1243, 54.2359
10969.22965762,26361.287754,0.7229818, 68.2881,208.9102,148.1037, 58.6965
10971.72626523,26362.587341,0.7228323, 68.2718,208.6391,147.9976, 81.5413
10972.22561370,26362.866576,0.7228101, 68.2680,208.5850,147.9746, 86.1300
10973.22429417,26363.188805,0.7227682, 68.2619,208.4764,147.9285, 95.2936
10975.22148761,26363.679607,0.7227049, 68.2563,208.2555,147.8352,113.4905
10977.21861966,26364.115900,0.7226395, 68.2634,208.0275,147.7462,131.6170
10978.71629666,26364.448724,0.7225545, 68.2749,207.8537,147.6859,145.0537
10979.71491770,26364.774811,0.7224698, 68.2813,207.7389,147.6499,154.1154
10981.71183455,26365.300112,0.7222459, 68.2796,207.5189,147.5805,171.9638
10982.71053954,26365.431620,0.7221339, 68.2698,207.4144,147.5425,181.0626
10984.20821993,26365.383831,0.7220051, 68.2506,207.2599,147.4791,194.4463
10985.20669677,26365.395868,0.7219512, 68.2396,207.1557,147.4328,203.3938
10986.20514290,26365.423555,0.7219161, 68.2328,207.0490,147.3858,212.3220
10986.70435599,26365.551547,0.7219035, 68.2307,206.9948,147.3624,216.7789
10988.20198818,26365.488397,0.7218645, 68.2318,206.8282,147.2951,230.1436
10989.20041882,26365.472875,0.7218326, 68.2355,206.7156,147.2527,239.0585
10990.19880225,26365.433077,0.7217912, 68.2401,206.6028,147.2120,247.9388
10996.18899253,26364.843827,0.7214050, 68.2344,205.9478,146.9754,301.2674
10997.18815973,26364.907954,0.7213481, 68.2263,205.8429,146.9326,310.7793
10998.18645487,26364.993977,0.7213031, 68.2174,205.7382,146.8886,319.6690
10999.18472984,26364.814351,0.7212724, 68.2085,205.6332,146.8445,328.5582
11000.18307075,26362.291599,0.7212419, 68.2000,205.5268,146.8040,337.5068
11001.18082309,26345.451462,0.7210798, 68.1920,205.4164,146.7752,346.0282
11002.17910513,26285.559034,0.7203401, 68.1880,205.2910,146.7133,354.9549
11004.17566546,26352.236006,0.7209465, 68.1990,205.0488,146.5915, 12.8870
11006.17216514,26354.453885,0.7209706, 68.2071,204.8131,146.4932, 30.7604
11007.17042652,26356.645306,0.7209169, 68.2112,204.6985,146.4572, 39.7024
11009.16688107,26358.539506,0.7207196, 68.2056,204.4792,146.3843, 57.5485
11010.16529179,26359.067593,0.7206165, 68.1949,204.3747,146.3436, 66.6192
11014.15802726,26360.288256,0.7204312, 68.1534,203.9549,146.1498,102.3423
11060.06454537,26358.553594,0.7188094, 68.1199,198.8676,144.0856,145.1189
11062.05982699,26359.063460,0.7186515, 68.1327,198.6393,144.0078,162.3097
11063.05750049,26359.272592,0.7185530, 68.1335,198.5291,143.9689,170.9151
11064.05522179,26359.416719,0.7184578, 68.1300,198.4218,143.9279,179.5523
11064.05522180,26359.416719,0.7184578, 68.1300,198.4218,143.9279,179.5524
11065.05278420,26359.521654,0.7183793, 68.1236,198.3164,143.8841,188.0576
11066.05046696,26359.607711,0.7183252, 68.1164,198.2114,143.8373,196.6702
11074.03119429,26361.267168,0.7181123, 68.1512,197.3145,143.4825,264.8352
11078.02223504,26361.811273,0.7178537, 68.1557,196.8801,143.3234,299.2490
11082.01209113,26362.056589,0.7177571, 68.1498,196.4525,143.1492,332.9135
11083.00916511,26357.213634,0.7177278, 68.1512,196.3417,143.1133,341.0652
11084.00660514,26324.210518,0.7173907, 68.1536,196.2242,143.0924,349.4769
11085.00405126,26310.105247,0.7170886, 68.1654,196.0891,142.9829,357.9435
11086.00147479,26399.149280,0.7179453, 68.1849,195.9671,142.9822,  6.3639
11086.99887744,26349.982781,0.7174131, 68.1913,195.8479,142.9122, 14.8104
11101.95985880,26356.200304,0.7164227, 68.2529,194.1771,142.2832,142.1418
11107.44687984,26357.030064,0.7159700, 68.2453,193.5899,142.0521,189.8995
11110.93702759,26357.716599,0.7158341, 68.2448,193.2133,141.8920,219.0872
11111.43531987,26357.731422,0.7158138, 68.2475,193.1580,141.8691,223.0323
11112.93134348,26358.214772,0.7157360, 68.2581,192.9899,141.8056,235.6890
11114.92592465,26358.804611,0.7155505, 68.2753,192.7650,141.7277,252.4344
11119.91217204,26359.721984,0.7149226, 68.2655,192.2422,141.5316,294.0198
11119.91218386,26359.722201,0.7149226, 68.2655,192.2422,141.5316,294.0284
11120.90939330,26359.955020,0.7148584, 68.2597,192.1403,141.4867,302.3224
11121.90661064,26360.242486,0.7148169, 68.2570,192.0364,141.4412,310.6330
11122.40520664,26360.519488,0.7148024, 68.2566,191.9837,141.4189,314.7799
11123.90102931,26360.820052,0.7147639, 68.2617,191.8215,141.3546,327.2518
11124.89819641,26359.822928,0.7147287, 68.2673,191.7111,141.3177,335.5312
11126.89260124,26299.427124,0.7139686, 68.2759,191.4790,141.2735,352.1185
11131.87849400,26351.055291,0.7139891, 68.2858,190.9169,141.0128, 33.7423
11134.86994889,26353.928590,0.7137942, 68.2720,190.6093,140.8869, 58.7717
11140.35412739,26354.120320,0.7135049, 68.2776,190.0258,140.6432,104.8311
11145.83726612,26354.266014,0.7127841, 68.2809,189.4437,140.4237,150.2190
11146.83425611,26354.385241,0.7126721, 68.2706,189.3451,140.3786,158.5188
11147.83127513,26354.512576,0.7125935, 68.2608,189.2461,140.3315,166.8440
11148.82823690,26354.689873,0.7125420, 68.2535,189.1451,140.2836,175.1280
11149.82523801,26354.890131,0.7125054, 68.2499,189.0414,140.2362,183.4369
11151.81924555,26355.400697,0.7124249, 68.2521,188.8277,140.1468,200.0324
11155.30870246,26356.192100,0.7121497, 68.2612,188.4531,140.0041,228.9279
11158.79804759,26356.908409,0.7118126, 68.2466,188.0979,139.8613,257.6466
11166.77289308,26358.984985,0.7115021, 68.2106,187.2926,139.5043,322.6347
11167.76969486,26359.061999,0.7114647, 68.2138,187.1863,139.4649,330.7220
11168.26818964,26358.603215,0.7114376, 68.2152,187.1330,139.4477,334.8329
11168.76658636,26356.649450,0.7113940, 68.2167,187.0793,139.4323,338.8723
11169.76348403,26337.970990,0.7111337, 68.2168,186.9703,139.4144,347.0166
11170.76027678,26278.203133,0.7102829, 68.2152,186.8516,139.3639,355.0963
11171.75704450,26406.876071,0.7114971, 68.2234,186.7346,139.2931,  3.1923
11172.75374398,26361.362605,0.7108394, 68.2141,186.6350,139.2662, 11.2401
11173.75053336,26346.768283,0.7106467, 68.2011,186.5350,139.1993, 19.3789
11174.74731550,26348.086460,0.7106294, 68.1901,186.4359,139.1481, 27.5154
11175.74409360,26350.023047,0.7106251, 68.1821,186.3362,139.1007, 35.6622
11176.74086416,26351.214186,0.7106223, 68.1781,186.2344,139.0544, 43.8165
11177.73762677,26351.836731,0.7106136, 68.1780,186.1300,139.0093, 51.9754
11178.73433782,26352.127230,0.7105911, 68.1808,186.0237,138.9657, 60.1039
11179.73103562,26352.217274,0.7105500, 68.1850,185.9165,138.9238, 68.2278
11180.72782786,26352.235403,0.7104894, 68.1893,185.8094,138.8830, 76.4260
11181.72456502,26352.207772,0.7104133, 68.1925,185.7031,138.8428, 84.5885
11182.72125819,26352.175010,0.7103268, 68.1937,185.5984,138.8026, 92.7249
11183.71797703,26352.151207,0.7102366, 68.1927,185.4953,138.7618,100.8867
11185.71133795,26352.158888,0.7100693, 68.1843,185.2938,138.6765,117.1755
11188.70134403,26352.343019,0.7099130, 68.1633,184.9970,138.5387,141.6254
11190.69466278,26352.604269,0.7098781, 68.1520,184.7964,138.4434,157.9208
11191.69132335,26352.778023,0.7098709, 68.1491,184.6940,138.3961,166.0653
11192.68796276,26352.987300,0.7098622, 68.1484,184.5898,138.3498,174.1882
11195.67753341,26353.724566,0.7097558, 68.1564,184.2707,138.2192,198.2490
11198.66722747,26354.482402,0.7094671, 68.1586,183.9581,138.0965,222.3041
11199.66387865,26354.647933,0.7093579, 68.1531,183.8588,138.0539,230.3716
11200.66037294,26354.757615,0.7092666, 68.1447,183.7616,138.0093,238.3234
11204.64652116,26355.370094,0.7091708, 68.1216,183.3641,137.8199,270.2545
11205.64300431,26355.618998,0.7091658, 68.1244,183.2586,137.7753,278.1861
11206.63947864,26355.872062,0.7091437, 68.1294,183.1518,137.7329,286.1031
11208.63243635,26356.359198,0.7090423, 68.1394,182.9391,137.6527,301.9269
11210.62530972,26356.983175,0.7089051, 68.1428,182.7318,137.5739,317.6890
11211.62186743,26357.366982,0.7088444, 68.1413,182.6306,137.5341,325.6670
11213.61393313,26353.545794,0.7087358, 68.1325,182.4304,137.4613,340.8795
11215.60676553,26280.715864,0.7078001, 68.1207,182.2102,137.3567,356.6916
11221.08645303,26348.651140,0.7085665, 68.1307,181.6223,137.0861, 40.0270
11223.57723681,26349.883027,0.7084512, 68.1473,181.3521,136.9851, 59.7998
11225.07147174,26350.110666,0.7083094, 68.1535,181.1932,136.9249, 71.5102
11225.56960279,26350.090312,0.7082556, 68.1544,181.1411,136.9050, 75.4554
11228.55830836,26350.287457,0.7079736, 68.1447,180.8395,136.7740, 99.1184
11229.05774529,26350.418081,0.7079459, 68.1417,180.7901,136.7505,104.0354
11229.55590678,26350.389653,0.7079264, 68.1395,180.7402,136.7266,108.0221
11231.54844217,26350.586785,0.7078996, 68.1364,180.5354,136.6308,123.8998
11232.54469936,26350.734700,0.7078931, 68.1400,180.4289,136.5847,131.8284
11234.53830148,26351.134625,0.7078295, 68.1536,180.2111,136.4991,148.4526
11235.53449089,26351.373974,0.7077646, 68.1605,180.1025,136.4587,156.3010
11242.00940286,26352.555522,0.7072789, 68.1607,179.4355,136.1862,206.9017
11242.50636984,26352.702914,0.7072624, 68.1590,179.3856,136.1642,209.9806
11243.50235596,26352.873484,0.7072379, 68.1566,179.2853,136.1187,217.6348
11244.99652447,26353.135658,0.7072190, 68.1557,179.1329,136.0497,229.2456
11245.49480100,26353.228921,0.7072140, 68.1564,179.0813,136.0280,233.2741
11246.49092871,26353.434403,0.7072024, 68.1594,178.9771,135.9837,241.0156
11247.48702767,26353.644388,0.7071813, 68.1644,178.8716,135.9407,248.7291
11248.48316848,26353.858730,0.7071435, 68.1711,178.7650,135.8990,256.4660
11249.47920775,26354.046333,0.7070837, 68.1785,178.6581,135.8586,264.1223
11251.47178541,26354.325100,0.7068966, 68.1913,178.4466,135.7801,279.7874
11252.46807803,26354.405133,0.7067802, 68.1946,178.3435,135.7407,287.6230
11253.46319044,26354.451063,0.7066629, 68.1951,178.2425,135.7002,294.6020
11254.45920299,26354.548969,0.7065578, 68.1931,178.1433,135.6581,302.2480
11255.45523679,26354.731907,0.7064760, 68.1899,178.0451,135.6143,309.9219
11256.45186105,26355.085805,0.7064244, 68.1867,177.9467,135.5691,318.0408
11257.44829495,26355.532180,0.7064024, 68.1852,177.8469,135.5240,326.0330
11258.44443169,26355.494929,0.7063995, 68.1862,177.7446,135.4813,333.8183
11259.44061754,26351.241488,0.7063698, 68.1894,177.6391,135.4471,341.6420
11263.42423232,26357.444489,0.7060436, 68.2269,177.1756,135.2728, 12.1873
11267.40858030,26346.606174,0.7056216, 68.2301,176.7592,135.0850, 43.4068
11268.40199128,26347.129078,0.7055486, 68.2283,176.6595,135.0421, 49.2798
11270.39389288,26347.989608,0.7054428, 68.2248,176.4597,134.9538, 64.7669
11280.35226711,26349.960453,0.7046889, 68.2578,175.4215,134.5283,141.3825
11282.34423866,26350.395865,0.7044486, 68.2504,175.2255,134.4417,156.8523
11284.33455368,26350.756154,0.7043066, 68.2416,175.0306,134.3505,171.1037
11285.32998829,26350.941801,0.7042652, 68.2401,174.9309,134.3048,178.4268
11286.32558664,26351.143116,0.7042288, 68.2414,174.8291,134.2602,185.8632
11287.81902612,26351.496802,0.7041561, 68.2480,174.6733,134.1957,197.0313
11288.81514593,26351.762355,0.7040821, 68.2540,174.5684,134.1553,204.8241
11289.81045930,26352.005866,0.7039850, 68.2598,174.4641,134.1162,212.0176
11290.30829649,26352.051472,0.7039279, 68.2625,174.4123,134.0975,215.7431
11290.80599260,26352.198531,0.7038683, 68.2643,174.3612,134.0778,219.3637
11291.30385852,26352.194943,0.7038044, 68.2661,174.3103,134.0590,223.1075
11291.80160604,26352.322761,0.7037403, 68.2668,174.2602,134.0392,226.7637
11292.29939024,26352.270469,0.7036743, 68.2674,174.2103,134.0200,230.4469
11294.29046070,26352.239875,0.7034321, 68.2640,174.0158,133.9392,245.1362
11295.28588941,26352.146734,0.7033327, 68.2604,173.9202,133.8972,252.4120
11296.28140568,26352.031938,0.7032508, 68.2566,173.8247,133.8541,259.7605
11296.77916134,26352.039472,0.7032164, 68.2547,173.7769,133.8325,263.4363
11297.27710289,26351.912870,0.7031852, 68.2534,173.7288,133.8103,267.2512
11298.27263694,26351.811502,0.7031327, 68.2513,173.6320,133.7661,274.6328
11300.26358772,26351.721186,0.7030448, 68.2521,173.4346,133.6779,289.3388
11301.25905755,26351.746737,0.7029963, 68.2551,173.3338,133.6345,296.7007
11302.25450637,26351.846988,0.7029364, 68.2596,173.2321,133.5918,304.0546
11303.24994144,26352.034368,0.7028600, 68.2648,173.1297,133.5500,311.4053
11304.24536456,26352.337906,0.7027654, 68.2699,173.0275,133.5089,318.7531
11305.24072384,26352.706438,0.7026545, 68.2737,172.9260,133.4688,326.0610
11306.23612978,26352.741354,0.7025332, 68.2751,172.8260,133.4302,333.4095
11306.73393635,26351.950778,0.7024669, 68.2746,172.7766,133.4129,337.1619
11307.23163593,26349.606894,0.7023878, 68.2730,172.7274,133.3969,340.8367
11308.22701241,26328.224919,0.7020504, 68.2667,172.6278,133.3755,348.1682
11309.22238596,26272.441381,0.7012305, 68.2594,172.5190,133.3148,355.5228
11310.21774240,26381.242192,0.7023232, 68.2637,172.4088,133.2275,  2.9037
11311.21306097,26366.676172,0.7020366, 68.2599,172.3127,133.2129, 10.2408
11312.20836366,26344.638077,0.7017886, 68.2541,172.2135,133.1452, 17.6005
11313.20372226,26342.151650,0.7017683, 68.2522,172.1120,133.0899, 24.9930
11314.19905380,26343.074764,0.7017606, 68.2535,172.0092,133.0430, 32.3617
11316.18947227,26344.997180,0.7016650, 68.2605,171.8023,132.9584, 46.9102
11317.18477123,26345.650104,0.7015769, 68.2636,171.6995,132.9179, 54.2426
11317.68255441,26345.956721,0.7015244, 68.2646,171.6488,132.8981, 58.0043
11318.18023408,26346.178603,0.7014695, 68.2652,171.5983,132.8777, 61.6887
11318.67786914,26346.419984,0.7014101, 68.2653,171.5484,132.8579, 65.3396
11319.17556563,26346.653969,0.7013513, 68.2648,171.4990,132.8373, 69.0338
11319.67318869,26346.837931,0.7012899, 68.2638,171.4501,132.8171, 72.6728
11320.17069051,26347.061711,0.7012321, 68.2621,171.4016,132.7961, 76.2222
11321.16595274,26347.457391,0.7011209, 68.2575,171.3059,132.7540, 83.5067
11321.66357716,26347.578025,0.7010691, 68.2549,171.2585,132.7327, 87.1422
11322.16098510,26347.822080,0.7010241, 68.2516,171.2114,132.7109, 90.6192
11323.15623065,26348.165242,0.7009446, 68.2451,171.1176,132.6667, 97.8838
11324.64910315,26348.519512,0.7008577, 68.2363,170.9767,132.5991,108.7755
11325.14629035,26348.725531,0.7008375, 68.2334,170.9294,132.5769,112.0850
11326.14226677,26348.964404,0.7008025, 68.2293,170.8340,132.5318,119.8702
11327.13724037,26349.167804,0.7007723, 68.2268,170.7374,132.4871,126.9168
11327.63486861,26349.217504,0.7007565, 68.2264,170.6887,132.4644,130.5409
11328.13234917,26349.333489,0.7007396, 68.2260,170.6396,132.4432,134.0557
11328.62997606,26349.383668,0.7007202, 68.2262,170.5903,132.4209,137.6757
11329.12744785,26349.488310,0.7006978, 68.2267,170.5407,132.4002,141.1807
11330.62023644,26349.722847,0.7006052, 68.2294,170.3915,132.3368,151.9575
11331.61568979,26349.879527,0.7005175, 68.2313,170.2921,132.2961,159.3238
11332.11305506,26349.895059,0.7004651, 68.2322,170.2426,132.2764,162.7405
11332.61087896,26350.004103,0.7004090, 68.2324,170.1936,132.2557,166.4913
11333.10824007,26349.987463,0.7003478, 68.2325,170.1448,132.2359,169.9029
11333.60583719,26350.092445,0.7002849, 68.2317,170.0968,132.2152,173.4865
11334.10336158,26350.036094,0.7002191, 68.2307,170.0490,132.1950,177.0170
11334.60095610,26350.140169,0.7001550, 68.2286,170.0020,132.1739,180.5990
11335.59600829,26350.137867,0.7000331, 68.2232,169.9091,132.1313,187.6653
11336.59105977,26350.066682,0.6999319, 68.2162,169.8174,132.0873,194.7374
11337.08922390,26349.929337,0.6998911, 68.2128,169.7716,132.0648,198.7432
11337.58658512,26349.941071,0.6998588, 68.2091,169.7258,132.0423,202.1646
11338.08415118,26349.793643,0.6998325, 68.2061,169.6794,132.0193,205.7384
11339.07931247,26349.656510,0.6997973, 68.2015,169.5855,131.9739,212.9137
11339.57669921,26349.652728,0.6997849, 68.2000,169.5378,131.9517,216.3627
11340.07427381,26349.535330,0.6997727, 68.1997,169.4893,131.9292,219.9509
11340.57185723,26349.536955,0.6997599, 68.1996,169.4404,131.9076,223.5468
11341.06941197,26349.435639,0.6997446, 68.2006,169.3910,131.8857,227.1234
11341.56699359,26349.426654,0.6997255, 68.2017,169.3412,131.8649,230.7206
11342.06453234,26349.345730,0.6997017, 68.2034,169.2912,131.8435,234.2880
11342.56230973,26349.339623,0.6996725, 68.2052,169.2412,131.8233,238.0306
11343.05984833,26349.275150,0.6996383, 68.2071,169.1911,131.8023,241.6000
11343.55739407,26349.253041,0.6995988, 68.2089,169.1411,131.7824,245.1757
11344.05495761,26349.157095,0.6995546, 68.2105,169.0914,131.7618,248.7663
11344.55254192,26349.095534,0.6995063, 68.2117,169.0420,131.7420,252.3741
11345.05011582,26349.009735,0.6994551, 68.2126,168.9930,131.7212,255.9766
11345.54771982,26348.943855,0.6994017, 68.2129,168.9443,131.7012,259.6031
11346.04530261,26348.860269,0.6993473, 68.2128,168.8962,131.6802,263.2168
11346.54288076,26348.783886,0.6992931, 68.2122,168.8483,131.6598,266.8295
11347.04047006,26348.709600,0.6992401, 68.2111,168.8010,131.6382,270.4532
11347.53806801,26348.634101,0.6991893, 68.2096,168.7539,131.6173,274.0860
11348.03564596,26348.574681,0.6991414, 68.2076,168.7072,131.5953,277.7070
11348.53323190,26348.483772,0.6990971, 68.2054,168.6606,131.5738,281.3373
11349.03080986,26348.443177,0.6990571, 68.2028,168.6143,131.5512,284.9649
11349.52843156,26348.380185,0.6990218, 68.2003,168.5680,131.5292,288.6278
11350.02601562,26348.384285,0.6989913, 68.1975,168.5218,131.5061,292.2661
11350.52360380,26348.355104,0.6989659, 68.1949,168.4755,131.4837,295.9107
11351.02121397,26348.419136,0.6989449, 68.1923,168.4291,131.4602,299.5739
11352.01644113,26348.579929,0.6989166, 68.1878,168.3356,131.4139,306.9141
11352.51402961,26348.669455,0.6989083, 68.1861,168.2883,131.3910,310.5698
11353.01168617,26348.928359,0.6989034, 68.1846,168.2409,131.3675,314.2765
11353.50927396,26349.102278,0.6989008, 68.1837,168.1930,131.3447,317.9356
11354.50453039,26349.725455,0.6989019, 68.1826,168.0962,131.2993,325.3158
11355.00220616,26350.121035,0.6989045, 68.1824,168.0474,131.2770,329.0413
11355.49979416,26350.220026,0.6989060, 68.1828,167.9981,131.2560,332.7036
11355.99747497,26349.981639,0.6989041, 68.1829,167.9485,131.2363,336.4318
11356.49506403,26348.319632,0.6988889, 68.1833,167.8983,131.2189,340.0923
11357.49034681,26331.014295,0.6986933, 68.1829,167.7956,131.1960,347.4765
11357.98804210,26304.937204,0.6983643, 68.1819,167.7413,131.1851,351.2021
11358.48564909,26273.309767,0.6979207, 68.1821,167.6832,131.1491,354.8756
11358.98334863,26291.430715,0.6980401, 68.1860,167.6228,131.0779,358.6380
11359.48097408,26364.533394,0.6988311, 68.1923,167.5669,131.0487,  2.3251
11359.97862509,26387.595914,0.6990120, 68.1954,167.5165,131.0604,  6.0101
11360.47551414,26373.205125,0.6987726, 68.1947,167.4678,131.0477,  9.1527
11361.47074500,26346.306855,0.6983923, 68.1894,167.3699,130.9863, 16.5134
11361.96834844,26342.768288,0.6983279, 68.1862,167.3213,130.9568, 20.1792
11362.46596509,26341.789616,0.6982897, 68.1831,167.2733,130.9304, 23.8503
11362.96363838,26341.936177,0.6982640, 68.1794,167.2256,130.9054, 27.5610
11363.46114448,26342.375645,0.6982413, 68.1759,167.1785,130.8817, 31.1470
11363.95880215,26343.042941,0.6982252, 68.1719,167.1315,130.8582, 34.8437
11364.45713200,26343.652798,0.6982126, 68.1684,167.0846,130.8350, 39.0297
11365.45231615,26344.676890,0.6981994, 68.1620,166.9905,130.7888, 46.3225
11366.44785561,26345.495148,0.6982018, 68.1576,166.8950,130.7430, 53.8712
11367.44336076,26346.105176,0.6982092, 68.1561,166.7975,130.6983, 61.3887
11368.43874709,26346.559656,0.6982085, 68.1573,166.6981,130.6549, 68.8107
11369.43423031,26346.916797,0.6981895, 68.1603,166.5975,130.6129, 76.2931
11369.93198467,26347.105972,0.6981713, 68.1619,166.5469,130.5930, 80.0397
11370.42967809,26347.216110,0.6981472, 68.1638,166.4966,130.5721, 83.7387
11370.92745750,26347.363068,0.6981175, 68.1655,166.4464,130.5526, 87.4982
11371.42516027,26347.481976,0.6980834, 68.1669,166.3966,130.5319, 91.1992
11372.41929973,26347.720087,0.6980047, 68.1685,166.2980,130.4919, 97.6698
11372.91704147,26347.801067,0.6979616, 68.1688,166.2492,130.4724,101.3935
11373.41456398,26347.942907,0.6979191, 68.1685,166.2011,130.4517,104.9559
11374.40992819,26348.143263,0.6978353, 68.1666,166.1060,130.4109,112.3109
11374.90759657,26348.155777,0.6977957, 68.1654,166.0588,130.3907,115.9773
11375.40530181,26348.292376,0.6977604, 68.1634,166.0122,130.3695,119.6711
11375.90295585,26348.276008,0.6977273, 68.1617,165.9655,130.3487,123.3272
11376.40075960,26348.395972,0.6976995, 68.1594,165.9192,130.3273,127.0936
11377.39617267,26348.436315,0.6976550, 68.1551,165.8266,130.2846,134.4861
11378.39161740,26348.415633,0.6976270, 68.1513,165.7336,130.2414,141.9063
11379.38710289,26348.340693,0.6976128, 68.1485,165.6399,130.1981,149.3625
11380.38257214,26348.231718,0.6976077, 68.1472,165.5450,130.1549,156.8134
11381.37803513,26348.093742,0.6976057, 68.1476,165.4487,130.1119,164.2666
11381.87576943,26347.971690,0.6976034, 68.1486,165.4000,130.0902,167.9977
11382.37329189,26347.951171,0.6975995, 68.1497,165.3511,130.0694,171.5757
11383.36878027,26347.784935,0.6975832, 68.1532,165.2523,130.0274,179.0606
11384.36424798,26347.618509,0.6975513, 68.1577,165.1528,129.9860,186.5373
11385.35972476,26347.460417,0.6975009, 68.1626,165.0532,129.9448,194.0273
11385.85749174,26347.351381,0.6974685, 68.1649,165.0035,129.9238,197.7960
11386.35508835,26347.289113,0.6974316, 68.1670,164.9540,129.9037,201.4421
11387.35051193,26347.124640,0.6973466, 68.1703,164.8557,129.8622,208.9088
11387.84817768,26347.039011,0.6973000, 68.1714,164.8071,129.8408,212.6117
11388.34585778,26346.959904,0.6972520, 68.1720,164.7588,129.8200,216.3274
11388.84351810,26346.868952,0.6972037, 68.1722,164.7110,129.7981,220.0311
11389.34154933,26346.775264,0.6971566, 68.1718,164.6634,129.7768,224.0087
11390.33705296,26346.548251,0.6970713, 68.1698,164.5692,129.7325,231.5649
11391.33251176,26346.312165,0.6970050, 68.1668,164.4756,129.6871,239.1017
11392.32793518,26346.101881,0.6969631, 68.1638,164.3815,129.6409,246.6258
11392.82565877,26346.044594,0.6969508, 68.1627,164.3341,129.6174,250.4010
11394.31888859,26345.822152,0.6969365, 68.1630,164.1884,129.5490,261.7848
11395.31427507,26345.810049,0.6969282, 68.1665,164.0884,129.5044,269.3088
11395.31440398,26345.811599,0.6969282, 68.1665,164.0884,129.5044,269.4031
11396.31074769,26345.900498,0.6969043, 68.1721,163.9866,129.4610,277.6288
11397.30645249,26346.062471,0.6968573, 68.1787,163.8843,129.4185,285.3874
11398.30196613,26346.290192,0.6967870, 68.1849,163.7824,129.3764,293.0043
11399.29777353,26346.627667,0.6967007, 68.1895,163.6820,129.3342,300.8336
11400.29316018,26347.067060,0.6966091, 68.1919,163.5833,129.2915,308.3531
11401.28886507,26347.732296,0.6965244, 68.1923,163.4864,129.2481,316.1031
11401.78681643,26348.183847,0.6964874, 68.1917,163.4386,129.2265,320.0490
11402.28416998,26348.623950,0.6964565, 68.1908,163.3909,129.2043,323.5574
11402.78197836,26349.118691,0.6964306, 68.1896,163.3435,129.1829,327.3973
11403.27915199,26349.580167,0.6964119, 68.1880,163.2961,129.1611,330.7721
11404.27597350,26348.892066,0.6963870, 68.1840,163.2012,129.1230,339.3238
11404.77382540,26345.019568,0.6963473, 68.1818,163.1531,129.1086,343.1862
11405.27164097,26334.226562,0.6962341, 68.1787,163.1039,129.0987,347.0154
11405.76948762,26309.416190,0.6959404, 68.1758,163.0522,129.0888,350.8638
11406.76490034,26284.373289,0.6955416, 68.1757,162.9380,128.9856,358.3952
11407.26243747,26353.626613,0.6963324, 68.1809,162.8827,128.9477,  2.0312
11408.25787939,26372.274110,0.6964728, 68.1853,162.7836,128.9485,  9.5357
11408.25807220,26371.533513,0.6964638, 68.1853,162.7836,128.9484,  9.6769
11409.25341883,26346.855860,0.6961963, 68.1849,162.6838,128.8881, 17.1383
11409.25361000,26346.653689,0.6961950, 68.1848,162.6838,128.8878, 17.2782
11411.24560804,26342.783335,0.6961725, 68.1902,162.4811,128.7891, 33.1029
11413.23682966,26344.616284,0.6960951, 68.1988,162.2800,128.7066, 48.3156
11414.23283827,26345.289629,0.6960227, 68.2021,162.1810,128.6661, 56.2008
11415.22857072,26345.795473,0.6959368, 68.2040,162.0835,128.6254, 63.8782
11421.20269793,26346.833503,0.6955728, 68.1987,161.5146,128.3701,109.7508
11422.19891604,26346.734855,0.6955531, 68.2017,161.4167,128.3278,117.8000
11424.19013557,26346.437452,0.6954740, 68.2142,161.2160,128.2462,133.0246
11427.17746270,26345.892852,0.6951766, 68.2336,160.9162,128.1265,156.2643
11428.17328763,26345.729932,0.6950544, 68.2366,160.8196,128.0853,164.0625
11430.16692293,26345.374862,0.6948375, 68.2372,160.6310,128.0000,181.1417
11434.14945582,26344.596599,0.6946028, 68.2353,160.2551,127.8235,211.9777
11435.14530040,26344.459073,0.6945684, 68.2373,160.1588,127.7795,219.8660
11435.64317957,26344.463534,0.6945506, 68.2386,160.1103,127.7573,223.7810
11436.14129930,26344.384648,0.6945314, 68.2406,160.0613,127.7358,227.8734
11438.13332952,26344.399091,0.6944280, 68.2502,159.8639,127.6494,243.9224
11439.12920538,26344.494756,0.6943533, 68.2555,159.7647,127.6063,251.8464
11440.12510559,26344.634758,0.6942618, 68.2603,159.6660,127.5633,259.7869
11442.11710547,26345.040365,0.6940431, 68.2660,159.4716,127.4757,275.8055
11445.10514830,26346.045793,0.6937391, 68.2620,159.1893,127.3395,299.8429
11446.10086039,26346.598028,0.6936737, 68.2590,159.0963,127.2931,307.6283
11447.09698287,26347.398868,0.6936315, 68.2566,159.0026,127.2469,315.7095
11448.09304482,26348.485098,0.6936106, 68.2554,158.9077,127.2014,323.7403
11448.59102898,26349.009904,0.6936052, 68.2556,158.8597,127.1792,327.7195
11450.08516102,26348.968747,0.6935911, 68.2574,158.7129,127.1215,339.7694
11451.08123356,26331.576520,0.6933861, 68.2587,158.6111,127.1018,347.7651
11454.06950961,26362.505827,0.6932860, 68.2778,158.2863,126.9547, 11.7868
11455.06570358,26344.675560,0.6929928, 68.2760,158.1898,126.8948, 19.8670
11457.05814809,26342.853770,0.6928045, 68.2701,158.0021,126.7986, 36.0291
11458.05441760,26343.689692,0.6927354, 68.2664,157.9104,126.7551, 44.1381
11458.55257875,26343.973480,0.6927044, 68.2648,157.8646,126.7338, 48.2113
11463.53417717,26345.239248,0.6925019, 68.2610,157.4000,126.5223, 88.9736
11465.02859852,26345.185353,0.6924226, 68.2657,157.2566,126.4605,101.1814
11466.52306675,26344.928979,0.6923087, 68.2715,157.1127,126.3982,113.4367
11467.02123912,26344.886142,0.6922623, 68.2732,157.0649,126.3778,117.5374
11468.01759431,26344.714311,0.6921587, 68.2761,156.9698,126.3360,125.7519
11470.01035031,26344.359612,0.6919268, 68.2779,156.7831,126.2501,142.2420
11472.50128745,26343.940746,0.6916719, 68.2722,156.5555,126.1378,162.9103
11473.99591733,26343.689251,0.6915720, 68.2678,156.4190,126.0698,175.3953
11475.98877401,26343.390742,0.6914866, 68.2659,156.2328,125.9800,192.0900
11477.48347352,26343.310233,0.6914200, 68.2686,156.0893,125.9142,204.6711
11478.47988790,26343.286903,0.6913571, 68.2721,155.9925,125.8714,213.0253
11478.97844840,26343.248744,0.6913179, 68.2742,155.9439,125.8503,217.4614
11481.46926093,26343.497206,0.6910505, 68.2805,155.7046,125.7425,238.1855
11481.96751949,26343.502896,0.6909891, 68.2807,155.6578,125.7205,242.4000
11494.92299751,26300.071343,0.6897348, 68.2507,154.4531,125.1814,352.1107
11521.83902944,26342.215365,0.6887689, 68.2312,151.9461,123.9579,226.0919
11523.83294834,26342.457240,0.6886186, 68.2308,151.7614,123.8689,243.6849
11524.83004297,26342.624124,0.6885449, 68.2285,151.6706,123.8235,252.5775
11525.32850434,26342.732595,0.6885108, 68.2268,151.6256,123.8007,256.9601
11525.82693355,26342.820855,0.6884819, 68.2249,151.5806,123.7775,261.3185
11526.82397068,26343.059273,0.6884357, 68.2206,151.4908,123.7314,270.1633
11527.82077612,26343.335438,0.6884089, 68.2163,151.4006,123.6854,278.8349
11527.82098555,26343.338835,0.6884089, 68.2163,151.4006,123.6854,278.9880
11528.81804484,26343.708274,0.6883993, 68.2129,151.3095,123.6401,287.8398
11530.81136768,26344.808371,0.6884024, 68.2111,151.1229,123.5519,304.9434
11531.80833956,26345.694927,0.6883975, 68.2128,151.0279,123.5090,313.7089
11532.80531604,26346.932107,0.6883825, 68.2153,150.9325,123.4666,322.4682
11533.30402435,26347.631010,0.6883722, 68.2168,150.8849,123.4454,327.0052
11534.30127331,26348.945642,0.6883500, 68.2185,150.7901,123.4062,335.9477
11534.79983224,26348.147653,0.6883276, 68.2184,150.7428,123.3908,340.3646
11537.79139525,26378.371902,0.6883906, 68.2202,150.4359,123.2547,  6.9813
11538.78847293,26351.452147,0.6879879, 68.2155,150.3464,123.2130, 15.7788
11539.78560232,26342.373120,0.6878851, 68.2096,150.2559,123.1554, 24.6140
11541.77973574,26342.033562,0.6878964, 68.2019,150.0750,123.0639, 42.1705
11542.77600702,26342.524448,0.6879098, 68.2003,149.9839,123.0221, 50.3668
11543.77321302,26342.882078,0.6879216, 68.2002,149.8919,122.9813, 59.2489
11544.77048478,26343.092092,0.6879261, 68.2015,149.7991,122.9410, 68.1827
11545.76773194,26343.171705,0.6879198, 68.2040,149.7057,122.9008, 77.1031
11547.26358531,26343.075509,0.6878840, 68.2091,149.5649,122.8401, 90.4809
11547.76216253,26343.078381,0.6878650, 68.2106,149.5181,122.8201, 94.9140
11548.75947396,26342.962212,0.6878174, 68.2138,149.4246,122.7791,103.8998
11549.75673671,26342.812201,0.6877592, 68.2162,149.3318,122.7375,112.8581
11552.74823646,26342.321877,0.6875724, 68.2173,149.0580,122.6083,139.5795
11553.74465293,26342.145193,0.6875254, 68.2159,148.9678,122.5641,147.9596
11554.74197560,26341.976256,0.6874932, 68.2143,148.8774,122.5198,157.0135
11554.74204811,26341.976476,0.6874932, 68.2143,148.8774,122.5198,157.0665
11555.73923515,26341.812715,0.6874761, 68.2131,148.7862,122.4757,166.0322
11556.73667014,26341.660686,0.6874698, 68.2132,148.6938,122.4322,175.1887
11557.73393645,26341.501433,0.6874657, 68.2149,148.5998,122.3895,184.2308
11558.73126016,26341.394992,0.6874538, 68.2182,148.5045,122.3475,193.3213
11559.72863008,26341.337230,0.6874251, 68.2228,148.4083,122.3058,202.4497
11560.72584075,26341.326812,0.6873755, 68.2278,148.3121,122.2640,211.4638
11561.72200325,26341.349605,0.6873071, 68.2322,148.2167,122.2216,219.7126
11563.71685790,26341.520637,0.6871422, 68.2366,148.0298,122.1344,238.0590
11566.20972282,26341.912979,0.6869732, 68.2337,147.8029,122.0221,260.4704
11566.70849652,26341.994950,0.6869520, 68.2325,147.7578,121.9994,265.0974
11567.70582976,26342.249044,0.6869209, 68.2302,147.6675,121.9546,274.1918
11568.70317925,26342.574730,0.6869043, 68.2284,147.5767,121.9102,283.2932
11569.70054465,26343.013658,0.6868978, 68.2276,147.4851,121.8663,292.3999
11570.69794236,26343.602345,0.6868964, 68.2280,147.3926,121.8228,301.5232
11571.69536779,26344.418952,0.6868959, 68.2296,147.2994,121.7796,310.6587
11572.69280358,26345.608470,0.6868947, 68.2321,147.2057,121.7365,319.7932
11573.69020986,26347.274018,0.6868959, 68.2350,147.1118,121.6942,328.8970
11574.68770491,26348.430150,0.6868996, 68.2374,147.0178,121.6560,338.0544
11575.68527276,26335.243771,0.6867558, 68.2373,146.9222,121.6358,347.2419
11577.67961499,26369.698247,0.6869614, 68.2456,146.7074,121.5074,  5.0473
11578.67739340,26355.023226,0.6866695, 68.2461,146.6159,121.4858, 14.3811
11579.67499030,26342.513915,0.6865113, 68.2430,146.5241,121.4266, 23.5944
11580.67255638,26341.005073,0.6864878, 68.2404,146.4327,121.3769, 32.7730
11581.67009440,26341.366632,0.6864835, 68.2383,146.3416,121.3321, 41.9264
11582.66764420,26341.887386,0.6864842, 68.2370,146.2502,121.2893, 51.0882
11583.66515976,26342.236398,0.6864876, 68.2370,146.1581,121.2478, 60.2270
11584.66140601,26342.428788,0.6864888, 68.2385,146.0650,121.2070, 68.4418
11585.65902760,26342.518201,0.6864819, 68.2418,145.9706,121.1669, 77.6657
11586.65659154,26342.504599,0.6864584, 68.2465,145.8755,121.1271, 86.8518
11587.65417904,26342.421433,0.6864128, 68.2521,145.7801,121.0871, 96.0599
11588.65178900,26342.269733,0.6863454, 68.2575,145.6853,121.0464,105.2900
11589.64942472,26342.113954,0.6862613, 68.2620,145.5916,121.0049,114.5463
11590.64701305,26341.971848,0.6861695, 68.2650,145.4993,120.9622,123.7766
11591.64392070,26341.816140,0.6860797, 68.2664,145.4084,120.9186,132.5185
11594.63709004,26341.372220,0.6858882, 68.2651,145.1396,120.7859,160.5962
11595.63474495,26341.234718,0.6858538, 68.2648,145.0497,120.7420,169.9257
11596.63242543,26341.073666,0.6858291, 68.2653,144.9590,120.6986,179.2828
11597.62845535,26340.929520,0.6858092, 68.2668,144.8674,120.6555,187.4416
11598.62632762,26340.799603,0.6857874, 68.2694,144.7749,120.6127,196.9545
11599.62434532,26340.722938,0.6857595, 68.2729,144.6818,120.5699,206.5792
11600.62221891,26340.677840,0.6857217, 68.2768,144.5883,120.5270,216.1027
11601.61987412,26340.646250,0.6856723, 68.2809,144.4948,120.4838,225.4701
11602.61766885,26340.699770,0.6856123, 68.2846,144.4016,120.4399,234.9413
11603.61532790,26340.801815,0.6855443, 68.2875,144.3090,120.3954,244.3134
11604.61307886,26340.940610,0.6854724, 68.2893,144.2172,120.3502,253.7518
11605.61078421,26341.122108,0.6854019, 68.2900,144.1261,120.3044,263.1551
11605.61084977,26341.122799,0.6854018, 68.2900,144.1261,120.3044,263.2030
11606.60729912,26341.334402,0.6853385, 68.2895,144.0356,120.2583,271.6850
11607.60528011,26341.626983,0.6852855, 68.2883,143.9455,120.2120,281.2841
11608.60336950,26342.025280,0.6852461, 68.2868,143.8552,120.1658,290.9577
11609.60125488,26342.542272,0.6852206, 68.2853,143.7645,120.1200,300.4776
11610.59907349,26343.332023,0.6852081, 68.2847,143.6731,120.0747,309.9430
11611.59690084,26344.528630,0.6852063, 68.2851,143.5806,120.0300,319.4077
11612.59474508,26346.342317,0.6852154, 68.2866,143.4871,119.9865,328.8767
11613.59258550,26347.789970,0.6852300, 68.2888,143.3928,119.9479,338.3314
11614.58909025,26337.202354,0.6851127, 68.2898,143.2966,119.9255,346.7875
11615.58695772,26268.736235,0.6841869, 68.2891,143.1885,119.8794,356.2299
11616.08587998,26307.672874,0.6845868, 68.2947,143.1300,119.8032,  0.9725
11616.58480485,26369.390148,0.6852625, 68.3013,143.0792,119.8025,  5.6749
11617.58268631,26353.120949,0.6849210, 68.3030,142.9875,119.7760, 15.1251
11618.58059264,26341.803952,0.6847380, 68.3007,142.8965,119.7160, 24.6010
11619.57850471,26340.440053,0.6846779, 68.2979,142.8065,119.6648, 34.0669
11620.57651686,26340.801966,0.6846392, 68.2950,142.7174,119.6181, 43.5990
11621.57364951,26341.291559,0.6846090, 68.2923,142.6287,119.5735, 52.4850
11622.57176903,26341.700149,0.6845881, 68.2903,142.5397,119.5302, 62.0911
11623.56973351,26341.971178,0.6845722, 68.2893,142.4502,119.4879, 71.5840
11624.56767284,26342.119409,0.6845575, 68.2895,142.3600,119.4461, 81.0599
11625.56561495,26342.169878,0.6845397, 68.2910,142.2692,119.4048, 90.5404
11627.56153103,26342.033576,0.6844799, 68.2964,142.0865,119.3221,109.5374
11628.55945591,26341.903407,0.6844342, 68.2996,141.9950,119.2802,119.0208
11629.55737550,26341.742184,0.6843781, 68.3027,141.9038,119.2377,128.5074
11630.55540619,26341.570253,0.6843138, 68.3053,141.8132,119.1945,138.0832
11631.55344446,26341.387564,0.6842450, 68.3070,141.7231,119.1505,147.6735
11632.55145567,26341.209800,0.6841763, 68.3078,141.6337,119.1059,157.2535
11633.04859616,26341.096491,0.6841439, 68.3079,141.5892,119.0830,160.6838
11633.54944722,26341.027558,0.6841121, 68.3077,141.5447,119.0608,166.8293
11633.54947759,26341.027673,0.6841121, 68.3077,141.5447,119.0608,166.8515
11634.54617071,26340.855265,0.6840571, 68.3069,141.4560,119.0155,175.4885
11635.54412772,26340.684205,0.6840125, 68.3057,141.3672,118.9702,185.0598
11636.54223478,26340.505262,0.6839789, 68.3047,141.2778,118.9253,194.7515
11637.54026488,26340.353723,0.6839539, 68.3041,141.1877,118.8808,204.3968
11639.53632200,26340.124536,0.6839096, 68.3059,141.0044,118.7936,223.7096
11640.53437141,26340.078839,0.6838773, 68.3084,140.9115,118.7505,233.3909
11641.53245298,26340.087403,0.6838304, 68.3117,140.8182,118.7073,243.0994
11643.52858522,26340.261128,0.6836855, 68.3182,140.6328,118.6186,262.5003
11644.52666875,26340.434507,0.6835948, 68.3199,140.5418,118.5724,272.2146
11645.52478032,26340.660826,0.6835034, 68.3199,140.4521,118.5250,281.9493
11646.52291411,26340.982998,0.6834213, 68.3183,140.3635,118.4767,291.6990
11647.52101437,26341.456189,0.6833567, 68.3154,140.2755,118.4282,301.4225
11653.51001775,26286.922452,0.6825761, 68.2993,139.7136,118.1295,359.9318
11654.50820718,26368.214023,0.6834694, 68.3085,139.6151,118.1182,  9.6518
11655.50639473,26345.137177,0.6831544, 68.3077,139.5238,118.0665, 19.3936
11656.50458130,26339.811567,0.6830898, 68.3068,139.4321,118.0120, 29.1210
11657.50277616,26339.520670,0.6830649, 68.3062,139.3413,117.9643, 38.8401
11658.50096218,26340.023830,0.6830349, 68.3053,139.2514,117.9190, 48.5436
11658.50099180,26340.024698,0.6830349, 68.3053,139.2514,117.9190, 48.5652
11659.49915761,26340.547803,0.6829998, 68.3038,139.1624,117.8744, 58.2472
11660.49737934,26340.977042,0.6829654, 68.3016,139.0741,117.8300, 67.9654
11661.49558535,26341.297567,0.6829363, 68.2989,138.9860,117.7858, 77.6688
11662.49385285,26341.531935,0.6829153, 68.2962,138.8978,117.7421, 87.4152
11663.49216570,26341.676594,0.6829029, 68.2937,138.8093,117.6991, 97.1943
11664.49047516,26341.761125,0.6828965, 68.2919,138.7201,117.6568,106.9720
11666.48713614,26341.717694,0.6828858, 68.2914,138.5392,117.5744,126.5656
11668.48327249,26341.486123,0.6828423, 68.2954,138.3559,117.4931,145.7926
11671.47825032,26340.984182,0.6826712, 68.3030,138.0828,117.3660,175.2468
11672.47656666,26340.805764,0.6825972, 68.3038,137.9937,117.3213,185.0743
11673.47490717,26340.625225,0.6825261, 68.3032,137.9055,117.2757,194.9296
11674.47322259,26340.464344,0.6824651, 68.3015,137.8180,117.2296,204.7771
11675.47153227,26340.301145,0.6824192, 68.2991,137.7306,117.1835,214.6305
11676.46985618,26340.130505,0.6823885, 68.2966,137.6429,117.1380,224.5046
11677.46871593,26339.958141,0.6823700, 68.2948,137.5544,117.0934,234.7809
11678.46716160,26339.840695,0.6823585, 68.2940,137.4650,117.0494,244.7633
11679.46565657,26339.769249,0.6823476, 68.2943,137.3748,117.0060,254.7889
11682.46107655,26339.924543,0.6822773, 68.2995,137.1021,116.8751,284.8507
11684.45794670,26340.681930,0.6821977, 68.3024,136.9213,116.7843,304.8507
11685.45638674,26341.543475,0.6821603, 68.3026,136.8317,116.7375,314.8553
11687.45326442,26345.336715,0.6821466, 68.2997,136.6540,116.6444,334.8581
11689.45035492,26276.127399,0.6813332, 68.2868,136.4642,116.5861,354.9640
11690.44863446,26354.842063,0.6822333, 68.2920,136.3546,116.4844,  4.8521
11691.44714664,26352.698464,0.6821423, 68.2915,136.2635,116.4705, 14.8716
11692.44551477,26340.199968,0.6820366, 68.2880,136.1714,116.4135, 24.8005
11693.44399333,26338.384672,0.6820564, 68.2864,136.0783,116.3655, 34.7928
11694.44346043,26338.646257,0.6820788, 68.2864,135.9849,116.3226, 45.4954
11695.44184297,26339.162093,0.6820809, 68.2875,135.8919,116.2814, 55.3952
11696.44071733,26339.667700,0.6820640, 68.2891,135.7994,116.2403, 65.6455
11697.43925284,26340.058431,0.6820311, 68.2906,135.7077,116.1986, 75.6392
11698.43773490,26340.381158,0.6819873, 68.2916,135.6171,116.1561, 85.5865
11699.43632039,26340.651865,0.6819389, 68.2916,135.5275,116.1127, 95.6032
11700.43491274,26340.883048,0.6818921, 68.2904,135.4389,116.0687,105.6198
11701.43353993,26341.080908,0.6818522, 68.2884,135.3509,116.0246,115.6582
11702.43219026,26341.242863,0.6818232, 68.2858,135.2631,115.9809,125.7111
11702.93152881,26341.251501,0.6818124, 68.2846,135.2191,115.9595,130.7468
11702.93203986,26341.253103,0.6818124, 68.2846,135.2191,115.9595,131.1204
11703.43136087,26341.342130,0.6818057, 68.2832,135.1752,115.9379,136.1434
11703.93068481,26341.326449,0.6818007, 68.2823,135.1310,115.9168,141.1686
11704.42996504,26341.410625,0.6817987, 68.2812,135.0868,115.8957,146.1622
11705.42857185,26341.420194,0.6817980, 68.2803,134.9978,115.8543,156.1840
11706.42746198,26341.377171,0.6817983, 68.2806,134.9081,115.8137,166.4154
11707.42618091,26341.282978,0.6817947, 68.2821,134.8179,115.7733,176.5253
11708.42467107,26341.175779,0.6817837, 68.2844,134.7273,115.7328,186.4729
11709.42332335,26341.048137,0.6817637, 68.2872,134.6368,115.6918,196.5443
11710.42199449,26340.887464,0.6817349, 68.2901,134.5465,115.6502,206.6364
11711.42072808,26340.738547,0.6816999, 68.2926,134.4566,115.6078,216.7817
11712.41946283,26340.585983,0.6816617, 68.2945,134.3672,115.5646,226.9363
11713.41818720,26340.415816,0.6816241, 68.2957,134.2783,115.5208,237.0928
11714.41691986,26340.256602,0.6815908, 68.2961,134.1896,115.4766,247.2651
11715.41565773,26340.108559,0.6815647, 68.2960,134.1009,115.4322,257.4516
11716.41538538,26339.987352,0.6815473, 68.2956,134.0119,115.3879,268.3724
11721.40961494,26341.640857,0.6815469, 68.3007,133.5556,115.1714,319.8943
11722.40850377,26343.622226,0.6815560, 68.3040,133.4626,115.1285,330.2500
11723.40740437,26345.077402,0.6815742, 68.3066,133.3697,115.0913,340.6135
11723.90685656,26339.581663,0.6815235, 68.3067,133.3228,115.0819,345.7894
11724.90577307,26267.912498,0.6805913, 68.3039,133.2177,115.0454,356.1474
11728.40194348,26337.336624,0.6812287, 68.3121,132.8833,114.8485, 32.4526
11729.90037631,26337.414354,0.6812296, 68.3083,132.7484,114.7773, 48.0408
11730.39984297,26337.645900,0.6812319, 68.3073,132.7035,114.7550, 53.2251
11731.39883997,26338.112654,0.6812399, 68.3055,132.6134,114.7116, 63.6349
11731.89832287,26338.373638,0.6812449, 68.3048,132.5682,114.6903, 68.8258
11733.39682222,26338.898629,0.6812547, 68.3048,132.4322,114.6277, 84.4223
11734.39577400,26339.217178,0.6812560, 68.3060,132.3412,114.5865, 94.7741
11734.89530844,26339.413002,0.6812543, 68.3067,132.2956,114.5662, 99.9898
11735.39465723,26339.498375,0.6812498, 68.3079,132.2501,114.5453,105.0671
11736.39367940,26339.759851,0.6812350, 68.3103,132.1594,114.5037,115.4524
11736.89317451,26339.921292,0.6812246, 68.3114,132.1141,114.4832,120.6301
11739.39054211,26340.394159,0.6811533, 68.3162,131.8899,114.3760,146.4096
11741.38847357,26340.726954,0.6810960, 68.3174,131.7126,114.2891,167.0329
11742.38745180,26340.842541,0.6810747, 68.3172,131.6242,114.2458,177.3481
11742.88687723,26340.849718,0.6810662, 68.3171,131.5799,114.2246,182.4583
11743.38644129,26340.936547,0.6810606, 68.3168,131.5357,114.2029,187.6695
11744.38542154,26340.993245,0.6810531, 68.3164,131.4468,114.1606,197.9838
11745.38441878,26341.007923,0.6810507, 68.3165,131.3572,114.1190,208.3118
11746.38338778,26341.017784,0.6810500, 68.3174,131.2668,114.0781,218.6213
11747.38236982,26340.977772,0.6810463, 68.3192,131.1756,114.0379,228.9438
11748.38136722,26340.914380,0.6810342, 68.3222,131.0838,113.9980,239.2829
11750.37933735,26340.802582,0.6809690, 68.3307,130.8999,113.9168,259.9622
11751.37832084,26340.759749,0.6809151, 68.3354,130.8089,113.8744,270.3121
11751.87771953,26340.712352,0.6808847, 68.3377,130.7638,113.8523,275.4225
11752.37731394,26340.751378,0.6808526, 68.3396,130.7189,113.8303,280.6777
11753.37627842,26340.796385,0.6807890, 68.3427,130.6299,113.7846,291.0321
11754.37526865,26340.989860,0.6807322, 68.3447,130.5418,113.7375,301.4152
11755.37422689,26341.476727,0.6806892, 68.3456,130.4540,113.6896,311.7852
11755.87371776,26341.916685,0.6806753, 68.3459,130.4101,113.6652,316.9829
11756.37316901,26342.573745,0.6806684, 68.3459,130.3661,113.6416,322.1541
11757.37214082,26344.715435,0.6806826, 68.3458,130.2779,113.5949,332.5545
11758.37105648,26344.733730,0.6807164, 68.3448,130.1886,113.5588,342.9178
11759.37003103,26293.676974,0.6801342, 68.3402,130.0916,113.5472,353.3070
11760.86847034,26364.626093,0.6808783, 68.3519,129.9308,113.4419,  8.9373
11761.36794228,26353.839156,0.6807085, 68.3533,129.8857,113.4267, 14.1425
11762.36697128,26339.276853,0.6805425, 68.3542,129.7943,113.3696, 24.6281
11764.36469930,26336.508568,0.6805119, 68.3586,129.6119,113.2723, 45.3413
11765.36361631,26336.784871,0.6804935, 68.3609,129.5217,113.2266, 55.7335
11765.86307090,26336.909038,0.6804824, 68.3620,129.4768,113.2039, 60.9256
11766.36252628,26337.105513,0.6804697, 68.3626,129.4322,113.1810, 66.1181
11767.36142867,26337.399716,0.6804447, 68.3636,129.3432,113.1351, 76.4941
11767.86086640,26337.519521,0.6804339, 68.3638,129.2988,113.1121, 81.6705
11768.36031434,26337.682612,0.6804231, 68.3638,129.2545,113.0891, 86.8534
11769.35920069,26337.949359,0.6804070, 68.3634,129.1659,113.0434, 97.2075
11770.35807779,26338.204824,0.6803975, 68.3627,129.0771,112.9981,107.5485
11771.35694010,26338.450594,0.6803940, 68.3617,128.9879,112.9536,117.8715
11772.85523820,26338.868085,0.6803969, 68.3607,128.8532,112.8883,133.3454
11772.85539245,26338.868494,0.6803969, 68.3607,128.8532,112.8883,133.4582
11773.85406871,26339.104306,0.6803984, 68.3607,128.7627,112.8458,143.6258
11775.85176977,26339.542065,0.6803842, 68.3633,128.5803,112.7624,164.1918
11776.85059927,26339.760888,0.6803611, 68.3658,128.4890,112.7205,174.4474
11777.84942218,26339.955024,0.6803248, 68.3687,128.3982,112.6780,184.6900
11778.34883398,26340.026792,0.6803023, 68.3703,128.3532,112.6558,189.8088
11782.84339913,26340.785686,0.6800847, 68.3748,127.9577,112.4485,235.7079
11783.84217348,26340.883276,0.6800592, 68.3736,127.8706,112.4022,245.8860
11785.34030398,26341.057954,0.6800374, 68.3720,127.7392,112.3349,261.1306
11786.83848789,26341.116403,0.6800217, 68.3725,127.6062,112.2699,276.4188
11787.83713550,26341.235099,0.6800087, 68.3740,127.5172,112.2269,286.5115
11788.83586101,26341.438446,0.6799906, 68.3765,127.4281,112.1837,296.6665
11789.33522555,26341.662841,0.6799798, 68.3778,127.3837,112.1620,301.7472
11789.83458390,26341.833559,0.6799678, 68.3795,127.3392,112.1397,306.8260
11791.33263437,26343.371541,0.6799363, 68.3842,127.2066,112.0715,322.0552
11791.83197723,26344.301672,0.6799328, 68.3858,127.1627,112.0478,327.1311
11793.32998564,26346.592947,0.6799587, 68.3881,127.0313,111.9860,342.3507
11795.32729002,26315.695648,0.6795361, 68.3878,126.8286,111.8499,  2.6479
11795.82661516,26363.350882,0.6800759, 68.3927,126.7811,111.8559,  7.7085
11796.82524704,26347.350891,0.6798257, 68.3928,126.6935,111.8200, 17.8625
11797.82386518,26338.661837,0.6797555, 68.3908,126.6047,111.7621, 28.0237
11798.82247272,26337.015412,0.6797711, 68.3895,126.5151,111.7118, 38.1774
11799.82107035,26336.805681,0.6797953, 68.3888,126.4249,111.6656, 48.3289
11800.81965965,26336.861471,0.6798143, 68.3889,126.3342,111.6215, 58.4800
11801.81823863,26336.945749,0.6798247, 68.3897,126.2430,111.5783, 68.6289
11802.81681836,26337.018944,0.6798246, 68.3912,126.1516,111.5355, 78.7826
11803.81540515,26337.097207,0.6798125, 68.3932,126.0601,111.4924, 88.9439
11804.81394578,26337.163794,0.6797882, 68.3956,125.9690,111.4486, 99.0722
11805.81247470,26337.253749,0.6797539, 68.3979,125.8787,111.4036,109.1916
11807.31024058,26337.457995,0.6796925, 68.4002,125.7448,111.3334,124.3465
11807.80953032,26337.506293,0.6796732, 68.4005,125.7006,111.3093,129.4213
11809.30725715,26337.797648,0.6796241, 68.3994,125.5688,111.2362,144.5349
11810.80497539,26338.158455,0.6796005, 68.3960,125.4369,111.1637,159.6281
11811.80344644,26338.423111,0.6795968, 68.3934,125.3485,111.1169,169.6752
11813.80043239,26338.962276,0.6796027, 68.3897,125.1703,111.0273,189.7761
11815.79718898,26339.519612,0.6796006, 68.3895,124.9914,110.9408,209.6703
11816.79559539,26339.768712,0.6795914, 68.3904,124.9022,110.8974,219.6226
11817.79402092,26340.002921,0.6795767, 68.3915,124.8135,110.8537,229.5800
11818.79240457,26340.244242,0.6795584, 68.3925,124.7254,110.8092,239.4985
11819.29160548,26340.340342,0.6795490, 68.3930,124.6816,110.7863,244.4616
11819.79079194,26340.471433,0.6795389, 68.3932,124.6378,110.7641,249.4122
11820.28997812,26340.579505,0.6795299, 68.3934,124.5943,110.7410,254.3612
11820.78915970,26340.685895,0.6795208, 68.3934,124.5507,110.7186,259.3053
11821.78750356,26340.908452,0.6795070, 68.3930,124.4638,110.6728,269.1757
11822.78586214,26341.127943,0.6794995, 68.3921,124.3769,110.6270,279.0532
11823.78418021,26341.385598,0.6794993, 68.3909,124.2898,110.5814,288.8989
11825.78079325,26342.260241,0.6795210, 68.3885,124.1138,110.4917,308.5740
11826.77907936,26343.248085,0.6795439, 68.3879,124.0248,110.4474,318.4002
11827.77736809,26345.148311,0.6795817, 68.3878,123.9350,110.4036,328.2330
11828.77564759,26348.047333,0.6796470, 68.3880,123.8447,110.3632,338.0630
11829.77393600,26338.493011,0.6796022, 68.3865,123.7525,110.3439,347.8909
11831.77045151,26362.369936,0.6798036, 68.3944,123.5401,110.2293,  7.5448
11832.76867213,26349.656314,0.6795686, 68.3975,123.4500,110.2006, 17.3607
11832.76873497,26349.577843,0.6795677, 68.3975,123.4500,110.2006, 17.4068
11833.76684001,26340.260321,0.6794545, 68.3981,123.3601,110.1447, 27.1582
11835.76322087,26337.718426,0.6794189, 68.3986,123.1826,110.0440, 46.7986
11839.75588287,26337.475148,0.6794482, 68.3929,122.8271,109.8565, 86.1126
11840.75401138,26337.400277,0.6794620, 68.3921,122.7365,109.8126, 95.9345
11842.75024852,26337.300808,0.6794745, 68.3932,122.5548,109.7266,115.5779
11843.74839216,26337.289784,0.6794712, 68.3947,122.4642,109.6833,125.4214
11844.74649877,26337.312417,0.6794630, 68.3963,122.3742,109.6394,135.2378
11845.74458103,26337.365879,0.6794522, 68.3977,122.2846,109.5948,145.0352
11846.74271429,26337.464779,0.6794418, 68.3985,122.1956,109.5496,154.8670
11847.74075681,26337.600320,0.6794342, 68.3987,122.1069,109.5039,164.6281
11848.73879833,26337.773594,0.6794317, 68.3982,122.0183,109.4582,174.3828
11849.73683121,26337.970897,0.6794354, 68.3971,121.9298,109.4127,184.1248
11850.73484850,26338.187466,0.6794459, 68.3955,121.8409,109.3677,193.8484
11851.73286192,26338.435635,0.6794624, 68.3937,121.7516,109.3234,203.5611
11852.73086115,26338.691947,0.6794830, 68.3918,121.6617,109.2801,213.2549
11854.72683376,26339.212275,0.6795248, 68.3891,121.4799,109.1966,232.5978
11855.72480428,26339.489874,0.6795389, 68.3886,121.3883,109.1559,242.2445
11856.72276344,26339.762075,0.6795443, 68.3888,121.2965,109.1157,251.8744
11857.72071467,26340.039664,0.6795393, 68.3897,121.2049,109.0753,261.4908
11858.71865639,26340.347572,0.6795240, 68.3911,121.1137,109.0343,271.0924
11859.71657005,26340.670656,0.6795001, 68.3928,121.0234,108.9923,280.6668
11860.71448543,26341.052404,0.6794717, 68.3943,120.9341,108.9488,290.2363
11861.71239379,26341.525940,0.6794440, 68.3954,120.8456,108.9038,299.7960
11863.70816633,26343.327398,0.6794196, 68.3955,120.6703,108.8098,318.8747
11864.70604184,26345.367370,0.6794427, 68.3945,120.5825,108.7620,328.4057
11866.70175669,26341.973473,0.6795098, 68.3890,120.4034,108.6933,347.4306
11867.69962763,26267.107012,0.6785981, 68.3827,120.2998,108.6537,356.9458
11868.69744681,26355.860777,0.6796662, 68.3911,120.1911,108.5727,  6.4559
11869.69527982,26353.318121,0.6795692, 68.3944,120.0995,108.5573, 15.9609
11870.69309675,26342.086427,0.6794510, 68.3951,120.0084,108.5054, 25.4798
11871.69090059,26339.162116,0.6794361, 68.3967,119.9177,108.4574, 34.9897
11872.68868864,26338.453340,0.6794356, 68.3988,119.8278,108.4121, 44.4923
11873.68645738,26338.278824,0.6794344, 68.4007,119.7387,108.3676, 53.9876
11874.68422325,26338.204303,0.6794335, 68.4023,119.6501,108.3231, 63.4890
11876.67964828,26338.037872,0.6794417, 68.4039,119.4732,108.2340, 82.4406
11877.67734962,26337.937546,0.6794534, 68.4040,119.3843,108.1898, 91.9217
11878.67505625,26337.831190,0.6794697, 68.4040,119.2948,108.1463,101.4147
11879.67288345,26337.718860,0.6794884, 68.4039,119.2046,108.1035,111.0033
11880.67056976,26337.610708,0.6795072, 68.4040,119.1136,108.0615,120.4959
11881.66825262,26337.518246,0.6795229, 68.4045,119.0219,108.0202,129.9922
11882.66606956,26337.464033,0.6795326, 68.4055,118.9296,107.9794,139.5909
11883.66376369,26337.433131,0.6795336, 68.4070,118.8371,107.9389,149.1028
11884.66142074,26337.443480,0.6795246, 68.4090,118.7448,107.8980,158.5887
11885.65908430,26337.470410,0.6795065, 68.4113,118.6529,107.8566,168.0793
11886.65669703,26337.551438,0.6794817, 68.4137,118.5618,107.8140,177.5308
11887.65437156,26337.667215,0.6794539, 68.4159,118.4716,107.7702,187.0240
11888.65198482,26337.848087,0.6794278, 68.4175,118.3823,107.7251,196.4671
11889.64957251,26338.036974,0.6794077, 68.4183,118.2935,107.6790,205.8847
11889.64960420,26338.037080,0.6794077, 68.4183,118.2935,107.6790,205.9079
11890.64715633,26338.252974,0.6793966, 68.4182,118.2049,107.6326,215.2913
11891.64471955,26338.490173,0.6793950, 68.4174,118.1161,107.5864,224.6765
11892.64231234,26338.730362,0.6794010, 68.4160,118.0268,107.5409,234.0757
11893.63988083,26339.001622,0.6794114, 68.4146,117.9366,107.4967,243.4493
11895.63504299,26339.579098,0.6794267, 68.4134,117.7547,107.4119,262.1897
11896.63258575,26339.895485,0.6794244, 68.4142,117.6636,107.3703,271.5191
11898.62768471,26340.644260,0.6793969, 68.4181,117.4833,107.2858,290.1628
11901.62025770,26342.938306,0.6793521, 68.4244,117.2193,107.1506,318.0195
11902.61767373,26344.886194,0.6793648, 68.4256,117.1323,107.1035,327.2160
11908.60262254,26344.821890,0.6794336, 68.4280,116.5681,106.8468, 22.6796
11910.59769617,26339.104101,0.6794318, 68.4298,116.3845,106.7559, 41.2774
11911.59512003,26338.754029,0.6794344, 68.4322,116.2928,106.7146, 50.5014
11912.59252971,26338.616219,0.6794237, 68.4352,116.2017,106.6733, 59.7230
11913.58994938,26338.514873,0.6794022, 68.4386,116.1116,106.6311, 68.9610
11914.58735580,26338.411430,0.6793755, 68.4420,116.0226,106.5874, 78.1987
11915.58475083,26338.289443,0.6793497, 68.4450,115.9345,106.5422, 87.4377
11916.58214047,26338.159830,0.6793301, 68.4472,115.8471,106.4958, 96.6823
11917.57952205,26338.011499,0.6793206, 68.4486,115.7597,106.4487,105.9301
11918.57689699,26337.874453,0.6793211, 68.4492,115.6719,106.4016,115.1819
11919.57425553,26337.746904,0.6793290, 68.4493,115.5833,106.3552,124.4297
11920.57161158,26337.635554,0.6793400, 68.4493,115.4938,106.3099,133.6827
11921.56895895,26337.539854,0.6793496, 68.4496,115.4036,106.2657,142.9355
11922.56630219,26337.478748,0.6793544, 68.4504,115.3129,106.2222,152.1898
11923.56363215,26337.447728,0.6793523, 68.4519,115.2222,106.1791,161.4372
11924.56095527,26337.435699,0.6793433, 68.4541,115.1320,106.1357,170.6809
11926.55559855,26337.550748,0.6793139, 68.4592,114.9537,106.0465,189.1620
11928.55018584,26337.853160,0.6792906, 68.4632,114.7784,105.9537,207.5834
11929.54749425,26338.048055,0.6792885, 68.4643,114.6912,105.9067,216.7947
11931.54207457,26338.513881,0.6793077, 68.4644,114.5165,105.8136,235.1665
11933.53659465,26339.067127,0.6793494, 68.4633,114.3396,105.7237,253.4579
11934.53384047,26339.359463,0.6793718, 68.4628,114.2501,105.6802,262.5793
11935.53109054,26339.664957,0.6793910, 68.4627,114.1599,105.6376,271.6952
11936.52834525,26340.012674,0.6794037, 68.4630,114.0693,105.5957,280.8057
11937.52556567,26340.409920,0.6794073, 68.4640,113.9785,105.5539,289.8832
11938.52279586,26340.911384,0.6794007, 68.4656,113.8878,105.5119,298.9601
11939.52000286,26341.590797,0.6793849, 68.4677,113.7978,105.4688,308.0139
11940.51720406,26342.653005,0.6793653, 68.4702,113.7087,105.4241,317.0584
11941.51440240,26344.524897,0.6793543, 68.4728,113.6208,105.3772,326.0965
11943.50876725,26349.852002,0.6794265, 68.4752,113.4481,105.2894,344.1338
11945.50311146,26296.222045,0.6788001, 68.4710,113.2499,105.1530,  2.1485
11947.49742639,26348.274015,0.6794078, 68.4764,113.0681,105.0990, 20.1260
11949.49171641,26339.979215,0.6794062, 68.4748,112.8876,104.9994, 38.1308
11950.48886018,26339.385734,0.6794279, 68.4757,112.7971,104.9552, 47.1370
11952.48309552,26339.025824,0.6794415, 68.4802,112.6181,104.8681, 65.1317
11955.47439049,26338.623850,0.6794388, 68.4880,112.3566,104.7312, 92.1443
11957.46854640,26338.295607,0.6794662, 68.4909,112.1839,104.6367,110.1671
11958.46560995,26338.131052,0.6794921, 68.4915,112.0970,104.5898,119.1806
11959.46266655,26337.977016,0.6795240, 68.4917,112.0093,104.5435,128.1967
11960.45973554,26337.838138,0.6795589, 68.4917,111.9206,104.4981,137.2288
11963.45085605,26337.592854,0.6796503, 68.4924,111.6497,104.3671,164.2927
11964.44788493,26337.575972,0.6796670, 68.4932,111.5584,104.3245,173.3115
11965.44491319,26337.605493,0.6796743, 68.4945,111.4671,104.2817,182.3303
11966.44190537,26337.674366,0.6796724, 68.4960,111.3761,104.2385,191.3215
11967.43891954,26337.775589,0.6796635, 68.4978,111.2859,104.1943,200.3260
11968.43590223,26337.904999,0.6796515, 68.4995,111.1968,104.1488,209.3036
11969.43287667,26338.073040,0.6796420, 68.5010,111.1086,104.1018,218.2697
11970.42985400,26338.268343,0.6796412, 68.5018,111.0213,104.0534,227.2311
11971.42681728,26338.514017,0.6796536, 68.5018,110.9342,104.0042,236.1738
11972.42378794,26338.762323,0.6796799, 68.5009,110.8468,103.9551,245.1127
11973.42074021,26339.032897,0.6797174, 68.4993,110.7583,103.9069,254.0293
11974.41770061,26339.309824,0.6797590, 68.4975,110.6686,103.8602,262.9430
11975.41464169,26339.618100,0.6797976, 68.4958,110.5779,103.8152,271.8343
11977.40852561,26340.379200,0.6798466, 68.4947,110.3953,103.7282,289.5911
11979.40237252,26341.501037,0.6798585, 68.4966,110.2151,103.6401,307.2882
11981.39617368,26344.183742,0.6798789, 68.4997,110.0393,103.5462,324.9253
11984.38682851,26327.826331,0.6798402, 68.4968,109.7772,103.4394,351.2856
11985.38371980,26267.892902,0.6791047, 68.4928,109.6720,103.3455,  0.0896
11987.37739850,26352.233361,0.6801531, 68.5004,109.4838,103.2776, 17.5844
11989.37111020,26340.735377,0.6801549, 68.4976,109.3023,103.1795, 35.1430
11990.36789911,26339.816422,0.6802036, 68.4972,109.2103,103.1361, 43.8770
11991.36468734,26339.459311,0.6802438, 68.4976,109.1180,103.0945, 52.6166
11992.36151458,26339.262461,0.6802712, 68.4986,109.0258,103.0535, 61.3927
11993.35830822,26339.140676,0.6802858, 68.5002,108.9339,103.0123, 70.1527
11994.35510076,26338.987048,0.6802901, 68.5022,108.8427,102.9702, 78.9206
11995.35191510,26338.835783,0.6802891, 68.5044,108.7524,102.9267, 87.7145
11996.34868595,26338.679734,0.6802882, 68.5066,108.6632,102.8817, 96.4863
11997.34544975,26338.513713,0.6802938, 68.5083,108.5747,102.8350,105.2626
11998.34222874,26338.352085,0.6803115, 68.5093,108.4866,102.7871,114.0592
11999.33899394,26338.199995,0.6803440, 68.5094,108.3982,102.7387,122.8541
12000.33572239,26338.063285,0.6803893, 68.5087,108.3086,102.6908,131.6298
12001.33246256,26337.951516,0.6804410, 68.5076,108.2174,102.6442,140.4207
12002.32920098,26337.863588,0.6804907, 68.5064,108.1248,102.5993,149.2156
12005.31936216,26337.819940,0.6805760, 68.5065,107.8444,102.4701,175.5753
12006.31603940,26337.877831,0.6805852, 68.5077,107.7523,102.4266,184.3289
12007.31268842,26337.969879,0.6805922, 68.5091,107.6614,102.3820,193.0580
12009.30602896,26338.248678,0.6806185, 68.5109,107.4823,102.2904,210.5302
12010.30271390,26338.444169,0.6806439, 68.5110,107.3935,102.2441,219.2658
12011.29938715,26338.669426,0.6806787, 68.5106,107.3045,102.1979,227.9839
12012.29601513,26338.912880,0.6807218, 68.5096,107.2151,102.1524,236.6591
12012.29605362,26338.912969,0.6807217, 68.5096,107.2151,102.1524,236.6873
12013.29263737,26339.169326,0.6807707, 68.5082,107.1249,102.1079,245.3189
12014.28927787,26339.447852,0.6808223, 68.5067,107.0339,102.0644,253.9835
12015.28587956,26339.736562,0.6808726, 68.5052,106.9419,102.0222,262.6095
12017.27911714,26340.362773,0.6809544, 68.5031,106.7557,101.9407,279.8581
12018.27566623,26340.707513,0.6809802, 68.5028,106.6620,101.9007,288.4186
12019.27222719,26341.126807,0.6809945, 68.5030,106.5684,101.8606,296.9805
12020.26885064,26341.713341,0.6809984, 68.5037,106.4753,101.8198,305.5807
12021.26545323,26342.561616,0.6809959, 68.5050,106.3830,101.7777,314.1595
12022.26204029,26343.982193,0.6809958, 68.5065,106.2917,101.7337,322.7225
12023.25860757,26346.608449,0.6810147, 68.5080,106.2017,101.6877,331.2684
12024.25510783,26350.953955,0.6810795, 68.5090,106.1126,101.6425,339.7623
12025.25164862,26346.644143,0.6811002, 68.5076,106.0232,101.6150,348.2718
12026.24810667,26272.206045,0.6802282, 68.5015,105.9239,101.5827,356.7101
12027.24463005,26334.200105,0.6810145, 68.5062,105.8151,101.4735,  5.2411
12028.24110224,26359.161739,0.6812937, 68.5095,105.7218,101.4673, 13.6930
12029.23757258,26347.342465,0.6811979, 68.5078,105.6289,101.4202, 22.1770
12030.23408531,26342.415204,0.6812083, 68.5063,105.5342,101.3719, 30.6953
12031.23057403,26340.685159,0.6812409, 68.5059,105.4387,101.3278, 39.2000
12032.22704667,26340.013801,0.6812637, 68.5068,105.3435,101.2857, 47.6992
12033.22351041,26339.701075,0.6812732, 68.5086,105.2496,101.2438, 56.1996
12034.21991207,26339.508580,0.6812752, 68.5110,105.1573,101.2009, 64.6627
12035.21635303,26339.362936,0.6812773, 68.5134,105.0665,101.1569, 73.1629
12036.21278718,26339.228253,0.6812853, 68.5155,104.9767,101.1119, 81.6661
12037.20920717,26339.091838,0.6813026, 68.5172,104.8873,101.0664, 90.1669
12039.20195446,26338.819599,0.6813654, 68.5188,104.7078,100.9758,107.1228
12040.19837815,26338.696598,0.6814071, 68.5189,104.6169,100.9315,115.6474
12042.19106510,26338.496158,0.6814933, 68.5187,104.4319,100.8460,132.5949
12044.18377565,26338.410021,0.6815586, 68.5188,104.2432,100.7641,149.5736
12045.18006997,26338.418472,0.6815764, 68.5193,104.1482,100.7240,158.0205
12046.17611553,26338.469201,0.6815828, 68.5201,104.0532,100.6838,166.2849
12046.17642251,26338.469596,0.6815828, 68.5201,104.0532,100.6838,166.5093
12047.17270007,26338.555701,0.6815787, 68.5213,103.9587,100.6432,174.9411
12048.16902711,26338.674983,0.6815667, 68.5227,103.8650,100.6018,183.4054
12049.16526964,26338.829865,0.6815511, 68.5242,103.7723,100.5593,191.8027
12050.16156335,26339.006070,0.6815367, 68.5257,103.6808,100.5155,200.2309
12051.15757035,26339.202393,0.6815290, 68.5268,103.5903,100.4705,208.4420
12051.15784825,26339.202942,0.6815289, 68.5268,103.5903,100.4705,208.6451
12053.15036486,26339.656986,0.6815495, 68.5276,103.4107,100.3782,225.4075
12055.14280875,26340.160356,0.6816210, 68.5259,103.2287,100.2869,242.0777
12056.13904922,26340.432476,0.6816637, 68.5246,103.1356,100.2432,250.4118
12057.13525852,26340.716671,0.6816997, 68.5234,103.0411,100.2010,258.7140
12059.12758060,26341.309697,0.6817255, 68.5233,102.8508,100.1195,275.2236
12060.12349969,26341.610935,0.6817147, 68.5246,102.7568,100.0782,283.2905
12060.12376039,26341.613475,0.6817146, 68.5246,102.7568,100.0782,283.4811
12061.11993181,26341.933100,0.6816954, 68.5267,102.6646,100.0355,291.7257
12062.11604642,26342.307713,0.6816767, 68.5290,102.5742, 99.9912,299.9226
12063.11219767,26342.813093,0.6816661, 68.5312,102.4852, 99.9452,308.1407
12064.10826260,26343.596943,0.6816698, 68.5331,102.3970, 99.8981,316.2913
12066.10050838,26347.791826,0.6817493, 68.5357,102.2204, 99.8023,332.6698
12068.09267167,26346.679868,0.6818872, 68.5342,102.0399, 99.7348,348.9728
12069.08878220,26269.705120,0.6809924, 68.5284,101.9373, 99.7028,357.1350
12070.08480874,26331.815710,0.6817747, 68.5340,101.8261, 99.6000,  5.2815
12071.08086047,26359.603751,0.6820596, 68.5394,101.7303, 99.5984, 13.4077
12072.07690060,26348.421863,0.6819223, 68.5404,101.6367, 99.5565, 21.5613
12075.06494577,26340.257140,0.6818471, 68.5454,101.3564, 99.4220, 46.0117
12076.06077188,26339.867450,0.6818285, 68.5481,101.2649, 99.3780, 54.0398
12078.05269703,26339.497897,0.6817970, 68.5535,101.0854, 99.2867, 70.3227
12079.04864074,26339.374183,0.6817952, 68.5558,100.9970, 99.2393, 78.4631
12080.04456943,26339.271771,0.6818079, 68.5574,100.9087, 99.1912, 86.6000
12081.04048293,26339.173673,0.6818350, 68.5584,100.8198, 99.1433, 94.7323
12082.03639043,26339.094373,0.6818725, 68.5588,100.7297, 99.0961,102.8657
12083.03229026,26339.023616,0.6819144, 68.5587,100.6379, 99.0502,110.9976
12084.02817851,26338.974019,0.6819519, 68.5586,100.5446, 99.0057,119.1243
12085.02405077,26338.950792,0.6819776, 68.5588,100.4503, 98.9624,127.2412
12086.01991368,26338.959725,0.6819875, 68.5596,100.3557, 98.9195,135.3520
12087.01576250,26339.014796,0.6819827, 68.5612,100.2619, 98.8762,143.4512
12088.01159397,26339.110899,0.6819689, 68.5634,100.1696, 98.8316,151.5344
12088.01165178,26339.110974,0.6819689, 68.5634,100.1696, 98.8316,151.5767
12089.00740802,26339.251473,0.6819545, 68.5658,100.0791, 98.7855,159.5993
12090.00321620,26339.429677,0.6819475, 68.5680, 99.9902, 98.7380,167.6529
12090.99901553,26339.641376,0.6819533, 68.5697, 99.9024, 98.6896,175.6911
12091.99480219,26339.877083,0.6819740, 68.5707, 99.8149, 98.6413,183.7098
12092.99057669,26340.126038,0.6820074, 68.5710, 99.7271, 98.5936,191.7091
12093.98634838,26340.392642,0.6820497, 68.5708, 99.6384, 98.5470,199.6952
12094.98210520,26340.662184,0.6820958, 68.5704, 99.5488, 98.5018,207.6595
12094.98219889,26340.662186,0.6820958, 68.5704, 99.5488, 98.5018,207.7279
12095.97785314,26340.930739,0.6821407, 68.5698, 99.4582, 98.4580,215.6063
12096.97361246,26341.196700,0.6821798, 68.5693, 99.3666, 98.4154,223.5513
12097.96933466,26341.451683,0.6822097, 68.5692, 99.2744, 98.3737,231.4597
12098.96504547,26341.700058,0.6822282, 68.5694, 99.1819, 98.3325,239.3507
12100.95643014,26342.143909,0.6822285, 68.5713, 98.9977, 98.2499,255.0828
12101.45426983,26342.238396,0.6822224, 68.5720, 98.9521, 98.2285,259.0071
12101.95212415,26342.336444,0.6822134, 68.5729, 98.9067, 98.2075,262.9407
12102.94778324,26342.507740,0.6821932, 68.5749, 98.8169, 98.1639,270.7683
12103.94343006,26342.664296,0.6821736, 68.5771, 98.7284, 98.1188,278.5832
12104.93906477,26342.808461,0.6821611, 68.5793, 98.6411, 98.0721,286.3867
12105.93468775,26342.963080,0.6821615, 68.5812, 98.5547, 98.0242,294.1801
12107.92589439,26343.500894,0.6822135, 68.5838, 98.3817, 97.9264,309.7387
12108.92148950,26344.130980,0.6822635, 68.5845, 98.2937, 97.8777,317.5154
12108.92157906,26344.139453,0.6822635, 68.5845, 98.2937, 97.8777,317.5809
12109.91707353,26345.417693,0.6823264, 68.5850, 98.2039, 97.8295,325.2888
12110.91264654,26348.065166,0.6824057, 68.5855, 98.1126, 97.7821,333.0610
12111.90820764,26352.706585,0.6825151, 68.5861, 98.0200, 97.7378,340.8312
12112.90377057,26349.881612,0.6825642, 68.5854, 97.9263, 97.7118,348.5997
12113.89930803,26279.856513,0.6817447, 68.5812, 97.8249, 97.6899,356.3443
12114.89482795,26312.314056,0.6821278, 68.5866, 97.7139, 97.5705,  4.1382
12115.39258491,26352.189652,0.6825872, 68.5919, 97.6651, 97.5674,  8.0060
12115.89028566,26360.193460,0.6826393, 68.5952, 97.6197, 97.5630, 11.8408
12115.89035581,26360.178933,0.6826386, 68.5952, 97.6197, 97.5632, 11.8920
12116.88577730,26350.708349,0.6824923, 68.5985, 97.5318, 97.5191, 19.6055
12117.88126021,26344.310019,0.6824401, 68.6005, 97.4450, 97.4635, 27.3760
12118.87673462,26341.707319,0.6824573, 68.6020, 97.3585, 97.4091, 35.1434
12119.87219458,26340.637225,0.6825072, 68.6029, 97.2718, 97.3568, 42.9043
12120.86773057,26340.138502,0.6825734, 68.6035, 97.1842, 97.3067, 50.7250
12122.36091856,26339.827208,0.6826832, 68.6035, 97.0503, 97.2346, 62.3793
12122.85861645,26339.751077,0.6827192, 68.6035, 97.0049, 97.2119, 66.2426
12122.85863027,26339.751093,0.6827192, 68.6035, 97.0049, 97.2119, 66.2527
12123.85405413,26339.703012,0.6827859, 68.6034, 96.9133, 97.1669, 74.0018
12125.34719361,26339.717204,0.6828666, 68.6033, 96.7743, 97.1010, 85.6306
12125.84489588,26339.685077,0.6828875, 68.6035, 96.7276, 97.0797, 89.4987
12126.34259866,26339.750644,0.6829048, 68.6036, 96.6810, 97.0580, 93.3676
12126.84029664,26339.736473,0.6829193, 68.6040, 96.6343, 97.0367, 97.2321
12127.83568642,26339.822423,0.6829390, 68.6047, 96.5413, 96.9934,104.9554
12129.32875038,26340.063460,0.6829520, 68.6062, 96.4033, 96.9270,116.5183
12129.82643959,26340.119321,0.6829547, 68.6069, 96.3578, 96.9043,120.3706
12130.32412709,26340.236779,0.6829567, 68.6074, 96.3127, 96.8813,124.2203
12131.31947845,26340.427773,0.6829652, 68.6086, 96.2234, 96.8342,131.8966
12132.31482335,26340.642667,0.6829842, 68.6096, 96.1353, 96.7859,139.5598
12133.31015871,26340.877519,0.6830193, 68.6101, 96.0478, 96.7366,147.2067
12133.80781891,26341.019477,0.6830443, 68.6101, 96.0041, 96.7119,151.0207
12134.30548137,26341.124551,0.6830734, 68.6100, 95.9604, 96.6872,154.8338
12135.30079182,26341.380208,0.6831449, 68.6091, 95.8720, 96.6384,162.4409
12136.29609942,26341.642032,0.6832272, 68.6076, 95.7821, 96.5911,170.0349
12137.78904064,26342.067971,0.6833489, 68.6048, 95.6438, 96.5239,181.3913
12138.28669008,26342.149551,0.6833843, 68.6041, 95.5970, 96.5021,185.1738
12139.28197317,26342.379911,0.6834421, 68.6028, 95.5027, 96.4597,192.7208
12139.77961017,26342.515124,0.6834638, 68.6024, 95.4555, 96.4391,196.4880
12140.27724662,26342.587645,0.6834816, 68.6023, 95.4085, 96.4177,200.2531
12141.27251123,26342.775919,0.6835059, 68.6026, 95.3154, 96.3752,207.7718
12141.77013298,26342.869646,0.6835139, 68.6030, 95.2693, 96.3539,211.5209
12143.26301664,26343.055779,0.6835377, 68.6050, 95.1341, 96.2864,222.7724
12144.25825409,26343.136530,0.6835615, 68.6064, 95.0459, 96.2400,230.2538
12145.25348820,26343.226316,0.6835987, 68.6076, 94.9586, 96.1927,237.7273
12146.24871817,26343.263463,0.6836513, 68.6084, 94.8715, 96.1453,245.1933
12147.24394179,26343.276174,0.6837178, 68.6087, 94.7839, 96.0986,252.6521
12148.23915963,26343.265803,0.6837940, 68.6086, 94.6952, 96.0530,260.1054
12148.73676719,26343.171823,0.6838336, 68.6086, 94.6503, 96.0308,263.8319
12150.22958430,26343.142858,0.6839506, 68.6080, 94.5135, 95.9661,275.0106
12151.22479017,26343.068311,0.6840192, 68.6078, 94.4205, 95.9245,282.4648
12151.72239013,26342.975329,0.6840492, 68.6079, 94.3736, 95.9038,286.1926
12153.21518237,26342.992159,0.6841176, 68.6084, 94.2321, 95.8427,297.3809
12153.21518943,26342.992280,0.6841176, 68.6084, 94.2321, 95.8427,297.3860
12154.21038307,26343.044587,0.6841452, 68.6095, 94.1375, 95.8015,304.8553
12155.20557260,26343.284061,0.6841612, 68.6110, 94.0433, 95.7591,312.3318
12156.20075736,26343.892921,0.6841710, 68.6129, 93.9499, 95.7149,319.8157
12157.19593699,26345.283061,0.6841853, 68.6152, 93.8575, 95.6684,327.3073
12158.19111287,26348.267578,0.6842245, 68.6176, 93.7664, 95.6196,334.8077
12159.18628693,26353.353222,0.6843175, 68.6195, 93.6765, 95.5719,342.3157
12160.18145951,26347.488633,0.6843411, 68.6188, 93.5865, 95.5438,349.8180
12161.17662925,26269.709334,0.6834608, 68.6135, 93.4870, 95.5056,357.3180
12162.17179513,26317.462594,0.6841134, 68.6174, 93.3781, 95.3876,  4.8645
12163.16696084,26358.772725,0.6846338, 68.6221, 93.2827, 95.3778, 12.3642
12164.16212576,26350.317053,0.6845968, 68.6213, 93.1890, 95.3353, 19.8937
12165.15729018,26344.476635,0.6846260, 68.6192, 93.0927, 95.2857, 27.4287
12165.15731066,26344.469363,0.6846260, 68.6192, 93.0927, 95.2857, 27.4437
12166.15245631,26342.056767,0.6846861, 68.6173, 92.9946, 95.2389, 34.9643
12167.14761924,26341.112114,0.6847391, 68.6161, 92.8960, 95.1946, 42.4958
12168.14278543,26340.797804,0.6847756, 68.6158, 92.7981, 95.1509, 50.0276
12169.13794837,26340.782619,0.6847997, 68.6161, 92.7019, 95.1066, 57.5531
12169.63552909,26340.796795,0.6848104, 68.6165, 92.6545, 95.0842, 61.3131
12170.13311048,26340.909843,0.6848211, 68.6168, 92.6078, 95.0611, 65.0725
12171.12827301,26341.120893,0.6848492, 68.6175, 92.5156, 95.0145, 72.5849
12172.12343670,26341.373567,0.6848905, 68.6178, 92.4248, 94.9671, 80.0890
12172.62102019,26341.506192,0.6849175, 68.6178, 92.3795, 94.9433, 83.8384
12173.61619033,26341.802197,0.6849829, 68.6173, 92.2891, 94.8962, 91.3313
12174.11379652,26341.936877,0.6850206, 68.6168, 92.2438, 94.8729, 95.0887
12174.61136375,26342.097529,0.6850616, 68.6162, 92.1981, 94.8501, 98.8148
12175.10895188,26342.216537,0.6851043, 68.6155, 92.1523, 94.8275,102.5530
12175.60653821,26342.380222,0.6851487, 68.6146, 92.1060, 94.8055,106.2870
12176.60172318,26342.649352,0.6852376, 68.6127, 92.0124, 94.7626,113.7549
12177.59690706,26342.900641,0.6853218, 68.6108, 91.9175, 94.7213,121.2108
12178.59210025,26343.133458,0.6853958, 68.6090, 91.8213, 94.6814,128.6627
12179.58729629,26343.345861,0.6854557, 68.6076, 91.7244, 94.6425,136.1069
12180.58249262,26343.541777,0.6855000, 68.6065, 91.6272, 94.6039,143.5424
12181.57769499,26343.718004,0.6855289, 68.6060, 91.5302, 94.5652,150.9743
12182.07530328,26343.781135,0.6855389, 68.6059, 91.4820, 94.5453,154.6928
12182.57290489,26343.868762,0.6855452, 68.6059, 91.4339, 94.5259,158.4049
12183.56811476,26343.969046,0.6855527, 68.6062, 91.3387, 94.4857,165.8299
12184.06572491,26344.030534,0.6855553, 68.6065, 91.2916, 94.4648,169.5447
12184.06576865,26344.030554,0.6855553, 68.6065, 91.2916, 94.4648,169.5767
12185.55854698,26344.131629,0.6855642, 68.6079, 91.1520, 94.4013,180.6766
12186.05616415,26344.182510,0.6855712, 68.6082, 91.1062, 94.3792,184.3928
12186.55377523,26344.160894,0.6855803, 68.6088, 91.0604, 94.3573,188.1041
12187.54900869,26344.161473,0.6856107, 68.6095, 90.9695, 94.3123,195.5336
12188.54425471,26344.129666,0.6856587, 68.6099, 90.8786, 94.2670,202.9715
12189.04188169,26344.144318,0.6856895, 68.6098, 90.8329, 94.2445,206.6934
12190.53475704,26343.972263,0.6858018, 68.6092, 90.6932, 94.1784,217.8583
12191.53002399,26343.871455,0.6858820, 68.6082, 90.5973, 94.1364,225.3181
12192.52530897,26343.777321,0.6859518, 68.6073, 90.4991, 94.0963,232.7964
12193.52058907,26343.654786,0.6860008, 68.6068, 90.3994, 94.0574,240.2784
12194.51587548,26343.510302,0.6860245, 68.6071, 90.2996, 94.0185,247.7744
12195.51116790,26343.345020,0.6860269, 68.6084, 90.2009, 93.9784,255.2848
12196.00882115,26343.292674,0.6860228, 68.6093, 90.1523, 93.9580,259.0487
12196.50647075,26343.148775,0.6860180, 68.6106, 90.1043, 93.9364,262.8129
12199.49241832,26342.517710,0.6860296, 68.6178, 89.8260, 93.7995,285.4809
12200.98542823,26342.325391,0.6860862, 68.6200, 89.6887, 93.7294,296.8674
12203.97152108,26343.132960,0.6862578, 68.6215, 89.4064, 93.5929,319.7346
12206.46000030,26350.681765,0.6864458, 68.6218, 89.1623, 93.4817,338.8758
12211.43716385,26354.644497,0.6864804, 68.6240, 88.6387, 93.2807, 17.2744
12219.40117848,26343.772042,0.6866651, 68.6180, 87.8889, 92.9040, 78.8118
12220.89451808,26344.005765,0.6867403, 68.6158, 87.7394, 92.8439, 90.3370
12221.89009190,26344.171908,0.6867581, 68.6152, 87.6393, 92.8046, 98.0213
12222.88567848,26344.335424,0.6867527, 68.6157, 87.5405, 92.7642,105.7084
12223.38347147,26344.413302,0.6867441, 68.6163, 87.4919, 92.7437,109.5496
12225.37466327,26344.732305,0.6867176, 68.6199, 87.3047, 92.6544,124.9138
12225.87247284,26344.820556,0.6867200, 68.6208, 87.2593, 92.6309,128.7595
12227.36591340,26344.971839,0.6867546, 68.6229, 87.1241, 92.5610,140.2964
12227.86368491,26345.026719,0.6867755, 68.6232, 87.0791, 92.5378,144.1091
12229.85504738,26345.076107,0.6868821, 68.6238, 86.8960, 92.4493,159.5555
12232.34425580,26344.846494,0.6870041, 68.6241, 86.6591, 92.3469,178.8712
12232.84206392,26344.812156,0.6870196, 68.6241, 86.6109, 92.3274,182.7130
12233.83775100,26344.658755,0.6870391, 68.6247, 86.5140, 92.2883,190.4537
12233.83777783,26344.658745,0.6870391, 68.6247, 86.5140, 92.2883,190.4734
12234.83344305,26344.458562,0.6870427, 68.6258, 86.4170, 92.2491,198.2063
12235.82915651,26344.272141,0.6870317, 68.6273, 86.3203, 92.2091,205.9837
12236.82490697,26344.064378,0.6870094, 68.6293, 86.2245, 92.1680,213.7976
12237.82066202,26343.825245,0.6869805, 68.6317, 86.1300, 92.1254,221.6250
12238.81640969,26343.567899,0.6869512, 68.6344, 86.0368, 92.0811,229.4581
12239.81217883,26343.322448,0.6869280, 68.6372, 85.9450, 92.0352,237.3173
12240.80795304,26343.078343,0.6869165, 68.6399, 85.8543, 91.9877,245.1894
12241.80367607,26342.852285,0.6869215, 68.6423, 85.7643, 91.9393,253.0324
12242.79945595,26342.644199,0.6869448, 68.6442, 85.6742, 91.8906,260.9238
12243.29756549,26342.548421,0.6869629, 68.6449, 85.6289, 91.8660,265.0324
12243.79523857,26342.458280,0.6869849, 68.6455, 85.5832, 91.8423,268.8233
12244.79108404,26342.318827,0.6870371, 68.6462, 85.4907, 91.7950,276.7736
12245.78722088,26342.242689,0.6870927, 68.6463, 85.3960, 91.7491,284.9412
12246.78301308,26342.259520,0.6871415, 68.6462, 85.2992, 91.7047,292.8596
12247.77874352,26342.400132,0.6871734, 68.6462, 85.2005, 91.6613,300.7352
12248.77458079,26342.722691,0.6871819, 68.6467, 85.1012, 91.6179,308.6904
12249.77045870,26343.380363,0.6871689, 68.6480, 85.0025, 91.5730,316.6762
12250.76634259,26344.717075,0.6871472, 68.6501, 84.9059, 91.5250,324.6660
12252.75803188,26353.586672,0.6872032, 68.6553, 84.7212, 91.4193,340.5791
12253.75397503,26357.413548,0.6873105, 68.6557, 84.6317, 91.3798,348.5880
12253.75433414,26356.983726,0.6873082, 68.6556, 84.6316, 91.3809,348.8499
12254.74982109,26287.330024,0.6865517, 68.6500, 84.5350, 91.3598,356.4918
12255.74573042,26306.600932,0.6868424, 68.6518, 84.4243, 91.2298,  4.4860
12257.73757924,26353.640084,0.6874439, 68.6573, 84.2362, 91.1808, 20.3686
12258.73350600,26348.353547,0.6874515, 68.6557, 84.1424, 91.1321, 28.3113
12259.72944735,26346.243394,0.6874929, 68.6543, 84.0472, 91.0859, 36.2509
12260.72536231,26345.490846,0.6875336, 68.6532, 83.9514, 91.0420, 44.1589
12263.71360249,26345.436890,0.6875751, 68.6528, 83.6653, 90.9140, 68.1883
12264.71059066,26345.571140,0.6875678, 68.6537, 83.5720, 90.8701, 76.8471
12265.70665990,26345.715168,0.6875585, 68.6551, 83.4803, 90.8249, 84.8292
12266.70274888,26345.862181,0.6875545, 68.6566, 83.3902, 90.7784, 92.8210
12267.69884283,26346.000194,0.6875624, 68.6583, 83.3014, 90.7307,100.8119
12268.69493949,26346.082155,0.6875871, 68.6598, 83.2134, 90.6824,108.8013
12269.69106949,26346.130836,0.6876310, 68.6609, 83.1255, 90.6340,116.8131
12270.68719446,26346.145444,0.6876927, 68.6617, 83.0369, 90.5863,124.8197
12271.68334416,26346.100655,0.6877676, 68.6619, 82.9469, 90.5398,132.8447
12272.67942438,26346.010384,0.6878467, 68.6617, 82.8548, 90.4951,140.8210
12273.67557713,26345.874864,0.6879201, 68.6614, 82.7605, 90.4521,148.8543
12273.67557964,26345.874859,0.6879201, 68.6614, 82.7605, 90.4521,148.8561
12274.67175441,26345.692022,0.6879780, 68.6612, 82.6644, 90.4104,156.9033
12275.66793326,26345.468604,0.6880141, 68.6617, 82.5674, 90.3690,164.9709
12276.66408985,26345.222418,0.6880279, 68.6629, 82.4707, 90.3269,173.0324
12277.66048406,26344.976049,0.6880263, 68.6651, 82.3755, 90.2829,181.2781
12278.65670409,26344.726197,0.6880205, 68.6681, 82.2827, 90.2364,189.4065
12279.65291565,26344.471185,0.6880242, 68.6714, 82.1924, 90.1874,197.5381
12280.64904409,26344.222061,0.6880483, 68.6745, 82.1039, 90.1368,205.6169
12281.64524722,26343.993249,0.6880971, 68.6771, 82.0161, 90.0857,213.7572
12282.64148596,26343.772060,0.6881680, 68.6790, 81.9279, 90.0355,221.9295
12283.63774445,26343.584638,0.6882527, 68.6801, 81.8382, 89.9868,230.1216
12284.63401668,26343.433362,0.6883409, 68.6806, 81.7465, 89.9400,238.3287
12285.63030327,26343.308054,0.6884230, 68.6807, 81.6529, 89.8950,246.5509
12286.62660218,26343.215112,0.6884919, 68.6808, 81.5578, 89.8514,254.7867
12287.62291293,26343.171177,0.6885439, 68.6808, 81.4616, 89.8085,263.0348
12288.61922764,26343.176552,0.6885781, 68.6811, 81.3650, 89.7655,271.2881
12289.61555540,26343.214963,0.6885961, 68.6816, 81.2686, 89.7221,279.5524
12290.61189706,26343.308369,0.6886015, 68.6824, 81.1730, 89.6776,287.8272
12291.60825623,26343.487689,0.6885996, 68.6836, 81.0785, 89.6317,296.1129
12292.60460199,26343.774017,0.6885965, 68.6849, 80.9854, 89.5841,304.3858
12293.60097968,26344.288055,0.6885998, 68.6864, 80.8937, 89.5346,312.6766
12294.59736878,26345.262334,0.6886184, 68.6879, 80.8034, 89.4830,320.9691
12295.59372798,26347.344863,0.6886661, 68.6892, 80.7139, 89.4292,329.2321
12295.59375399,26347.351421,0.6886661, 68.6892, 80.7139, 89.4292,329.2511
12296.59012019,26352.203280,0.6887719, 68.6902, 80.6248, 89.3737,337.5108
12297.58652610,26360.875607,0.6889775, 68.6898, 80.5353, 89.3246,345.7859
12298.58297003,26328.468157,0.6887674, 68.6840, 80.4409, 89.3152,354.0476
12299.57940125,26272.579243,0.6881952, 68.6785, 80.3268, 89.2005,  2.3349
12300.57581113,26358.873205,0.6892946, 68.6840, 80.2211, 89.1760, 10.5494
12300.57583642,26358.917839,0.6892949, 68.6840, 80.2211, 89.1760, 10.5678
12301.57228469,26357.061233,0.6893008, 68.6835, 80.1234, 89.1486, 18.8163
12301.57228566,26357.060506,0.6893008, 68.6835, 80.1234, 89.1486, 18.8170
12302.56877130,26350.940156,0.6892907, 68.6814, 80.0251, 89.1030, 27.0939
12303.56523577,26348.394601,0.6893129, 68.6799, 79.9267, 89.0573, 35.3445
12304.56170748,26347.488302,0.6893358, 68.6793, 79.8296, 89.0119, 43.5914
12305.55821409,26347.213577,0.6893559, 68.6797, 79.7347, 88.9656, 51.8562
12306.55471514,26347.202395,0.6893823, 68.6806, 79.6424, 88.9178, 60.1099
12307.55124056,26347.288511,0.6894253, 68.6818, 79.5524, 88.8688, 68.3748
12308.54777260,26347.413804,0.6894920, 68.6827, 79.4636, 88.8194, 76.6375
12309.54432547,26347.521023,0.6895826, 68.6832, 79.3748, 88.7708, 84.9088
12310.54087070,26347.585927,0.6896909, 68.6831, 79.2850, 88.7240, 93.1688
12311.53743280,26347.581049,0.6898066, 68.6824, 79.1932, 88.6795,101.4373
12312.53400893,26347.542366,0.6899190, 68.6815, 79.0992, 88.6373,109.7149
12313.53060973,26347.461026,0.6900183, 68.6805, 79.0033, 88.5968,118.0109
12314.52721932,26347.338033,0.6900990, 68.6798, 78.9060, 88.5574,126.3160
12315.52381136,26347.177435,0.6901589, 68.6794, 78.8080, 88.5183,134.6131
12316.52042493,26346.986734,0.6901998, 68.6795, 78.7101, 88.4786,142.9326
12317.51707324,26346.757830,0.6902252, 68.6802, 78.6128, 88.4379,151.2861
12318.51369391,26346.512106,0.6902413, 68.6814, 78.5166, 88.3957,159.6292
12319.51032165,26346.263522,0.6902547, 68.6829, 78.4218, 88.3518,167.9875
12320.50695455,26346.012044,0.6902726, 68.6847, 78.3284, 88.3063,176.3598
12321.50360144,26345.748781,0.6903016, 68.6866, 78.2362, 88.2592,184.7521
12322.50026333,26345.492577,0.6903477, 68.6883, 78.1449, 88.2112,193.1646
12323.49693096,26345.250892,0.6904140, 68.6896, 78.0537, 88.1628,201.5894
12324.49360510,26345.029418,0.6905007, 68.6903, 77.9618, 88.1148,210.0259
12325.49030878,26344.832299,0.6906030, 68.6902, 77.8683, 88.0681,218.4897
12326.48699862,26344.649825,0.6907119, 68.6895, 77.7725, 88.0234,226.9488
12327.48370131,26344.511779,0.6908156, 68.6882, 77.6740, 87.9806,235.4226
12328.48041248,26344.439413,0.6909025, 68.6867, 77.5733, 87.9393,243.9074
12329.47713486,26344.410554,0.6909650, 68.6855, 77.4712, 87.8988,252.4042
12330.47386063,26344.421896,0.6910021, 68.6847, 77.3692, 87.8579,260.9067
12331.47059478,26344.462760,0.6910195, 68.6847, 77.2683, 87.8154,269.4174
12332.46733327,26344.538841,0.6910286, 68.6854, 77.1697, 87.7707,277.9309
12333.46408026,26344.653971,0.6910423, 68.6864, 77.0735, 87.7238,286.4476
12334.46082902,26344.812236,0.6910715, 68.6875, 76.9794, 87.6751,294.9599
12335.45759231,26345.076007,0.6911229, 68.6882, 76.8866, 87.6256,303.4740
12336.45437222,26345.524167,0.6911975, 68.6885, 76.7938, 87.5762,311.9892
12337.45115380,26346.402465,0.6912923, 68.6881, 76.7001, 87.5274,320.4940
12338.44794136,26348.398738,0.6914062, 68.6872, 76.6046, 87.4791,328.9914
12339.44473797,26353.330152,0.6915556, 68.6859, 76.5072, 87.4309,337.4855
12340.44154079,26363.315818,0.6917867, 68.6837, 76.4081, 87.3895,345.9715
12341.43836343,26329.280555,0.6915449, 68.6763, 76.3041, 87.3908,354.4304
12342.43520237,26278.443199,0.6909994, 68.6705, 76.1802, 87.2778,  2.9412
12343.43204019,26361.284853,0.6919755, 68.6760, 76.0693, 87.2661, 11.3900
12344.42888629,26357.740552,0.6919024, 68.6759, 75.9683, 87.2384, 19.8588
12345.42596745,26352.084634,0.6918472, 68.6746, 75.8688, 87.1934, 28.4996
12346.42281414,26349.859031,0.6918392, 68.6736, 75.7706, 87.1476, 36.9600
12347.41968461,26349.054170,0.6918498, 68.6731, 75.6740, 87.1019, 45.4289
12348.41654084,26348.811052,0.6918738, 68.6730, 75.5789, 87.0559, 53.8796
12349.41339312,26348.777442,0.6919135, 68.6729, 75.4849, 87.0097, 62.3210
12350.41027614,26348.844790,0.6919721, 68.6728, 75.3915, 86.9635, 70.7788
12351.40718583,26348.931352,0.6920501, 68.6723, 75.2977, 86.9180, 79.2505
12352.40407847,26348.990631,0.6921448, 68.6714, 75.2028, 86.8738, 87.7052
12353.40099122,26349.004394,0.6922489, 68.6698, 75.1058, 86.8317, 96.1714
12354.39791776,26348.953704,0.6923508, 68.6679, 75.0062, 86.7918,104.6465
12355.39486280,26348.820473,0.6924379, 68.6658, 74.9039, 86.7539,113.1372
12356.39182974,26348.649173,0.6924997, 68.6641, 74.7998, 86.7171,121.6492
12357.38875463,26348.440732,0.6925321, 68.6632, 74.6952, 86.6800,130.1377
12358.38572591,26348.201658,0.6925400, 68.6633, 74.5918, 86.6413,138.6695
12359.38268145,26347.948890,0.6925351, 68.6644, 74.4906, 86.6000,147.2004
12362.37356850,26347.274891,0.6925806, 68.6701, 74.2016, 86.4629,172.8634
12363.37056473,26347.060618,0.6926382, 68.6714, 74.1073, 86.4160,181.4576
12364.36754857,26346.856211,0.6927138, 68.6721, 74.0121, 86.3704,190.0492
12365.36455656,26346.655446,0.6927987, 68.6720, 73.9152, 86.3264,198.6646
12366.36158454,26346.435907,0.6928824, 68.6714, 73.8163, 86.2846,207.3014
12367.35860302,26346.266191,0.6929561, 68.6705, 73.7153, 86.2444,215.9382
12368.35558951,26346.121594,0.6930122, 68.6694, 73.6127, 86.2054,224.5579
12369.35266736,26345.971510,0.6930467, 68.6685, 73.5090, 86.1669,233.2510
12370.34972473,26345.885588,0.6930603, 68.6679, 73.4052, 86.1279,241.9349
12372.34385367,26345.780663,0.6930390, 68.6677, 73.1996, 86.0466,259.3248
12374.33800018,26345.799496,0.6929972, 68.6689, 72.9998, 85.9589,276.7333
12374.33802780,26345.799440,0.6929972, 68.6689, 72.9998, 85.9589,276.7534
12375.33510240,26345.890436,0.6929863, 68.6696, 72.9022, 85.9126,285.4549
12376.33221201,26346.036515,0.6929898, 68.6703, 72.8058, 85.8653,294.1759
12378.32640351,26346.663243,0.6930520, 68.6708, 72.6141, 85.7693,311.5709
12379.32353084,26347.461588,0.6931115, 68.6703, 72.5173, 85.7215,320.2759
12380.32066227,26349.344819,0.6931912, 68.6694, 72.4187, 85.6737,328.9738
12381.31782545,26354.424007,0.6933109, 68.6680, 72.3179, 85.6254,337.6861
12382.31494535,26365.509653,0.6935243, 68.6656, 72.2149, 85.5837,346.3555
12383.31210877,26326.022323,0.6931900, 68.6575, 72.1059, 85.5879,355.0148
12384.30925984,26288.044102,0.6927669, 68.6523, 71.9763, 85.4688,  3.7111
12385.30641528,26362.849715,0.6935826, 68.6580, 71.8629, 85.4634, 12.3459
12386.30357251,26358.107320,0.6934540, 68.6587, 71.7601, 85.4302, 21.0025
12387.30077224,26353.124214,0.6933709, 68.6587, 71.6606, 85.3813, 29.6892
12388.29796787,26351.124768,0.6933474, 68.6592, 71.5640, 85.3309, 38.3623
12388.29797482,26351.123939,0.6933474, 68.6592, 71.5640, 85.3309, 38.3673
12390.29234139,26350.161417,0.6934089, 68.6602, 71.3759, 85.2319, 55.6617
12391.28949173,26350.101199,0.6934757, 68.6601, 71.2817, 85.1850, 64.2697
12392.28668870,26350.111161,0.6935534, 68.6594, 71.1860, 85.1405, 72.9036
12393.28389881,26350.139974,0.6936302, 68.6583, 71.0884, 85.0984, 81.5403
12394.28115319,26350.132143,0.6936963, 68.6570, 70.9888, 85.0585, 90.2049
12395.27840897,26350.079189,0.6937444, 68.6558, 70.8876, 85.0200, 98.8691
12396.77429963,26349.905259,0.6937757, 68.6547, 70.7342, 84.9630,111.8734
12397.27296948,26349.879657,0.6937752, 68.6544, 70.6830, 84.9440,116.2393
12398.27024299,26349.732451,0.6937606, 68.6545, 70.5810, 84.9049,124.9271
12399.26753021,26349.548846,0.6937325, 68.6553, 70.4802, 84.8642,133.6325
12403.25668760,26348.716430,0.6936354, 68.6631, 70.0930, 84.6833,168.5480
12404.25409719,26348.494952,0.6936467, 68.6652, 69.9992, 84.6351,177.3867
12405.25142117,26348.266208,0.6936778, 68.6670, 69.9054, 84.5868,186.1707
12406.24875634,26348.040300,0.6937266, 68.6682, 69.8107, 84.5393,194.9705
12410.23817833,26347.281850,0.6939445, 68.6671, 69.4118, 84.3652,230.3022
12410.73688753,26347.219778,0.6939537, 68.6667, 69.3598, 84.3443,234.7504
12411.23551739,26347.159681,0.6939558, 68.6665, 69.3074, 84.3243,239.1426
12412.23293655,26347.063526,0.6939401, 68.6666, 69.2031, 84.2823,248.0497
12414.22773252,26346.970624,0.6938673, 68.6696, 69.0011, 84.1903,265.8492
12415.22515681,26346.938677,0.6938429, 68.6720, 68.9048, 84.1400,274.7704
12416.22256615,26346.914521,0.6938448, 68.6744, 68.8109, 84.0880,283.6780
12418.71611488,26347.250099,0.6939653, 68.6777, 68.5776, 83.9600,305.9302
12419.21481079,26347.365183,0.6940004, 68.6779, 68.5298, 83.9359,310.3630
12420.21228798,26348.027743,0.6940698, 68.6776, 68.4328, 83.8885,319.2824
12420.71102291,26348.696629,0.6941028, 68.6773, 68.3836, 83.8649,323.7355
12421.20975252,26349.699853,0.6941358, 68.6771, 68.3338, 83.8414,328.1827
12422.20722939,26354.431885,0.6942183, 68.6766, 68.2334, 83.7929,337.0844
12423.20471042,26366.260735,0.6943919, 68.6758, 68.1324, 83.7473,345.9805
12424.20220014,26333.552980,0.6941028, 68.6695, 68.0281, 83.7477,354.8417
12425.19970028,26286.502317,0.6935532, 68.6650, 67.9036, 83.6264,  3.7524
12426.19721308,26363.062005,0.6943776, 68.6719, 67.7956, 83.6161, 12.6070
12427.19473315,26358.804365,0.6942555, 68.6733, 67.6979, 83.5794, 21.4856
12428.19228796,26354.098395,0.6941798, 68.6736, 67.6023, 83.5284, 30.3869
12429.18982288,26352.223698,0.6941568, 68.6743, 67.5083, 83.4764, 39.2624
12430.18737214,26351.536650,0.6941635, 68.6751, 67.4158, 83.4248, 48.1378
12431.18494370,26351.341126,0.6941940, 68.6761, 67.3243, 83.3737, 57.0194
12432.18248189,26351.340397,0.6942461, 68.6768, 67.2330, 83.3233, 65.8669
12433.18006437,26351.406476,0.6943166, 68.6772, 67.1412, 83.2742, 74.7377
12434.17765078,26351.481185,0.6943996, 68.6770, 67.0480, 83.2270, 83.6034
12435.17525499,26351.528836,0.6944866, 68.6763, 66.9528, 83.1819, 92.4756
12436.17286664,26351.536817,0.6945676, 68.6752, 66.8554, 83.1389,101.3490
12436.17286678,26351.536816,0.6945676, 68.6752, 66.8554, 83.1389,101.3491
12438.16812466,26351.398347,0.6946741, 68.6731, 66.6546, 83.0569,119.1226
12439.16576553,26351.292598,0.6946902, 68.6729, 66.5531, 83.0158,128.0207
12441.16106425,26350.915125,0.6946691, 68.6757, 66.3546, 82.9270,145.8490
12442.15873109,26350.727285,0.6946617, 68.6786, 66.2596, 82.8780,154.7882
12443.15639735,26350.540678,0.6946780, 68.6820, 66.1674, 82.8266,163.7338
12444.15407260,26350.353746,0.6947267, 68.6851, 66.0769, 82.7744,172.6918
12445.15170631,26350.161937,0.6948060, 68.6875, 65.9864, 82.7231,181.6247
12445.15175450,26350.161763,0.6948061, 68.6875, 65.9864, 82.7231,181.6599
12447.14716403,26349.754096,0.6950095, 68.6898, 65.8001, 82.6274,199.6443
12448.14488780,26349.536290,0.6951045, 68.6899, 65.7033, 82.5833,208.6605
12449.14257061,26349.313903,0.6951802, 68.6898, 65.6046, 82.5407,217.6553
12450.14037583,26349.106778,0.6952327, 68.6897, 65.5045, 82.4986,226.7486
12451.13814146,26348.913761,0.6952624, 68.6898, 65.4041, 82.4561,235.8223
12452.13591685,26348.732501,0.6952733, 68.6904, 65.3041, 82.4126,244.9120
12455.12928045,26348.318492,0.6952614, 68.6947, 65.0118, 82.2715,272.2511
12456.12708707,26348.236435,0.6952680, 68.6966, 64.9175, 82.2210,281.3852
12457.12490185,26348.184224,0.6952906, 68.6986, 64.8245, 82.1693,290.5252
12459.12056503,26348.333623,0.6953961, 68.7017, 64.6398, 82.0647,308.8181
12460.11841560,26348.753991,0.6954775, 68.7025, 64.5467, 82.0127,317.9688
12461.11628022,26350.063365,0.6955766, 68.7027, 64.4520, 81.9608,327.1217
12462.11415953,26354.199756,0.6957088, 68.7025, 64.3553, 81.9079,336.2777
12463.11204032,26366.244217,0.6959497, 68.7015, 64.2566, 81.8570,345.4271
12463.11205063,26366.257338,0.6959498, 68.7015, 64.2566, 81.8570,345.4347
12464.10995517,26342.565105,0.6958494, 68.6946, 64.1534, 81.8541,354.5607
12465.10787259,26283.582558,0.6952462, 68.6874, 64.0268, 81.7368,  3.7320
12466.10580085,26363.227861,0.6961663, 68.6928, 63.9148, 81.7278, 12.8473
12467.10373714,26359.351385,0.6960955, 68.6927, 63.8129, 81.6934, 21.9875
12468.10168601,26354.957993,0.6960560, 68.6919, 63.7132, 81.6442, 31.1338
12468.10168637,26354.957906,0.6960560, 68.6919, 63.7132, 81.6442, 31.1341
12469.09963845,26353.228481,0.6960602, 68.6920, 63.6162, 81.5930, 40.2733
12470.09759829,26352.668363,0.6960960, 68.6927, 63.5220, 81.5409, 49.4066
12471.09548705,26352.576334,0.6961655, 68.6936, 63.4299, 81.4884, 58.4751
12471.09556887,26352.574519,0.6961656, 68.6936, 63.4299, 81.4884, 58.5349
12472.09355004,26352.655069,0.6962689, 68.6942, 63.3386, 81.4370, 67.6572
12473.09154969,26352.793659,0.6963988, 68.6940, 63.2464, 81.3880, 76.7792
12474.08956413,26352.938561,0.6965406, 68.6929, 63.1520, 81.3421, 85.8989
12475.08759087,26353.037231,0.6966770, 68.6911, 63.0549, 81.2995, 95.0165
12477.08368926,26353.142934,0.6968845, 68.6868, 62.8539, 81.2204,113.2643
12478.08174349,26353.150193,0.6969474, 68.6851, 62.7517, 81.1817,122.3870
12479.07969782,26353.128151,0.6969867, 68.6839, 62.6499, 81.1422,131.4364
12480.07782811,26353.065132,0.6970101, 68.6834, 62.5491, 81.1012,140.6160
12480.07783367,26353.065128,0.6970101, 68.6834, 62.5491, 81.1012,140.6201
12481.07592550,26352.986825,0.6970262, 68.6836, 62.4498, 81.0583,149.7736
12481.07592787,26352.986822,0.6970262, 68.6836, 62.4498, 81.0583,149.7753
12482.07404526,26352.875515,0.6970438, 68.6845, 62.3522, 81.0136,158.9446
12483.07218135,26352.756628,0.6970713, 68.6858, 62.2563, 80.9672,168.1398
12484.07031434,26352.609701,0.6971147, 68.6873, 62.1617, 80.9197,177.3369
12485.06845780,26352.400532,0.6971777, 68.6888, 62.0678, 80.8717,186.5470
12486.06661729,26352.186324,0.6972618, 68.6900, 61.9740, 80.8238,195.7751
12487.06472626,26351.955293,0.6973646, 68.6906, 61.8793, 80.7770,204.9721
12487.06479504,26351.955003,0.6973646, 68.6906, 61.8793, 80.7770,205.0223
12488.06299920,26351.713733,0.6974797, 68.6906, 61.7830, 80.7317,214.2952
12488.56210915,26351.544216,0.6975395, 68.6904, 61.7341, 80.7096,218.9399
12489.06117705,26351.465748,0.6975978, 68.6898, 61.6844, 80.6886,223.5556
12490.05939179,26351.222207,0.6977083, 68.6884, 61.5832, 80.6474,232.8504
12491.05761702,26350.993214,0.6978008, 68.6867, 61.4797, 80.6077,242.1617
12492.05584545,26350.753364,0.6978681, 68.6850, 61.3745, 80.5687,251.4854
12492.05584550,26350.753364,0.6978681, 68.6850, 61.3745, 80.5687,251.4855
12493.05409219,26350.515690,0.6979085, 68.6837, 61.2688, 80.5291,260.8342
12494.05235335,26350.289295,0.6979270, 68.6832, 61.1638, 80.4879,270.2052
12495.05063034,26350.084987,0.6979334, 68.6834, 61.0604, 80.4442,279.5978
12496.04889863,26349.880175,0.6979406, 68.6845, 60.9595, 80.3976,288.9924
12497.04717500,26349.710697,0.6979620, 68.6860, 60.8610, 80.3486,298.3986
12498.04541269,26349.619703,0.6980078, 68.6877, 60.7642, 80.2979,307.7786
12499.04372015,26349.753583,0.6980821, 68.6890, 60.6681, 80.2466,317.2084
12500.04204556,26350.694383,0.6981854, 68.6897, 60.5711, 80.1952,326.6482
12501.04037953,26354.414950,0.6983297, 68.6898, 60.4722, 80.1428,336.0903
12501.53954008,26359.222703,0.6984384, 68.6894, 60.4219, 80.1158,340.8053
12503.03708960,26341.712367,0.6985053, 68.6812, 60.2644, 80.0927,354.9586
12503.53625253,26262.071482,0.6976246, 68.6739, 60.2005, 80.0539,359.6649
12504.03549443,26292.105580,0.6980471, 68.6734, 60.1322, 79.9736,  4.4492
12505.53311307,26362.065242,0.6988407, 68.6766, 59.9631, 79.9613, 18.6049
12506.03231723,26358.942381,0.6988076, 68.6751, 59.9098, 79.9417, 23.3312
12506.53153227,26356.514632,0.6987881, 68.6737, 59.8566, 79.9201, 28.0633
12507.03074483,26355.032931,0.6987798, 68.6722, 59.8039, 79.8980, 32.7913
12508.02914448,26353.567943,0.6987775, 68.6699, 59.6994, 79.8535, 42.2202
12508.02918816,26353.564132,0.6987775, 68.6699, 59.6994, 79.8535, 42.2521
12509.02764340,26353.115573,0.6987861, 68.6682, 59.5969, 79.8083, 51.7108
12510.02610736,26353.076351,0.6988059, 68.6671, 59.4962, 79.7623, 61.1645
12511.02456808,26353.210539,0.6988413, 68.6663, 59.3973, 79.7157, 70.6041
12511.52381000,26353.348760,0.6988657, 68.6659, 59.3482, 79.6924, 75.3280
12512.02300080,26353.427188,0.6988959, 68.6656, 59.2994, 79.6689, 80.0112
12513.02153244,26353.663444,0.6989707, 68.6646, 59.2019, 79.6225, 89.4783
12514.02004004,26353.911575,0.6990639, 68.6632, 59.1039, 79.5772, 98.9154
12514.51929226,26354.066162,0.6991152, 68.6622, 59.0544, 79.5556,103.6282
12515.01855268,26354.136105,0.6991699, 68.6611, 59.0045, 79.5339,108.3437
12516.01709243,26354.341461,0.6992802, 68.6583, 58.9031, 79.4928,117.7806
12517.01564380,26354.503835,0.6993835, 68.6548, 58.7992, 79.4542,127.2159
12517.51492552,26354.581816,0.6994285, 68.6530, 58.7463, 79.4359,131.9350
12518.01420623,26354.632690,0.6994688, 68.6511, 58.6930, 79.4174,136.6515
12519.01279060,26354.713012,0.6995276, 68.6474, 58.5849, 79.3817,146.0975
12519.51208438,26354.728454,0.6995456, 68.6458, 58.5305, 79.3641,150.8206
12520.01132782,26354.759846,0.6995575, 68.6443, 58.4762, 79.3458,155.5064
12520.51063131,26354.747690,0.6995623, 68.6431, 58.4220, 79.3276,160.2359
12521.50924967,26354.722334,0.6995589, 68.6416, 58.3148, 79.2889,169.7037
12522.00854051,26354.731247,0.6995537, 68.6411, 58.2621, 79.2686,174.4249
12523.00718849,26354.678487,0.6995452, 68.6411, 58.1586, 79.2260,183.9169
12523.50650446,26354.594322,0.6995453, 68.6415, 58.1078, 79.2038,188.6578
12524.50514151,26354.485155,0.6995619, 68.6425, 58.0080, 79.1580,198.1449
12525.00445383,26354.470463,0.6995799, 68.6429, 57.9588, 79.1349,202.8844
12525.50377984,26354.363095,0.6996052, 68.6435, 57.9097, 79.1116,207.6344
12526.00310683,26354.341275,0.6996370, 68.6438, 57.8608, 79.0886,212.3850
12526.50243794,26354.219679,0.6996752, 68.6442, 57.8117, 79.0658,217.1392
12527.50110666,26354.027090,0.6997644, 68.6441, 57.7125, 79.0219,226.6539
12528.00044452,26353.959796,0.6998124, 68.6437, 57.6621, 79.0010,231.4149
12528.49979619,26353.809416,0.6998613, 68.6433, 57.6112, 78.9804,236.1875
12528.99909482,26353.752620,0.6999078, 68.6425, 57.5596, 78.9609,240.9222
12528.99911834,26353.752474,0.6999078, 68.6425, 57.5596, 78.9609,240.9394
12529.49847102,26353.593836,0.6999519, 68.6417, 57.5073, 78.9415,245.7171
12530.99655343,26353.277906,0.7000475, 68.6386, 57.3469, 78.8867,260.0740
12531.99527752,26353.016764,0.7000752, 68.6367, 57.2381, 78.8507,269.6602
12532.99402623,26352.729326,0.7000737, 68.6351, 57.1290, 78.8138,279.2768
12533.49340486,26352.541687,0.7000641, 68.6347, 57.0748, 78.7944,284.0932
12534.99154739,26352.140155,0.7000102, 68.6342, 56.9139, 78.7336,298.5660
12535.49093408,26351.966145,0.6999889, 68.6345, 56.8613, 78.7115,303.4009
12535.99032201,26351.873960,0.6999675, 68.6349, 56.8090, 78.6895,308.2393
12535.99032380,26351.873960,0.6999675, 68.6349, 56.8090, 78.6895,308.2406
12536.48971372,26351.773702,0.6999478, 68.6355, 56.7574, 78.6659,313.0837
12537.98789735,26352.615553,0.6999121, 68.6380, 56.6045, 78.5917,327.6372
12538.98669728,26356.738807,0.6999447, 68.6402, 56.5041, 78.5360,337.3598
12539.48610064,26362.446348,0.7000145, 68.6414, 56.4543, 78.5058,342.2278
12540.48491684,26373.047790,0.7002403, 68.6407, 56.3545, 78.4725,351.9596
12540.98432862,26313.547407,0.6996252, 68.6352, 56.2994, 78.4791,356.8080
12541.98316334,26323.177034,0.6998404, 68.6340, 56.1707, 78.3477,  6.5806
12542.48258433,26360.162372,0.7002623, 68.6373, 56.1154, 78.3528, 11.4339
12542.98201153,26363.901785,0.7003005, 68.6379, 56.0630, 78.3441, 16.3048
12543.48143620,26360.794517,0.7002841, 68.6372, 56.0106, 78.3257, 21.1795
12543.98087152,26357.984981,0.7002825, 68.6357, 55.9577, 78.3035, 26.0628
12544.97974081,26354.800898,0.7003122, 68.6319, 55.8500, 78.2600, 35.8231
12545.97862153,26353.584169,0.7003445, 68.6279, 55.7402, 78.2189, 45.5837
12546.97750722,26353.167051,0.7003557, 68.6242, 55.6294, 78.1790, 55.3407
12547.47695391,26353.059385,0.7003516, 68.6227, 55.5741, 78.1590, 60.2194
12548.97530210,26353.190329,0.7003124, 68.6193, 55.4108, 78.0959, 74.8531
12549.47475267,26353.265276,0.7002958, 68.6189, 55.3576, 78.0737, 79.7280
12549.97420361,26353.403562,0.7002812, 68.6185, 55.3054, 78.0506, 84.6013
12550.47365683,26353.513907,0.7002699, 68.6185, 55.2538, 78.0271, 89.4735
12550.97311017,26353.668000,0.7002644, 68.6185, 55.2030, 78.0030, 94.3433
12551.97201890,26353.962054,0.7002733, 68.6188, 55.1033, 77.9540,104.0748
12552.97093296,26354.283029,0.7003122, 68.6189, 55.0048, 77.9052,113.7959
12553.47039252,26354.472856,0.7003416, 68.6187, 54.9557, 77.8813,118.6525
12554.96878490,26354.896515,0.7004569, 68.6171, 54.8066, 77.8127,133.2081
12555.96772713,26355.165794,0.7005389, 68.6150, 54.7048, 77.7705,142.9033
12556.46720359,26355.329980,0.7005759, 68.6136, 54.6530, 77.7506,147.7498
12556.96670973,26355.415495,0.7006096, 68.6123, 54.6007, 77.7308,152.6147
12557.46616061,26355.577971,0.7006370, 68.6107, 54.5478, 77.7120,157.4364
12557.96565396,26355.660456,0.7006589, 68.6092, 54.4946, 77.6928,162.2862
12558.46513972,26355.800994,0.7006728, 68.6077, 54.4410, 77.6745,167.1280
12558.96462939,26355.874598,0.7006806, 68.6063, 54.3873, 77.6555,171.9703
12559.46412287,26355.980289,0.7006803, 68.6049, 54.3334, 77.6371,176.8138
12560.46310435,26356.137515,0.7006623, 68.6028, 54.2260, 77.5986,186.4924
12560.96261258,26356.200454,0.7006465, 68.6020, 54.1728, 77.5784,191.3422
12561.46210318,26356.272679,0.7006263, 68.6015, 54.1199, 77.5583,196.1779
12562.96057577,26356.420883,0.7005609, 68.6011, 53.9643, 77.4933,210.6802
12563.46006682,26356.432324,0.7005408, 68.6015, 53.9135, 77.4709,215.5128
12564.45904927,26356.463184,0.7005120, 68.6025, 53.8135, 77.4242,225.1759
12564.95855624,26356.504825,0.7005048, 68.6030, 53.7642, 77.4002,230.0176
12565.45804914,26356.471915,0.7005024, 68.6038, 53.7152, 77.3763,234.8484
12566.95655731,26356.433089,0.7005290, 68.6058, 53.5692, 77.3041,249.3579
12567.45605423,26356.344862,0.7005481, 68.6064, 53.5205, 77.2803,254.1892
12567.95556168,26356.337124,0.7005716, 68.6068, 53.4716, 77.2569,259.0274
12568.45506205,26356.231357,0.7005987, 68.6072, 53.4225, 77.2337,263.8604
12569.45406351,26356.056895,0.7006589, 68.6073, 53.3230, 77.1889,273.5267
12569.95357025,26355.992278,0.7006895, 68.6070, 53.2725, 77.1673,278.3647
12570.95258498,26355.741290,0.7007460, 68.6063, 53.1698, 77.1254,288.0451
12571.45208749,26355.549937,0.7007693, 68.6059, 53.1176, 77.1049,292.8841
12572.95061071,26355.209981,0.7008024, 68.6040, 52.9578, 77.0451,307.4241
12573.94962555,26355.112671,0.7007880, 68.6032, 52.8496, 77.0043,317.1303
12574.44913406,26355.199474,0.7007706, 68.6033, 52.7955, 76.9826,321.9898
12575.94764790,26359.192299,0.7007147, 68.6051, 52.6348, 76.9093,336.5847
12576.94665076,26373.490933,0.7008215, 68.6082, 52.5312, 76.8523,346.3345
12577.94564697,26335.504431,0.7004472, 68.6054, 52.4278, 76.8475,356.0561
12578.94463714,26312.829213,0.7002241, 68.6055, 52.3028, 76.7087,  5.8347
12579.94362263,26366.425483,0.7007945, 68.6147, 52.2005, 76.6970, 15.5572
12580.44311425,26363.996717,0.7007715, 68.6164, 52.1524, 76.6752, 20.4342
12581.44209663,26358.818009,0.7007821, 68.6179, 52.0559, 76.6218, 30.1938
12581.94159471,26357.357584,0.7008130, 68.6182, 52.0070, 76.5951, 35.0783
12582.94057411,26355.758081,0.7008932, 68.6179, 51.9072, 76.5456, 44.8337
12583.93957505,26355.002357,0.7009718, 68.6167, 51.8049, 76.4996, 54.6037
12584.43905767,26354.759838,0.7010048, 68.6159, 51.7528, 76.4781, 59.4753
12584.93855376,26354.630677,0.7010317, 68.6150, 51.7004, 76.4560, 64.3572
12585.93754471,26354.458881,0.7010659, 68.6131, 51.5946, 76.4135, 74.1195
12587.43601634,26354.376965,0.7010702, 68.6108, 51.4354, 76.3494, 88.7503
12587.93551360,26354.435397,0.7010614, 68.6102, 51.3828, 76.3269, 93.6317
12588.43500931,26354.421105,0.7010498, 68.6099, 51.3304, 76.3046, 98.5110
12588.93450326,26354.516191,0.7010362, 68.6096, 51.2785, 76.2812,103.3888
12589.43398432,26354.534425,0.7010223, 68.6097, 51.2271, 76.2578,108.2557
12590.93241717,26354.858459,0.7009908, 68.6104, 51.0763, 76.1837,122.8406
12591.93135967,26355.099011,0.7009898, 68.6115, 50.9782, 76.1325,132.5440
12591.93137092,26355.098978,0.7009898, 68.6115, 50.9782, 76.1325,132.5523
12592.43082801,26355.188132,0.7009973, 68.6122, 50.9297, 76.1067,137.3892
12593.92922688,26355.635769,0.7010572, 68.6136, 50.7858, 76.0291,151.9023
12595.42761237,26356.090992,0.7011653, 68.6140, 50.6415, 75.9540,166.3729
12596.92598751,26356.508301,0.7012997, 68.6127, 50.4945, 75.8834,180.8019
12597.92489786,26356.760884,0.7013878, 68.6109, 50.3941, 75.8392,190.3993
12598.42435053,26356.911716,0.7014272, 68.6096, 50.3430, 75.8181,195.1914
12598.92379221,26356.997237,0.7014633, 68.6085, 50.2915, 75.7971,199.9729
12599.92269882,26357.235638,0.7015186, 68.6058, 50.1872, 75.7561,209.5449
12600.92158769,26357.460924,0.7015488, 68.6034, 50.0819, 75.7155,219.0951
12601.42102613,26357.595932,0.7015540, 68.6023, 50.0291, 75.6952,223.8629
12602.91932215,26357.815191,0.7015413, 68.6008, 49.8725, 75.6303,238.1445
12603.91817459,26357.923786,0.7015226, 68.6012, 49.7707, 75.5838,247.6518
12604.41759274,26357.968941,0.7015158, 68.6018, 49.7209, 75.5598,252.3981
12605.91581864,26357.966910,0.7015320, 68.6050, 49.5759, 75.4830,266.6095
12605.91582797,26357.966877,0.7015320, 68.6050, 49.5759, 75.4830,266.6163
12606.91463377,26357.907260,0.7015840, 68.6074, 49.4816, 75.4309,276.0750
12607.41403363,26357.848331,0.7016224, 68.6086, 49.4346, 75.4055,280.7992
12608.91221541,26357.700228,0.7017736, 68.6106, 49.2920, 75.3317,294.9470
12609.91099583,26357.559960,0.7018813, 68.6108, 49.1939, 75.2864,304.3659
12610.41038517,26357.452015,0.7019303, 68.6108, 49.1438, 75.2647,309.0738
12611.90854670,26357.719137,0.7020404, 68.6097, 48.9897, 75.2011,323.1938
12612.90731188,26359.429830,0.7020851, 68.6093, 48.8848, 75.1566,332.6086
12612.90731860,26359.431674,0.7020851, 68.6093, 48.8848, 75.1566,332.6135
12613.90606628,26367.473520,0.7021709, 68.6100, 48.7796, 75.1057,342.0292
12614.90480808,26384.748303,0.7024126, 68.6097, 48.6755, 75.0703,351.4455
12615.40417470,26341.720430,0.7019713, 68.6054, 48.6209, 75.0831,356.1318
12616.40289506,26309.469140,0.7016360, 68.6026, 48.4923, 74.9518,  5.5743
12617.40160128,26368.986664,0.7022395, 68.6108, 48.3854, 74.9443, 14.9583
12618.40029313,26364.585245,0.7021607, 68.6140, 48.2875, 74.8996, 24.3746
12619.39896746,26360.765668,0.7021481, 68.6163, 48.1913, 74.8450, 33.7913
12619.89832833,26359.634555,0.7021641, 68.6176, 48.1437, 74.8172, 38.5193
12620.39763179,26358.911061,0.7021900, 68.6186, 48.0960, 74.7903, 43.2074
12621.89560611,26357.580153,0.7023139, 68.6215, 47.9530, 74.7106, 57.3262
12622.39492628,26357.357913,0.7023658, 68.6220, 47.9048, 74.6854, 62.0320
12624.39217946,26356.666901,0.7025954, 68.6223, 47.7080, 74.5891, 80.8462
12625.39078821,26356.423421,0.7027046, 68.6211, 47.6062, 74.5444, 90.2467
12626.38939128,26356.221196,0.7027976, 68.6193, 47.5022, 74.5014, 99.6476
12627.38797941,26356.045505,0.7028681, 68.6172, 47.3965, 74.4593,109.0419
12627.88726512,26355.986627,0.7028939, 68.6161, 47.3434, 74.4378,113.7349
12629.38511187,26355.829743,0.7029381, 68.6137, 47.1835, 74.3736,127.8116
12630.88291695,26355.843845,0.7029529, 68.6128, 47.0265, 74.3038,141.8639
12631.38217494,26355.812962,0.7029586, 68.6132, 46.9753, 74.2798,146.5403
12633.37916308,26356.057294,0.7030356, 68.6156, 46.7770, 74.1766,165.2037
12633.87839244,26356.208262,0.7030752, 68.6161, 46.7287, 74.1500,169.8515
12633.87840002,26356.208230,0.7030752, 68.6161, 46.7287, 74.1500,169.8571
12634.37763262,26356.269532,0.7031238, 68.6168, 46.6804, 74.1241,174.5074
12635.37608821,26356.524632,0.7032455, 68.6172, 46.5838, 74.0734,183.7836
12636.37453287,26356.817131,0.7033882, 68.6164, 46.4855, 74.0259,193.0357
12637.37297444,26357.110373,0.7035330, 68.6142, 46.3844, 73.9822,202.2692
12637.87219086,26357.265971,0.7036003, 68.6127, 46.3328, 73.9617,206.8771
12638.37140741,26357.388156,0.7036610, 68.6111, 46.2804, 73.9419,211.4816
12639.36982923,26357.649398,0.7037595, 68.6074, 46.1740, 73.9036,220.6744
12639.86903601,26357.773266,0.7037966, 68.6055, 46.1204, 73.8847,225.2634
12640.36824704,26357.907458,0.7038248, 68.6037, 46.0665, 73.8658,229.8530
12640.86745411,26358.007611,0.7038462, 68.6021, 46.0128, 73.8465,234.4377
12641.36664517,26358.138803,0.7038605, 68.6005, 45.9591, 73.8270,239.0084
12642.36503547,26358.338428,0.7038760, 68.5982, 45.8528, 73.7864,248.1503
12643.86257611,26358.535166,0.7038870, 68.5964, 45.6970, 73.7210,261.8172
12644.36174954,26358.637254,0.7038925, 68.5961, 45.6461, 73.6984,266.3637
12645.36008080,26358.726544,0.7039143, 68.5962, 45.5458, 73.6515,275.4396
12645.85924711,26358.720239,0.7039323, 68.5965, 45.4963, 73.6272,279.9751
12646.35842007,26358.754254,0.7039546, 68.5967, 45.4471, 73.6034,284.5130
12646.85758408,26358.729500,0.7039833, 68.5970, 45.3982, 73.5789,289.0426
12647.35673152,26358.743732,0.7040164, 68.5973, 45.3493, 73.5551,293.5574
12647.85585528,26358.709468,0.7040554, 68.5976, 45.3005, 73.5307,298.0529
12648.35502500,26358.689697,0.7040980, 68.5977, 45.2516, 73.5072,302.5795
12648.85416365,26358.651472,0.7041454, 68.5977, 45.2025, 73.4834,307.0814
12649.35330488,26358.636163,0.7041947, 68.5976, 45.1530, 73.4605,311.5830
12650.35156941,26358.739008,0.7042988, 68.5970, 45.0529, 73.4149,320.5676
12651.34982081,26359.638546,0.7044046, 68.5959, 44.9505, 73.3696,329.5374
12652.34806353,26364.015769,0.7045311, 68.5947, 44.8457, 73.3218,338.5003
12653.34629516,26380.974530,0.7048023, 68.5932, 44.7392, 73.2732,347.4590
12653.84540562,26388.581488,0.7049655, 68.5907, 44.6855, 73.2664,351.9255
12654.34447665,26344.840423,0.7045520, 68.5847, 44.6284, 73.2827,356.3460
12654.84357244,26263.214935,0.7036505, 68.5773, 44.5621, 73.2296,  0.8172
12655.34268503,26304.116817,0.7041794, 68.5774, 44.4934, 73.1587,  5.3092
12656.34087712,26370.356072,0.7048879, 68.5817, 44.3771, 73.1583, 14.2052
12656.83996416,26370.181034,0.7048599, 68.5819, 44.3231, 73.1452, 18.6618
12657.33904499,26367.704974,0.7048196, 68.5815, 44.2697, 73.1256, 23.1207
12658.33720370,26363.876054,0.7047762, 68.5811, 44.1646, 73.0796, 32.0438
12659.33534143,26361.913868,0.7047745, 68.5815, 44.0617, 73.0309, 40.9598
12660.83250296,26360.477712,0.7048377, 68.5834, 43.9113, 72.9556, 54.3149
12660.83251333,26360.477328,0.7048377, 68.5834, 43.9113, 72.9556, 54.3225
12662.82869360,26359.558348,0.7050410, 68.5853, 43.7131, 72.8580, 72.1258
12663.82673090,26359.214364,0.7051758, 68.5849, 43.6118, 72.8132, 80.9963
12664.32575724,26359.102856,0.7052440, 68.5841, 43.5600, 72.7924, 85.4392
12664.82481629,26358.904163,0.7053103, 68.5832, 43.5075, 72.7719, 89.9069
12665.82287506,26358.583637,0.7054252, 68.5804, 43.4000, 72.7335, 98.8044
12667.81896153,26357.967974,0.7055531, 68.5737, 43.1785, 72.6599,116.6058
12668.81700998,26357.709157,0.7055682, 68.5708, 43.0671, 72.6215,125.5272
12669.31600006,26357.613803,0.7055677, 68.5696, 43.0117, 72.6020,129.9673
12670.31400419,26357.413811,0.7055594, 68.5681, 42.9025, 72.5598,138.8724
12671.31199330,26357.273048,0.7055529, 68.5673, 42.7955, 72.5150,147.7745
12672.30996118,26357.190379,0.7055595, 68.5672, 42.6906, 72.4680,156.6660
12672.30996253,26357.190376,0.7055595, 68.5672, 42.6906, 72.4680,156.6669
12673.30792082,26357.213501,0.7055873, 68.5673, 42.5873, 72.4196,165.5620
12674.30586025,26357.285508,0.7056390, 68.5674, 42.4851, 72.3710,174.4294
12675.80275111,26357.527833,0.7057587, 68.5662, 42.3318, 72.2992,187.7038
12675.80275690,26357.527807,0.7057587, 68.5662, 42.3318, 72.2992,187.7080
12677.29958144,26357.766088,0.7059117, 68.5634, 42.1760, 72.2324,200.9864
12678.29750591,26357.991303,0.7060168, 68.5601, 42.0697, 72.1907,209.8029
12678.79644331,26358.171289,0.7060666, 68.5579, 42.0158, 72.1706,214.1882
12679.29537167,26358.254838,0.7061126, 68.5558, 41.9612, 72.1515,218.5637
12680.29324993,26358.530226,0.7061894, 68.5509, 41.8505, 72.1142,227.3207
12680.79215935,26358.687162,0.7062185, 68.5483, 41.7946, 72.0959,231.6731
12681.29107811,26358.775466,0.7062404, 68.5458, 41.7384, 72.0779,236.0300
12681.78999095,26358.923372,0.7062560, 68.5432, 41.6820, 72.0598,240.3801
12682.28890025,26359.024058,0.7062646, 68.5408, 41.6255, 72.0416,244.7254
12682.28890826,26359.024002,0.7062646, 68.5408, 41.6255, 72.0416,244.7312
12682.78788919,26359.150540,0.7062677, 68.5385, 41.5692, 72.0231,249.1267
12683.28680929,26359.259244,0.7062655, 68.5365, 41.5130, 72.0043,253.4756
12684.28463346,26359.480724,0.7062513, 68.5332, 41.4020, 71.9648,262.1553
12685.28243288,26359.667125,0.7062336, 68.5309, 41.2930, 71.9229,270.8082
12686.28022153,26359.804643,0.7062249, 68.5296, 41.1866, 71.8786,279.4438
12687.27795709,26359.880796,0.7062361, 68.5290, 41.0824, 71.8326,288.0302
12688.27569340,26359.890056,0.7062738, 68.5288, 40.9797, 71.7860,296.6058
12689.27342365,26359.853934,0.7063383, 68.5283, 40.8774, 71.7399,305.1640
12689.77228773,26359.784429,0.7063790, 68.5279, 40.8261, 71.7172,309.4380
12689.77237403,26359.783206,0.7063789, 68.5279, 40.8261, 71.7172,309.5010
12691.26887274,26359.917491,0.7065132, 68.5252, 40.6689, 71.6533,322.2350
12692.26659290,26360.899680,0.7065984, 68.5225, 40.5606, 71.6121,330.7518
12693.26430375,26365.562626,0.7066920, 68.5195, 40.4494, 71.5686,339.2579
12694.26201300,26383.360194,0.7069183, 68.5165, 40.3366, 71.5235,347.7643
12695.25971194,26354.144745,0.7066834, 68.5071, 40.2207, 71.5347,356.2266
12696.25739308,26293.495563,0.7060227, 68.4975, 40.0824, 71.4150,  4.7277
12697.25507153,26370.366762,0.7068025, 68.5014, 39.9618, 71.4087, 13.1691
12697.25517743,26370.496381,0.7068032, 68.5015, 39.9618, 71.4090, 13.2463
12699.25037871,26366.901211,0.7066299, 68.5009, 39.7463, 71.3335, 30.0847
12700.24799718,26364.826179,0.7066022, 68.5008, 39.6421, 71.2852, 38.5242
12701.24560694,26363.713044,0.7066133, 68.5009, 39.5391, 71.2368, 46.9583
12702.24320565,26363.042196,0.7066538, 68.5010, 39.4364, 71.1894, 55.3860
12703.24079976,26362.577133,0.7067160, 68.5007, 39.3333, 71.1435, 63.8127
12707.72984378,26360.994880,0.7070010, 68.4901, 38.8474, 70.9623,101.7066
12710.22369870,26360.224099,0.7069805, 68.4821, 38.5643, 70.8681,122.8053
12712.21882522,26359.685792,0.7068909, 68.4796, 38.3422, 70.7828,139.7750
12713.21630628,26359.480650,0.7068537, 68.4799, 38.2346, 70.7360,148.2168
12714.21377948,26359.324427,0.7068380, 68.4808, 38.1293, 70.6870,156.6605
12715.21123589,26359.216910,0.7068508, 68.4819, 38.0255, 70.6372,165.0966
12716.20868150,26359.160924,0.7068930, 68.4825, 37.9223, 70.5879,173.5260
12717.20611771,26359.152702,0.7069587, 68.4823, 37.8185, 70.5403,181.9467
12717.70483343,26359.177794,0.7069966, 68.4817, 37.7660, 70.5170,186.1540
12718.20354769,26359.172285,0.7070360, 68.4809, 37.7128, 70.4955,190.3592
12719.20097628,26359.237016,0.7071105, 68.4782, 37.6047, 70.4538,198.7659
12720.19839976,26359.337942,0.7071671, 68.4745, 37.4939, 70.4146,207.1633
12721.19581673,26359.449060,0.7071944, 68.4701, 37.3810, 70.3771,215.5514
12722.19322610,26359.584594,0.7071886, 68.4656, 37.2669, 70.3397,223.9298
12724.18799417,26359.907613,0.7070996, 68.4587, 37.0407, 70.2598,240.6376
12724.18801284,26359.907545,0.7070996, 68.4587, 37.0407, 70.2598,240.6512
12725.18538921,26360.084837,0.7070425, 68.4568, 36.9307, 70.2157,249.0002
12726.18275042,26360.258018,0.7069962, 68.4559, 36.8233, 70.1691,257.3209
12727.18009713,26360.424235,0.7069716, 68.4557, 36.7182, 70.1208,265.6203
12728.17743081,26360.553813,0.7069736, 68.4558, 36.6148, 70.0719,273.8979
12729.17475116,26360.679505,0.7070015, 68.4557, 36.5120, 70.0234,282.1517
12731.16937562,26360.831063,0.7071084, 68.4537, 36.3048, 69.9312,298.6017
12732.16667349,26360.849336,0.7071673, 68.4515, 36.1989, 69.8883,306.7945
12735.15855658,26362.063589,0.7072460, 68.4422, 35.8694, 69.7653,331.3003
12735.65716760,26363.479338,0.7072452, 68.4408, 35.8132, 69.7428,335.3534
12736.15581340,26366.575181,0.7072526, 68.4397, 35.7568, 69.7190,339.4317
12736.65444697,26372.654072,0.7072912, 68.4389, 35.7007, 69.6927,343.5026
12737.65167927,26395.124536,0.7075256, 68.4367, 35.5897, 69.6537,351.6122
12738.15029545,26370.822824,0.7072795, 68.4324, 35.5332, 69.6657,355.6450
12739.14753377,26278.627382,0.7062313, 68.4236, 35.4021, 69.5519,  3.7734
12739.64614174,26337.979592,0.7068972, 68.4268, 35.3400, 69.5242,  7.8089
12740.14474701,26367.126914,0.7071682, 68.4302, 35.2843, 69.5221, 11.8326
12741.14195496,26373.007002,0.7071490, 68.4337, 35.1803, 69.4907, 19.9007
12742.13914874,26369.533531,0.7071014, 68.4355, 35.0794, 69.4407, 27.9666
12743.13633070,26367.269932,0.7071168, 68.4369, 34.9793, 69.3887, 36.0200
12744.13350217,26366.010718,0.7071740, 68.4377, 34.8786, 69.3388, 44.0605
12745.13066734,26365.255015,0.7072514, 68.4376, 34.7764, 69.2921, 52.0921
12746.12782862,26364.731944,0.7073298, 68.4364, 34.6718, 69.2487, 60.1190
12747.12499508,26364.316462,0.7073931, 68.4345, 34.5648, 69.2080, 68.1509
12747.62358921,26364.090543,0.7074154, 68.4334, 34.5105, 69.1881, 72.1762
12748.12216598,26363.951052,0.7074297, 68.4321, 34.4556, 69.1688, 76.1908
12749.11931713,26363.601252,0.7074347, 68.4296, 34.3452, 69.1298, 84.2246
12750.11645971,26363.267529,0.7074106, 68.4277, 34.2347, 69.0896, 92.2634
12751.11359583,26362.944445,0.7073662, 68.4268, 34.1251, 69.0469,100.3108
12752.11071428,26362.645306,0.7073152, 68.4270, 34.0175, 69.0012,108.3594
12753.10781316,26362.371367,0.7072721, 68.4284, 33.9123, 68.9524,116.4072
12754.10491032,26362.124940,0.7072496, 68.4306, 33.8094, 68.9013,124.4657
12755.10198855,26361.915702,0.7072553, 68.4332, 33.7083, 68.8489,132.5202
12756.09906208,26361.719025,0.7072903, 68.4357, 33.6079, 68.7964,140.5788
12758.09316469,26361.387722,0.7074265, 68.4385, 33.4058, 68.6955,156.6790
12758.59168784,26361.271105,0.7074673, 68.4387, 33.3544, 68.6712,160.7048
12760.08725737,26361.106150,0.7075839, 68.4372, 33.1968, 68.6032,172.7873
12761.08429377,26361.006098,0.7076449, 68.4352, 33.0893, 68.5599,180.8385
12762.08132739,26360.925678,0.7076845, 68.4327, 32.9800, 68.5176,188.8905
12764.07536360,26360.869933,0.7076932, 68.4278, 32.7594, 68.4323,204.9786
12765.07236948,26360.894297,0.7076704, 68.4262, 32.6499, 68.3873,213.0154
12766.06934422,26360.945683,0.7076426, 68.4257, 32.5422, 68.3397,221.0284
12767.06632301,26361.028703,0.7076233, 68.4262, 32.4369, 68.2896,229.0410
12767.06632515,26361.028699,0.7076233, 68.4262, 32.4369, 68.2896,229.0426
12768.06328696,26361.124518,0.7076257, 68.4276, 32.3340, 68.2375,237.0410
12768.56176257,26361.240943,0.7076385, 68.4283, 32.2834, 68.2107,241.0306
12770.05718315,26361.408039,0.7077273, 68.4308, 32.1332, 68.1318,252.9763
12770.55564693,26361.531481,0.7077726, 68.4311, 32.0832, 68.1062,256.9434
12771.05411967,26361.576259,0.7078230, 68.4315, 32.0328, 68.0814,260.9132
12772.05103891,26361.770782,0.7079334, 68.4310, 31.9309, 68.0341,268.8206
12773.04795367,26361.972615,0.7080414, 68.4293, 31.8266, 67.9902,276.7079
12775.04177501,26362.342249,0.7081923, 68.4231, 31.6111, 67.9097,292.4335
12776.03868024,26362.475204,0.7082194, 68.4196, 31.5012, 67.8705,300.2758
12777.03558087,26362.565175,0.7082156, 68.4167, 31.3913, 67.8301,308.1068
12778.03247045,26362.619949,0.7081891, 68.4148, 31.2824, 67.7872,315.9233
12779.02934748,26362.778953,0.7081523, 68.4142, 31.1753, 67.7408,323.7255
12780.02620792,26363.611414,0.7081226, 68.4150, 31.0703, 67.6897,331.5114
12781.02305850,26367.563500,0.7081368, 68.4173, 30.9675, 67.6319,339.2877
12782.01989880,26383.408643,0.7083197, 68.4208, 30.8667, 67.5677,347.0564
12783.01672478,26388.684890,0.7085119, 68.4205, 30.7669, 67.5456,354.7844
12784.01354239,26267.160131,0.7072801, 68.4120, 30.6487, 67.4556,  2.5176
12785.01034821,26358.761762,0.7084421, 68.4179, 30.5323, 67.3963, 10.2106
12786.00715328,26374.642464,0.7086641, 68.4206, 30.4283, 67.3761, 17.8901
12786.50554561,26373.613132,0.7086906, 68.4205, 30.3765, 67.3573, 21.7270
12788.00073217,26369.560424,0.7087802, 68.4174, 30.2184, 67.2937, 33.2440
12788.00074271,26369.558563,0.7087802, 68.4174, 30.2184, 67.2937, 33.2517
12789.99429896,26367.272711,0.7088835, 68.4115, 30.0019, 67.2114, 48.5846
12790.99106615,26366.713952,0.7089069, 68.4090, 29.8926, 67.1702, 56.2474
12791.98782336,26366.315002,0.7089137, 68.4073, 29.7839, 67.1276, 63.9094
12792.98455778,26365.994940,0.7089120, 68.4067, 29.6765, 67.0829, 71.5632
12794.97800298,26365.477532,0.7089318, 68.4092, 29.4680, 66.9859, 86.8819
12794.97802324,26365.477331,0.7089318, 68.4092, 29.4680, 66.9859, 86.8967
12796.97138931,26365.037536,0.7090574, 68.4144, 29.2670, 66.8830,102.1921
12797.96806559,26364.827746,0.7091696, 68.4165, 29.1670, 66.8328,109.8440
12798.96473371,26364.602310,0.7093033, 68.4175, 29.0656, 66.7852,117.4946
12799.96139807,26364.354296,0.7094414, 68.4170, 28.9617, 66.7410,125.1470
12800.95805909,26364.084163,0.7095651, 68.4152, 28.8547, 66.6999,132.8029
12801.45639105,26363.899698,0.7096171, 68.4140, 28.8003, 66.6799,136.6346
12802.95137559,26363.504911,0.7097200, 68.4093, 28.6339, 66.6221,148.1358
12803.94802139,26363.228788,0.7097482, 68.4065, 28.5222, 66.5822,155.8089
12805.94128774,26362.784960,0.7097535, 68.4035, 28.3021, 66.4950,171.1678
12806.93790404,26362.636918,0.7097590, 68.4036, 28.1949, 66.4473,178.8466
12807.93450039,26362.545552,0.7097833, 68.4043, 28.0899, 66.3974,186.5146
12808.93108037,26362.511232,0.7098341, 68.4054, 27.9864, 66.3464,194.1708
12808.93108925,26362.511199,0.7098341, 68.4054, 27.9864, 66.3464,194.1773
12809.92764788,26362.527389,0.7099135, 68.4063, 27.8837, 66.2955,201.8184
12810.92420412,26362.600905,0.7100186, 68.4065, 27.7809, 66.2459,209.4473
12811.92075517,26362.719468,0.7101411, 68.4056, 27.6770, 66.1985,217.0632
12812.91729888,26362.887021,0.7102703, 68.4035, 27.5713, 66.1538,224.6628
12813.91382914,26363.083902,0.7103942, 68.4001, 27.4635, 66.1119,232.2408
12813.91385243,26363.083720,0.7103942, 68.4001, 27.4635, 66.1119,232.2578
12814.91035661,26363.310677,0.7105025, 68.3957, 27.3535, 66.0723,239.8051
12815.40861134,26363.481727,0.7105485, 68.3931, 27.2979, 66.0530,243.5762
12815.90687547,26363.553803,0.7105877, 68.3907, 27.2418, 66.0343,247.3517
12816.40513373,26363.719237,0.7106211, 68.3880, 27.1856, 66.0155,251.1200
12816.90338364,26363.798312,0.7106471, 68.3855, 27.1290, 65.9969,254.8800
12817.89988783,26364.036809,0.7106821, 68.3807, 27.0160, 65.9591,262.3958
12818.39813246,26364.167200,0.7106924, 68.3784, 26.9597, 65.9397,266.1448
12819.89285741,26364.450737,0.7107039, 68.3733, 26.7924, 65.8788,277.3721
12820.88931486,26364.589001,0.7107100, 68.3712, 26.6831, 65.8356,284.8270
12821.88575986,26364.668571,0.7107277, 68.3701, 26.5759, 65.7902,292.2635
12822.88218882,26364.669910,0.7107667, 68.3698, 26.4706, 65.7434,299.6776
12822.88221640,26364.669281,0.7107667, 68.3698, 26.4706, 65.7434,299.6977
12823.87859722,26364.580407,0.7108333, 68.3698, 26.3666, 65.6961,307.0656
12824.87499937,26364.426214,0.7109275, 68.3696, 26.2627, 65.6496,314.4357
12826.36958250,26364.263764,0.7111022, 68.3679, 26.1045, 65.5830,325.4510
12827.86415398,26366.237626,0.7112786, 68.3637, 25.9399, 65.5198,336.4321
12828.36233876,26368.937858,0.7113444, 68.3621, 25.8835, 65.4972,340.0860
12828.86051983,26374.621886,0.7114326, 68.3603, 25.8264, 65.4738,343.7371
12829.85689247,26399.931424,0.7117776, 68.3561, 25.7117, 65.4342,351.0447
12830.85326078,26328.824662,0.7110880, 68.3433, 25.5912, 65.4487,358.3095
12831.35143850,26266.681431,0.7104109, 68.3360, 25.5219, 65.3822,  1.9714
12832.84594859,26371.136119,0.7115558, 68.3372, 25.3314, 65.3134, 12.8659
12833.34411175,26375.975911,0.7115673, 68.3374, 25.2752, 65.3032, 16.4923
12834.83857560,26373.263512,0.7114927, 68.3368, 25.1122, 65.2426, 27.3749
12835.83487117,26371.235648,0.7114957, 68.3367, 25.0061, 65.1953, 34.6238
12836.83114205,26369.967659,0.7115410, 68.3366, 24.9009, 65.1477, 41.8548
12837.82740514,26369.147793,0.7116184, 68.3362, 24.7956, 65.1013, 49.0801
12838.32553295,26368.798573,0.7116658, 68.3359, 24.7427, 65.0788, 52.6900
12838.82365534,26368.557379,0.7117164, 68.3351, 24.6894, 65.0571, 56.2967
12839.81989642,26368.098411,0.7118229, 68.3330, 24.5816, 65.0154, 63.5089
12840.81612547,26367.688516,0.7119250, 68.3298, 24.4716, 64.9762, 70.7161
12841.81235017,26367.307735,0.7120119, 68.3258, 24.3593, 64.9391, 77.9264
12842.80855609,26366.937953,0.7120754, 68.3211, 24.2452, 64.9034, 85.1318
12843.30666046,26366.714219,0.7120976, 68.3188, 24.1876, 64.8854, 88.7394
12844.30285251,26366.369867,0.7121207, 68.3141, 24.0718, 64.8497, 95.9518
12844.80094310,26366.248841,0.7121225, 68.3118, 24.0137, 64.8317, 99.5590
12845.79712669,26365.926520,0.7121125, 68.3080, 23.8981, 64.7938,106.7849
12846.79328602,26365.636591,0.7120908, 68.3051, 23.7836, 64.7537,114.0068
12847.78942812,26365.354736,0.7120680, 68.3033, 23.6707, 64.7111,121.2293
12849.28360824,26364.974031,0.7120555, 68.3023, 23.5050, 64.6426,132.0610
12849.78166152,26364.921045,0.7120617, 68.3022, 23.4505, 64.6195,135.6714
12851.27579112,26364.706936,0.7121213, 68.3022, 23.2889, 64.5477,146.4888
12851.77382671,26364.693049,0.7121551, 68.3020, 23.2350, 64.5248,150.0905
12853.26791496,26364.632167,0.7122890, 68.2998, 23.0724, 64.4571,160.8820
12853.76594025,26364.637678,0.7123397, 68.2984, 23.0171, 64.4368,164.4748
12854.76198401,26364.668130,0.7124376, 68.2943, 22.9046, 64.3975,171.6524
12855.75801948,26364.720491,0.7125162, 68.2887, 22.7892, 64.3612,178.8195
12856.75404011,26364.784840,0.7125609, 68.2822, 22.6712, 64.3269,185.9722
12858.24806973,26364.955066,0.7125548, 68.2720, 22.4921, 64.2747,196.6960
12858.74607607,26364.947372,0.7125367, 68.2692, 22.4326, 64.2567,200.2670
12860.24005977,26365.187330,0.7124643, 68.2622, 22.2573, 64.1968,210.9496
12861.23602286,26365.347483,0.7124240, 68.2594, 22.1437, 64.1532,218.0454
12861.73399760,26365.383998,0.7124118, 68.2586, 22.0878, 64.1306,221.5851
12862.72993273,26365.586315,0.7124098, 68.2570, 21.9777, 64.0842,228.6454
12863.22790594,26365.728307,0.7124209, 68.2562, 21.9233, 64.0608,232.1748
12863.72585087,26365.794055,0.7124384, 68.2556, 21.8690, 64.0377,235.6803
12864.72175414,26366.005834,0.7124933, 68.2537, 21.7604, 63.9925,242.6899
12866.71352442,26366.431604,0.7126432, 68.2473, 21.5404, 63.9089,256.6371
12868.20731149,26366.721785,0.7127456, 68.2397, 21.3709, 63.8525,267.0297
12868.70523674,26366.840133,0.7127701, 68.2367, 21.3134, 63.8349,270.4846
12869.70108047,26366.982800,0.7128009, 68.2305, 21.1974, 63.8003,277.3826
12870.69691724,26367.107523,0.7128040, 68.2242, 21.0803, 63.7661,284.2674
12871.69274038,26367.182381,0.7127801, 68.2183, 20.9631, 63.7311,291.1358
12872.68854224,26367.194454,0.7127346, 68.2133, 20.8465, 63.6945,297.9840
12873.68432357,26367.125849,0.7126755, 68.2095, 20.7312, 63.6556,304.8138
12874.68009186,26366.966977,0.7126132, 68.2070, 20.6177, 63.6141,311.6312
12876.67156730,26366.550900,0.7125175, 68.2055, 20.3965, 63.5235,325.2123
12877.66727513,26366.790033,0.7125003, 68.2060, 20.2880, 63.4747,331.9767
12878.66296385,26369.203184,0.7125233, 68.2071, 20.1798, 63.4224,338.7255
12879.65863762,26379.872193,0.7126565, 68.2084, 20.0715, 63.3652,345.4645
12880.65430210,26405.999111,0.7130288, 68.2081, 19.9627, 63.3221,352.1903
12881.64995387,26321.956032,0.7122382, 68.1976, 19.8460, 63.3273,358.8690
12882.64559697,26302.712668,0.7121486, 68.1903, 19.7101, 63.2036,  5.5982
12883.64123308,26369.001749,0.7128837, 68.1909, 19.5856, 63.1947, 12.2637
12884.63686027,26376.690281,0.7129065, 68.1883, 19.4670, 63.1776, 18.9441
12885.63247469,26374.668091,0.7128175, 68.1843, 19.3493, 63.1449, 25.6349
12885.63248232,26374.666159,0.7128175, 68.1843, 19.3493, 63.1449, 25.6404
12886.62807425,26372.519029,0.7127178, 68.1808, 19.2327, 63.1058, 32.3291
12887.62365488,26371.034107,0.7126241, 68.1788, 19.1184, 63.0623, 39.0245
12888.61921722,26370.039372,0.7125503, 68.1784, 19.0068, 63.0152, 45.7207
12889.61475523,26369.314669,0.7125085, 68.1793, 18.8978, 62.9657, 52.4109
12890.61027331,26368.755032,0.7125043, 68.1806, 18.7906, 62.9152, 59.0961
12891.60577581,26368.275255,0.7125340, 68.1818, 18.6839, 62.8653, 65.7772
12893.59673961,26367.576925,0.7126550, 68.1815, 18.4679, 62.7713, 79.1259
12894.59220348,26367.285090,0.7127190, 68.1795, 18.3573, 62.7280, 85.7929
12895.58765658,26367.020475,0.7127696, 68.1765, 18.2446, 62.6867, 92.4566
12896.58309459,26366.740796,0.7127982, 68.1727, 18.1301, 62.6468, 99.1151
12897.57852455,26366.491017,0.7128015, 68.1686, 18.0145, 62.6073,105.7751
12898.57394228,26366.287564,0.7127803, 68.1647, 17.8984, 62.5671,112.4336
12899.56934029,26366.133984,0.7127395, 68.1615, 17.7827, 62.5255,119.0845
12901.06241465,26366.028895,0.7126604, 68.1583, 17.6116, 62.4582,129.0542
12901.56009718,26366.002545,0.7126348, 68.1578, 17.5554, 62.4353,132.3724
12902.55545128,26366.010166,0.7125929, 68.1576, 17.4448, 62.3867,139.0017
12904.54609699,26366.268248,0.7125771, 68.1588, 17.2289, 62.2853,152.2051
12905.54139415,26366.467119,0.7126108, 68.1595, 17.1225, 62.2348,158.7765
12906.53667580,26366.699619,0.7126689, 68.1594, 17.0160, 62.1858,165.3253
12907.53194613,26366.982494,0.7127430, 68.1583, 16.9085, 62.1393,171.8526
12908.52720741,26367.282900,0.7128211, 68.1560, 16.7993, 62.0956,178.3584
12909.02484021,26367.483808,0.7128580, 68.1542, 16.7440, 62.0749,181.6075
12909.52246816,26367.590967,0.7128898, 68.1523, 16.6880, 62.0549,184.8493
12911.01534006,26368.014315,0.7129489, 68.1451, 16.5173, 61.9977,194.5480
12911.51296238,26368.130248,0.7129522, 68.1426, 16.4596, 61.9790,197.7744
12913.00580998,26368.483971,0.7129179, 68.1356, 16.2864, 61.9215,207.4265
12913.50342115,26368.595179,0.7128939, 68.1337, 16.2291, 61.9011,210.6370
12914.00102794,26368.672480,0.7128680, 68.1323, 16.1724, 61.8800,213.8428
12914.99622594,26368.836846,0.7128159, 68.1306, 16.0606, 61.8351,220.2385
12915.49381836,26368.943702,0.7127944, 68.1303, 16.0057, 61.8115,223.4290
12916.48899109,26369.089411,0.7127730, 68.1308, 15.8981, 61.7622,229.7954
12917.48414772,26369.218916,0.7127871, 68.1321, 15.7927, 61.7116,236.1404
12920.96710598,26369.580686,0.7130547, 68.1325, 15.4235, 61.5444,258.1927
12920.96710610,26369.580685,0.7130547, 68.1325, 15.4235, 61.5444,258.1928
12921.46466649,26369.639421,0.7130983, 68.1313, 15.3692, 61.5235,261.3288
12922.45977757,26369.711748,0.7131749, 68.1283, 15.2592, 61.4827,267.5883
12923.45488172,26369.756858,0.7132288, 68.1247, 15.1474, 61.4435,273.8373
12923.95242728,26369.770532,0.7132462, 68.1227, 15.0910, 61.4240,276.9557
12924.44997772,26369.776177,0.7132563, 68.1209, 15.0344, 61.4050,280.0772
12925.94261066,26369.720762,0.7132504, 68.1159, 14.8645, 61.3459,289.4276
12926.44014949,26369.647385,0.7132384, 68.1147, 14.8081, 61.3256,292.5413
12927.43522603,26369.473664,0.7132062, 68.1131, 14.6962, 61.2834,298.7700
12927.93275894,26369.385316,0.7131884, 68.1127, 14.6408, 61.2613,301.8817
12928.92782033,26369.068146,0.7131555, 68.1131, 14.5314, 61.2155,308.1057
12929.42534479,26368.817735,0.7131431, 68.1139, 14.4774, 61.1917,311.2152
12930.91790263,26368.106420,0.7131345, 68.1173, 14.3181, 61.1175,320.5395
12931.41541580,26367.783931,0.7131438, 68.1190, 14.2656, 61.0920,323.6457
12932.41043517,26367.383338,0.7131813, 68.1223, 14.1610, 61.0405,329.8565
12932.90794124,26367.508247,0.7132100, 68.1238, 14.1086, 61.0144,332.9610
12933.40544555,26367.945507,0.7132472, 68.1255, 14.0560, 60.9877,336.0664
12934.89795223,26378.740147,0.7134696, 68.1297, 13.8959, 60.9031,345.3913
12935.89295711,26404.564534,0.7138627, 68.1310, 13.7875, 60.8541,351.6180
12936.88796418,26357.277924,0.7135057, 68.1240, 13.6741, 60.8622,357.8186
12937.38547314,26281.575064,0.7127156, 68.1174, 13.6093, 60.8188,  0.9478
12938.87798772,26355.896364,0.7136584, 68.1163, 13.4146, 60.7101, 10.3183
12940.37050740,26375.749657,0.7137931, 68.1165, 13.2404, 60.6770, 19.6938
12940.86801106,26375.084224,0.7137621, 68.1164, 13.1840, 60.6569, 22.8282
12941.86301355,26373.206679,0.7137030, 68.1162, 13.0723, 60.6113, 29.1049
12942.85800437,26371.702789,0.7136684, 68.1171, 12.9630, 60.5610, 35.3841
12943.85299641,26370.644818,0.7136695, 68.1190, 12.8559, 60.5081, 41.6720
12944.84797475,26369.935240,0.7137124, 68.1213, 12.7505, 60.4543, 47.9550
12945.34546774,26369.682553,0.7137493, 68.1223, 12.6979, 60.4280, 51.1000
12946.34044408,26369.261627,0.7138490, 68.1239, 12.5928, 60.3758, 57.3821
12946.83793230,26369.105927,0.7139084, 68.1242, 12.5400, 60.3501, 60.5222
12947.83291302,26368.886385,0.7140366, 68.1236, 12.4327, 60.3021, 66.8019
12948.33040479,26368.779902,0.7141011, 68.1228, 12.3781, 60.2798, 69.9406
12949.32539288,26368.666061,0.7142213, 68.1199, 12.2675, 60.2364, 76.2173
12949.82288628,26368.678616,0.7142741, 68.1178, 12.2113, 60.2151, 79.3533
12950.81788376,26368.673748,0.7143608, 68.1133, 12.0977, 60.1748, 85.6284
12952.31037397,26368.708576,0.7144403, 68.1063, 11.9254, 60.1154, 95.0259
12952.80787349,26368.831039,0.7144553, 68.1039, 11.8679, 60.0950, 98.1580
12953.80288008,26368.979652,0.7144718, 68.0999, 11.7534, 60.0536,104.4221
12955.29539181,26369.225019,0.7144817, 68.0961, 11.5841, 59.9884,113.8060
12955.79289659,26369.394111,0.7144870, 68.0952, 11.5286, 59.9655,116.9307
12956.29041190,26369.473047,0.7144942, 68.0949, 11.4735, 59.9423,120.0603
12957.28540607,26369.753634,0.7145229, 68.0945, 11.3648, 59.8946,126.2855
12957.78291022,26369.922808,0.7145465, 68.0945, 11.3111, 59.8703,129.3990
12959.27542484,26370.363633,0.7146563, 68.0953, 11.1517, 59.7975,138.7207
12961.26544890,26370.977266,0.7148915, 68.0944, 10.9392, 59.7054,151.1015
12962.26048064,26371.247511,0.7150265, 68.0921, 10.8310, 59.6635,157.2837
12962.75800255,26371.322240,0.7150927, 68.0905, 10.7760, 59.6437,160.3741
12963.25553737,26371.474582,0.7151538, 68.0884, 10.7204, 59.6248,163.4708
12964.25056633,26371.644782,0.7152594, 68.0835, 10.6075, 59.5885,169.6266
12964.74810579,26371.685236,0.7153011, 68.0809, 10.5504, 59.5707,172.7195
12966.24072440,26371.870933,0.7153733, 68.0725, 10.3771, 59.5183,181.9899
12966.73827467,26371.867450,0.7153825, 68.0701, 10.3193, 59.4998,185.0863
12967.73336311,26371.919226,0.7153844, 68.0659, 10.2043, 59.4617,191.2692
12968.72847206,26371.954010,0.7153780, 68.0631, 10.0909, 59.4205,197.4660
12969.72356824,26371.970459,0.7153798, 68.0618,  9.9798, 59.3764,203.6524
12970.22112512,26371.987556,0.7153882, 68.0616,  9.9250, 59.3537,206.7513
12970.71867677,26371.987000,0.7154046, 68.0617,  9.8708, 59.3301,209.8456
12972.21133776,26371.975371,0.7155022, 68.0626,  9.7099, 59.2593,219.1272
12972.70889582,26371.988323,0.7155516, 68.0627,  9.6565, 59.2358,222.2217
12974.20160810,26371.914264,0.7157326, 68.0618,  9.4949, 59.1695,231.5256
12974.69917810,26371.908539,0.7157986, 68.0607,  9.4401, 59.1487,234.6244
12976.19191320,26371.768909,0.7159854, 68.0556,  9.2725, 59.0911,243.9375
12976.68949823,26371.759857,0.7160384, 68.0531,  9.2154, 59.0732,247.0466
12977.68467990,26371.655175,0.7161241, 68.0480,  9.1000, 59.0384,253.2762
12979.17747224,26371.411871,0.7161981, 68.0403,  8.9248, 58.9866,262.6445
12979.67507823,26371.327140,0.7162088, 68.0378,  8.8662, 58.9691,265.7772
12981.16791885,26370.847827,0.7162148, 68.0323,  8.6915, 58.9134,275.2107
12982.16316786,26370.466452,0.7162080, 68.0301,  8.5766, 58.8736,281.5318
12982.66079065,26370.295186,0.7162047, 68.0293,  8.5197, 58.8529,284.6961
12983.65604033,26369.829918,0.7162066, 68.0288,  8.4072, 58.8097,291.0378
12984.15366949,26369.519962,0.7162139, 68.0290,  8.3516, 58.7873,294.2170
12984.65130237,26369.292011,0.7162250, 68.0292,  8.2961, 58.7648,297.4013
12985.14893285,26368.948955,0.7162431, 68.0298,  8.2412, 58.7418,300.5871
12985.64657062,26368.684078,0.7162660, 68.0301,  8.1862, 58.7189,303.7803
12987.13948417,26367.532783,0.7163724, 68.0314,  8.0220, 58.6502,313.3748
12987.63713571,26367.189318,0.7164175, 68.0314,  7.9667, 58.6282,316.5863
12988.63243227,26366.341936,0.7165164, 68.0307,  7.8553, 58.5852,323.0101
12990.12541825,26365.396815,0.7166593, 68.0274,  7.6838, 58.5233,332.6869
12990.62308722,26365.745878,0.7167008, 68.0256,  7.6249, 58.5032,335.9204
12991.61843859,26369.829884,0.7167903, 68.0217,  7.5054, 58.4592,342.4054
12992.11613353,26376.354165,0.7168684, 68.0198,  7.4451, 58.4337,345.6675
12993.11154114,26406.882616,0.7172287, 68.0154,  7.3240, 58.3917,352.2093
12993.60925238,26405.382765,0.7172577, 68.0107,  7.2632, 58.3992,355.4717
12994.60465738,26270.827234,0.7158195, 67.9941,  7.1278, 58.3454,  2.0124
12995.10238098,26292.639736,0.7160968, 67.9913,  7.0563, 58.2815,  5.3148
12995.60008841,26337.708227,0.7165898, 67.9918,  6.9898, 58.2621,  8.5811
12997.09323525,26375.329209,0.7168933, 67.9930,  6.8108, 58.2324, 18.4020
12997.59095305,26375.566873,0.7168816, 67.9926,  6.7539, 58.2121, 21.6850
12998.08867270,26374.864007,0.7168744, 67.9925,  6.6975, 58.1905, 24.9686
12998.58639544,26374.197910,0.7168799, 67.9919,  6.6416, 58.1670, 28.2545
12999.58184749,26372.937263,0.7169253, 67.9906,  6.5302, 58.1200, 34.8238
13000.57731688,26372.136321,0.7170089, 67.9884,  6.4185, 58.0745, 41.3942
13001.57279982,26371.684952,0.7171146, 67.9848,  6.3055, 58.0318, 47.9608
13003.06605454,26371.363251,0.7172758, 67.9765,  6.1322, 57.9739, 57.8053
13003.06605666,26371.363189,0.7172758, 67.9765,  6.1322, 57.9739, 57.8068
13004.06158430,26371.361036,0.7173636, 67.9693,  6.0140, 57.9387, 64.3708
13004.55935086,26371.423327,0.7173983, 67.9652,  5.9542, 57.9218, 67.6501
13006.05268366,26371.562688,0.7174553, 67.9531,  5.7733, 57.8722, 77.4945
13006.55046488,26371.643101,0.7174609, 67.9491,  5.7129, 57.8555, 80.7737
13007.54605401,26371.800080,0.7174544, 67.9420,  5.5924, 57.8211, 87.3451
13008.04384515,26371.902244,0.7174445, 67.9388,  5.5325, 57.8032, 90.6254
13008.54164750,26371.971337,0.7174334, 67.9360,  5.4731, 57.7848, 93.9119
13009.53725712,26372.192369,0.7174085, 67.9313,  5.3555, 57.7462,100.4826
13011.03069203,26372.521907,0.7173842, 67.9264,  5.1824, 57.6848,110.3393
13011.52850891,26372.593538,0.7173848, 67.9254,  5.1257, 57.6633,113.6244
13013.02196967,26372.987133,0.7174178, 67.9227,  4.9572, 57.5985,123.4733
13013.51979141,26373.056588,0.7174413, 67.9220,  4.9015, 57.5767,126.7520
13014.51544814,26373.278119,0.7175040, 67.9201,  4.7899, 57.5342,133.3113
13015.51111872,26373.481376,0.7175843, 67.9174,  4.6776, 57.4935,139.8697
13016.50680570,26373.662107,0.7176722, 67.9134,  4.5637, 57.4555,146.4294
13017.50251286,26373.806485,0.7177544, 67.9079,  4.4476, 57.4205,152.9942
13018.49824021,26373.924388,0.7178158, 67.9011,  4.3290, 57.3879,159.5658
13019.99186844,26373.982980,0.7178438, 67.8897,  4.1473, 57.3417,169.4414
13020.48975155,26373.993793,0.7178344, 67.8858,  4.0862, 57.3259,172.7397
13021.98342744,26373.876484,0.7177619, 67.8763,  3.9040, 57.2755,182.6532
13022.48132619,26373.866303,0.7177305, 67.8739,  3.8440, 57.2569,185.9649
13023.47712738,26373.777891,0.7176720, 67.8707,  3.7261, 57.2172,192.5942
13023.97503437,26373.688674,0.7176496, 67.8699,  3.6681, 57.1960,195.9151
13024.47293934,26373.664118,0.7176344, 67.8692,  3.6107, 57.1744,199.2376
13025.46875480,26373.538874,0.7176297, 67.8687,  3.4974, 57.1299,205.8841
13025.96666351,26373.437843,0.7176410, 67.8687,  3.4411, 57.1074,209.2088
13026.96249393,26373.249799,0.7176864, 67.8681,  3.3288, 57.0635,215.8696
13027.46041405,26373.183351,0.7177178, 67.8673,  3.2724, 57.0424,219.2046
13028.45626657,26372.961266,0.7177909, 67.8651,  3.1585, 57.0017,225.8870
13029.45213283,26372.730390,0.7178641, 67.8614,  3.0426, 56.9637,232.5848
13029.95006427,26372.579484,0.7178969, 67.8592,  2.9839, 56.9454,235.9350
13030.44800001,26372.489758,0.7179234, 67.8564,  2.9246, 56.9279,239.2901
13031.44390544,26372.230858,0.7179587, 67.8506,  2.8047, 56.8938,246.0327
13032.93778218,26371.755608,0.7179583, 67.8415,  2.6228, 56.8430,256.1822
13033.43575447,26371.655130,0.7179438, 67.8385,  2.5619, 56.8260,259.5813
13034.43170036,26371.342456,0.7179001, 67.8333,  2.4406, 56.7902,266.3913
13034.92967683,26371.124743,0.7178731, 67.8313,  2.3804, 56.7712,269.8043
13035.42765572,26371.012530,0.7178431, 67.8293,  2.3203, 56.7522,273.2218
13036.42361473,26370.649691,0.7177827, 67.8266,  2.2015, 56.7118,280.0676
13037.41959101,26370.256337,0.7177290, 67.8251,  2.0845, 56.6691,286.9372
13038.41556818,26369.834571,0.7176902, 67.8244,  1.9690, 56.6247,293.8165
13039.41155955,26369.354203,0.7176715, 67.8244,  1.8548, 56.5792,300.7125
13040.40755415,26368.809358,0.7176745, 67.8245,  1.7413, 56.5334,307.6145
13041.90156509,26367.817297,0.7177137, 67.8238,  1.5707, 56.4655,317.9825
13042.39955835,26367.456651,0.7177330, 67.8231,  1.5133, 56.4443,321.4297
13043.39559579,26366.727543,0.7177724, 67.8210,  1.3973, 56.4018,328.3587
13044.39164518,26366.611597,0.7178061, 67.8178,  1.2790, 56.3596,335.2919
13045.38771563,26370.234496,0.7178496, 67.8139,  1.1581, 56.3140,342.2383
13046.38379944,26390.940673,0.7180519, 67.8098,  1.0353, 56.2616,349.1973
13047.37991351,26406.029877,0.7182596, 67.8009,  0.9119, 56.2573,356.1501
13048.37603093,26272.906351,0.7168193, 67.7823,  0.7701, 56.1842,  3.1211
13049.37215747,26352.614950,0.7176618, 67.7800,  0.6308, 56.1274, 10.0738
13051.36443578,26378.300512,0.7177018, 67.7784,  0.3907, 56.0747, 23.9700
13051.86250731,26377.678036,0.7176671, 67.7782,  0.3334, 56.0521, 27.4449
13052.36058147,26377.134888,0.7176473, 67.7778,  0.2768, 56.0287, 30.9192
13053.35674038,26376.157754,0.7176465, 67.7773,  0.1646, 55.9810, 37.8648
13054.35290231,26375.558700,0.7176895, 67.7762,  0.0526, 55.9344, 44.7978
13055.34907757,26375.211690,0.7177583, 67.7737,359.9396, 55.8905, 51.7248
13056.34526684,26375.019542,0.7178332, 67.7697,359.8248, 55.8498, 58.6470
13057.34147142,26374.931873,0.7178972, 67.7644,359.7081, 55.8119, 65.5674
13058.33766041,26374.903254,0.7179385, 67.7580,359.5896, 55.7761, 72.4655
13059.33388132,26374.905067,0.7179515, 67.7513,359.4700, 55.7411, 79.3782
13060.33016221,26374.926637,0.7179364, 67.7449,359.3500, 55.7057, 86.3287
13062.32270508,26375.013462,0.7178467, 67.7350,359.1121, 55.6304,100.2051
13063.31895793,26375.075385,0.7177911, 67.7322,358.9953, 55.5895,107.1261
13063.81709457,26375.128867,0.7177646, 67.7312,358.9376, 55.5685,110.5933
13064.31523962,26375.136793,0.7177418, 67.7307,358.8804, 55.5464,114.0660
13064.81337715,26375.187826,0.7177221, 67.7303,358.8236, 55.5244,117.5328
13065.31152481,26375.211645,0.7177079, 67.7303,358.7673, 55.5015,121.0061
13066.30782516,26375.282786,0.7176950, 67.7307,358.6556, 55.4556,127.9542
13067.30411036,26375.354352,0.7177060, 67.7314,358.5449, 55.4094,134.8875
13069.29672872,26375.449279,0.7177912, 67.7318,358.3236, 55.3201,148.7766
13070.29304881,26375.455392,0.7178529, 67.7308,358.2117, 55.2784,155.7234
13070.79121774,26375.399556,0.7178845, 67.7299,358.1551, 55.2584,159.2025
13072.28575323,26375.302106,0.7179652, 67.7251,357.9825, 55.2019,169.6619
13072.28575366,26375.302105,0.7179652, 67.7251,357.9825, 55.2019,169.6622
13074.27851851,26374.977192,0.7179928, 67.7159,357.7460, 55.1315,183.7000
13075.27492044,26374.731603,0.7179602, 67.7114,357.6263, 55.0957,190.7251
13076.27133588,26374.432746,0.7179026, 67.7080,357.5072, 55.0576,197.7730
13076.76954122,26374.238917,0.7178696, 67.7070,357.4482, 55.0371,201.3007
13077.26775613,26374.106086,0.7178358, 67.7064,357.3897, 55.0158,204.8391
13077.76596812,26373.900312,0.7178061, 67.7065,357.3320, 54.9934,208.3791
13078.76239649,26373.525775,0.7177650, 67.7077,357.2184, 54.9461,215.4731
13079.26061140,26373.382078,0.7177578, 67.7088,357.1624, 54.9216,219.0254
13079.75882794,26373.169740,0.7177628, 67.7102,357.1069, 54.8965,222.5816
13081.25348302,26372.733296,0.7178376, 67.7134,356.9412, 54.8226,233.2653
13081.75170611,26372.539026,0.7178793, 67.7141,356.8858, 54.7987,236.8332
13082.24992714,26372.455088,0.7179241, 67.7140,356.8298, 54.7759,240.4005
13083.24638724,26372.201357,0.7180174, 67.7128,356.7163, 54.7324,247.5524
13084.24285440,26371.950035,0.7180991, 67.7098,356.6005, 54.6918,254.7154
13085.23934529,26371.764086,0.7181571, 67.7057,356.4827, 54.6530,261.9020
13086.23585059,26371.571661,0.7181861, 67.7012,356.3636, 54.6150,269.1059
13087.23236336,26371.368368,0.7181871, 67.6968,356.2441, 54.5765,276.3226
13088.22888840,26371.166847,0.7181664, 67.6932,356.1248, 54.5366,283.5549
13089.22542301,26370.950274,0.7181328, 67.6907,356.0066, 54.4948,290.7990
13090.22195476,26370.687278,0.7180961, 67.6894,355.8899, 54.4508,298.0445
13090.72022399,26370.534556,0.7180798, 67.6891,355.8322, 54.4274,301.6701
13091.21849325,26370.353905,0.7180661, 67.6892,355.7748, 54.4048,305.2958
13091.71676575,26370.173308,0.7180559, 67.6895,355.7179, 54.3805,308.9230
13092.71332281,26369.660628,0.7180478, 67.6907,355.6049, 54.3324,316.1839
13093.21159396,26369.308770,0.7180506, 67.6916,355.5487, 54.3086,319.8073
13093.70986688,26368.995892,0.7180581, 67.6923,355.4928, 54.2835,323.4295
13095.20470037,26368.176536,0.7181047, 67.6951,355.3247, 54.2090,334.2955
13095.20471114,26368.176559,0.7181046, 67.6951,355.3247, 54.2090,334.3033
13095.70299197,26368.729858,0.7181311, 67.6957,355.2684, 54.1824,337.9218
13096.20127304,26370.680374,0.7181725, 67.6967,355.2116, 54.1548,341.5401
13096.69956823,26376.503922,0.7182533, 67.6974,355.1546, 54.1238,345.1665
13097.69615317,26412.603675,0.7187226, 67.6986,355.0405, 54.0675,352.4091
13098.69275533,26334.150134,0.7180377, 67.6874,354.9200, 54.0774,359.6082
13099.68937177,26315.658717,0.7180036, 67.6784,354.7785, 53.9546,  6.8580
13100.68601047,26373.037484,0.7186441, 67.6781,354.6517, 53.9457, 14.0511
13101.68265754,26380.139465,0.7186918, 67.6747,354.5314, 53.9242, 21.2570
13102.67931651,26379.560516,0.7186562, 67.6701,354.4121, 53.8901, 28.4700
13103.67599030,26378.608093,0.7186107, 67.6661,354.2940, 53.8508, 35.6874
13104.67266387,26378.028666,0.7185702, 67.6635,354.1776, 53.8078, 42.8978
13105.66933934,26377.744244,0.7185498, 67.6627,354.0638, 53.7615, 50.1023
13106.66601485,26377.645226,0.7185652, 67.6634,353.9523, 53.7130, 57.2985
13107.16435221,26377.597513,0.7185901, 67.6641,353.8973, 53.6882, 60.8921
13108.65937879,26377.672895,0.7187273, 67.6653,353.7327, 53.6160, 71.6656
13109.65607370,26377.700531,0.7188554, 67.6644,353.6218, 53.5712, 78.8385
13110.15442761,26377.668719,0.7189230, 67.6633,353.5655, 53.5499, 82.4245
13111.15114403,26377.684165,0.7190502, 67.6595,353.4511, 53.5103, 89.5948
13112.14787513,26377.644733,0.7191540, 67.6542,353.3344, 53.4734, 96.7675
13113.14461777,26377.600511,0.7192263, 67.6482,353.2161, 53.4379,103.9441
13114.14136793,26377.551668,0.7192672, 67.6424,353.0970, 53.4024,111.1242
13115.13812589,26377.493308,0.7192830, 67.6375,352.9782, 53.3658,118.3103
13116.13490135,26377.444956,0.7192837, 67.6338,352.8604, 53.3274,125.5107
13117.13163897,26377.393056,0.7192801, 67.6317,352.7441, 53.2868,132.6855
13117.63006953,26377.343379,0.7192797, 67.6312,352.6866, 53.2659,136.3187
13118.62685187,26377.282425,0.7192885, 67.6311,352.5727, 53.2224,143.5292
13119.62364352,26377.210210,0.7193153, 67.6320,352.4604, 53.1776,150.7487
13120.12203772,26377.212091,0.7193370, 67.6326,352.4047, 53.1549,154.3577
13121.11883711,26377.141212,0.7193983, 67.6342,352.2938, 53.1095,161.5846
13123.11245212,26376.923885,0.7195847, 67.6362,352.0719, 53.0214,176.0535
13124.10923891,26376.775636,0.7196973, 67.6357,351.9594, 52.9801,183.2782
13124.10926944,26376.775456,0.7196974, 67.6357,351.9594, 52.9801,183.3005
13125.10609293,26376.555407,0.7198097, 67.6339,351.8453, 52.9412,190.5522
13126.10293085,26376.311660,0.7199109, 67.6308,351.7291, 52.9044,197.8233
13127.09978568,26376.044740,0.7199912, 67.6265,351.6110, 52.8692,205.1156
13128.09665043,26375.734900,0.7200441, 67.6216,351.4914, 52.8346,212.4270
13130.09043489,26375.080282,0.7200686, 67.6127,351.2506, 52.7627,227.1331
13131.08732564,26374.753255,0.7200565, 67.6099,351.1313, 52.7231,234.5074
13131.08733269,26374.753224,0.7200565, 67.6099,351.1313, 52.7231,234.5126
13133.08114570,26374.022740,0.7200597, 67.6089,350.8982, 52.6351,249.3331
13134.07804990,26373.667586,0.7201063, 67.6101,350.7843, 52.5879,256.7550
13135.07496460,26373.340815,0.7201932, 67.6111,350.6711, 52.5407,264.1895
13136.07187095,26373.042115,0.7203146, 67.6110,350.5574, 52.4953,271.6192
13137.06879512,26372.764542,0.7204540, 67.6088,350.4417, 52.4530,279.0606
13138.06573295,26372.508026,0.7205896, 67.6042,350.3235, 52.4143,286.5098
13139.06269082,26372.274114,0.7207029, 67.5978,350.2026, 52.3785,293.9715
13139.56117185,26372.159643,0.7207472, 67.5941,350.1414, 52.3607,297.7030
13140.55814820,26371.876993,0.7208079, 67.5863,350.0178, 52.3271,305.1753
13142.05362237,26371.175998,0.7208358, 67.5756,349.8318, 52.2760,316.3877
13142.05362984,26371.175415,0.7208358, 67.5756,349.8318, 52.2760,316.3932
13143.05063104,26370.471453,0.7208231, 67.5699,349.7086, 52.2393,323.8782
13144.04764211,26369.651551,0.7207950, 67.5659,349.5864, 52.1995,331.3664
13145.04465604,26369.935209,0.7207675, 67.5637,349.4654, 52.1541,338.8522
13146.04166635,26379.606498,0.7208328, 67.5640,349.3455, 52.0964,346.3357
13147.53720304,26398.815671,0.7211516, 67.5609,349.1693, 52.0631,357.5372
13148.53422609,26290.687060,0.7201435, 67.5489,349.0303, 51.9516,  5.0184
13149.53126024,26367.798866,0.7210749, 67.5519,348.9015, 51.9221, 12.4427
13150.52829502,26381.096204,0.7212673, 67.5519,348.7835, 51.9025, 19.8612
13151.02681983,26381.540867,0.7213119, 67.5506,348.7251, 51.8871, 23.5756
13151.52534265,26381.160198,0.7213531, 67.5487,348.6663, 51.8702, 27.2858
13152.52240453,26380.160066,0.7214403, 67.5434,348.5476, 51.8362, 34.7089
13153.51947316,26379.433203,0.7215219, 67.5365,348.4270, 51.8035, 42.1244
13154.01801783,26379.151651,0.7215565, 67.5326,348.3662, 51.7877, 45.8355
13155.01511494,26378.796988,0.7216053, 67.5242,348.2432, 51.7567, 53.2569
13156.51078499,26378.592824,0.7216238, 67.5117,348.0575, 51.7097, 64.3968
13157.50791868,26378.546670,0.7216082, 67.5046,347.9344, 51.6760, 71.8341
13158.50505126,26378.567512,0.7215847, 67.4992,347.8128, 51.6395, 79.2686
13159.00364073,26378.552230,0.7215755, 67.4972,347.7528, 51.6199, 83.0018
13159.50219786,26378.623593,0.7215697, 67.4955,347.6932, 51.6001, 86.7113
13160.49933541,26378.715195,0.7215789, 67.4933,347.5757, 51.5585, 94.1445
13161.49647973,26378.823272,0.7216224, 67.4918,347.4596, 51.5157,101.5781
13162.49362909,26378.901887,0.7217015, 67.4900,347.3440, 51.4737,109.0092
13162.99220408,26378.937810,0.7217526, 67.4887,347.2859, 51.4532,112.7223
13163.98936319,26379.010312,0.7218673, 67.4847,347.1685, 51.4150,120.1496
13165.48512856,26379.012819,0.7220356, 67.4749,346.9881, 51.3641,131.2978
13165.98371359,26379.010906,0.7220820, 67.4707,346.9267, 51.3484,135.0094
13166.48232191,26378.960108,0.7221203, 67.4663,346.8648, 51.3335,138.7375
13167.47951345,26378.853861,0.7221710, 67.4572,346.7397, 51.3042,146.1760
13168.47672294,26378.716999,0.7221879, 67.4484,346.6140, 51.2746,153.6309
13169.47395102,26378.544125,0.7221782, 67.4407,346.4886, 51.2437,161.1051
13170.47119322,26378.335251,0.7221533, 67.4347,346.3644, 51.2105,168.5976
13170.96980655,26378.251478,0.7221387, 67.4322,346.3029, 51.1931,172.3416
13171.46844101,26378.114777,0.7221255, 67.4304,346.2419, 51.1750,176.1032
13172.46568661,26377.873141,0.7221049, 67.4275,346.1211, 51.1373,183.6162
13172.96431039,26377.774260,0.7220995, 67.4265,346.0613, 51.1179,187.3769
13172.96431206,26377.774256,0.7220995, 67.4265,346.0613, 51.1179,187.3781
13173.96156811,26377.494968,0.7221032, 67.4252,345.9426, 51.0781,194.9128
13174.95882874,26377.207472,0.7221275, 67.4244,345.8248, 51.0376,202.4604
13176.45473129,26376.725457,0.7222021, 67.4227,345.6484, 50.9776,213.8070
13176.95336019,26376.619894,0.7222342, 67.4217,345.5893, 50.9583,217.5894
13179.44656656,26375.816210,0.7224182, 67.4122,345.2889, 50.8682,236.5787
13179.94521536,26375.733696,0.7224494, 67.4091,345.2272, 50.8519,240.3881
13181.44119632,26375.300562,0.7225111, 67.3983,345.0398, 50.8047,251.8551
13181.93986135,26375.243255,0.7225165, 67.3941,344.9764, 50.7897,255.6849
13182.93720883,26375.018512,0.7225039, 67.3859,344.8490, 50.7588,263.3651
13183.93456511,26374.794417,0.7224626, 67.3784,344.7217, 50.7264,271.0617
13184.93193378,26374.542851,0.7224037, 67.3724,344.5954, 50.6913,278.7771
13186.42799477,26374.053031,0.7223201, 67.3666,344.4096, 50.6320,290.3715
13187.42537883,26373.685439,0.7222922, 67.3646,344.2883, 50.5898,298.1133
13188.42276242,26373.202267,0.7222980, 67.3632,344.1683, 50.5466,305.8538
13189.42014475,26372.578763,0.7223367, 67.3614,344.0485, 50.5041,313.5880
13189.91884138,26372.143158,0.7223648, 67.3602,343.9883, 50.4842,317.4565
13190.91623728,26371.127896,0.7224272, 67.3562,343.8665, 50.4450,325.1879
13192.41235848,26369.783964,0.7224972, 67.3467,343.6789, 50.3884,336.7857
13192.91106744,26370.546873,0.7225136, 67.3434,343.6148, 50.3684,340.6508
13194.40723372,26413.202541,0.7229453, 67.3337,343.4204, 50.2927,352.2772
13195.40467457,26337.210811,0.7222026, 67.3157,343.2863, 50.3143,359.9764
13195.90340254,26280.994267,0.7216350, 67.3051,343.2074, 50.2383,  3.8680
13196.90087276,26362.977873,0.7225099, 67.3009,343.0625, 50.1981, 11.5847
13198.39711243,26382.082323,0.7225506, 67.2959,342.8715, 50.1721, 23.1721
13198.89584114,26381.922441,0.7225113, 67.2939,342.8099, 50.1553, 27.0232
13199.89334251,26381.004708,0.7224475, 67.2908,342.6883, 50.1174, 34.7523
13201.38959671,26380.109773,0.7224043, 67.2875,342.5089, 50.0566, 46.3297
13201.88834529,26379.946203,0.7224044, 67.2866,342.4498, 50.0362, 50.1811
13202.88585780,26379.775816,0.7224210, 67.2847,342.3316, 49.9955, 57.8859
13203.88336779,26379.717989,0.7224571, 67.2824,342.2135, 49.9559, 65.5760
13204.88088923,26379.729857,0.7225061, 67.2793,342.0948, 49.9179, 73.2623
13206.37720038,26379.816599,0.7225855, 67.2722,341.9144, 49.8648, 84.7920
13206.87595039,26379.784585,0.7226094, 67.2693,341.8536, 49.8479, 88.6152
13207.87351275,26379.828540,0.7226444, 67.2625,341.7305, 49.8158, 96.3010
13208.87109045,26379.847347,0.7226556, 67.2547,341.6058, 49.7849,103.9912
13209.86868269,26379.862434,0.7226370, 67.2466,341.4800, 49.7543,111.6874
13210.86629143,26379.853925,0.7225886, 67.2390,341.3539, 49.7226,119.3938
13211.86390978,26379.858117,0.7225186, 67.2328,341.2285, 49.6885,127.1072
13212.86153434,26379.842554,0.7224431, 67.2286,341.1049, 49.6512,134.8268
13213.85916618,26379.841573,0.7223824, 67.2265,340.9838, 49.6106,142.5533
13214.85680075,26379.857365,0.7223540, 67.2260,340.8649, 49.5678,150.2828
13214.85681026,26379.857329,0.7223541, 67.2260,340.8649, 49.5678,150.2897
13215.85443718,26379.871377,0.7223657, 67.2259,340.7474, 49.5244,158.0117
13217.35089692,26379.843781,0.7224462, 67.2243,340.5709, 49.4622,169.6048
13217.84972966,26379.848208,0.7224821, 67.2228,340.5114, 49.4428,173.4775
13218.84739526,26379.793751,0.7225529, 67.2185,340.3908, 49.4064,181.2223
13219.84507446,26379.687198,0.7226083, 67.2125,340.2680, 49.3728,188.9788
13220.84277398,26379.523107,0.7226364, 67.2056,340.1435, 49.3408,196.7551
13221.84048877,26379.297643,0.7226333, 67.1987,340.0179, 49.3092,204.5512
13223.33708310,26378.858526,0.7225796, 67.1901,339.8298, 49.2593,216.2838
13223.83593184,26378.740158,0.7225523, 67.1879,339.7675, 49.2418,220.1895
13224.83367689,26378.428061,0.7224943, 67.1849,339.6441, 49.2048,228.0460
13226.33029005,26377.864049,0.7224171, 67.1837,339.4624, 49.1446,239.8529
13227.32803530,26377.525916,0.7223842, 67.1845,339.3432, 49.1021,247.7417
13228.32578967,26377.191860,0.7223723, 67.1860,339.2253, 49.0585,255.6467
13229.32356407,26376.835327,0.7223824, 67.1876,339.1080, 49.0148,263.5746
13230.32134496,26376.481891,0.7224126, 67.1889,338.9908, 48.9715,271.5142
13232.31692885,26375.707591,0.7225111, 67.1887,338.7544, 48.8890,287.4247
13232.81582066,26375.544815,0.7225382, 67.1877,338.6944, 48.8699,291.4015
13233.81363926,26375.043055,0.7225884, 67.1851,338.5735, 48.8323,299.3842
13235.31039243,26374.034433,0.7226346, 67.1789,338.3889, 48.7784,311.3825
13236.30822306,26373.109702,0.7226320, 67.1735,338.2636, 48.7441,319.3811
13237.30609676,26371.846328,0.7225930, 67.1681,338.1371, 48.7093,327.4144
13238.30398342,26370.516640,0.7225147, 67.1635,338.0099, 48.6711,335.4614
13239.30188182,26373.105592,0.7224349, 67.1615,337.8827, 48.6223,343.5249
13239.80083276,26382.509180,0.7224718, 67.1622,337.8196, 48.5905,347.5651
13241.29769558,26353.529697,0.7221594, 67.1564,337.6329, 48.5649,359.6549
13243.29352387,26377.056904,0.7225330, 67.1572,337.3619, 48.4167, 15.7732
13243.79247363,26381.399062,0.7225930, 67.1583,337.3026, 48.4020, 19.7835
13244.79040571,26382.096369,0.7226714, 67.1581,337.1843, 48.3647, 27.8222
13245.28937660,26381.595848,0.7227138, 67.1570,337.1246, 48.3452, 31.8398
13245.78835383,26381.252051,0.7227599, 67.1547,337.0645, 48.3261, 35.8594
13246.78631654,26380.605628,0.7228443, 67.1488,336.9424, 48.2898, 43.8926
13248.78229760,26380.040309,0.7229385, 67.1340,336.6936, 48.2219, 59.9648
13249.78028694,26380.006281,0.7229440, 67.1272,336.5687, 48.1877, 67.9858
13250.77830169,26380.047577,0.7229307, 67.1218,336.4448, 48.1520, 76.0170
13251.27730197,26380.099698,0.7229199, 67.1197,336.3834, 48.1333, 80.0244
13251.77630967,26380.138607,0.7229098, 67.1182,336.3225, 48.1142, 84.0353
13253.27339023,26380.296619,0.7228869, 67.1158,336.1425, 48.0541, 96.1004
13253.77242009,26380.312038,0.7228869, 67.1159,336.0834, 48.0332,100.1210
13254.77047970,26380.428920,0.7229009, 67.1166,335.9664, 47.9906,108.1571
13256.26758543,26380.653136,0.7229623, 67.1183,335.7926, 47.9262,120.2092
13257.76469759,26380.761813,0.7230689, 67.1196,335.6195, 47.8630,132.2475
13258.26373625,26380.825854,0.7231110, 67.1195,335.5615, 47.8429,136.2578
13259.76088820,26380.843195,0.7232479, 67.1178,335.3860, 47.7845,148.3064
13260.75900132,26380.885723,0.7233363, 67.1150,335.2674, 47.7480,156.3417
13260.75900756,26380.885693,0.7233363, 67.1150,335.2674, 47.7480,156.3462
13262.25622018,26380.917543,0.7234454, 67.1088,335.0866, 47.6966,168.4148
13263.25439040,26380.918388,0.7234938, 67.1037,334.9643, 47.6634,176.4841
13264.25256583,26380.870957,0.7235184, 67.0984,334.8412, 47.6304,184.5568
13264.75167418,26380.853400,0.7235221, 67.0958,334.7794, 47.6136,188.6089
13266.24899225,26380.692188,0.7235062, 67.0900,334.5949, 47.5608,200.7661
13267.24721471,26380.533458,0.7234883, 67.0883,334.4735, 47.5225,208.8855
13268.24544539,26380.328817,0.7234844, 67.0885,334.3539, 47.4812,217.0179
13268.74456407,26380.215915,0.7234933, 67.0892,334.2949, 47.4596,221.0893
13269.74280189,26379.931135,0.7235424, 67.0913,334.1780, 47.4154,229.2379
13271.73930550,26379.363845,0.7237632, 67.0934,333.9445, 47.3296,245.5693
13272.73758340,26379.087394,0.7239029, 67.0910,333.8250, 47.2913,253.7594
13273.73587657,26378.789545,0.7240294, 67.0860,333.7027, 47.2565,261.9665
13274.73419294,26378.464388,0.7241248, 67.0795,333.5781, 47.2239,270.2003
13275.73252159,26378.112050,0.7241834, 67.0726,333.4521, 47.1920,278.4550
13276.73087103,26377.690401,0.7242098, 67.0665,333.3259, 47.1593,286.7386
13277.72923668,26377.177450,0.7242146, 67.0620,333.2005, 47.1248,295.0482
13278.72761262,26376.527653,0.7242099, 67.0592,333.0764, 47.0881,303.3790
13279.72600888,26375.657760,0.7242056, 67.0582,332.9538, 47.0493,311.7362
13280.72439994,26374.455146,0.7242075, 67.0586,332.8324, 47.0089,320.0993
13281.22360543,26373.571171,0.7242113, 67.0593,332.7721, 46.9878,324.2921
13282.22201972,26371.644794,0.7242214, 67.0612,332.6516, 46.9447,332.6853
13282.72123341,26370.909754,0.7242283, 67.0623,332.5910, 46.9220,336.8890
13284.21888063,26390.723690,0.7244682, 67.0688,332.4086, 46.8297,349.5302
13285.21732789,26408.380748,0.7248164, 67.0675,332.2878, 46.8273,357.9506
13286.71502240,26353.590493,0.7245269, 67.0562,332.0712, 46.7028, 10.6255
13287.71350464,26379.861935,0.7248523, 67.0563,331.9443, 46.6937, 19.0551
13288.71201030,26381.157439,0.7249269, 67.0522,331.8198, 46.6662, 27.5152
13289.71053598,26380.302673,0.7249817, 67.0460,331.6946, 46.6341, 35.9884
13290.70908257,26379.636277,0.7250248, 67.0388,331.5683, 46.6014, 44.4716
13291.70764418,26379.292984,0.7250516, 67.0313,331.4414, 46.5684, 52.9598
13292.70623386,26379.146365,0.7250623, 67.0244,331.3147, 46.5345, 61.4615
13293.70483194,26379.145587,0.7250634, 67.0186,331.1887, 46.4990, 69.9627
13294.70343994,26379.275108,0.7250670, 67.0144,331.0643, 46.4613, 78.4633
13295.70205287,26379.476291,0.7250879, 67.0119,330.9416, 46.4215, 86.9579
13296.70067443,26379.729519,0.7251406, 67.0105,330.8206, 46.3803, 95.4475
13297.69930645,26380.008328,0.7252333, 67.0092,330.7006, 46.3391,103.9309
13298.69794512,26380.279530,0.7253630, 67.0065,330.5803, 46.2997,112.4035
13299.69660285,26380.509804,0.7255131, 67.0014,330.4582, 46.2637,120.8736
13300.69528052,26380.696345,0.7256590, 66.9934,330.3335, 46.2315,129.3431
13301.69398006,26380.822156,0.7257779, 66.9832,330.2061, 46.2025,137.8162
13302.69268900,26380.916435,0.7258579, 66.9722,330.0769, 46.1749,146.2875
13303.69142329,26380.985986,0.7259004, 66.9619,329.9473, 46.1469,154.7714
13304.69016822,26381.049256,0.7259164, 66.9532,329.8185, 46.1172,163.2590
13305.68892900,26381.114377,0.7259203, 66.9466,329.6913, 46.0851,171.7544
13306.68770570,26381.174270,0.7259256, 66.9421,329.5660, 46.0508,180.2582
13307.68649176,26381.233294,0.7259421, 66.9391,329.4424, 46.0147,188.7647
13308.68528727,26381.311408,0.7259761, 66.9372,329.3203, 45.9776,197.2729
13309.68407922,26381.347069,0.7260292, 66.9356,329.1990, 45.9403,205.7732
13310.68288945,26381.370860,0.7261008, 66.9339,329.0780, 45.9035,214.2818
13311.68170209,26381.382703,0.7261871, 66.9315,328.9567, 45.8679,222.7873
13312.68051951,26381.396074,0.7262824, 66.9281,328.8345, 45.8339,231.2910
13313.67938111,26381.331528,0.7263794, 66.9234,328.7111, 45.8019,239.8237
13314.67823415,26381.237662,0.7264700, 66.9173,328.5862, 45.7718,248.3491
13315.67710342,26381.143524,0.7265466, 66.9100,328.4597, 45.7435,256.8862
13316.67598537,26381.035044,0.7266025, 66.9019,328.3318, 45.7163,265.4334
13317.67488374,26380.861608,0.7266338, 66.8934,328.2028, 45.6895,273.9954
13318.67380311,26380.610707,0.7266400, 66.8852,328.0732, 45.6624,282.5780
13319.67273585,26380.244067,0.7266250, 66.8780,327.9438, 45.6340,291.1782
13320.67168454,26379.720413,0.7265971, 66.8723,327.8153, 45.6035,299.7998
13321.67063509,26378.961104,0.7265673, 66.8685,327.6879, 45.5706,308.4335
13322.66959060,26377.846253,0.7265472, 66.8664,327.5620, 45.5354,317.0818
13323.66854743,26376.156961,0.7265446, 66.8656,327.4370, 45.4983,325.7409
13325.66646225,26373.923172,0.7266013, 66.8654,327.1854, 45.4134,343.0905
13326.66543004,26408.919427,0.7270140, 66.8663,327.0566, 45.3496,351.8053
13327.66440860,26339.317059,0.7264751, 66.8522,326.9229, 45.3693,  0.4939
13328.66339693,26342.301319,0.7267156, 66.8386,326.7636, 45.2615,  9.2396
13329.66239743,26380.431933,0.7271156, 66.8326,326.6244, 45.2645, 17.9532
13330.66141858,26382.584697,0.7271148, 66.8236,326.4901, 45.2453, 26.7140
13331.66044121,26381.501854,0.7270740, 66.8148,326.3572, 45.2170, 35.4926
13332.65947137,26380.524169,0.7270289, 66.8076,326.2258, 45.1846, 44.2883
13333.65850478,26379.856038,0.7269907, 66.8024,326.0963, 45.1495, 53.0952
13334.65753960,26379.422795,0.7269681, 66.7988,325.9686, 45.1123, 61.9092
13335.65657501,26379.170255,0.7269663, 66.7963,325.8424, 45.0741, 70.7264
13336.65560819,26379.041415,0.7269865, 66.7941,325.7172, 45.0356, 79.5413
13337.65463916,26378.988778,0.7270271, 66.7917,325.5923, 44.9978, 88.3519
13338.65366569,26379.012594,0.7270839, 66.7884,325.4672, 44.9611, 97.1541
13339.65269187,26379.091147,0.7271509, 66.7840,325.3414, 44.9261,105.9489
13340.65171972,26379.216805,0.7272211, 66.7781,325.2144, 44.8932,114.7362
13341.65074703,26379.383445,0.7272869, 66.7707,325.0861, 44.8624,123.5126
13342.64978113,26379.568626,0.7273404, 66.7620,324.9564, 44.8334,132.2831
13343.64882210,26379.762918,0.7273749, 66.7522,324.8253, 44.8059,141.0479
13344.64786903,26379.970387,0.7273858, 66.7419,324.6932, 44.7790,149.8064
13345.64692077,26380.147919,0.7273725, 66.7319,324.5607, 44.7521,158.5594
13346.64597444,26380.323799,0.7273392, 66.7228,324.4286, 44.7239,167.3061
13347.64502514,26380.514113,0.7272948, 66.7153,324.2975, 44.6938,176.0427
13348.64407319,26380.682439,0.7272524, 66.7097,324.1681, 44.6613,184.7698
13349.64310933,26380.834617,0.7272258, 66.7059,324.0406, 44.6266,193.4806
13350.64213596,26380.990201,0.7272273, 66.7032,323.9147, 44.5904,202.1757
13351.64115032,26381.144608,0.7272623, 66.7007,323.7898, 44.5539,210.8514
13352.64015703,26381.289052,0.7273275, 66.6971,323.6647, 44.5187,219.5104
13353.63915820,26381.422922,0.7274105, 66.6915,323.5385, 44.4858,228.1543
13354.63815724,26381.532690,0.7274928, 66.6834,323.4101, 44.4559,236.7872
13355.13766824,26381.646378,0.7275272, 66.6784,323.3450, 44.4421,241.1090
13355.63715517,26381.659204,0.7275556, 66.6732,323.2794, 44.4286,245.4119
13356.63615158,26381.755525,0.7275854, 66.6619,323.1469, 44.4029,254.0305
13357.63514864,26381.807109,0.7275792, 66.6508,323.0137, 44.3773,262.6475
13358.63414087,26381.820915,0.7275439, 66.6412,322.8808, 44.3502,271.2604
13359.63312708,26381.720531,0.7274923, 66.6339,322.7494, 44.3210,279.8699
13360.63210539,26381.546181,0.7274388, 66.6289,322.6198, 44.2894,288.4741
13361.63107271,26381.251770,0.7273953, 66.6259,322.4921, 44.2559,297.0694
13362.13054163,26381.061463,0.7273792, 66.6250,322.4289, 44.2389,301.3551
13362.63001847,26380.783287,0.7273679, 66.6243,322.3659, 44.2213,305.6460
13363.62895566,26379.999613,0.7273571, 66.6234,322.2406, 44.1866,314.2134
13364.62788189,26378.719706,0.7273573, 66.6227,322.1154, 44.1523,322.7697
13365.62678768,26376.732244,0.7273570, 66.6217,321.9894, 44.1185,331.3087
13366.62568114,26374.782311,0.7273451, 66.6206,321.8618, 44.0820,339.8398
13367.62456478,26386.733341,0.7274422, 66.6209,321.7318, 44.0296,348.3779
13368.62344256,26439.907586,0.7280661, 66.6191,321.6030, 44.0141,356.9084
13369.62231306,26298.421746,0.7267265, 66.5998,321.4503, 43.9372,  5.4519
13370.62116845,26374.753302,0.7275548, 66.5982,321.3053, 43.9233, 13.9452
13371.62002368,26385.246176,0.7276031, 66.5943,321.1723, 43.9130, 22.4595
13372.11944613,26385.389893,0.7275765, 66.5915,321.1065, 43.9016, 26.7217
13373.61771171,26383.791488,0.7274739, 66.5832,320.9102, 43.8585, 39.5282
13374.61653910,26382.876479,0.7273999, 66.5790,320.7803, 43.8257, 48.0714
13375.11594997,26382.544550,0.7273638, 66.5775,320.7158, 43.8082, 52.3465
13376.61414747,26381.668716,0.7272833, 66.5763,320.5253, 43.7515, 65.1646
13377.61292055,26381.245819,0.7272658, 66.5771,320.4003, 43.7113, 73.7058
13378.11229936,26381.122624,0.7272706, 66.5775,320.3381, 43.6910, 77.9745
13379.61040922,26380.568563,0.7273394, 66.5780,320.1521, 43.6310, 90.7707
13380.60912988,26380.240327,0.7274136, 66.5758,320.0265, 43.5936, 99.2952
13381.60783705,26379.949847,0.7274901, 66.5709,319.8989, 43.5590,107.8157
13382.60653540,26379.675898,0.7275502, 66.5638,319.7690, 43.5270,116.3351
13383.10588241,26379.597278,0.7275697, 66.5595,319.7031, 43.5121,120.5957
13383.60522040,26379.412695,0.7275813, 66.5554,319.6371, 43.4964,124.8513
13384.60390141,26379.205170,0.7275806, 66.5470,319.5044, 43.4659,133.3715
13385.60257273,26379.041071,0.7275534, 66.5397,319.3718, 43.4342,141.8912
13386.10189991,26378.998098,0.7275334, 66.5367,319.3059, 43.4183,146.1468
13387.59987501,26378.929197,0.7274694, 66.5310,319.1108, 43.3645,158.9131
13388.59849206,26378.976603,0.7274383, 66.5296,318.9831, 43.3266,167.3993
13389.59709155,26379.097027,0.7274265, 66.5293,318.8570, 43.2876,175.8681
13390.09638199,26379.120927,0.7274285, 66.5297,318.7944, 43.2684,180.0929
13390.59567335,26379.276349,0.7274374, 66.5296,318.7320, 43.2482,184.3161
13391.59423388,26379.488034,0.7274695, 66.5297,318.6077, 43.2095,192.7379
13392.09350341,26379.528109,0.7274915, 66.5298,318.5455, 43.1909,196.9366
13393.09203738,26379.779738,0.7275468, 66.5286,318.4209, 43.1541,205.3201
13394.09055731,26380.059408,0.7276095, 66.5263,318.2956, 43.1191,213.6791
13395.08904840,26380.352002,0.7276724, 66.5225,318.1692, 43.0860,222.0029
13396.08754112,26380.627820,0.7277282, 66.5175,318.0417, 43.0548,230.3139
13397.08600235,26380.901249,0.7277712, 66.5115,317.9131, 43.0249,238.5889
13397.58523895,26381.078458,0.7277872, 66.5080,317.8485, 43.0105,242.7262
13398.58370235,26381.305380,0.7278022, 66.5012,317.7185, 42.9819,250.9861
13399.58214062,26381.501983,0.7277963, 66.4945,317.5882, 42.9531,259.2187
13400.08136137,26381.589835,0.7277855, 66.4914,317.5230, 42.9383,263.3330
13401.07979163,26381.737691,0.7277543, 66.4862,317.3933, 42.9078,271.5484
13402.07819656,26381.811686,0.7277164, 66.4827,317.2647, 42.8752,279.7398
13403.57577599,26381.692787,0.7276773, 66.4813,317.0751, 42.8218,291.9970
13404.57412638,26381.445998,0.7276831, 66.4823,316.9509, 42.7838,300.1343
13405.57245913,26381.029284,0.7277243, 66.4837,316.8275, 42.7454,308.2498
13406.57077224,26380.266394,0.7277956, 66.4841,316.7039, 42.7081,316.3401
13407.06992073,26379.756785,0.7278374, 66.4834,316.6416, 42.6907,320.3747
13408.06821067,26378.112724,0.7279172, 66.4805,316.5151, 42.6574,328.4330
13409.06648674,26375.897998,0.7279669, 66.4754,316.3855, 42.6251,336.4745
13410.06475175,26376.864952,0.7279919, 66.4700,316.2525, 42.5859,344.5081
13411.06300154,26417.945019,0.7283909, 66.4674,316.1181, 42.5277,352.5493
13411.56213502,26446.481755,0.7287340, 66.4640,316.0525, 42.5355,356.5607
13412.56035259,26293.953102,0.7272310, 66.4434,315.9013, 42.4765,  4.5698
13413.05946870,26337.530608,0.7277355, 66.4419,315.8242, 42.4422,  8.5726
13415.05588812,26387.457273,0.7281352, 66.4444,315.5597, 42.4141, 24.5226
13416.55315500,26386.739353,0.7281078, 66.4471,315.3728, 42.3619, 36.4767
13417.55129849,26385.997483,0.7281254, 66.4495,315.2498, 42.3243, 44.4230
13418.54941997,26385.390569,0.7281694, 66.4519,315.1273, 42.2866, 52.3549
13419.54752737,26384.883212,0.7282336, 66.4537,315.0047, 42.2499, 60.2794
13420.04656634,26384.677783,0.7282708, 66.4541,314.9431, 42.2320, 64.2326
13421.54367818,26384.056049,0.7283929, 66.4539,314.7573, 42.1802, 76.0943
13422.54173615,26383.730689,0.7284729, 66.4521,314.6318, 42.1474, 83.9963
13423.04076039,26383.578084,0.7285093, 66.4507,314.5686, 42.1316, 87.9465
13424.03880350,26383.183187,0.7285731, 66.4471,314.4412, 42.1007, 95.8496
13426.03484999,26382.415578,0.7286500, 66.4382,314.1834, 42.0399,111.6614
13427.03286027,26382.066614,0.7286613, 66.4339,314.0537, 42.0088,119.5765
13427.53186021,26381.826313,0.7286616, 66.4321,313.9889, 41.9928,123.5349
13428.52985277,26381.465602,0.7286537, 66.4293,313.8596, 41.9595,131.4574
13429.52782969,26381.143899,0.7286444, 66.4280,313.7312, 41.9239,139.3819
13430.52578813,26380.840888,0.7286466, 66.4285,313.6043, 41.8860,147.3054
13431.52372460,26380.598669,0.7286746, 66.4303,313.4788, 41.8460,155.2232
13432.52163717,26380.396988,0.7287388, 66.4325,313.3544, 41.8051,163.1309
13433.51953173,26380.248228,0.7288406, 66.4336,313.2300, 41.7649,171.0300
13434.51740804,26380.146580,0.7289684, 66.4322,313.1044, 41.7270,178.9178
13435.01634587,26380.158299,0.7290356, 66.4302,313.0407, 41.7098,182.8616
13436.01420507,26380.070817,0.7291625, 66.4241,312.9115, 41.6766,190.7379
13437.01205623,26380.046636,0.7292635, 66.4158,312.7800, 41.6459,198.6095
13438.00990173,26380.052669,0.7293304, 66.4067,312.6469, 41.6161,206.4774
13439.00774824,26380.101797,0.7293663, 66.3984,312.5136, 41.5860,214.3452
13439.00775122,26380.101787,0.7293663, 66.3984,312.5136, 41.5860,214.3474
13440.00557923,26380.150918,0.7293823, 66.3919,312.3811, 41.5544,222.2007
13441.50230211,26380.393164,0.7294003, 66.3858,312.1851, 41.5032,233.9570
13442.00119963,26380.397431,0.7294094, 66.3850,312.1206, 41.4860,237.8648
13442.99898729,26380.608608,0.7294417, 66.3840,311.9928, 41.4498,245.6651
13443.99674246,26380.796765,0.7294934, 66.3838,311.8662, 41.4135,253.4288
13444.99449177,26380.982148,0.7295655, 66.3837,311.7402, 41.3776,261.1744
13445.99223390,26381.159211,0.7296548, 66.3830,311.6144, 41.3428,268.8996
13446.49108425,26381.302214,0.7297053, 66.3821,311.5513, 41.3261,272.7411
13447.48878435,26381.415022,0.7298100, 66.3797,311.4247, 41.2938,280.4130
13447.98763455,26381.402879,0.7298624, 66.3783,311.3610, 41.2783,284.2442
13448.98532446,26381.426389,0.7299665, 66.3738,311.2327, 41.2490,291.8882
13449.98300011,26381.353700,0.7300614, 66.3681,311.1033, 41.2214,299.5096
13450.98067004,26381.118242,0.7301405, 66.3613,310.9726, 41.1952,307.1158
13451.97833292,26380.613887,0.7301983, 66.3538,310.8408, 41.1700,314.7076
13452.97599077,26379.688404,0.7302301, 66.3462,310.7082, 41.1451,322.2877
13453.97364044,26378.085930,0.7302307, 66.3391,310.5748, 41.1195,329.8555
13455.47009113,26375.022524,0.7301684, 66.3316,310.3738, 41.0736,341.1845
13455.96890380,26376.663382,0.7301538, 66.3305,310.3064, 41.0519,344.9593
13456.96651747,26416.328739,0.7305016, 66.3324,310.1727, 40.9904,352.5161
13457.96411631,26376.889455,0.7301815, 66.3254,310.0406, 41.0148,  0.0168
13458.96169688,26324.852541,0.7298045, 66.3168,309.8867, 40.8960,  7.5533
13459.95925815,26379.134883,0.7304277, 66.3210,309.7505, 40.8846, 15.0113
13460.95680639,26387.644171,0.7305832, 66.3220,309.6221, 40.8641, 22.4693
13461.95433838,26388.099229,0.7307000, 66.3190,309.4939, 40.8358, 29.9159
13463.45063033,26387.253764,0.7308749, 66.3075,309.2974, 40.7943, 41.0731
13463.94938717,26386.982516,0.7309236, 66.3022,309.2306, 40.7812, 44.7852
13464.94690127,26386.524874,0.7309942, 66.2908,309.0957, 40.7562, 52.2095
13466.44316483,26386.010132,0.7310365, 66.2753,308.8927, 40.7181, 63.3454
13467.44066067,26385.759401,0.7310397, 66.2678,308.7585, 40.6904, 70.7652
13468.43815255,26385.543739,0.7310407, 66.2629,308.6261, 40.6607, 78.1867
13469.43562934,26385.334325,0.7310520, 66.2603,308.4955, 40.6292, 85.6017
13469.93436039,26385.248500,0.7310636, 66.2596,308.4307, 40.6131, 89.3059
13470.93181704,26385.033491,0.7311021, 66.2590,308.3022, 40.5803, 96.7138
13472.42796964,26384.673116,0.7311961, 66.2585,308.1104, 40.5311,107.8124
13473.42538854,26384.400892,0.7312770, 66.2574,307.9823, 40.4993,115.2075
13474.42279015,26384.167791,0.7313666, 66.2551,307.8535, 40.4685,122.5970
13475.42018413,26383.884895,0.7314576, 66.2513,307.7236, 40.4392,129.9876
13476.41756607,26383.581061,0.7315433, 66.2462,307.5924, 40.4112,137.3784
13477.41494461,26383.256382,0.7316176, 66.2397,307.4598, 40.3843,144.7768
13477.91363103,26383.142757,0.7316484, 66.2359,307.3929, 40.3713,148.4783
13479.40968614,26382.623998,0.7317159, 66.2242,307.1912, 40.3323,159.5961
13480.40706151,26382.321945,0.7317371, 66.2162,307.0558, 40.3062,167.0267
13481.40442149,26382.015006,0.7317421, 66.2088,306.9203, 40.2791,174.4583
13482.40177361,26381.752331,0.7317365, 66.2025,306.7851, 40.2506,181.8959
13483.39911605,26381.502466,0.7317281, 66.1976,306.6508, 40.2204,189.3368
13484.39644461,26381.281506,0.7317269, 66.1942,306.5175, 40.1883,196.7769
13485.39376014,26381.110070,0.7317435, 66.1920,306.3853, 40.1546,204.2138
13486.39105593,26380.967399,0.7317870, 66.1904,306.2541, 40.1199,211.6404
13487.38833545,26380.881144,0.7318617, 66.1883,306.1231, 40.0853,219.0555
13487.88696999,26380.881700,0.7319098, 66.1866,306.0574, 40.0691,222.7584
13489.38285659,26380.912820,0.7320806, 66.1772,305.8580, 40.0213,233.8476
13489.88149012,26380.921563,0.7321373, 66.1725,305.7904, 40.0078,237.5447
13491.37736263,26381.178447,0.7322747, 66.1538,305.5838, 39.9687,248.6064
13492.37461206,26381.407072,0.7323215, 66.1399,305.4439, 39.9448,255.9742
13492.87323522,26381.441368,0.7323304, 66.1336,305.3738, 39.9332,259.6548
13494.36909834,26381.832843,0.7323245, 66.1168,305.1648, 39.8948,270.6792
13495.36632776,26381.979451,0.7323107, 66.1092,305.0276, 39.8673,278.0089
13496.36354669,26382.084157,0.7323064, 66.1041,304.8924, 39.8382,285.3193
13497.36075186,26382.107193,0.7323192, 66.1006,304.7588, 39.8083,292.6067
13498.35794753,26381.998408,0.7323508, 66.0977,304.6262, 39.7786,299.8733
13499.35512740,26381.739318,0.7323983, 66.0948,304.4940, 39.7497,307.1146
13499.85371147,26381.497253,0.7324254, 66.0932,304.4277, 39.7355,310.7261
13501.34945167,26380.324657,0.7325137, 66.0864,304.2282, 39.6962,321.5318
13502.34659898,26378.788078,0.7325610, 66.0805,304.0937, 39.6719,328.7123
13503.84229879,26375.195714,0.7325812, 66.0699,303.8883, 39.6348,339.4510
13504.34086497,26374.821667,0.7325767, 66.0666,303.8188, 39.6195,343.0290
13505.33798743,26392.813626,0.7327209, 66.0615,303.6780, 39.5725,350.1865
13506.33511191,26450.331596,0.7333533, 66.0545,303.5395, 39.5682,357.3302
13507.33223183,26294.949810,0.7318413, 66.0306,303.3822, 39.5146,  4.4791
13508.32934720,26364.060885,0.7325942, 66.0242,303.2269, 39.4799, 11.5961
13508.32935539,26364.099543,0.7325945, 66.0243,303.2269, 39.4799, 11.6020
13509.32645441,26385.684092,0.7327369, 66.0202,303.0862, 39.4768, 18.6997
13510.32355859,26388.541067,0.7326978, 66.0159,302.9499, 39.4577, 25.8135
13511.32064712,26388.409202,0.7326502, 66.0125,302.8156, 39.4312, 32.9196
13512.31772131,26387.931200,0.7326235, 66.0103,302.6828, 39.4014, 40.0153
13512.81625562,26387.685563,0.7326211, 66.0096,302.6168, 39.3856, 43.5604
13514.31182672,26387.205796,0.7326600, 66.0073,302.4198, 39.3383, 54.1690
13514.81034582,26387.063590,0.7326881, 66.0061,302.3541, 39.3226, 57.7001
13516.30588169,26386.742747,0.7328007, 65.9993,302.1555, 39.2789, 68.2721
13516.80439416,26386.637362,0.7328416, 65.9956,302.0882, 39.2654, 71.7950
13518.29991562,26386.272298,0.7329410, 65.9808,301.8834, 39.2288, 82.3518
13519.29692729,26386.000757,0.7329702, 65.9691,301.7445, 39.2062, 89.3914
13520.29394226,26385.725971,0.7329649, 65.9580,301.6048, 39.1834, 96.4400
13520.79244707,26385.609273,0.7329513, 65.9531,301.5350, 39.1716, 99.9657
13522.28795012,26385.214343,0.7328921, 65.9432,301.3282, 39.1322,110.5481
13522.78644950,26385.105905,0.7328725, 65.9414,301.2601, 39.1179,114.0792
13523.78343336,26384.865941,0.7328450, 65.9397,301.1257, 39.0878,121.1373
13525.27887702,26384.474074,0.7328436, 65.9399,300.9269, 39.0405,131.7172
13525.77735439,26384.367592,0.7328531, 65.9401,300.8610, 39.0246,135.2452
13526.77429118,26384.161096,0.7328868, 65.9401,300.7293, 38.9932,142.2941
13527.77121783,26383.893630,0.7329321, 65.9392,300.5973, 38.9629,149.3425
13528.76813450,26383.674541,0.7329827, 65.9369,300.4645, 38.9336,156.3921
13529.76504377,26383.407671,0.7330310, 65.9331,300.3306, 38.9057,163.4439
13530.76194563,26383.149555,0.7330713, 65.9281,300.1955, 38.8789,170.4998
13532.25728877,26382.680166,0.7331070, 65.9188,299.9911, 38.8398,181.0959
13532.75572870,26382.620953,0.7331102, 65.9151,299.9223, 38.8273,184.6275
13533.75261812,26382.379441,0.7331044, 65.9082,299.7846, 38.8016,191.7057
13534.74950371,26382.155015,0.7330826, 65.9017,299.6467, 38.7753,198.7914
13535.74638406,26381.954116,0.7330487, 65.8962,299.5090, 38.7477,205.8827
13536.74325751,26381.774558,0.7330094, 65.8921,299.3721, 38.7186,212.9774
13538.73696874,26381.532861,0.7329520, 65.8889,299.1017, 38.6548,227.1562
13539.73380466,26381.469322,0.7329528, 65.8891,298.9683, 38.6209,234.2334
13540.73062422,26381.446936,0.7329815, 65.8894,298.8356, 38.5866,241.2959
13541.72743033,26381.487683,0.7330376, 65.8888,298.7030, 38.5529,248.3422
13542.72422119,26381.576983,0.7331135, 65.8861,298.5695, 38.5209,255.3683
13543.72101184,26381.756920,0.7331963, 65.8807,298.4345, 38.4911,262.3827
13544.71778666,26381.940159,0.7332698, 65.8727,298.2977, 38.4639,269.3743
13545.71455944,26382.146141,0.7333203, 65.8628,298.1591, 38.4386,276.3542
13546.71132562,26382.344557,0.7333408, 65.8524,298.0194, 38.4142,283.3200
13547.70809607,26382.513711,0.7333338, 65.8431,297.8797, 38.3894,290.2799
13548.70485524,26382.577612,0.7333089, 65.8363,297.7410, 38.3633,297.2225
13550.69835628,26382.179864,0.7332618, 65.8309,297.4689, 38.3065,311.0661
13551.69508083,26381.541325,0.7332596, 65.8314,297.3353, 38.2766,317.9530
13552.69179846,26380.399985,0.7332734, 65.8326,297.2026, 38.2467,324.8232
13553.68849958,26378.511863,0.7332943, 65.8338,297.0698, 38.2172,331.6697
13554.68517970,26375.802521,0.7333076, 65.8345,296.9360, 38.1872,338.4914
13555.68185114,26375.681531,0.7333246, 65.8353,296.8002, 38.1503,345.3029
13557.67517339,26426.442035,0.7339536, 65.8326,296.5273, 38.1163,358.8960
13558.67182449,26303.428341,0.7328391, 65.8152,296.3692, 38.0257,  5.7045
13559.66846571,26368.572605,0.7335719, 65.8128,296.2190, 38.0061, 12.4541
13560.66510230,26385.987174,0.7337203, 65.8101,296.0796, 38.0003, 19.2013
13561.66173752,26388.625074,0.7337155, 65.8062,295.9428, 37.9819, 25.9576
13562.65836503,26388.609771,0.7336854, 65.8025,295.8069, 37.9576, 32.7117
13563.65498455,26388.198950,0.7336525, 65.8000,295.6719, 37.9301, 39.4617
13564.65159272,26387.815747,0.7336259, 65.7991,295.5381, 37.9004, 46.2047
13565.64818212,26387.521453,0.7336143, 65.7999,295.4055, 37.8689, 52.9346
13566.64476255,26387.297399,0.7336263, 65.8021,295.2742, 37.8361, 59.6578
13567.64132640,26387.125799,0.7336680, 65.8048,295.1437, 37.8027, 66.3680
13568.63787338,26386.945794,0.7337392, 65.8069,295.0134, 37.7699, 73.0646
13569.63440709,26386.762897,0.7338330, 65.8072,294.8825, 37.7385, 79.7507
13570.63092976,26386.539600,0.7339353, 65.8049,294.7501, 37.7091, 86.4291
13571.62744586,26386.308229,0.7340300, 65.8001,294.6158, 37.6818, 93.1047
13572.62396510,26386.004711,0.7341029, 65.7935,294.4797, 37.6562, 99.7879
13573.62046284,26385.656911,0.7341474, 65.7865,294.3424, 37.6309,106.4644
13574.61695813,26385.300803,0.7341659, 65.7806,294.2049, 37.6050,113.1506
13575.61345291,26384.947554,0.7341676, 65.7769,294.0681, 37.5774,119.8493
13576.60993779,26384.610164,0.7341660, 65.7758,293.9327, 37.5476,126.5538
13577.60640959,26384.288012,0.7341740, 65.7772,293.7989, 37.5160,133.2611
13578.60286623,26383.989215,0.7342010, 65.7804,293.6666, 37.4831,139.9686
13579.59930688,26383.709242,0.7342511, 65.7843,293.5352, 37.4496,146.6744
13580.59572976,26383.440418,0.7343226, 65.7878,293.4042, 37.4164,153.3762
13581.59213934,26383.175332,0.7344100, 65.7902,293.2729, 37.3841,160.0767
13582.58853396,26382.918618,0.7345054, 65.7910,293.1407, 37.3532,166.7746
13583.58491880,26382.674865,0.7346010, 65.7900,293.0074, 37.3237,173.4734
13584.58129617,26382.433563,0.7346897, 65.7874,292.8729, 37.2955,180.1751
13585.57766468,26382.185460,0.7347666, 65.7835,292.7373, 37.2681,186.8793
13586.57402637,26381.956978,0.7348286, 65.7788,292.6007, 37.2413,193.5875
13587.57037099,26381.761665,0.7348750, 65.7738,292.4635, 37.2145,200.2918
13588.56671698,26381.625602,0.7349069, 65.7690,292.3260, 37.1872,207.0040
13589.56305431,26381.520102,0.7349277, 65.7649,292.1886, 37.1591,213.7148
13590.55937945,26381.453807,0.7349433, 65.7620,292.0516, 37.1298,220.4199
13591.55569358,26381.430682,0.7349611, 65.7605,291.9154, 37.0992,227.1178
13592.55199367,26381.452404,0.7349904, 65.7605,291.7803, 37.0671,233.8035
13593.54827481,26381.502787,0.7350401, 65.7615,291.6462, 37.0341,240.4705
13594.54453940,26381.605155,0.7351178, 65.7629,291.5128, 37.0008,247.1169
13595.54079065,26381.735400,0.7352248, 65.7634,291.3795, 36.9682,253.7423
13596.53702669,26381.904286,0.7353549, 65.7618,291.2454, 36.9373,260.3433
13597.53324532,26382.139061,0.7354940, 65.7571,291.1098, 36.9088,266.9166
13598.52944852,26382.368227,0.7356239, 65.7495,290.9723, 36.8828,273.4651
13599.52564701,26382.587884,0.7357294, 65.7397,290.8330, 36.8590,279.9989
13600.52183905,26382.786360,0.7358042, 65.7294,290.6927, 36.8360,286.5183
13601.51802633,26382.941803,0.7358511, 65.7203,290.5523, 36.8127,293.0254
13602.51420469,26382.947487,0.7358804, 65.7134,290.4128, 36.7884,299.5176
13603.51037252,26382.812973,0.7359049, 65.7093,290.2746, 36.7628,305.9937
13604.50652604,26382.446475,0.7359360, 65.7076,290.1380, 36.7359,312.4512
13605.50266392,26381.752676,0.7359803, 65.7076,290.0026, 36.7084,318.8879
13606.49878398,26380.547662,0.7360379, 65.7085,289.8679, 36.6809,325.3029
13607.49488415,26378.607412,0.7361026, 65.7092,289.7331, 36.6538,331.6948
13608.49096835,26375.746290,0.7361613, 65.7094,289.5972, 36.6264,338.0682
13609.48703630,26373.917717,0.7362132, 65.7091,289.4594, 36.5941,344.4270
13610.48309090,26392.885215,0.7364430, 65.7098,289.3193, 36.5440,350.7861
13611.47913402,26460.775277,0.7372505, 65.7084,289.1810, 36.5311,357.1262
13612.47516388,26299.163127,0.7357757, 65.6881,289.0283, 36.5047,  3.4512
13613.47118386,26348.028555,0.7364418, 65.6801,288.8689, 36.4445,  9.7680
13614.46719601,26380.843782,0.7367989, 65.6759,288.7233, 36.4447, 16.0528
13615.46319677,26387.492471,0.7368699, 65.6704,288.5823, 36.4334, 22.3424
13616.45918492,26388.423055,0.7368846, 65.6647,288.4425, 36.4142, 28.6294
13617.45516519,26388.209261,0.7368895, 65.6598,288.3035, 36.3914, 34.9144
13618.45113095,26387.837729,0.7368972, 65.6562,288.1654, 36.3663, 41.1913
13619.44708032,26387.519274,0.7369153, 65.6542,288.0283, 36.3396, 47.4573
13620.44301030,26387.219624,0.7369508, 65.6535,287.8921, 36.3117, 53.7105
13621.43892026,26386.973626,0.7370109, 65.6537,287.7567, 36.2831, 59.9507
13622.43481108,26386.732997,0.7370987, 65.6536,287.6216, 36.2546, 66.1785
13623.43068332,26386.470245,0.7372119, 65.6522,287.4860, 36.2269, 72.3952
13624.42653710,26386.173539,0.7373401, 65.6480,287.3492, 36.2009, 78.6023
13625.42238034,26385.785465,0.7374662, 65.6407,287.2102, 36.1769, 84.8081
13626.41821296,26385.371795,0.7375718, 65.6306,287.0691, 36.1547, 91.0169
13627.41403337,26384.941160,0.7376452, 65.6194,286.9263, 36.1332, 97.2299
13628.40984631,26384.524076,0.7376866, 65.6091,286.7830, 36.1111,103.4519
13629.40564365,26384.133183,0.7377063, 65.6011,286.6402, 36.0875,109.6777
13630.40143194,26383.786292,0.7377196, 65.5960,286.4987, 36.0619,115.9111
13631.39720599,26383.472793,0.7377406, 65.5936,286.3589, 36.0346,122.1466
13632.39296224,26383.198365,0.7377784, 65.5929,286.2203, 36.0062,128.3798
13633.38869914,26382.937269,0.7378361, 65.5929,286.0826, 35.9775,134.6081
13634.38441431,26382.691805,0.7379122, 65.5926,285.9451, 35.9492,140.8287
13635.38010995,26382.459682,0.7380016, 65.5910,285.8072, 35.9219,147.0425
13636.37578857,26382.240150,0.7380975, 65.5879,285.6685, 35.8958,153.2507
13637.37144277,26382.048659,0.7381926, 65.5828,285.5287, 35.8710,159.4476
13638.36709173,26381.871012,0.7382799, 65.5760,285.3876, 35.8475,165.6463
13639.36272918,26381.720583,0.7383542, 65.5677,285.2453, 35.8248,171.8419
13640.35833474,26381.612216,0.7384124, 65.5585,285.1020, 35.8026,178.0184
13641.35394249,26381.549882,0.7384534, 65.5488,284.9580, 35.7806,184.1994
13642.34953912,26381.518931,0.7384785, 65.5394,284.8137, 35.7583,190.3739
13643.34512831,26381.538561,0.7384915, 65.5307,284.6695, 35.7354,196.5430
13644.34070389,26381.625945,0.7384977, 65.5231,284.5258, 35.7116,202.6996
13645.33625094,26381.736855,0.7385037, 65.5170,284.3828, 35.6868,208.8305
13646.33178797,26381.907911,0.7385169, 65.5123,284.2407, 35.6612,214.9466
13647.32730379,26382.099408,0.7385443, 65.5088,284.0995, 35.6350,221.0375
13648.32279865,26382.317553,0.7385921, 65.5060,283.9590, 35.6085,227.1013
13649.81600390,26382.687635,0.7387089, 65.5007,283.7488, 35.5696,236.1463
13650.31372679,26382.703080,0.7387568, 65.4986,283.6785, 35.5572,239.1465
13651.30916526,26382.927847,0.7388643, 65.4919,283.5371, 35.5338,245.1312
13652.30458852,26383.167912,0.7389721, 65.4822,283.3941, 35.5125,251.0926
13653.79768901,26383.554801,0.7390996, 65.4625,283.1762, 35.4842,259.9913
13654.29540048,26383.635199,0.7391252, 65.4556,283.1029, 35.4750,262.9626
13655.29077369,26383.819429,0.7391534, 65.4420,282.9560, 35.4568,268.8658
13656.28614728,26383.956583,0.7391564, 65.4308,282.8099, 35.4374,274.7656
13657.28151303,26384.021772,0.7391499, 65.4230,282.6652, 35.4162,280.6557
13658.77453511,26383.918449,0.7391560, 65.4173,282.4518, 35.3814,289.4619
13659.27219611,26383.906184,0.7391663, 65.4163,282.3814, 35.3692,292.3843
13660.26751267,26383.721250,0.7392031, 65.4150,282.2413, 35.3450,298.2205
13661.26281000,26383.408553,0.7392573, 65.4136,282.1015, 35.3213,304.0368
13662.25807482,26382.984128,0.7393223, 65.4111,281.9614, 35.2986,309.8241
13663.25332933,26382.375519,0.7393900, 65.4072,281.8205, 35.2772,315.5989
13663.25333068,26382.375391,0.7393900, 65.4072,281.8205, 35.2772,315.5999
13664.24856264,26381.460060,0.7394513, 65.4015,281.6784, 35.2572,321.3560
13665.24378994,26380.112464,0.7394973, 65.3944,281.5350, 35.2384,327.1051
13666.23901126,26378.044234,0.7395181, 65.3862,281.3901, 35.2204,332.8486
13667.23420879,26375.098150,0.7395037, 65.3776,281.2437, 35.2018,338.5754
13668.72700303,26374.822962,0.7394475, 65.3668,281.0208, 35.1609,347.1752
13669.72218372,26412.292319,0.7397477, 65.3639,280.8714, 35.1119,352.9196
13670.21977406,26455.305615,0.7401786, 65.3629,280.7984, 35.1041,355.7886
13671.21493661,26345.011124,0.7391112, 65.3468,280.6473, 35.1335,  1.4847
13672.70766393,26350.116496,0.7392608, 65.3357,280.4028, 35.0298, 10.0729
13673.70279523,26379.299137,0.7395133, 65.3373,280.2550, 35.0266, 15.7570
13674.69791012,26386.105578,0.7395533, 65.3389,280.1123, 35.0130, 21.4450
13675.69300609,26387.220225,0.7395690, 65.3404,279.9716, 34.9924, 27.1302
13676.68808739,26386.962881,0.7396016, 65.3411,279.8314, 34.9689, 32.8137
13677.68315282,26386.388560,0.7396555, 65.3403,279.6909, 34.9448, 38.4940
13678.67820521,26385.760019,0.7397232, 65.3371,279.5493, 34.9213, 44.1741
13679.67324729,26385.148403,0.7397919, 65.3312,279.4062, 34.8988, 49.8576
13680.66828272,26384.513439,0.7398471, 65.3226,279.2613, 34.8774, 55.5492
13681.66331857,26383.944533,0.7398772, 65.3126,279.1150, 34.8564, 61.2574
13682.65833393,26383.405246,0.7398782, 65.3031,278.9680, 34.8349, 66.9677
13683.65335396,26382.951805,0.7398582, 65.2959,278.8215, 34.8117, 72.6977
13684.64836287,26382.580873,0.7398320, 65.2920,278.6764, 34.7866, 78.4343
13685.64337355,26382.262505,0.7398161, 65.2914,278.5332, 34.7596, 84.1833
13686.63835732,26382.008068,0.7398218, 65.2930,278.3916, 34.7314, 89.9217
13687.63333062,26381.804425,0.7398526, 65.2954,278.2509, 34.7030, 95.6566
13688.62829361,26381.592719,0.7399040, 65.2971,278.1103, 34.6752,101.3891
13689.62324332,26381.410721,0.7399684, 65.2972,277.9693, 34.6485,107.1161
13690.61818420,26381.255958,0.7400366, 65.2954,277.8273, 34.6232,112.8406
13691.11564284,26381.230988,0.7400693, 65.2936,277.7559, 34.6119,115.6954
13691.61311945,26381.144949,0.7401007, 65.2916,277.6843, 34.5992,118.5635
13692.60804346,26381.076386,0.7401546, 65.2861,277.5401, 34.5762,124.2799
13693.60296705,26381.061797,0.7401943, 65.2793,277.3950, 34.5539,129.9962
13694.59790216,26381.091518,0.7402183, 65.2720,277.2493, 34.5320,135.7196
13695.59282167,26381.167088,0.7402271, 65.2647,277.1033, 34.5102,141.4289
13696.58774422,26381.296512,0.7402233, 65.2581,276.9573, 34.4880,147.1359
13697.58266668,26381.471907,0.7402114, 65.2527,276.8118, 34.4652,152.8363
13698.57758675,26381.678263,0.7401971, 65.2488,276.6671, 34.4417,158.5269
13699.57250255,26381.911779,0.7401874, 65.2467,276.5234, 34.4174,164.2047
13700.56742142,26382.159424,0.7401891, 65.2462,276.3807, 34.3923,169.8736
13701.56231418,26382.402068,0.7402081, 65.2470,276.2391, 34.3669,175.5113
13702.55721910,26382.634242,0.7402480, 65.2482,276.0981, 34.3413,181.1457
13703.55210101,26382.864660,0.7403089, 65.2489,275.9575, 34.3162,186.7509
13704.54698704,26383.051210,0.7403865, 65.2483,275.8165, 34.2920,192.3476
13705.54187299,26383.232819,0.7404729, 65.2454,275.6747, 34.2691,197.9344
13706.53676323,26383.393278,0.7405568, 65.2402,275.5317, 34.2476,203.5161
13707.53165170,26383.526227,0.7406267, 65.2328,275.3874, 34.2272,209.0909
13708.52654492,26383.634672,0.7406738, 65.2244,275.2421, 34.2073,214.6660
13709.52144542,26383.731956,0.7406959, 65.2164,275.0965, 34.1871,220.2446
13710.51635410,26383.780041,0.7406983, 65.2104,274.9514, 34.1656,225.8291
13711.51126800,26383.807652,0.7406933, 65.2076,274.8076, 34.1425,231.4166
13712.00872640,26383.863295,0.7406923, 65.2073,274.7362, 34.1303,234.2106
13713.00364746,26383.853954,0.7407035, 65.2092,274.5950, 34.1047,239.8000
13713.99857285,26383.825821,0.7407381, 65.2129,274.4551, 34.0783,245.3883
13714.99349323,26383.787723,0.7407973, 65.2170,274.3159, 34.0519,250.9683
13715.98841285,26383.750820,0.7408758, 65.2201,274.1767, 34.0264,256.5430
13716.48587232,26383.708495,0.7409199, 65.2210,274.1067, 34.0139,259.3286
13716.98333361,26383.726548,0.7409643, 65.2213,274.0367, 34.0022,262.1143
13717.97825838,26383.688139,0.7410524, 65.2204,273.8956, 33.9794,267.6856
13718.97319100,26383.640919,0.7411319, 65.2176,273.7534, 33.9579,273.2617
13719.96813643,26383.586965,0.7411976, 65.2134,273.6102, 33.9373,278.8468
13720.96308951,26383.487047,0.7412463, 65.2084,273.4662, 33.9172,284.4388
13721.95805780,26383.345583,0.7412782, 65.2033,273.3217, 33.8973,290.0447
13722.95303715,26383.129590,0.7412950, 65.1989,273.1772, 33.8771,295.6624
13723.94802993,26382.806761,0.7413004, 65.1956,273.0329, 33.8564,301.2951
13724.94305013,26382.339403,0.7412991, 65.1939,272.8891, 33.8349,306.9541
13725.93805195,26381.671249,0.7412968, 65.1941,272.7460, 33.8125,312.6073
13726.93306934,26380.715404,0.7412993, 65.1961,272.6037, 33.7890,318.2804
13727.92811419,26379.350176,0.7413113, 65.1998,272.4620, 33.7648,323.9825
13728.92318350,26377.327101,0.7413342, 65.2045,272.3207, 33.7403,329.7126
13729.91823311,26374.372620,0.7413639, 65.2094,272.1789, 33.7152,335.4381
13730.41573789,26372.559551,0.7413781, 65.2117,272.1076, 33.7021,338.2902
13730.91325982,26370.465581,0.7413912, 65.2140,272.0360, 33.6884,341.1584
13731.41079117,26369.040971,0.7414052, 65.2159,271.9636, 33.6726,344.0370
13731.90834400,26369.632974,0.7414345, 65.2181,271.8906, 33.6534,346.9374
13732.40587945,26377.945357,0.7415314, 65.2202,271.8169, 33.6281,349.8322
13732.90342277,26403.278997,0.7418033, 65.2229,271.7431, 33.5986,352.7417
13732.90342707,26403.320404,0.7418037, 65.2229,271.7431, 33.5985,352.7449
13733.40096586,26448.785256,0.7423084, 65.2244,271.6703, 33.5845,355.6488
13733.89850121,26449.546478,0.7424021, 65.2212,271.5979, 33.6133,358.5305
13734.89360369,26290.809530,0.7409852, 65.2018,271.4340, 33.5536,  4.3761
13735.39116387,26314.735893,0.7413172, 65.1979,271.3496, 33.5170,  7.3062
13735.88871007,26346.871883,0.7416792, 65.1962,271.2691, 33.5099, 10.2146
13736.38627323,26365.654641,0.7418766, 65.1954,271.1921, 33.5093, 13.1360
13736.88384532,26375.417377,0.7419690, 65.1942,271.1166, 33.5072, 16.0712
13737.38142717,26379.724471,0.7420065, 65.1936,271.0426, 33.5012, 19.0184
13737.38142782,26379.724960,0.7420065, 65.1936,271.0426, 33.5012, 19.0189
13737.87901132,26381.870998,0.7420205, 65.1929,270.9690, 33.4932, 21.9742
13738.37659405,26382.556997,0.7420251, 65.1931,270.8963, 33.4825, 24.9302
13738.87417584,26382.885438,0.7420274, 65.1935,270.8238, 33.4714, 27.8898
13739.86937128,26382.665310,0.7420410, 65.1965,270.6805, 33.4456, 33.8381
13739.86937961,26382.665058,0.7420410, 65.1965,270.6805, 33.4456, 33.8442
13740.86456123,26382.203100,0.7420786, 65.2012,270.5386, 33.4178, 39.7890
13741.36216106,26381.943833,0.7421084, 65.2041,270.4681, 33.4029, 42.7691
13741.85974306,26381.778646,0.7421444, 65.2066,270.3974, 33.3895, 45.7372
13741.85974501,26381.778578,0.7421444, 65.2066,270.3974, 33.3895, 45.7386
13742.35734787,26381.600427,0.7421878, 65.2090,270.3270, 33.3745, 48.7210
13742.85494760,26381.498341,0.7422360, 65.2110,270.2563, 33.3613, 51.7014
13743.35255652,26381.379269,0.7422894, 65.2125,270.1856, 33.3469, 54.6874
13743.85018567,26381.272888,0.7423445, 65.2134,270.1145, 33.3345, 57.6872
13744.34779901,26381.226865,0.7424025, 65.2135,270.0432, 33.3208, 60.6749
13744.84542260,26381.156411,0.7424592, 65.2132,269.9716, 33.3090, 63.6683
13745.84068298,26381.083112,0.7425696, 65.2104,269.8273, 33.2853, 69.6612
13746.33830609,26381.121421,0.7426215, 65.2079,269.7546, 33.2733, 72.6508
13746.83594148,26381.059742,0.7426676, 65.2054,269.6818, 33.2627, 75.6475
13747.33358694,26381.182062,0.7427117, 65.2021,269.6086, 33.2512, 78.6507
13747.83122692,26381.129400,0.7427492, 65.1991,269.5353, 33.2410, 81.6470
13748.32887664,26381.261405,0.7427845, 65.1954,269.4618, 33.2300, 84.6497
13748.82654673,26381.216065,0.7428133, 65.1923,269.3883, 33.2199, 87.6642
13749.32419722,26381.373706,0.7428404, 65.1886,269.3146, 33.2091, 90.6638
13749.82186777,26381.338341,0.7428615, 65.1857,269.2411, 33.1988, 93.6750
13750.31953492,26381.517059,0.7428821, 65.1824,269.1675, 33.1881, 96.6828
13750.81720582,26381.504422,0.7428980, 65.1802,269.0942, 33.1775, 99.6901
13751.31487884,26381.679814,0.7429147, 65.1776,269.0209, 33.1667,102.6977
13751.31488358,26381.679779,0.7429147, 65.1776,269.0209, 33.1667,102.7011
13751.81256815,26381.659165,0.7429281, 65.1761,268.9478, 33.1557,105.7158
13752.31025948,26381.831551,0.7429441, 65.1744,268.8749, 33.1447,108.7326
13752.80795077,26381.849711,0.7429585, 65.1737,268.8023, 33.1333,111.7464
13753.30564019,26382.016652,0.7429768, 65.1730,268.7299, 33.1220,114.7572
13754.30102959,26382.185194,0.7430195, 65.1733,268.5859, 33.0987,120.7789
13755.29644445,26382.341445,0.7430782, 65.1750,268.4428, 33.0749,126.8103
13755.79414911,26382.393960,0.7431142, 65.1762,268.3715, 33.0626,129.8206
13756.29186441,26382.490535,0.7431573, 65.1772,268.3004, 33.0509,132.8366
13757.78499009,26382.671763,0.7433137, 65.1792,268.0868, 33.0154,141.8575
13758.28273948,26382.696486,0.7433750, 65.1790,268.0155, 33.0043,144.8908
13758.78048495,26382.754136,0.7434373, 65.1782,267.9438, 32.9931,147.9198
13759.27819634,26382.750856,0.7435018, 65.1768,267.8720, 32.9825,150.9227
13759.77592160,26382.799365,0.7435645, 65.1746,267.7997, 32.9719,153.9349
13760.27366010,26382.747863,0.7436259, 65.1718,267.7272, 32.9618,156.9563
13761.26913558,26382.733469,0.7437355, 65.1644,267.5810, 32.9421,162.9981
13761.76688268,26382.754186,0.7437815, 65.1600,267.5073, 32.9325,166.0260
13762.26464435,26382.671263,0.7438223, 65.1558,267.4337, 32.9229,169.0651
13763.26016098,26382.598686,0.7438843, 65.1474,267.2860, 32.9034,175.1408
13764.25571340,26382.519461,0.7439266, 65.1407,267.1386, 32.8830,181.2462
13765.25127045,26382.445739,0.7439595, 65.1367,266.9921, 32.8612,187.3579
13765.74904992,26382.456878,0.7439761, 65.1358,266.9194, 32.8501,190.4152
13766.24685986,26382.376232,0.7439957, 65.1357,266.8470, 32.8381,193.4949
13766.74464234,26382.366530,0.7440180, 65.1361,266.7750, 32.8264,196.5548
13767.24243829,26382.284566,0.7440456, 65.1371,266.7031, 32.8141,199.6247
13768.23803792,26382.230439,0.7441167, 65.1399,266.5602, 32.7897,205.7697
13768.73583689,26382.219623,0.7441603, 65.1413,266.4889, 32.7778,208.8406
13769.23365241,26382.176907,0.7442098, 65.1426,266.4175, 32.7657,211.9232
13770.22924984,26382.133267,0.7443205, 65.1441,266.2744, 32.7427,218.0621
13771.22485812,26382.064961,0.7444403, 65.1435,266.1304, 32.7213,224.2078
13771.72266912,26382.000987,0.7445001, 65.1423,266.0581, 32.7112,227.2860
13772.22050523,26381.944186,0.7445589, 65.1404,265.9852, 32.7014,230.3834
13772.71832073,26381.857773,0.7446145, 65.1380,265.9121, 32.6920,233.4670
13773.21614300,26381.797018,0.7446671, 65.1350,265.8386, 32.6828,236.5570
13774.21180717,26381.652487,0.7447590, 65.1281,265.6908, 32.6649,242.7562
13774.21182529,26381.652384,0.7447590, 65.1281,265.6908, 32.6649,242.7694
13774.70964400,26381.565229,0.7447977, 65.1243,265.6167, 32.6560,245.8632
13775.20749778,26381.499657,0.7448315, 65.1204,265.5422, 32.6473,248.9831
13776.20319599,26381.275492,0.7448845, 65.1128,265.3933, 32.6295,255.2236
13777.19891557,26380.964916,0.7449215, 65.1062,265.2443, 32.6112,261.4925
13778.19465256,26380.596122,0.7449476, 65.1010,265.0957, 32.5919,267.7887
13779.19039180,26380.178761,0.7449696, 65.0976,264.9477, 32.5716,274.1018
13780.18614386,26379.714333,0.7449942, 65.0961,264.8004, 32.5501,280.4395
13781.18192694,26379.178381,0.7450279, 65.0963,264.6538, 32.5277,286.8153
13782.17771451,26378.580081,0.7450763, 65.0977,264.5078, 32.5046,293.2099
13783.17350534,26377.919283,0.7451433, 65.0996,264.3620, 32.4813,299.6206
13784.16930369,26377.122673,0.7452297, 65.1010,264.2161, 32.4583,306.0503
13785.16509665,26376.173724,0.7453321, 65.1009,264.0694, 32.4361,312.4891
13786.16090528,26374.936509,0.7454416, 65.0983,263.9213, 32.4152,318.9528
13787.15672710,26373.206725,0.7455442, 65.0927,263.7714, 32.3958,325.4397
13787.65464313,26371.923359,0.7455875, 65.0891,263.6958, 32.3865,328.6936
13788.15256818,26370.567657,0.7456211, 65.0844,263.6193, 32.3778,331.9567
13789.14841641,26366.492057,0.7456505, 65.0747,263.4649, 32.3595,338.4966
13789.14842346,26366.488429,0.7456504, 65.0747,263.4649, 32.3595,338.5017
13790.14428443,26362.066686,0.7456228, 65.0661,263.3081, 32.3352,345.0713
13791.14016717,26382.215265,0.7457686, 65.0627,263.1493, 32.2858,351.6912
13792.13606364,26454.139818,0.7465140, 65.0608,262.9956, 32.2876,358.3220
13793.13197405,26285.291342,0.7449861, 65.0418,262.8231, 32.2238,  4.9930
13793.62993333,26321.511414,0.7454146, 65.0411,262.7364, 32.1957,  8.3234
13794.12789778,26351.944087,0.7457372, 65.0430,262.6555, 32.1929, 11.6464
13795.12382268,26373.610018,0.7459667, 65.0469,262.5026, 32.1888, 18.2991
13796.11975778,26377.455260,0.7460519, 65.0492,262.3536, 32.1734, 24.9696
13797.11569961,26377.880849,0.7461345, 65.0494,262.2053, 32.1538, 31.6461
13798.11162843,26377.684883,0.7462288, 65.0470,262.0564, 32.1339, 38.3104
13798.60960737,26377.444694,0.7462770, 65.0452,261.9817, 32.1247, 41.6511
13799.10757222,26377.418492,0.7463277, 65.0419,261.9065, 32.1150, 44.9823
13799.60555526,26377.194161,0.7463748, 65.0387,261.8311, 32.1062, 48.3242
13800.10353664,26377.194067,0.7464218, 65.0342,261.7553, 32.0973, 51.6660
13801.09952540,26376.976742,0.7465025, 65.0244,261.6030, 32.0806, 58.3654
13802.09552606,26376.809091,0.7465653, 65.0136,261.4499, 32.0646, 65.0735
13803.09154472,26376.640345,0.7466088, 65.0026,261.2965, 32.0487, 71.7958
13804.08753846,26376.478521,0.7466354, 64.9924,261.1431, 32.0326, 78.5017
13805.08356548,26376.321811,0.7466499, 64.9836,260.9903, 32.0158, 85.2347
13806.07961527,26376.161773,0.7466587, 64.9769,260.8382, 31.9982, 91.9877
13807.07566415,26376.006723,0.7466689, 64.9722,260.6872, 31.9796, 98.7439
13808.07172699,26375.848658,0.7466871, 64.9695,260.5373, 31.9603,105.5141
13809.06779949,26375.687550,0.7467190, 64.9683,260.3882, 31.9403,112.2955
13809.56583806,26375.642469,0.7467408, 64.9680,260.3139, 31.9301,115.6896
13810.06384272,26375.513343,0.7467685, 64.9679,260.2399, 31.9200,119.0600
13810.06385923,26375.513241,0.7467685, 64.9679,260.2399, 31.9200,119.0720
13811.05992745,26375.313249,0.7468370, 64.9672,260.0917, 31.8998,125.8587
13812.05601848,26375.082968,0.7469222, 64.9654,259.9433, 31.8800,132.6692
13813.05211594,26374.806931,0.7470183, 64.9614,259.7941, 31.8611,139.4924
13814.04820340,26374.486212,0.7471153, 64.9546,259.6435, 31.8432,146.3187
13815.04430580,26374.128007,0.7472014, 64.9450,259.4915, 31.8261,153.1687
13815.54236609,26373.976463,0.7472366, 64.9394,259.4150, 31.8181,156.6061
13816.04040633,26373.733175,0.7472660, 64.9336,259.3382, 31.8096,160.0329
13816.53847368,26373.561715,0.7472878, 64.9277,259.2613, 31.8015,163.4841
13817.03652529,26373.323594,0.7473036, 64.9220,259.1842, 31.7928,166.9281
13817.53459723,26373.130318,0.7473123, 64.9167,259.1073, 31.7843,170.3916
13818.03266318,26372.891411,0.7473168, 64.9121,259.0304, 31.7751,173.8555
13819.02882265,26372.504743,0.7473167, 64.9053,258.8777, 31.7561,180.8162
13819.52690748,26372.310767,0.7473158, 64.9033,258.8019, 31.7463,184.3061
13820.02498484,26372.114203,0.7473175, 64.9021,258.7264, 31.7360,187.7942
13821.02114850,26371.739603,0.7473322, 64.9020,258.5766, 31.7151,194.7867
13822.01732867,26371.312860,0.7473675, 64.9036,258.4279, 31.6942,201.8047
13823.01351223,26370.850249,0.7474242, 64.9055,258.2795, 31.6739,208.8395
13824.00967488,26370.343360,0.7474972, 64.9062,258.1307, 31.6546,215.8750
13824.50775948,26370.064212,0.7475375, 64.9060,258.0561, 31.6453,219.4019
13825.00585679,26369.790919,0.7475783, 64.9050,257.9811, 31.6365,222.9431
13825.50396003,26369.470647,0.7476192, 64.9036,257.9059, 31.6278,226.4945
13826.00204989,26369.187847,0.7476581, 64.9015,257.8302, 31.6195,230.0418
13826.99825080,26368.501185,0.7477281, 64.8959,257.6781, 31.6033,237.1722
13827.49636029,26368.106429,0.7477580, 64.8924,257.6017, 31.5953,240.7554
13827.99447506,26367.720021,0.7477823, 64.8886,257.5249, 31.5874,244.3508
13828.49258867,26367.304495,0.7478031, 64.8847,257.4481, 31.5795,247.9541
13828.99070280,26366.926718,0.7478178, 64.8806,257.3709, 31.5714,251.5664
13829.48882341,26366.510185,0.7478290, 64.8765,257.2938, 31.5632,255.1923
13829.98694115,26366.109175,0.7478344, 64.8726,257.2165, 31.5548,258.8249
13830.98316794,26365.288909,0.7478350, 64.8654,257.0621, 31.5372,266.1109
13830.98318603,26365.288780,0.7478350, 64.8654,257.0621, 31.5372,266.1241
13831.48131987,26364.832515,0.7478316, 64.8625,256.9851, 31.5281,269.7974
13831.97942674,26364.453397,0.7478249, 64.8598,256.9080, 31.5186,273.4572
13831.97943280,26364.453342,0.7478249, 64.8598,256.9080, 31.5186,273.4616
13832.47757377,26363.959540,0.7478185, 64.8578,256.8314, 31.5090,277.1602
13832.97570118,26363.584272,0.7478105, 64.8561,256.7547, 31.4990,280.8517
13833.47384139,26363.088974,0.7478046, 64.8552,256.6784, 31.4888,284.5610
13833.97196392,26362.714375,0.7477991, 64.8544,256.6021, 31.4784,288.2641
13833.97196612,26362.714336,0.7477991, 64.8544,256.6021, 31.4784,288.2657
13834.96825310,26361.739641,0.7477965, 64.8546,256.4503, 31.4573,295.7345
13835.46640107,26361.126164,0.7478007, 64.8556,256.3748, 31.4464,299.4792
13835.96453053,26360.657570,0.7478079, 64.8562,256.2990, 31.4358,303.2162
13836.46268046,26359.946417,0.7478199, 64.8575,256.2237, 31.4248,306.9763
13836.96080949,26359.372529,0.7478354, 64.8584,256.1480, 31.4145,310.7264
13837.45897041,26358.518568,0.7478555, 64.8597,256.0727, 31.4036,314.5079
13837.95710006,26357.727438,0.7478779, 64.8603,255.9968, 31.3939,318.2716
13837.95710229,26357.727189,0.7478779, 64.8603,255.9968, 31.3939,318.2733
13838.95339066,26355.427314,0.7479288, 64.8610,255.8447, 31.3742,325.8426
13839.45154528,26353.747555,0.7479532, 64.8609,255.7681, 31.3641,329.6448
13839.94966602,26351.804264,0.7479725, 64.8598,255.6909, 31.3557,333.4275
13840.94600764,26345.899086,0.7479795, 64.8565,255.5341, 31.3366,341.0868
13841.44416597,26342.723131,0.7479634, 64.8545,255.4542, 31.3229,344.9189
13841.94229840,26345.003490,0.7479772, 64.8530,255.3729, 31.3031,348.7443
13842.44046232,26370.979941,0.7482069, 64.8530,255.2910, 31.2686,352.6102
13842.93861700,26437.080096,0.7488758, 64.8528,255.2112, 31.2580,356.4716
13843.43678698,26377.544676,0.7483643, 64.8416,255.1303, 31.3056,  0.3165
13843.93493788,26265.102785,0.7473513, 64.8257,255.0354, 31.2435,  4.2044
13844.43313795,26299.316953,0.7477704, 64.8199,254.9416, 31.2054,  8.1106
13844.93129836,26334.569908,0.7481212, 64.8175,254.8556, 31.2069, 11.9752
13844.93130141,26334.583500,0.7481213, 64.8175,254.8555, 31.2069, 11.9774
13845.42947812,26349.758700,0.7482449, 64.8162,254.7743, 31.2108, 15.8602
13845.92762687,26355.434633,0.7482754, 64.8144,254.6952, 31.2084, 19.7346
13846.42581180,26357.250007,0.7482716, 64.8138,254.6174, 31.2029, 23.6402
13846.92398096,26357.845555,0.7482635, 64.8130,254.5404, 31.1947, 27.5412
13847.92035955,26357.480655,0.7482522, 64.8143,254.3882, 31.1755, 35.3828
13848.41855176,26357.014714,0.7482546, 64.8162,254.3128, 31.1651, 39.3098
13848.91671531,26356.754059,0.7482676, 64.8177,254.2376, 31.1547, 43.2204
13849.91312947,26356.023963,0.7483123, 64.8216,254.0877, 31.1342, 51.1117
13850.90947881,26355.299005,0.7483797, 64.8246,253.9378, 31.1148, 58.9687
13851.90584671,26354.581826,0.7484596, 64.8253,253.7872, 31.0966, 66.8553
13851.90586433,26354.581543,0.7484596, 64.8253,253.7872, 31.0966, 66.8682
13852.90225556,26353.793982,0.7485403, 64.8235,253.6355, 31.0798, 74.7932
13853.89865391,26352.959626,0.7486124, 64.8193,253.4828, 31.0638, 82.7487
13854.39685396,26352.530758,0.7486421, 64.8165,253.4059, 31.0558, 86.7382
13854.89498100,26352.073435,0.7486688, 64.8134,253.3291, 31.0481, 90.6822
13855.89141732,26351.162214,0.7487065, 64.8065,253.1748, 31.0323, 98.7283
13856.88780761,26350.216447,0.7487255, 64.7997,253.0204, 31.0161,106.7768
13857.88423231,26349.266449,0.7487287, 64.7939,252.8662, 30.9990,114.8878
13858.88066446,26348.310397,0.7487210, 64.7898,252.7126, 30.9809,123.0422
13858.88068715,26348.310287,0.7487210, 64.7898,252.7126, 30.9809,123.0588
13859.87710111,26347.357069,0.7487090, 64.7879,252.5599, 30.9616,131.2375
13860.87357948,26346.429368,0.7487000, 64.7882,252.4083, 30.9412,139.5023
13861.87004099,26345.501383,0.7487008, 64.7906,252.2576, 30.9202,147.7920
13862.86648212,26344.623030,0.7487172, 64.7946,252.1077, 30.8988,156.1029
13863.86294122,26343.723695,0.7487521, 64.7992,251.9583, 30.8774,164.4617
13864.85940458,26342.785382,0.7488057, 64.8036,251.8090, 30.8566,172.8592
13865.85588307,26341.766792,0.7488747, 64.8069,251.6594, 30.8366,181.3055
13865.85589792,26341.766730,0.7488747, 64.8069,251.6594, 30.8366,181.3164
13866.35412089,26341.209547,0.7489131, 64.8079,251.5844, 30.8269,185.5434
13866.85234424,26340.660728,0.7489533, 64.8082,251.5089, 30.8176,189.7813
13867.84881274,26339.462865,0.7490331, 64.8072,251.3573, 30.7995,198.3086
13868.84528744,26338.100258,0.7491047, 64.8040,251.2046, 30.7821,206.8931
13869.84178731,26336.635796,0.7491601, 64.7990,251.0507, 30.7649,215.5562
13870.83827067,26335.089204,0.7491941, 64.7936,250.8963, 30.7472,224.2728
13871.83478047,26333.494281,0.7492069, 64.7892,250.7418, 30.7284,233.0773
13872.83128935,26331.832018,0.7492047, 64.7874,250.5881, 30.7081,241.9526
13873.82780060,26330.147754,0.7491997, 64.7890,250.4357, 30.6862,250.9003
13874.32611000,26329.273431,0.7492015, 64.7913,250.3602, 30.6748,255.4392
13874.82437663,26328.463474,0.7492065, 64.7943,250.2847, 30.6630,259.9630
13875.82091648,26326.700815,0.7492362, 64.8020,250.1349, 30.6394,269.0648
13876.81742429,26324.866867,0.7492935, 64.8105,249.9855, 30.6163,278.2082
13877.31569616,26323.833526,0.7493321, 64.8147,249.9109, 30.6050,282.8185
13877.81395084,26322.935559,0.7493745, 64.8179,249.8356, 30.5943,287.4321
13878.81050836,26320.830521,0.7494681, 64.8227,249.6845, 30.5738,296.7487
13879.80705285,26318.467439,0.7495614, 64.8244,249.5316, 30.5548,306.1312
13880.80360354,26315.639930,0.7496411, 64.8230,249.3770, 30.5371,315.5991
13881.80016209,26311.865118,0.7496942, 64.8194,249.2205, 30.5206,325.1578
13882.79672762,26305.874452,0.7496990, 64.8147,249.0619, 30.5049,334.8091
13883.79330798,26296.223125,0.7496139, 64.8112,248.8998, 30.4841,344.5628
13884.78989548,26351.029377,0.7500575, 64.8163,248.7333, 30.4184,354.4463
13885.78641798,26214.645121,0.7488853, 64.7977,248.5570, 30.4080,  4.3505
13886.78302935,26294.008943,0.7497397, 64.7990,248.3766, 30.3808, 14.3811
13887.77964706,26304.466946,0.7498117, 64.8032,248.2194, 30.3784, 24.5053
13888.77622639,26302.911433,0.7498064, 64.8074,248.0663, 30.3619, 34.6988
13889.27453876,26301.544611,0.7498092, 64.8101,247.9903, 30.3521, 39.8450
13890.27116836,26298.882186,0.7498355, 64.8154,247.8390, 30.3320, 50.2105
13890.76947262,26297.567542,0.7498583, 64.8181,247.7637, 30.3222, 55.4211
13892.26442811,26293.335644,0.7499522, 64.8259,247.5375, 30.2923, 71.2341
13892.76270390,26291.818870,0.7499920, 64.8278,247.4621, 30.2829, 76.5283
13893.75932837,26288.636115,0.7500758, 64.8299,247.3106, 30.2641, 87.2608
13894.25763807,26286.984334,0.7501181, 64.8299,247.2345, 30.2550, 92.6740
13894.75595241,26285.155385,0.7501600, 64.8295,247.1582, 30.2460, 98.1251
13895.75258533,26281.332454,0.7502345, 64.8266,247.0046, 30.2282,109.1439
13896.74922590,26277.189237,0.7502915, 64.8218,246.8501, 30.2105,120.3317
13897.74587534,26272.812790,0.7503267, 64.8162,246.6949, 30.1924,131.7033
13898.74253429,26268.198136,0.7503396, 64.8112,246.5396, 30.1737,143.2705
13899.73920743,26263.449071,0.7503357, 64.8084,246.3848, 30.1540,155.0450
13900.73588369,26258.612716,0.7503252, 64.8086,246.2312, 30.1334,167.0239
13901.23421385,26256.126992,0.7503210, 64.8102,246.1550, 30.1228,173.0843
13902.72918886,26248.366923,0.7503321, 64.8193,245.9282, 30.0907,191.5722
13903.72586380,26242.796180,0.7503679, 64.8277,245.7781, 30.0695,204.1936
13904.72254040,26236.637578,0.7504254, 64.8357,245.6279, 30.0491,217.0593
13905.71922389,26229.712379,0.7504949, 64.8415,245.4765, 30.0297,230.2030
13906.71589379,26221.853045,0.7505620, 64.8439,245.3234, 30.0112,243.6486
13907.71258720,26212.925595,0.7506120, 64.8428,245.1683, 29.9935,257.4699
13908.70927024,26202.841355,0.7506344, 64.8389,245.0114, 29.9762,271.6923
13909.70598253,26191.616191,0.7506252, 64.8334,244.8533, 29.9591,286.3946
13910.70270467,26179.105065,0.7505837, 64.8277,244.6944, 29.9419,301.6083
13911.69943683,26164.883074,0.7505100, 64.8226,244.5348, 29.9252,317.3721
13912.19780513,26156.574096,0.7504571, 64.8206,244.4545, 29.9165,325.4681
13913.69291463,26132.361534,0.7501637, 64.8229,244.2027, 29.8671,350.6485
13914.68961764,26060.973549,0.7496735, 64.8111,244.0055, 29.8033,  8.2113
13915.68638707,26105.060066,0.7500882, 64.8199,243.8357, 29.8238, 26.4001
13916.68313916,26088.262375,0.7499652, 64.8245,243.6806, 29.8082, 45.2939
13917.67988141,26069.381933,0.7498631, 64.8288,243.5268, 29.7890, 64.9276
13919.17501770,26036.553552,0.7497097, 64.8341,243.2965, 29.7603, 95.9956
13919.67338843,26023.818171,0.7496511, 64.8352,243.2196, 29.7508,106.8405
13920.67014514,25994.929650,0.7495061, 64.8353,243.0650, 29.7324,129.4223
13921.66691404,25959.894666,0.7493029, 64.8324,242.9088, 29.7150,153.3967
13922.66366516,25916.968265,0.7490141, 64.8268,242.7511, 29.6988,179.0691
13923.66043689,25865.098761,0.7486208, 64.8198,242.5922, 29.6833,206.8715
13924.65722877,25803.685014,0.7481127, 64.8126,242.4323, 29.6670,237.2545
13925.65402881,25732.702746,0.7474903, 64.8060,242.2716, 29.6496,270.6874
13926.65083218,25652.278618,0.7467639, 64.8006,242.1099, 29.6335,307.6272
13927.64764573,25552.091623,0.7457250, 64.8013,241.9341, 29.6090,348.5020
13928.64445820,25423.555858,0.7445325, 64.7984,241.7162, 29.5793, 33.8578
13929.64125662,25309.897063,0.7434231, 64.8013,241.5588, 29.5610, 84.2000
13930.63807262,25177.659876,0.7421663, 64.8049,241.4027, 29.5402,140.3976
13931.63488838,25012.014999,0.7405826, 64.8081,241.2460, 29.5219,203.9004
13932.63169715,24790.506402,0.7384155, 64.8091,241.0866, 29.5063,277.3349
13933.62851294,24205.303134,0.7321927, 64.7994,240.8757, 29.4557,  5.3790
13934.62532152,23773.146357,0.7274175, 64.8011,240.6824, 29.4654,117.3790
13935.62215552,23073.711332,0.7193230, 64.7892,240.5136, 29.4544,266.4011
13936.61899850,21717.528464,0.7018190, 64.7764,240.2600, 29.4338,115.0959
13937.61584906,20164.438317,0.6789270, 64.7570,239.9959, 29.4186, 51.9457
13938.61270898,18620.035352,0.6523153, 64.7377,239.7235, 29.4001,114.4623
13939.60957698,17175.288845,0.6230466, 64.7187,239.4138, 29.3791,341.6116
13940.60645111,15099.605230,0.5713222, 64.6844,238.9466, 29.3614, 70.7483
13941.60333235,13363.259540,0.5156088, 64.6489,238.4156, 29.3408, 92.1116
