Time(day),a(km),e,i(deg),n(deg),w(deg),m(deg)
0.00000000,26587.619412,0.7467782, 64.8152,109.4180,325.6047,  3.4869
1.98816468,26588.738011,0.7467021, 64.8293,109.1172,325.5637,  3.3333
8.94671085,26589.971289,0.7463677, 64.8361,108.0869,325.3952,  2.9524
23.85813953,26589.447236,0.7459076, 64.8969,105.8485,325.0692,  2.5335
29.82315497,26589.678218,0.7457169, 64.9436,104.9449,324.9542,  2.4721
31.81153827,26589.651579,0.7455561, 64.9513,104.6502,324.9110,  2.4251
37.77719789,26591.250502,0.7453821, 64.9605,103.7672,324.7764,  2.4851
44.73781586,26592.778094,0.7449742, 65.0177,102.7159,324.6538,  2.5505
52.69370490,26594.855313,0.7446357, 65.0383,101.5431,324.4862,  2.7094
57.66666943,26595.526609,0.7442548, 65.0755,100.8043,324.3978,  2.8447
66.12108660,26596.946076,0.7438219, 65.0943, 99.5727,324.2138,  2.9324
66.61888148,26595.402654,0.7437868, 65.0985, 99.4984,324.2100,  3.2633
78.55582884,26594.209936,0.7428316, 65.1403, 97.7660,323.9580,  3.5312
85.02167277,26596.643697,0.7423377, 65.1760, 96.8295,323.8247,  3.4130
92.48439146,26581.681128,0.7417757, 65.1742, 95.7739,323.6518,  4.7130
110.39264774,26566.210667,0.7404943, 65.2241, 93.2259,323.2455,  5.8094
134.27037381,26538.352928,0.7393481, 65.2575, 89.8721,322.6568,  7.8258
466.83953390,26517.089996,0.7279922, 66.7611, 45.4585,312.6137,338.0388
479.79373130,26418.367685,0.7270305, 66.8063, 43.7838,312.2063,355.9311
557.53527670,26511.192063,0.7256847, 67.2602, 33.9562,309.5113,108.9216
562.51947359,26510.293625,0.7252744, 67.2673, 33.3718,309.2972,117.6352
571.49126964,26508.087571,0.7248178, 67.3211, 32.2700,308.9619,134.0340
583.45427518,26505.649809,0.7244680, 67.3576, 30.8453,308.4663,157.6188
586.44515566,26504.877770,0.7242003, 67.3638, 30.4969,308.3385,163.8128
609.37550738,26502.822810,0.7239206, 67.4323, 27.7542,307.3618,213.4207
766.41028720,26508.946405,0.7196918, 67.9627,  9.0866,300.9837,145.5171
840.36696056,26506.053849,0.7192899, 68.2259,  0.4319,297.8313, 71.9191
849.35741208,26509.216356,0.7189059, 68.2459,359.4025,297.4418,102.2140
861.84389320,26512.298411,0.7181390, 68.2732,357.9909,296.9195,142.7404
865.34026912,26513.210406,0.7181157, 68.2886,357.5771,296.7869,153.9508
868.33698621,26513.578043,0.7177524, 68.3040,357.2287,296.6785,163.3295
876.32777474,26515.133980,0.7173290, 68.3115,356.3442,296.3090,187.8329
1212.37196112,26503.382591,0.7055499, 68.8484,319.8967,281.2725,139.0981
1241.73695294,26509.653106,0.7041793, 68.8298,316.9283,279.8608,165.7038
1241.73718061,26509.653236,0.7041793, 68.8298,316.9283,279.8608,165.8686
1265.62049936,26514.337355,0.7034625, 68.8119,314.5014,278.7533,176.8458
1290.99340600,26516.723194,0.7030915, 68.8104,311.8645,277.6514,182.3531
1301.93924689,26516.779981,0.7029940, 68.8188,310.7070,277.2017,184.8059
1317.36405526,26515.248200,0.7023577, 68.8326,309.1037,276.5557,189.5032
1334.78213360,26512.260540,0.7015736, 68.8520,307.3153,275.8082,198.5465
1348.72002618,26509.176849,0.7007339, 68.8700,305.8936,275.2102,210.0438
1354.19615461,26508.075013,0.7004450, 68.8816,305.3218,274.9877,215.4389
1362.65996629,26505.897091,0.6997971, 68.8873,304.5009,274.5840,224.8998
1366.14550294,26505.389901,0.6996914, 68.8920,304.1380,274.4381,229.2876
1372.61887039,26504.046542,0.6989772, 68.8982,303.5128,274.1373,237.8590
1377.59855942,26503.357089,0.6988653, 68.8964,303.0253,273.8952,244.8149
1384.57076128,26502.870850,0.6982613, 68.9038,302.3385,273.5785,255.1495
1394.53284475,26502.763668,0.6979187, 68.8984,301.3670,273.0998,271.4363
1398.01863367,26502.986874,0.6975444, 68.8980,301.0373,272.9321,276.4207
1405.49002630,26503.521726,0.6974210, 68.8866,300.3206,272.5599,288.3691
1412.96234201,26505.028226,0.6969158, 68.8828,299.5996,272.2071,300.6297
1427.41019077,26509.590010,0.6965322, 68.8618,298.1982,271.5230,324.1495
1439.86558071,26523.916572,0.6964084, 68.8473,296.9666,270.9544,343.1630
1470.76247884,26518.855718,0.6957472, 68.8116,293.8551,269.6191, 30.2892
1478.73642337,26516.917106,0.6953932, 68.8110,293.0306,269.3106, 41.9937
1493.68913750,26515.977077,0.6946923, 68.8104,291.5409,268.6911, 64.9361
1499.17149068,26515.679471,0.6945627, 68.8070,291.0076,268.4504, 73.2162
1520.60661328,26512.519252,0.6929965, 68.8215,288.8965,267.5643,109.7331
1542.04303708,26508.219776,0.6916984, 68.8259,286.8544,266.6119,150.6514
1555.00629239,26505.482017,0.6909865, 68.8268,285.6505,266.0097,178.6387
1567.96979027,26503.359463,0.6902997, 68.8209,284.4452,265.4023,208.1565
1569.96378544,26503.196527,0.6902080, 68.8212,284.2522,265.3157,212.4978
1667.73202441,26515.846000,0.6870632, 68.6940,274.9456,261.0456, 89.7172
1675.21792999,26516.162009,0.6866932, 68.6871,274.2594,260.7182,108.1991
1709.16283843,26512.718077,0.6848344, 68.6865,271.1228,259.2730,199.8016
1716.65269868,26511.328888,0.6846610, 68.6814,270.4571,258.9349,222.3571
1730.63505016,26508.176645,0.6840732, 68.6757,269.1910,258.3150,266.6715
1737.62689901,26506.524095,0.6837196, 68.6781,268.5607,258.0030,289.9705
1748.61470047,26505.601285,0.6835338, 68.6694,267.5619,257.5159,327.8945
1755.60721803,26517.171733,0.6835246, 68.6606,266.9465,257.1940,352.7233
1763.09936783,26512.552803,0.6832518, 68.6557,266.2226,256.8479, 19.6782
1768.09416975,26505.629678,0.6831387, 68.6472,265.7835,256.6120, 37.7760
1772.58934979,26503.826946,0.6831935, 68.6367,265.3662,256.4189, 53.9635
1794.56483860,26505.417616,0.6827105, 68.5989,263.3598,255.4542,131.4821
1798.06056300,26506.018722,0.6827565, 68.5895,263.0365,255.3108,143.2753
1804.05304224,26507.044787,0.6825320, 68.5816,262.4715,255.0707,163.1117
1811.04375562,26508.562901,0.6823808, 68.5661,261.8409,254.7650,185.5349
1816.53596340,26509.712111,0.6821715, 68.5617,261.3241,254.5420,202.4842
1832.51169385,26512.770117,0.6816260, 68.5421,259.8591,253.8817,249.1668
1836.50470856,26513.235357,0.6815123, 68.5353,259.5054,253.7057,259.8882
1838.50139356,26513.522724,0.6814849, 68.5319,259.3216,253.6245,265.3417
1851.97738708,26514.524658,0.6810244, 68.5242,258.1015,253.0592,300.4102
1860.96003468,26515.209044,0.6805221, 68.5237,257.2885,252.6780,322.5057
1866.44906032,26518.827659,0.6804404, 68.5187,256.7992,252.4337,335.7398
1870.44094088,26531.247684,0.6803916, 68.5225,256.4374,252.2550,345.2726
1885.90804331,26522.456683,0.6799411, 68.5143,255.0333,251.5968, 21.4964
1888.90132966,26519.625056,0.6798017, 68.5125,254.7777,251.4566, 28.3904
1901.37263537,26512.997102,0.6795714, 68.5059,253.6794,250.9026, 57.1848
1906.85978324,26511.413303,0.6796364, 68.4966,253.1961,250.6676, 70.0388
1909.85239631,26510.585444,0.6795976, 68.4943,252.9244,250.5456, 76.8777
1922.82026752,26507.431146,0.6794341, 68.4822,251.7784,249.9731,107.3811
1926.81016952,26506.561434,0.6793668, 68.4817,251.4264,249.7950,116.9032
1929.80252140,26505.969052,0.6793894, 68.4770,251.1663,249.6617,124.0792
1937.78194899,26504.375474,0.6794079, 68.4650,250.4464,249.3334,143.4252
1938.77941515,26504.188619,0.6793791, 68.4648,250.3566,249.2906,145.9016
1948.75287465,26503.057917,0.6793045, 68.4496,249.4724,248.8492,170.1214
1948.75291019,26503.057854,0.6793045, 68.4496,249.4724,248.8492,170.1471
1951.74485262,26502.840033,0.6792500, 68.4496,249.2018,248.7192,177.4086
1952.74204976,26502.800100,0.6792335, 68.4492,249.1133,248.6744,179.7463
1952.74206592,26502.800073,0.6792335, 68.4492,249.1133,248.6744,179.7580
1956.73118843,26502.787866,0.6792347, 68.4429,248.7627,248.4970,189.3563
1956.73120506,26502.787827,0.6792347, 68.4429,248.7627,248.4970,189.3683
1957.72861437,26502.812789,0.6792479, 68.4405,248.6743,248.4545,191.8610
2015.06376500,26510.665338,0.6787078, 68.3790,243.5621,246.0098,314.7189
2019.05164557,26511.414489,0.6786288, 68.3783,243.2032,245.8468,321.8509
2027.02728272,26515.363295,0.6785691, 68.3743,242.5075,245.4868,335.7315
2027.52575873,26515.986885,0.6785750, 68.3735,242.4636,245.4650,336.5873
2033.50724672,26532.242260,0.6787191, 68.3775,241.9341,245.1975,346.6074
2039.48861773,26513.189616,0.6786558, 68.3680,241.4125,244.9764,356.3610
2040.98384476,26478.352688,0.6782579, 68.3621,241.2767,244.9166,358.7025
2051.94900579,26519.351421,0.6787780, 68.3598,240.2857,244.4062, 15.9498
2061.91670909,26519.818999,0.6788355, 68.3572,239.4107,243.9928, 31.2747
2066.90035884,26517.805605,0.6789538, 68.3486,238.9756,243.7786, 38.8852
2080.35540943,26514.143745,0.6790672, 68.3336,237.7863,243.2102, 59.4481
2086.83325806,26512.585653,0.6791411, 68.3297,237.2120,242.9391, 69.3982
2088.82646543,26512.148570,0.6791767, 68.3301,237.0369,242.8518, 72.5319
2090.81956550,26511.682615,0.6792306, 68.3277,236.8622,242.7649, 75.6167
2094.80571661,26510.679755,0.6793392, 68.3178,236.5083,242.6008, 81.8462
2098.79175987,26509.697963,0.6793668, 68.3122,236.1490,242.4437, 88.1315
2121.70896776,26504.687612,0.6796406, 68.2922,234.1148,241.4665,125.1438
2122.70525911,26504.504085,0.6796490, 68.2902,234.0250,241.4266,126.7689
2132.16967779,26503.208006,0.6796586, 68.2881,233.1794,241.0268,142.2433
2134.16201003,26503.051147,0.6796833, 68.2838,233.0035,240.9383,145.4271
2142.13110347,26502.749683,0.6797394, 68.2837,232.2978,240.5918,158.0846
2146.61354157,26502.940493,0.6798501, 68.2787,231.9014,240.3931,165.0559
2162.05109721,26504.419066,0.6799839, 68.2680,230.5305,239.7337,187.1622
2166.03451830,26505.025765,0.6800069, 68.2664,230.1801,239.5627,192.3431
2173.00512257,26506.229336,0.6802253, 68.2707,229.5679,239.2514,200.8418
2178.97945173,26507.436650,0.6803264, 68.2624,229.0362,239.0034,207.4792
2189.93139218,26509.600912,0.6805770, 68.2611,228.0722,238.5268,218.1620
2211.83091423,26513.395024,0.6813311, 68.2603,226.1391,237.5911,233.4917
2213.82158737,26513.641457,0.6814333, 68.2582,225.9632,237.5037,234.5837
2214.81690957,26513.770380,0.6814802, 68.2559,225.8749,237.4606,235.1127
2218.79812307,26514.231871,0.6816019, 68.2477,225.5220,237.2931,237.1384
2230.74090239,26514.882416,0.6822121, 68.2386,224.4597,236.7878,242.2687
2234.72181766,26514.900709,0.6823060, 68.2347,224.1012,236.6279,243.9248
2237.70737798,26514.796805,0.6824165, 68.2365,223.8349,236.5027,245.0743
2238.70260182,26514.752554,0.6824683, 68.2364,223.7462,236.4600,245.4852
2241.68808664,26514.636122,0.6826328, 68.2304,223.4781,236.3318,246.5923
2244.67355082,26514.519387,0.6827343, 68.2205,223.2089,236.2074,247.7100
2249.64949115,26514.055045,0.6828868, 68.2214,222.7658,236.0009,249.7521
2253.63033588,26513.622867,0.6831428, 68.2188,222.4082,235.8313,251.5007
2263.58246855,26512.364244,0.6834153, 68.1993,221.5007,235.4303,256.2384
2266.56846784,26511.837723,0.6835397, 68.1992,221.2314,235.3042,258.0292
2271.04709482,26511.147739,0.6837069, 68.1857,220.8231,235.1155,260.5670
2281.99583730,26508.910638,0.6840849, 68.1825,219.8350,234.6579,268.1266
2287.47056093,26507.713731,0.6841555, 68.1708,219.3318,234.4382,272.5323
2289.95919152,26507.181706,0.6841700, 68.1735,219.1067,234.3360,274.7088
2292.94562660,26506.445175,0.6842544, 68.1779,218.8381,234.2091,277.4453
2295.43439587,26505.788199,0.6843578, 68.1768,218.6126,234.1018,279.8389
2296.92767402,26505.528113,0.6844051, 68.1732,218.4763,234.0381,281.3153
2298.42096737,26505.132447,0.6844267, 68.1698,218.3403,233.9746,282.8265
2300.41204913,26504.679805,0.6844262, 68.1686,218.1608,233.8903,284.8923
2302.40319451,26504.189303,0.6844425, 68.1735,217.9842,233.8047,287.0364
2304.39450003,26503.695720,0.6845161, 68.1807,217.8081,233.7175,289.3217
2305.88778004,26503.425289,0.6846008, 68.1839,217.6748,233.6520,290.9067
2306.88338862,26503.213844,0.6846602, 68.1845,217.5851,233.6084,292.0358
2307.87904173,26503.013119,0.6847153, 68.1838,217.4947,233.5653,293.2039
2309.37274234,26502.659803,0.6847805, 68.1814,217.3584,233.5012,295.1299
2311.36410806,26502.301125,0.6848270, 68.1774,217.1759,233.4178,297.5516
2312.85767451,26502.093790,0.6848364, 68.1757,217.0394,233.3561,299.4148
2315.34672946,26501.611767,0.6848377, 68.1784,216.8147,233.2505,302.3856
2339.74577894,26500.555562,0.6857735, 68.2026,214.6272,232.1691,336.3844
2354.68742822,26499.524926,0.6864546, 68.2124,213.2837,231.5356,358.6097
2367.63834110,26508.371337,0.6875158, 68.2162,212.0900,230.9241, 17.6443
2374.11456818,26514.026961,0.6878982, 68.2288,211.5074,230.6582, 27.1879
2382.08582638,26514.618280,0.6884239, 68.2131,210.7768,230.3216, 38.8352
2383.08226834,26514.671746,0.6884624, 68.2139,210.6871,230.2793, 40.2842
2385.57340355,26514.842281,0.6886234, 68.2207,210.4652,230.1725, 43.8890
2390.05759664,26515.176968,0.6891244, 68.2190,210.0558,229.9823, 50.3484
2391.05411258,26515.209075,0.6892174, 68.2144,209.9619,229.9413, 51.7867
2392.05063337,26515.240666,0.6892910, 68.2095,209.8677,229.9008, 53.2237
2402.01625585,26516.004999,0.6898795, 68.2021,208.9473,229.4897, 67.5829
2409.98916139,26516.119040,0.6903559, 68.1762,208.1997,229.1628, 79.0622
2425.43826029,26515.798888,0.6913125, 68.1528,206.7519,228.5344,102.1870
2431.91725512,26515.323884,0.6917825, 68.1436,206.1424,228.2693,112.1908
2438.89501845,26514.518479,0.6919684, 68.1317,205.4851,227.9826,123.4353
2440.88869896,26514.350097,0.6920998, 68.1365,205.3018,227.8999,126.7000
2442.88244822,26514.094980,0.6922797, 68.1360,205.1148,227.8185,130.0283
2444.87619351,26513.741334,0.6924415, 68.1285,204.9230,227.7384,133.3769
2450.85759726,26512.682177,0.6925683, 68.1122,204.3492,227.4954,143.7213
2451.85449142,26512.537545,0.6925867, 68.1143,204.2564,227.4537,145.4616
2453.84834983,26512.237016,0.6926660, 68.1194,204.0715,227.3702,149.0073
2455.84221545,26511.895239,0.6927943, 68.1220,203.8852,227.2871,152.5796
2457.83610961,26511.501158,0.6929335, 68.1192,203.6957,227.2047,156.2005
2459.83006860,26511.068539,0.6930335, 68.1122,203.5038,227.1225,159.9036
2461.82393029,26510.634746,0.6930678, 68.1060,203.3127,227.0394,163.5752
2464.81485322,26510.045093,0.6930747, 68.1095,203.0341,226.9123,169.2407
2467.80583885,26509.469244,0.6932154, 68.1230,202.7610,226.7850,175.0067
2469.79982638,26509.034042,0.6933835, 68.1265,202.5751,226.7020,178.8812
2477.77618267,26507.167382,0.6936409, 68.1170,201.8141,226.3690,195.0767
2479.77031331,26506.702567,0.6936860, 68.1259,201.6307,226.2827,199.2464
2482.76154844,26505.991636,0.6938647, 68.1379,201.3549,226.1537,205.5830
2488.24565906,26504.867333,0.6941718, 68.1335,200.8342,225.9191,217.5441
2490.73843487,26504.291697,0.6941891, 68.1362,200.6016,225.8085,223.0811
2492.23413239,26504.053674,0.6942133, 68.1436,200.4657,225.7419,226.4475
2494.72695821,26503.453437,0.6943617, 68.1604,200.2414,225.6308,232.0775
2496.22271308,26503.242282,0.6945081, 68.1667,200.1039,225.5664,235.5105
2504.69885342,26502.258979,0.6949431, 68.1666,199.3018,225.1966,255.3712
2506.19461116,26502.142041,0.6949931, 68.1742,199.1650,225.1301,258.8804
2511.18046935,26501.798558,0.6953960, 68.1948,198.7060,224.9096,270.5630
2515.16991302,26501.836854,0.6956892, 68.1895,198.3262,224.7353,280.4537
2517.66313645,26501.892915,0.6957656, 68.1901,198.0924,224.6228,286.5032
2522.15009951,26501.663218,0.6960540, 68.2157,197.6860,224.4232,296.7084
2524.14477375,26501.603112,0.6963088, 68.2218,197.5008,224.3382,301.5372
2528.13423614,26501.560107,0.6966913, 68.2119,197.1158,224.1695,311.2305
2530.12912453,26501.339107,0.6967715, 68.2093,196.9248,224.0828,316.1701
2532.12281151,26501.052539,0.6968425, 68.2139,196.7382,223.9948,320.2149
2533.12008211,26500.808023,0.6968917, 68.2184,196.6460,223.9508,322.5345
2536.11205467,26499.903646,0.6971328, 68.2323,196.3691,223.8203,329.5551
2540.10335936,26500.136783,0.6975371, 68.2329,195.9866,223.6444,340.2632
2542.09825179,26505.626086,0.6977239, 68.2274,195.7913,223.5489,345.0387
2546.08789402,26551.815581,0.6984317, 68.2289,195.4108,223.3636,354.4187
2559.05286234,26511.840614,0.6992764, 68.2149,194.1346,222.8131, 22.8491
2562.04612196,26513.688100,0.6994961, 68.2239,193.8517,222.6906, 30.1805
2565.03888919,26514.081405,0.6998381, 68.2255,193.5643,222.5690, 37.0596
2570.03296516,26514.142316,0.7002900, 68.1998,193.0681,222.3654, 52.8140
2576.01869723,26514.819642,0.7006273, 68.1998,192.4917,222.1125, 66.3006
2578.01546036,26515.092843,0.7008762, 68.2019,192.2999,222.0325, 71.8164
2582.00276294,26515.405078,0.7013559, 68.1776,191.8968,221.8765, 78.2722
2584.00013757,26515.465587,0.7014605, 68.1639,191.6938,221.7944, 84.1823
2586.98896714,26515.816942,0.7015715, 68.1605,191.3994,221.6680, 87.7768
2588.98408633,26516.059424,0.7017109, 68.1642,191.2067,221.5849, 91.9957
2596.97019428,26516.188355,0.7024155, 68.1309,190.4047,221.2653,112.7928
2602.95733403,26516.332473,0.7026176, 68.1282,189.8159,221.0140,126.5939
2607.94699266,26516.168086,0.7031264, 68.1170,189.3173,220.8185,138.3107
2611.93881035,26515.732086,0.7032798, 68.0919,188.9063,220.6540,147.8221
2614.93259272,26515.630833,0.7033447, 68.0967,188.6124,220.5246,154.9225
2617.92791109,26515.456034,0.7035615, 68.1042,188.3200,220.4004,163.1306
2619.92392463,26515.233791,0.7037420, 68.1005,188.1196,220.3202,167.9871
2621.92062000,26514.947309,0.7038835, 68.0904,187.9152,220.2396,173.3599
2623.41804960,26514.724220,0.7039417, 68.0819,187.7614,220.1778,177.3421
2627.90994601,26514.176227,0.7039694, 68.0799,187.3144,219.9821,189.0856
2629.40737189,26513.999882,0.7040159, 68.0875,187.1704,219.9178,193.1053
2630.90485038,26513.827676,0.7041093, 68.0948,187.0260,219.8548,197.1664
2633.40065736,26513.414901,0.7043356, 68.0979,186.7793,219.7552,203.9594
2635.39732490,26513.049011,0.7044975, 68.0902,186.5751,219.6755,209.4431
2639.39098299,26512.346006,0.7045822, 68.0781,186.1684,219.5039,220.7664
2641.38777219,26511.984982,0.7046014, 68.0873,185.9743,219.4142,226.4411
2643.38448379,26511.584224,0.7046975, 68.1011,185.7829,219.3270,232.0717
2646.38011748,26510.951887,0.7049533, 68.1121,185.4895,219.2027,240.9610
2648.37718724,26510.547503,0.7051115, 68.1096,185.2879,219.1207,246.9139
2650.37427483,26510.154026,0.7052048, 68.1041,185.0848,219.0361,252.9232
2651.87215486,26509.902254,0.7052297, 68.1023,184.9340,218.9701,257.5053
2653.36995597,26509.500015,0.7052347, 68.1057,184.7866,218.9028,262.0519
2654.86783249,26509.157351,0.7052484, 68.1142,184.6422,218.8350,266.6685
2658.36299106,26507.962302,0.7054453, 68.1428,184.3097,218.6847,277.5657
2661.35893867,26507.022871,0.7057437, 68.1507,184.0131,218.5641,287.0425
2663.35650993,26506.428276,0.7058888, 68.1462,183.8093,218.4819,293.6175
2665.35376728,26505.736373,0.7059510, 68.1436,183.6069,218.3946,300.0199
2667.35117037,26504.790569,0.7059749, 68.1511,183.4106,218.3038,306.5720
2669.34861613,26503.535508,0.7060399, 68.1681,183.2197,218.2138,313.1830
2671.34611019,26501.974744,0.7061852, 68.1864,183.0289,218.1277,319.8492
2673.34367879,26500.032171,0.7063757, 68.1973,182.8330,218.0449,326.5962
2675.34126170,26497.616213,0.7065393, 68.1993,182.6314,217.9615,333.3937
2681.33428683,26548.696315,0.7072688, 68.2128,182.0262,217.6547,354.2932
2683.33192506,26475.447512,0.7065946, 68.2228,181.8315,217.6055,  1.2649
2685.32954203,26449.936418,0.7065969, 68.2357,181.6238,217.4466,  8.2771
2687.32720106,26491.636906,0.7073205, 68.2483,181.4200,217.3773, 15.2791
2689.32527508,26503.012391,0.7076462, 68.2487,181.2150,217.3101, 22.6114
2691.32326706,26504.898098,0.7078013, 68.2431,181.0091,217.2293, 29.9247
2693.32112561,26504.828116,0.7078744, 68.2426,180.8073,217.1393, 37.1698
2695.31906122,26504.435751,0.7079450, 68.2525,180.6120,217.0460, 44.4776
2696.81737906,26504.175181,0.7080419, 68.2648,180.4683,216.9763, 49.8535
2696.81745068,26504.173135,0.7080419, 68.2648,180.4683,216.9763, 49.9054
2699.31500518,26503.972330,0.7083110, 68.2820,180.2264,216.8686, 59.0991
2701.31288811,26503.900018,0.7085710, 68.2850,180.0266,216.7852, 66.3220
2703.31109802,26503.843393,0.7087969, 68.2789,179.8216,216.7011, 73.7795
2707.30688058,26503.870331,0.7090533, 68.2680,179.4128,216.5225, 88.2291
2709.30472536,26504.056003,0.7091464, 68.2741,179.2151,216.4304, 95.3978
2710.80345550,26504.355859,0.7092511, 68.2831,179.0696,216.3622,101.0035
2712.30201446,26504.557264,0.7094039, 68.2929,178.9239,216.2991,106.4607
2714.30014075,26504.864282,0.7096779, 68.2979,178.7250,216.2187,113.7385
2716.29840262,26505.008726,0.7099571, 68.2897,178.5178,216.1401,121.0930
2721.29333943,26505.422866,0.7103167, 68.2664,177.9969,215.9224,138.9290
2723.29138870,26505.832443,0.7104411, 68.2740,177.7981,215.8322,146.0714
2725.28956341,26506.255194,0.7106439, 68.2834,177.6003,215.7468,153.2581
2727.28744321,26506.587271,0.7109069, 68.2848,177.3977,215.6662,160.1903
2729.28546134,26506.823133,0.7111652, 68.2753,177.1887,215.5869,167.1968
2731.28347708,26507.037335,0.7113614, 68.2598,176.9760,215.5049,174.1868
2735.27932095,26507.666407,0.7115674, 68.2412,176.5573,215.3288,187.9756
2737.27699917,26508.095424,0.7116670, 68.2444,176.3551,215.2398,194.6416
2739.27473376,26508.540783,0.7118337, 68.2508,176.1544,215.1551,201.2979
2740.77300943,26508.897763,0.7120130, 68.2517,176.0015,215.0961,206.2382
2743.76958711,26509.382892,0.7123966, 68.2321,175.6823,214.9820,216.0809
2745.26789303,26509.601779,0.7125260, 68.2157,175.5186,214.9210,221.0029
2746.76607569,26509.912740,0.7126034, 68.2026,175.3566,214.8562,225.8284
2748.76357434,26510.328836,0.7126720, 68.1973,175.1475,214.7657,232.1787
2750.76112806,26510.722256,0.7127850, 68.2022,174.9441,214.6774,238.5177
2752.25927177,26511.003840,0.7129206, 68.2060,174.7914,214.6148,243.2185
2756.25426588,26511.748634,0.7133680, 68.1896,174.3682,214.4593,255.5961
2759.25020066,26512.359084,0.7135755, 68.1608,174.0413,214.3369,264.5944
2760.74832559,26512.586059,0.7136232, 68.1503,173.8799,214.2719,269.1915
2762.24608809,26512.867049,0.7136535, 68.1449,173.7215,214.2050,273.5094
2768.23744247,26513.213807,0.7140031, 68.1503,173.1008,213.9563,290.7647
2769.73525835,26513.195447,0.7141599, 68.1429,172.9396,213.9009,295.0096
2770.73381186,26513.251389,0.7142557, 68.1339,172.8298,213.8636,297.8425
2772.23159808,26513.414090,0.7143613, 68.1172,172.6635,213.8047,302.0607
2774.22860485,26513.374014,0.7144182, 68.0996,172.4444,213.7188,307.6599
2775.72628405,26513.027426,0.7144313, 68.0965,172.2855,213.6511,311.7983
2777.22383479,26512.614957,0.7144652, 68.1008,172.1307,213.5845,315.8252
2821.14403692,26514.825214,0.7163631, 68.1163,167.4379,211.6821, 67.9922
2836.11187311,26512.113982,0.7171686, 68.1711,165.8666,211.0402,104.3857
2840.10335744,26511.056147,0.7174453, 68.1636,165.4354,210.8752,114.3845
2844.09465105,26510.121098,0.7175158, 68.1738,165.0130,210.6899,124.4297
2981.72726949,26517.621563,0.7244511, 68.0507,149.8751,204.7002, 69.8578
2987.70927937,26517.289442,0.7246657, 68.0776,149.2178,204.4541, 79.6653
3017.11822151,26513.712834,0.7255495, 68.1827,145.9662,203.1833,127.9677
3028.08329867,26512.008742,0.7259599, 68.2440,144.7597,202.7241,146.4172
3030.07688469,26511.441160,0.7260233, 68.2342,144.5314,202.6405,149.8237
3033.06721600,26510.787774,0.7260652, 68.2382,144.1962,202.5021,154.9868
3036.05707391,26510.327553,0.7261139, 68.2643,143.8700,202.3663,159.8619
3038.05046277,26510.022209,0.7261745, 68.2825,143.6531,202.2840,163.2373
3040.04392520,26509.614549,0.7262551, 68.2912,143.4325,202.2082,166.6862
3043.03412100,26508.716471,0.7263728, 68.2804,143.0916,202.0947,171.9422
3045.02760706,26508.024680,0.7264204, 68.2674,142.8615,202.0099,175.5429
3048.01755733,26507.241285,0.7264552, 68.2719,142.5254,201.8690,180.8510
3054.99425887,26505.623414,0.7267436, 68.2975,141.7494,201.5977,193.5237
3059.97721326,26504.104867,0.7268304, 68.2678,141.1745,201.3737,202.6986
3060.97383305,26503.908902,0.7268386, 68.2703,141.0628,201.3258,204.5875
3062.96699050,26503.586481,0.7268643, 68.2801,140.8413,201.2329,208.3194
3066.45484946,26503.214133,0.7269533, 68.2910,140.4518,201.0867,214.7553
3068.44784958,26502.896176,0.7270177, 68.2812,140.2231,201.0088,218.4118
3070.93937983,26502.372320,0.7270799, 68.2537,139.9309,200.9046,223.2384
3074.92544051,26502.096991,0.7271166, 68.2312,139.4707,200.7108,230.7935
3076.91828591,26502.229508,0.7271515, 68.2435,139.2496,200.6165,234.4226
3087.87906887,26503.197720,0.7274022, 68.1712,137.9811,200.1432,254.2026
3091.86443559,26503.874381,0.7274537, 68.1767,137.5309,199.9587,260.9856
3093.85712224,26504.203322,0.7274978, 68.1727,137.3033,199.8768,264.3109
3095.84951705,26504.521505,0.7275434, 68.1561,137.0710,199.7980,267.3942
3101.82683580,26505.448096,0.7275979, 68.0972,136.3693,199.5211,276.7094
3104.81540266,26505.783035,0.7276458, 68.1145,136.0350,199.3833,281.1874
3116.27123623,26507.235194,0.7277908, 68.0478,134.7048,198.8748,297.5478
3117.76529755,26507.472782,0.7278071, 68.0534,134.5363,198.8047,299.4898
3121.74940266,26507.863814,0.7278642, 68.0557,134.0822,198.6345,304.4963
3189.95124920,26550.259367,0.7285732, 68.1910,126.3024,195.6318,355.4288
3195.92166914,26583.983531,0.7288995, 68.1830,125.6171,195.3730,357.2806
3206.86877189,26531.717892,0.7283191, 68.2158,124.3777,194.9749,  1.9328
3214.82903921,26463.569348,0.7275955, 68.2545,123.4761,194.5997,  4.9256
3217.81629949,26453.915103,0.7274888, 68.2361,123.1243,194.4676,  7.6505
3224.78285828,26473.570491,0.7276611, 68.2220,122.3179,194.1435, 11.7534
3229.75945237,26487.565032,0.7277476, 68.2412,121.7517,193.9480, 15.1793
3237.72301331,26500.577775,0.7277051, 68.1946,120.8259,193.6174, 21.9591
3242.70054932,26502.605963,0.7276221, 68.2269,120.2651,193.4207, 26.6959
3258.62855708,26502.766908,0.7272262, 68.1638,118.4290,192.7346, 43.5841
3263.60846991,26502.791000,0.7271005, 68.1134,117.8478,192.5011, 51.0431
3273.56484603,26503.035919,0.7268498, 68.0888,116.7061,192.0637, 63.4360
3291.98660392,26506.096729,0.7266375, 68.0260,114.5905,191.1926, 87.0694
3299.95561651,26507.252701,0.7264765, 68.0357,113.6863,190.8551, 98.5187
3302.94404107,26507.716110,0.7264503, 68.0165,113.3412,190.7085,102.8033
3346.28702516,26515.905950,0.7260368, 68.1491,108.4715,188.7718,164.1807
3346.28764169,26515.905367,0.7260368, 68.1492,108.4715,188.7718,164.6270
3354.26094169,26516.582778,0.7257255, 68.1987,107.5888,188.4684,175.9095
3400.11690693,26512.584430,0.7237950, 68.2477,102.4986,186.5591,250.0689
3458.45391541,26486.781057,0.7210814, 68.1860, 95.9938,183.9143, 18.5688
3598.17251803,26496.498698,0.7143864, 68.4196, 81.0418,177.7764, 20.3142
3612.15525844,26507.565616,0.7138305, 68.4218, 79.5750,177.1533, 65.5930
3620.64588572,26506.096161,0.7136615, 68.4476, 78.6875,176.7451, 94.7364
3623.14308000,26505.419533,0.7134522, 68.4608, 78.4288,176.6415,103.3356
3644.12201529,26503.080606,0.7128118, 68.5019, 76.2476,175.6330,179.3675
3658.11230971,26504.575503,0.7124266, 68.5816, 74.8016,174.9766,233.3724
3672.09958822,26506.975564,0.7120633, 68.6497, 73.3697,174.3386,283.9981
3685.08785278,26505.103250,0.7114465, 68.7204, 72.0475,173.7690,329.8245
3694.57783726,26576.308496,0.7114411, 68.7644, 71.0707,173.3505,  1.4987
3727.53617553,26515.364553,0.7086562, 68.8245, 67.7729,171.8581,101.7149
3765.97328024,26512.961907,0.7058178, 68.8196, 64.0028,170.0908,206.3418
3772.46116477,26512.289293,0.7054410, 68.8422, 63.3696,169.8009,223.5192
3794.41755181,26508.708745,0.7047464, 68.9013, 61.2163,168.7396,281.9612
3808.38855391,26505.160736,0.7044249, 68.9662, 59.8507,168.0791,320.0458
3822.85750847,26560.308001,0.7044885, 69.0786, 58.4110,167.3692,  0.1530
3833.83177930,26496.637577,0.7034793, 69.1137, 57.3359,166.8278, 29.4696
3846.80237222,26504.342243,0.7028692, 69.1859, 56.0845,166.2265, 64.3928
3851.78858067,26505.174407,0.7026589, 69.2364, 55.6037,166.0101, 75.7296
3861.76686457,26507.453978,0.7020843, 69.2533, 54.6599,165.5310,102.2207
3868.74891401,26508.480649,0.7014304, 69.2879, 54.0033,165.2211,118.2922
3879.72179296,26510.646334,0.7007548, 69.3208, 52.9738,164.7007,143.7631
3885.70604353,26511.659742,0.7002354, 69.3004, 52.4241,164.4028,156.6211
3899.67077996,26514.052389,0.6992106, 69.3099, 51.1348,163.7284,186.6979
3910.64082647,26515.325261,0.6984528, 69.3199, 50.1280,163.2111,207.9023
3914.62946063,26515.508726,0.6983492, 69.3153, 49.7609,163.0046,215.2278
3928.59240798,26515.272230,0.6976036, 69.3343, 48.4783,162.3214,242.7254
3930.58652759,26515.314282,0.6975789, 69.3501, 48.2920,162.2297,246.2506
3939.56053090,26514.335117,0.6970332, 69.3475, 47.4767,161.7888,262.6600
3942.55177050,26514.000184,0.6970776, 69.3599, 47.1988,161.6356,268.1699
3949.53107720,26513.496699,0.6967157, 69.3967, 46.5572,161.3098,280.9206
3950.52876739,26513.351655,0.6966339, 69.3939, 46.4674,161.2585,283.2398
3957.50769166,26512.185473,0.6966802, 69.4268, 45.8186,160.9030,296.1118
3959.50251750,26512.007321,0.6965992, 69.4436, 45.6339,160.8154,300.4194
3962.49408126,26511.637888,0.6963840, 69.4499, 45.3627,160.6747,306.4509
3976.95175008,26503.638606,0.6960389, 69.5257, 44.0304,159.9829,335.4016
3989.91142967,26555.185196,0.6961567, 69.6177, 42.8112,159.3218,  0.9070
3991.40699891,26551.286248,0.6960100, 69.6193, 42.6767,159.2737,  4.0826
3995.89343668,26489.229472,0.6953729, 69.6364, 42.2597,159.0099, 13.5836
3998.38560799,26489.562188,0.6954407, 69.6637, 42.0243,158.8825, 18.6673
4001.37615468,26493.657737,0.6953488, 69.6938, 41.7468,158.7479, 24.7330
4004.36612919,26496.797176,0.6950993, 69.7038, 41.4770,158.6061, 30.4363
4009.34989671,26499.876601,0.6950057, 69.7203, 41.0228,158.3474, 40.4291
4012.34020976,26500.577373,0.6949942, 69.7565, 40.7438,158.2116, 46.4494
4020.31422642,26502.579060,0.6943237, 69.7807, 40.0304,157.8260, 62.3754
4028.28797223,26503.746215,0.6940068, 69.8398, 39.3066,157.4458, 77.9273
4029.28469926,26503.923849,0.6938857, 69.8433, 39.2186,157.3995, 79.8456
4033.27152758,26504.859596,0.6934531, 69.8388, 38.8704,157.1955, 87.4415
4035.76275709,26505.524662,0.6933711, 69.8410, 38.6487,157.0619, 91.7722
4037.25780037,26505.761156,0.6933579, 69.8506, 38.5132,156.9874, 94.5638
4047.72177964,26507.797564,0.6924244, 69.8713, 37.5943,156.4753,112.6026
4050.71140747,26508.450969,0.6923502, 69.8807, 37.3289,156.3207,117.5836
4063.66546513,26510.812310,0.6913285, 69.8922, 36.2045,155.6603,137.6147
4075.62182171,26512.804919,0.6904484, 69.8946, 35.1749,155.0488,154.1479
4076.61814094,26513.025484,0.6904416, 69.8961, 35.0877,154.9953,155.4598
4082.59588744,26514.015295,0.6901562, 69.9216, 34.5663,154.7033,163.0036
4085.58457976,26514.228685,0.6898310, 69.9147, 34.3150,154.5485,166.5681
4097.53851059,26515.364691,0.6893836, 69.9324, 33.2823,153.9351,179.9090
4105.50729018,26515.443446,0.6892433, 69.9349, 32.5955,153.5066,188.3408
4112.47922545,26515.043136,0.6888770, 69.9634, 31.9934,153.1666,195.1447
4120.44681101,26514.521525,0.6889462, 69.9932, 31.2960,152.7496,202.9364
4131.40141039,26512.939893,0.6886728, 70.0317, 30.3485,152.1919,213.4743
4134.38863640,26512.748194,0.6887147, 70.0621, 30.0815,152.0515,216.1682
4154.30200224,26509.436569,0.6880110, 70.1749, 28.3545,151.0722,234.5129
4161.27053862,26508.392560,0.6880313, 70.2295, 27.7408,150.7257,240.7874
4168.73657208,26506.928210,0.6874545, 70.2664, 27.1053,150.3598,247.6682
4202.58083943,26504.503502,0.6856117, 70.4379, 24.2196,148.6419,281.5827
4208.55264258,26505.216307,0.6848798, 70.4408, 23.7315,148.3311,287.1540
4215.52087527,26506.199562,0.6846394, 70.4646, 23.1440,147.9594,294.3196
4222.48960092,26507.710062,0.6838960, 70.4628, 22.5804,147.5879,301.4982
4229.45837761,26508.933791,0.6837433, 70.4770, 22.0005,147.2107,308.4130
4232.44510198,26509.746548,0.6834281, 70.4842, 21.7558,147.0631,311.3015
4236.42773848,26510.604575,0.6830400, 70.4682, 21.4412,146.8343,315.3574
4240.41040303,26511.135715,0.6830384, 70.4745, 21.1100,146.6116,319.3314
4244.39317207,26511.809910,0.6828308, 70.4925, 20.7786,146.4128,323.2038
4247.38059021,26512.285127,0.6825340, 70.4888, 20.5412,146.2525,326.2885
4251.36401921,26512.348955,0.6823754, 70.4759, 20.2248,146.0208,330.4978
4254.35155657,26511.682395,0.6824437, 70.4820, 19.9769,145.8584,333.5478
4258.33494359,26509.634799,0.6823134, 70.5004, 19.6444,145.6667,337.4642
4262.31852323,26504.981823,0.6819096, 70.4927, 19.3282,145.4572,341.4374
4264.80821925,26499.621909,0.6818264, 70.4866, 19.1274,145.3149,343.8767
4272.27847555,26463.538471,0.6812846, 70.5222, 18.4954,144.9385,351.7384
4278.75281216,26495.976797,0.6813711, 70.5217, 17.9671,144.5138,358.5457
4287.21976499,26543.223910,0.6818565, 70.5707, 17.2585,144.1355,  7.5826
4289.21198586,26530.077163,0.6815647, 70.5685, 17.1004,144.0243,  9.7263
4295.18933563,26508.160789,0.6815145, 70.5888, 16.6006,143.6801, 16.7363
4305.65039114,26506.858106,0.6812535, 70.6305, 15.7406,143.1340, 29.6654
4319.60037522,26508.574800,0.6810896, 70.7037, 14.5860,142.4332, 49.1783
4322.09143473,26508.383690,0.6811749, 70.7252, 14.3730,142.3106, 52.7963
4322.09155786,26508.392683,0.6811750, 70.7252, 14.3730,142.3107, 52.8855
4326.57587707,26507.983404,0.6809660, 70.7661, 13.9963,142.1060, 59.7472
4329.56548449,26507.891511,0.6807130, 70.7746, 13.7585,141.9526, 64.4665
4333.55186691,26507.646680,0.6806426, 70.7852, 13.4373,141.7364, 71.0736
4336.54178523,26507.167655,0.6806918, 70.8094, 13.1854,141.5899, 76.1832
4341.52489602,26506.238656,0.6802999, 70.8462, 12.7757,141.3601, 84.7310
4358.96762997,26503.875729,0.6791303, 70.9170, 11.3757,140.4532,117.6463
4362.95490680,26503.555994,0.6790661, 70.9337, 11.0529,140.2393,125.7395
4365.44701942,26503.331635,0.6789438, 70.9528, 10.8473,140.1200,130.8567
4370.92969997,26502.649642,0.6782469, 70.9635, 10.4217,139.8317,142.2381
4371.92660162,26502.646583,0.6781728, 70.9621, 10.3451,139.7724,144.3689
4375.41577778,26502.865440,0.6780855, 70.9714, 10.0650,139.5766,151.8507
4376.91110156,26502.861935,0.6780308, 70.9818,  9.9419,139.5011,155.0185
4397.34878744,26504.728118,0.6763307, 71.0118,  8.3555,138.3881,198.9886
4400.83846056,26505.289349,0.6761659, 71.0030,  8.0896,138.1742,206.5606
4403.82962125,26506.121956,0.6761372, 71.0143,  7.8478,138.0118,212.9669
4414.79761612,26508.121910,0.6754141, 71.0109,  7.0129,137.3890,236.1489
4420.78040619,26509.722364,0.6753311, 71.0283,  6.5395,137.0701,248.5547
4426.26480022,26510.583480,0.6748891, 71.0182,  6.1303,136.7524,259.8244
4432.24788042,26511.980304,0.6749655, 71.0376,  5.6503,136.4229,271.9431
4437.73248697,26513.221475,0.6745974, 71.0416,  5.2334,136.1229,282.8685
4442.71887117,26514.017382,0.6746885, 71.0401,  4.8511,135.8315,292.9511
4445.71054500,26514.651989,0.6747939, 71.0540,  4.6102,135.6768,298.7834
4448.70244162,26515.429758,0.6747027, 71.0674,  4.3734,135.5291,304.7053
4450.19837906,26515.856514,0.6745967, 71.0693,  4.2597,135.4501,307.6464
4463.16403022,26517.015066,0.6744688, 71.1126,  3.2364,134.7707,333.5104
4473.63613540,26453.693294,0.6738320, 71.1464,  2.3993,134.2362,354.1492
4478.62369669,26547.520010,0.6745991, 71.1752,  1.9998,133.9546,  4.6427
4504.55889943,26508.007477,0.6734372, 71.3028,359.9531,132.6359, 61.2363
4516.53165793,26506.702432,0.6727457, 71.3613,359.0218,132.0252, 90.8900
4518.52760699,26506.483692,0.6725004, 71.3648,358.8753,131.9180, 96.2960
4533.99348851,26504.029069,0.6713744, 71.4097,357.7135,131.0936,137.3324
4542.97498807,26503.090035,0.6708184, 71.4450,357.0259,130.6118,162.9138
4546.96683171,26502.581439,0.6703411, 71.4439,356.7417,130.3801,174.4724
4552.45596457,26502.434828,0.6701796, 71.4476,356.3361,130.0597,190.7418
4558.44440932,26502.540981,0.6696822, 71.4652,355.8889,129.7418,208.6969
4562.43679384,26502.429927,0.6693254, 71.4553,355.6081,129.4946,220.7796
4569.42417727,26503.579940,0.6690650, 71.4764,355.0734,129.1082,242.3050
4579.40687664,26505.055606,0.6686379, 71.4672,354.3541,128.5116,273.2189
4589.39099849,26508.185843,0.6681145, 71.4685,353.6266,127.9416,304.4243
4595.38189261,26510.728528,0.6682042, 71.4863,353.1624,127.6103,323.0830
4599.37600045,26511.835844,0.6679281, 71.4883,352.8720,127.3925,335.4565
4601.37308048,26507.896510,0.6678452, 71.4827,352.7305,127.2806,341.6267
4603.37025486,26489.785881,0.6676807, 71.4780,352.5835,127.1777,347.8273
4605.36741479,26451.158521,0.6672408, 71.4780,352.4267,127.0574,353.9859
4608.36338020,26521.678215,0.6681599, 71.4940,352.1829,126.8397,  3.3401
4618.35027132,26508.615852,0.6677606, 71.4988,351.4452,126.2902, 34.2112
4625.34188592,26510.883110,0.6676966, 71.5323,350.8981,125.9385, 55.9342
4627.33948213,26511.593175,0.6676004, 71.5319,350.7551,125.8261, 62.0947
4637.32830913,26513.332493,0.6678063, 71.5607,349.9982,125.3059, 93.2354
4646.31887038,26514.109668,0.6675654, 71.5776,349.3333,124.8264,121.5111
4653.31190520,26513.753354,0.6672196, 71.6196,348.7912,124.4925,143.7330
4654.31100855,26513.713816,0.6671531, 71.6205,348.7200,124.4375,146.9944
4664.30139451,26513.177090,0.6670729, 71.6590,347.9675,123.9307,179.3138
4674.29161723,26511.666398,0.6665628, 71.6871,347.2342,123.4042,212.0503
4684.28154919,26509.877549,0.6657460, 71.7263,346.5005,122.8885,245.2444
4694.27098318,26508.560139,0.6651487, 71.7667,345.7664,122.3805,278.8648
4704.75886909,26507.903654,0.6644705, 71.7975,345.0043,121.8081,314.3931
4714.74636311,26485.800588,0.6635628, 71.8036,344.3057,121.2667,348.3237
4725.73134986,26501.601932,0.6627392, 71.8188,343.5188,120.5949, 25.4574
4735.71670550,26500.247674,0.6620892, 71.8359,342.8014,120.0219, 58.8336
4745.70091240,26501.624561,0.6618818, 71.8385,342.0975,119.4422, 91.3650
4756.68215536,26503.768021,0.6614699, 71.8334,341.3292,118.7935,125.6905
4767.66222650,26506.076980,0.6610704, 71.8326,340.5595,118.1535,158.3089
4778.64096122,26508.335656,0.6608121, 71.8396,339.7808,117.5443,188.9075
4781.13596114,26508.873088,0.6608829, 71.8365,339.6036,117.3936,195.6246
4793.61003099,26511.450000,0.6607087, 71.8551,338.6976,116.7108,227.6422
4803.58824478,26513.378681,0.6606153, 71.8795,337.9680,116.2002,251.6367
4814.56312238,26514.816501,0.6604011, 71.9097,337.1554,115.6298,276.6396
4829.52729872,26515.996474,0.6599592, 71.9480,336.0775,114.8600,309.1716
4839.50227001,26518.059385,0.6596370, 71.9754,335.3556,114.3395,330.2477
4853.46635967,26457.561900,0.6580194, 72.0094,334.3506,113.5876,359.9070
4863.43939066,26514.366205,0.6579303, 72.0291,333.6680,113.0586, 21.0181
4863.43939067,26514.366197,0.6579303, 72.0291,333.6680,113.0586, 21.0181
4872.91385400,26505.600594,0.6569736, 72.0529,333.0075,112.5310, 41.9197
4878.89693700,26504.219475,0.6568327, 72.0620,332.5934,112.1978, 54.9727
4888.86872940,26502.978856,0.6559965, 72.0686,331.9352,111.6274, 77.3669
4898.83988511,26501.662677,0.6552704, 72.0849,331.2498,111.0602,100.0303
4908.81035876,26501.186558,0.6550252, 72.0891,330.5727,110.4836,122.6797
4918.78003235,26501.660406,0.6546784, 72.0807,329.9118,109.8834,144.8913
4928.74907308,26502.674010,0.6542363, 72.0823,329.2338,109.2992,166.3607
4948.68557379,26506.841662,0.6541354, 72.0873,327.8435,108.1867,206.1731
4958.65239999,26508.860979,0.6540316, 72.0855,327.1588,107.6232,223.7849
4977.58758869,26512.716499,0.6536104, 72.1101,325.8178,106.6353,253.6172
4977.58857276,26512.721640,0.6536099, 72.1101,325.8177,106.6353,254.3296
4988.05024679,26513.811146,0.6534794, 72.1189,325.0891,106.0824,268.0375
5009.96865708,26514.354343,0.6522756, 72.1535,323.5783,104.9366,294.9827
5020.92574375,26513.998276,0.6516191, 72.1776,322.8267,104.3810,307.2046
5034.86921677,26513.602835,0.6505821, 72.2000,321.8908,103.6201,322.4543
5045.32534544,26514.521737,0.6500910, 72.2157,321.1915,103.0568,333.7943
5054.78452689,26512.670018,0.6496106, 72.2168,320.5874,102.5198,344.0933
5062.74935016,26475.439062,0.6484121, 72.2242,320.0629,102.0897,352.7410
5068.72254283,26440.520871,0.6478461, 72.2241,319.6577,101.7062,359.2858
5077.68153218,26511.103662,0.6481878, 72.2309,319.0820,101.1663,  8.8900
5084.15154676,26515.549762,0.6481318, 72.2332,318.6465,100.8157, 15.7819
5091.61639533,26508.435079,0.6476143, 72.2284,318.1707,100.3588, 23.4304
5101.56907678,26504.433688,0.6473591, 72.2272,317.5069, 99.7949, 33.1099
5109.03332532,26504.177218,0.6474212, 72.2146,317.0209, 99.3509, 39.9322
5119.48305336,26505.618543,0.6471946, 72.2084,316.3229, 98.7513, 48.6324
5120.47825976,26505.738702,0.6472440, 72.2073,316.2539, 98.6970, 49.4106
5129.93310609,26507.546571,0.6470490, 72.2073,315.6128, 98.1935, 56.5916
5139.88596605,26509.366948,0.6470358, 72.2050,314.9260, 97.6625, 63.6237
5149.34181971,26511.198803,0.6469456, 72.1999,314.2893, 97.1492, 70.0231
5161.28728197,26512.902800,0.6465159, 72.2027,313.4894, 96.5267, 78.1135
5171.74081148,26513.623514,0.6459429, 72.2135,312.7750, 95.9833, 85.6153
5180.70202428,26513.465481,0.6456229, 72.2229,312.1618, 95.5362, 92.6412
5192.65169983,26512.732215,0.6449901, 72.2308,311.3782, 94.9036,103.2186
5202.61097493,26511.622795,0.6443132, 72.2380,310.7350, 94.3539,113.3694
5208.08918013,26510.481577,0.6439039, 72.2480,310.3729, 94.0731,119.6191
5215.55988737,26509.232396,0.6434479, 72.2481,309.9163, 93.6453,128.8674
5222.53308396,26507.520362,0.6429868, 72.2585,309.4571, 93.2676,138.3082
5228.51045206,26506.488785,0.6427252, 72.2548,309.0913, 92.9073,147.0253
5231.49940963,26505.855283,0.6426595, 72.2563,308.8938, 92.7476,151.6841
5235.48468319,26504.922754,0.6423740, 72.2614,308.6399, 92.5292,158.0045
5240.46642169,26503.942920,0.6421217, 72.2594,308.3424, 92.2308,166.2231
5244.45203439,26503.368330,0.6421233, 72.2550,308.0918, 92.0000,173.1054
5250.43069338,26502.353235,0.6417913, 72.2608,307.7029, 91.6626,183.7766
5277.33841805,26502.362162,0.6413978, 72.2390,305.9798, 90.1210,235.7060
5284.81365890,26503.321383,0.6415116, 72.2241,305.4954, 89.6916,250.4949
5290.79438333,26504.470136,0.6413178, 72.2226,305.0981, 89.3755,262.4121
5297.27353058,26505.572207,0.6413588, 72.2101,304.6863, 89.0114,275.0632
5305.74663976,26507.690094,0.6411190, 72.2073,304.1170, 88.5630,291.3230
5311.22958478,26508.813472,0.6412215, 72.1961,303.7564, 88.2637,301.7767
5317.70954574,26510.939823,0.6409456, 72.1964,303.3179, 87.9371,313.8475
5326.68225987,26516.010832,0.6408758, 72.1865,302.7352, 87.4557,330.4130
5332.66421771,26523.435219,0.6405760, 72.1906,302.3377, 87.1419,341.2642
5339.64353006,26493.683975,0.6401891, 72.1790,301.8773, 86.8114,353.9409
5346.62310114,26489.720858,0.6396395, 72.1828,301.4082, 86.3800,  6.6507
5352.10718852,26523.813839,0.6399253, 72.1817,301.0605, 86.1167, 16.6532
5359.08715349,26519.010982,0.6393469, 72.1888,300.6016, 85.7600, 29.5487
5371.05342100,26513.680473,0.6387796, 72.1887,299.8378, 85.1165, 52.3324
5380.02860858,26511.833919,0.6384266, 72.1865,299.2912, 84.6170, 70.1823
5384.01793226,26510.918848,0.6382059, 72.1907,299.0319, 84.4076, 78.5222
5384.01793712,26510.918794,0.6382059, 72.1907,299.0319, 84.4076, 78.5257
5391.49770820,26509.551309,0.6378974, 72.1897,298.5781, 83.9728, 94.3532
5391.99616786,26509.463684,0.6378978, 72.1892,298.5461, 83.9463, 95.2844
5393.49239783,26509.044253,0.6378757, 72.1888,298.4487, 83.8683, 98.7034
5395.48709304,26508.535531,0.6377802, 72.1902,298.3192, 83.7647,103.0860
5396.48444909,26508.296059,0.6377117, 72.1914,298.2560, 83.7114,105.2958
5400.47402498,26507.462008,0.6374468, 72.1947,298.0159, 83.4848,114.3385
5402.96751106,26507.024013,0.6373752, 72.1931,297.8700, 83.3384,120.0698
5402.96753414,26507.023940,0.6373752, 72.1931,297.8700, 83.3384,120.0865
5407.45591213,26506.064768,0.6373634, 72.1886,297.5953, 83.0869,130.6175
5407.45591250,26506.064767,0.6373634, 72.1886,297.5953, 83.0869,130.6178
5409.45079157,26505.583468,0.6373155, 72.1890,297.4676, 82.9797,135.3837
5409.45079485,26505.583466,0.6373155, 72.1890,297.4676, 82.9797,135.3861
5409.45079794,26505.583464,0.6373155, 72.1890,297.4676, 82.9797,135.3883
5409.45080025,26505.583463,0.6373155, 72.1890,297.4676, 82.9797,135.3900
5419.92424147,26503.685185,0.6370932, 72.1839,296.8227, 82.3713,161.2014
5419.92429766,26503.685119,0.6370932, 72.1839,296.8227, 82.3713,161.2421
5419.92430565,26503.685110,0.6370932, 72.1839,296.8227, 82.3713,161.2479
5421.42050036,26503.420232,0.6370758, 72.1830,296.7249, 82.2921,164.9881
5423.41565803,26503.069700,0.6369954, 72.1836,296.5966, 82.1849,170.1626
5423.41566196,26503.069702,0.6369954, 72.1836,296.5966, 82.1849,170.1655
5425.90955009,26502.668315,0.6368725, 72.1847,296.4431, 82.0437,176.6255
5425.90958489,26502.668326,0.6368725, 72.1847,296.4431, 82.0437,176.6507
5426.90711221,26502.526751,0.6368359, 72.1846,296.3836, 81.9851,179.2252
5426.90711496,26502.526751,0.6368359, 72.1846,296.3836, 81.9851,179.2272
5426.90712250,26502.526751,0.6368359, 72.1846,296.3836, 81.9851,179.2327
5428.90226488,26502.288530,0.6368017, 72.1828,296.2658, 81.8666,184.4621
5429.89976892,26502.193129,0.6368045, 72.1812,296.2065, 81.8078,187.0356
5430.89740763,26502.112529,0.6368175, 72.1792,296.1466, 81.7497,189.7109
5433.89021876,26501.941314,0.6368750, 72.1732,295.9606, 81.5822,197.6804
5435.38665339,26501.895196,0.6368842, 72.1712,295.8644, 81.5013,201.6942
5438.37957240,26501.768466,0.6368175, 72.1708,295.6713, 81.3385,209.7686
5441.87136832,26501.559728,0.6367067, 72.1703,295.4567, 81.1325,219.2466
5441.87139028,26501.559735,0.6367067, 72.1703,295.4567, 81.1325,219.2626
5444.86439398,26501.584826,0.6367845, 72.1625,295.2735, 80.9541,227.4163
5449.85296849,26502.065463,0.6368363, 72.1522,294.9429, 80.6907,241.1202
5451.34966632,26502.216963,0.6367788, 72.1516,294.8463, 80.6100,245.3056
5454.84185127,26502.425193,0.6366877, 72.1490,294.6310, 80.4119,254.9629
5454.84187814,26502.425153,0.6366877, 72.1490,294.6310, 80.4119,254.9824
5456.83743603,26502.588691,0.6367024, 72.1449,294.5097, 80.2974,260.4954
5456.83744007,26502.588682,0.6367024, 72.1449,294.5097, 80.2974,260.4984
5457.83523917,26502.688310,0.6367253, 72.1422,294.4481, 80.2413,263.2619
5457.83523919,26502.688310,0.6367253, 72.1422,294.4481, 80.2413,263.2619
5457.83524984,26502.688284,0.6367253, 72.1422,294.4481, 80.2413,263.2696
5459.83087562,26502.937092,0.6367821, 72.1365,294.3220, 80.1326,268.7990
5462.82438326,26503.446918,0.6368221, 72.1300,294.1256, 79.9769,277.0936
5462.82441778,26503.446796,0.6368221, 72.1300,294.1256, 79.9769,277.1186
5464.82010419,26503.851847,0.6367838, 72.1284,293.9936, 79.8731,282.6238
5464.82011489,26503.851819,0.6367838, 72.1284,293.9936, 79.8731,282.6316
5467.31478810,26504.363794,0.6366936, 72.1277,293.8338, 79.7362,289.5221
5469.80955176,26504.759433,0.6366620, 72.1245,293.6800, 79.5916,296.4367
5469.80955478,26504.759451,0.6366620, 72.1245,293.6800, 79.5916,296.4389
5470.80746108,26504.913193,0.6366848, 72.1218,293.6181, 79.5341,299.1927
5472.80332339,26505.294613,0.6367664, 72.1151,293.4895, 79.4248,304.7102
5472.80332977,26505.294728,0.6367664, 72.1151,293.4895, 79.4248,304.7148
5474.79923514,26505.881954,0.6368131, 72.1092,293.3539, 79.3236,310.2253
5475.79720600,26506.265917,0.6368017, 72.1074,293.2852, 79.2741,312.9795
5476.79518617,26506.710360,0.6367685, 72.1063,293.2173, 79.2239,315.7318
5476.79522107,26506.712501,0.6367685, 72.1063,293.2173, 79.2239,315.7571
5477.79321205,26507.226555,0.6367218, 72.1058,293.1507, 79.1723,318.5090
5477.79322288,26507.227466,0.6367218, 72.1058,293.1507, 79.1723,318.5169
5486.77554764,26521.537130,0.6367607, 72.0930,292.5854, 78.6753,343.2318
5487.77364030,26523.389752,0.6368132, 72.0903,292.5202, 78.6283,345.9751
5489.76987007,26515.032173,0.6367325, 72.0853,292.3868, 78.5494,351.4583
5489.76987876,26515.005076,0.6367322, 72.0853,292.3868, 78.5494,351.4646
5495.75876151,26486.224000,0.6361250, 72.0807,291.9820, 78.1748,  7.9234
5496.75698728,26502.146432,0.6363238, 72.0808,291.9189, 78.1254, 10.6898
5498.75337497,26516.754323,0.6365093, 72.0782,291.7930, 78.0333, 16.1573
5499.75156449,26518.618533,0.6365412, 72.0759,291.7284, 77.9865, 18.8803
5500.74978974,26518.906500,0.6365502, 72.0734,291.6622, 77.9395, 21.6234
5501.74803911,26518.465275,0.6365372, 72.0713,291.5946, 77.8925, 24.3774
5502.74641533,26517.739048,0.6365006, 72.0697,291.5264, 77.8451, 27.2168
5504.74296118,26516.367407,0.6363716, 72.0687,291.3917, 77.7469, 32.7277
5504.74297096,26516.365441,0.6363715, 72.0687,291.3917, 77.7469, 32.7347
5505.74113317,26515.843789,0.6362943, 72.0689,291.3264, 77.6952, 35.4019
5505.74124218,26515.824768,0.6362940, 72.0689,291.3264, 77.6952, 35.4809
5505.74126133,26515.821435,0.6362940, 72.0689,291.3264, 77.6952, 35.4948
5506.73943867,26515.397875,0.6362203, 72.0692,291.2629, 77.6418, 38.1681
5506.73944529,26515.396892,0.6362203, 72.0692,291.2629, 77.6418, 38.1729
5507.73773910,26515.041518,0.6361572, 72.0693,291.2007, 77.5871, 40.9259
5507.73775317,26515.039764,0.6361572, 72.0693,291.2007, 77.5871, 40.9361
5508.73607929,26514.752161,0.6361087, 72.0690,291.1394, 77.5315, 43.7081
5508.73608921,26514.751128,0.6361087, 72.0690,291.1394, 77.5315, 43.7152
5509.73439019,26514.521735,0.6360758, 72.0681,291.0785, 77.4759, 46.4644
5509.73440613,26514.520349,0.6360758, 72.0681,291.0785, 77.4759, 46.4760
5510.73274477,26514.332247,0.6360567, 72.0668,291.0175, 77.4207, 49.2479
5510.73276394,26514.330855,0.6360567, 72.0668,291.0175, 77.4207, 49.2618
5511.73114050,26514.175082,0.6360481, 72.0651,290.9561, 77.3663, 52.0568
5511.73115259,26514.174350,0.6360481, 72.0651,290.9561, 77.3663, 52.0655
5512.72951040,26514.047114,0.6360456, 72.0632,290.8939, 77.3130, 54.8425
5512.72951625,26514.046816,0.6360456, 72.0632,290.8939, 77.3130, 54.8467
5513.72789487,26513.941548,0.6360447, 72.0613,290.8307, 77.2608, 57.6345
5514.72628472,26513.853720,0.6360405, 72.0596,290.7667, 77.2098, 60.4262
5514.72629370,26513.853393,0.6360405, 72.0596,290.7667, 77.2098, 60.4327
5515.72468707,26513.782625,0.6360285, 72.0582,290.7018, 77.1595, 63.2229
5519.71841417,26513.660822,0.6358601, 72.0584,290.4410, 76.9570, 74.4615
5524.71079689,26513.795550,0.6356473, 72.0592,290.1343, 76.6789, 88.6271
5526.70783122,26513.790990,0.6356592, 72.0555,290.0104, 76.5704, 94.3431
5527.70637858,26513.755128,0.6356662, 72.0535,289.9463, 76.5188, 97.2206
5528.70492571,26513.700481,0.6356610, 72.0519,289.8808, 76.4688,100.0964
5529.20420477,26513.659239,0.6356516, 72.0513,289.8477, 76.4442,101.5378
5529.70349981,26513.634206,0.6356373, 72.0509,289.8146, 76.4195,102.9906
5530.20276694,26513.589417,0.6356175, 72.0507,289.7815, 76.3950,104.4229
5530.70207021,26513.564994,0.6355931, 72.0506,289.7485, 76.3701,105.8814
5531.70065538,26513.501028,0.6355318, 72.0511,289.6831, 76.3197,108.7831
5532.69925100,26513.448367,0.6354604, 72.0520,289.6190, 76.2678,111.6930
5533.69785141,26513.409009,0.6353878, 72.0531,289.5564, 76.2141,114.6076
5538.19169570,26513.272997,0.6351904, 72.0536,289.2864, 75.9628,127.8495
5539.68969697,26513.225723,0.6351731, 72.0518,289.1961, 75.8807,132.3117
5540.18904070,26513.175696,0.6351691, 72.0512,289.1656, 75.8539,133.8074
5540.68839769,26513.164378,0.6351651, 72.0504,289.1349, 75.8273,135.3135
5542.18644454,26513.021259,0.6351483, 72.0488,289.0416, 75.7490,139.8181
5543.18516015,26512.921095,0.6351284, 72.0482,288.9785, 75.6975,142.8378
5545.18262405,26512.676087,0.6350581, 72.0487,288.8516, 75.5943,148.9110
5547.67947455,26512.345121,0.6349220, 72.0520,288.6955, 75.4598,156.5403
5547.67947466,26512.345121,0.6349220, 72.0520,288.6955, 75.4598,156.5403
5550.17639306,26511.983090,0.6348060, 72.0546,288.5458, 75.3160,164.2498
5551.67455853,26511.846017,0.6347831, 72.0540,288.4574, 75.2285,168.9023
5552.17395275,26511.764972,0.6347839, 72.0534,288.4277, 75.1998,170.4599
5554.17156091,26511.552013,0.6348054, 72.0499,288.3058, 75.0891,176.7264
5556.66863101,26511.243697,0.6347917, 72.0464,288.1466, 74.9594,184.6323
5559.66518450,26510.694944,0.6346498, 72.0478,287.9561, 74.8024,194.2201
5560.16461646,26510.560948,0.6346202, 72.0486,287.9253, 74.7749,195.8289
5562.16234607,26510.145766,0.6345157, 72.0509,287.8053, 74.6617,202.2841
5565.15901927,26509.544065,0.6344504, 72.0507,287.6299, 74.4879,212.0825
5571.15256868,26508.396715,0.6344425, 72.0440,287.2655, 74.1606,232.0420
5572.65098697,26508.122870,0.6344042, 72.0444,287.1720, 74.0805,237.1011
5573.15045641,26507.982540,0.6343878, 72.0449,287.1410, 74.0532,238.7896
5574.64888108,26507.675314,0.6343312, 72.0466,287.0490, 73.9698,243.8799
5576.14730855,26507.267465,0.6342810, 72.0485,286.9593, 73.8827,248.9931
5577.64573932,26506.896944,0.6342583, 72.0491,286.8713, 73.7933,254.1291
5578.14521448,26506.726855,0.6342602, 72.0489,286.8421, 73.7632,255.8445
5579.14417559,26506.457123,0.6342768, 72.0478,286.7833, 73.7039,259.2894
5582.14108599,26505.757065,0.6343658, 72.0408,286.5990, 73.5360,269.6928
5583.63954634,26505.497578,0.6343744, 72.0379,286.5027, 73.4572,274.9247
5584.63853238,26505.307301,0.6343567, 72.0370,286.4383, 73.4048,278.4318
5586.63649953,26504.903399,0.6342831, 72.0372,286.3120, 73.2969,285.4677
5588.13497898,26504.540451,0.6342231, 72.0383,286.2204, 73.2120,290.7700
5589.13396680,26504.307408,0.6341931, 72.0389,286.1607, 73.1539,294.3164
5591.13194072,26503.846599,0.6341718, 72.0385,286.0430, 73.0361,301.4322
5592.13093168,26503.641288,0.6341800, 72.0373,285.9840, 72.9775,305.0046
5593.12992911,26503.472808,0.6341967, 72.0357,285.9245, 72.9196,308.5891
5593.62942280,26503.432784,0.6342071, 72.0347,285.8944, 72.8912,310.3803
5597.12586417,26503.741362,0.6342687, 72.0279,285.6782, 72.6961,322.9576
5600.12280171,26507.003143,0.6342793, 72.0263,285.4886, 72.5275,333.7947
5603.11969412,26516.983168,0.6343734, 72.0277,285.3038, 72.3519,344.6535
5603.61916821,26518.318402,0.6343997, 72.0277,285.2736, 72.3251,346.4603
5606.61599864,26473.824406,0.6339092, 72.0191,285.0907, 72.1785,357.2959
5606.61600404,26473.790080,0.6339087, 72.0191,285.0907, 72.1784,357.2999
5607.61493912,26449.637492,0.6336240, 72.0142,285.0247, 72.0961,  0.9318
5608.11440575,26447.873299,0.6336367, 72.0121,284.9907, 72.0503,  2.7510
5611.61066499,26503.179392,0.6345217, 72.0053,284.7519, 71.8577, 15.4222
5612.60958161,26507.384945,0.6345399, 72.0046,284.6859, 71.8139, 19.0324
5614.10794502,26508.359634,0.6344860, 72.0043,284.5895, 71.7394, 24.4478
5614.60740161,26508.164104,0.6344637, 72.0042,284.5582, 71.7122, 26.2562
5617.60407692,26505.971637,0.6343932, 72.0021,284.3752, 71.5407, 37.0654
5618.10351470,26505.623444,0.6343957, 72.0013,284.3450, 71.5118, 38.8609
5623.59721542,26503.672740,0.6345416, 71.9850,284.0043, 71.2066, 58.5066
5626.09428649,26503.362688,0.6345692, 71.9793,283.8431, 71.0762, 67.3637
5626.09428887,26503.362621,0.6345693, 71.9793,283.8431, 71.0762, 67.3654
5627.09309839,26503.325383,0.6345658, 71.9780,283.7787, 71.0235, 70.8888
5628.09189009,26503.324203,0.6345571, 71.9771,283.7147, 70.9700, 74.3954
5630.08946371,26503.410935,0.6345394, 71.9759,283.5890, 70.8598, 81.3896
5631.08821456,26503.491756,0.6345401, 71.9751,283.5272, 70.8031, 84.8542
5632.58634924,26503.674145,0.6345654, 71.9725,283.4354, 70.7172, 90.0485
5633.08569604,26503.697885,0.6345811, 71.9714,283.4047, 70.6888, 91.7544
5635.08316286,26503.908420,0.6346730, 71.9643,283.2798, 70.5779, 98.6225
5636.08187001,26503.999087,0.6347222, 71.9599,283.2152, 70.5252,102.0283
5636.08188133,26503.999001,0.6347222, 71.9599,283.2152, 70.5252,102.0365
5638.57862193,26504.225847,0.6347771, 71.9504,283.0479, 70.3995,110.5022
5640.07664229,26504.354945,0.6347504, 71.9475,282.9474, 70.3236,115.5434
5641.07530723,26504.487792,0.6347207, 71.9465,282.8819, 70.2713,118.8845
5645.06985472,26505.202084,0.6346677, 71.9421,282.6314, 70.0513,132.0946
5646.06846918,26505.401853,0.6346815, 71.9397,282.5698, 69.9964,135.3618
5650.06280206,26506.181445,0.6347634, 71.9269,282.3180, 69.7869,148.2606
5650.06280645,26506.181432,0.6347634, 71.9269,282.3180, 69.7869,148.2638
5651.06136154,26506.363195,0.6347732, 71.9239,282.2535, 69.7368,151.4480
5651.06136792,26506.363178,0.6347732, 71.9239,282.2535, 69.7368,151.4526
5653.05843904,26506.709921,0.6347674, 71.9198,282.1236, 69.6371,157.7684
5653.05845140,26506.709896,0.6347674, 71.9198,282.1236, 69.6371,157.7773
5656.05394752,26507.206220,0.6347137, 71.9177,281.9309, 69.4830,167.1098
5656.05396198,26507.206191,0.6347137, 71.9177,281.9309, 69.4830,167.1203
5657.05242109,26507.375016,0.6346961, 71.9175,281.8680, 69.4296,170.1862
5657.05242369,26507.375010,0.6346961, 71.9175,281.8680, 69.4296,170.1881
5662.04462683,26508.339916,0.6347486, 71.9087,281.5574, 69.1580,185.3312
5663.04302808,26508.554490,0.6347786, 71.9049,281.4932, 69.1065,188.3076
5663.04304010,26508.554449,0.6347786, 71.9049,281.4932, 69.1065,188.3163
5664.04146057,26508.765487,0.6347999, 71.9011,281.4276, 69.0566,191.2989
5665.03986323,26508.965025,0.6348046, 71.8976,281.3610, 69.0078,194.2609
5667.03656330,26509.305800,0.6347552, 71.8936,281.2273, 68.9098,200.0867
5667.03656853,26509.305793,0.6347552, 71.8936,281.2273, 68.9098,200.0905
5667.03659292,26509.305762,0.6347552, 71.8936,281.2273, 68.9098,200.1081
5667.03659386,26509.305760,0.6347552, 71.8936,281.2273, 68.9098,200.1088
5667.03659989,26509.305753,0.6347552, 71.8936,281.2273, 68.9098,200.1132
5668.03494862,26509.450485,0.6347112, 71.8931,281.1617, 68.8588,203.0143
5668.03494863,26509.450485,0.6347112, 71.8931,281.1617, 68.8588,203.0143
5671.02989956,26509.860828,0.6346058, 71.8933,280.9729, 68.6971,211.6054
5677.01961056,26510.793182,0.6346159, 71.8812,280.6009, 68.3792,228.4620
5678.01785189,26510.943273,0.6346101, 71.8790,280.5372, 68.3293,231.2178
5679.01608586,26511.084964,0.6345962, 71.8773,280.4732, 68.2796,233.9628
5681.01250867,26511.336564,0.6345459, 71.8760,280.3454, 68.1795,239.4038
5682.01070133,26511.444326,0.6345137, 71.8762,280.2821, 68.1283,242.1031
5683.00888682,26511.536271,0.6344810, 71.8769,280.2194, 68.0760,244.7921
5683.00889042,26511.536258,0.6344810, 71.8769,280.2194, 68.0760,244.7947
5684.00706258,26511.614510,0.6344520, 71.8777,280.1575, 68.0225,247.4694
5687.99957649,26511.842942,0.6344325, 71.8766,279.9139, 67.8037,257.9963
5689.49674017,26511.915910,0.6344613, 71.8733,279.8210, 67.7239,261.9060
5695.98419624,26512.386349,0.6343153, 71.8643,279.4015, 67.3942,278.5868
5695.98427706,26512.385540,0.6343152, 71.8643,279.4015, 67.3942,278.6453
5698.97825461,26512.335740,0.6342165, 71.8669,279.2190, 67.2271,286.1446
5701.97223070,26512.200850,0.6342193, 71.8638,279.0381, 67.0622,293.6263
5701.97223232,26512.200830,0.6342193, 71.8638,279.0381, 67.0622,293.6275
5708.95786588,26512.023779,0.6341033, 71.8584,278.6019, 66.6995,310.8423
5711.95149155,26512.110591,0.6340143, 71.8628,278.4196, 66.5340,318.0736
5718.93642135,26515.777283,0.6341209, 71.8567,277.9924, 66.1433,334.8718
5721.92985866,26522.769576,0.6341331, 71.8552,277.8005, 65.9813,342.0454
5727.91646036,26501.859954,0.6338379, 71.8565,277.4384, 65.6773,356.2789
5727.91646271,26501.845428,0.6338377, 71.8565,277.4384, 65.6774,356.2806
5727.91646866,26501.808644,0.6338372, 71.8565,277.4384, 65.6774,356.2849
5731.90739263,26465.216666,0.6334379, 71.8464,277.1843, 65.4007,  5.8050
5739.88885763,26515.157467,0.6340475, 71.8557,276.6901, 64.9902, 24.7884
5740.38763078,26515.101492,0.6340526, 71.8561,276.6607, 64.9623, 25.9412
5747.86979286,26511.372982,0.6341916, 71.8437,276.1985, 64.5585, 43.8829
5750.86257678,26510.111825,0.6341207, 71.8449,276.0118, 64.3939, 51.1333
5752.85775239,26509.395995,0.6341157, 71.8467,275.8923, 64.2778, 55.9988
5759.34181880,26507.134185,0.6343011, 71.8356,275.4996, 63.9148, 71.8507
5759.84057072,26507.014485,0.6343078, 71.8347,275.4684, 63.8885, 73.0685
5762.83311662,26506.206361,0.6343192, 71.8328,275.2822, 63.7285, 80.4414
5768.31931488,26505.045408,0.6344120, 71.8345,274.9500, 63.4177, 94.0382
5770.31424614,26504.652481,0.6345183, 71.8301,274.8288, 63.3049, 98.9991
5771.31168720,26504.441423,0.6345732, 71.8267,274.7666, 63.2505,101.4717
5771.31169379,26504.441355,0.6345732, 71.8267,274.7666, 63.2505,101.4765
5772.30914700,26504.221424,0.6346193, 71.8229,274.7032, 63.1975,103.9646
5775.30147647,26503.601231,0.6346637, 71.8148,274.5094, 63.0408,111.4453
5781.78468004,26502.861235,0.6347375, 71.8111,274.1080, 62.6748,127.6810
5784.27819473,26502.662537,0.6348418, 71.8033,273.9541, 62.5367,133.9466
5785.77427322,26502.545651,0.6348887, 71.7982,273.8599, 62.4574,137.6920
5788.76640968,26502.354079,0.6349325, 71.7913,273.6700, 62.3004,145.1810
5790.76111337,26502.272884,0.6349453, 71.7898,273.5444, 62.1938,150.1393
5796.24648797,26502.351750,0.6351049, 71.7848,273.2056, 61.8881,163.7200
5801.73172120,26502.660811,0.6353144, 71.7620,272.8512, 61.6005,177.1470
5807.21681852,26503.106892,0.6353290, 71.7563,272.5014, 61.3012,190.3773
5813.69905836,26504.070154,0.6355289, 71.7343,272.0921, 60.9558,205.6897
5816.69078555,26504.525848,0.6355367, 71.7280,271.9002, 60.8031,212.6153
5822.67416138,26505.412377,0.6356309, 71.7238,271.5254, 60.4833,226.2113
5823.17273412,26505.511382,0.6356523, 71.7226,271.4943, 60.4564,227.3012
5824.16995314,26505.684807,0.6356980, 71.7197,271.4316, 60.4033,229.5286
5833.64323742,26507.380661,0.6357672, 71.6969,270.8178, 59.9114,250.1201
5833.64324028,26507.380645,0.6357672, 71.6969,270.8178, 59.9114,250.1221
5837.63187474,26508.008621,0.6358831, 71.6889,270.5688, 59.6954,258.4935
5844.61186610,26509.105313,0.6358878, 71.6747,270.1239, 59.3414,272.7799
5851.59158425,26509.754575,0.6360039, 71.6736,269.6909, 58.9704,286.5347
5857.07555124,26510.227970,0.6360556, 71.6581,269.3354, 58.6928,297.0839
5859.56823434,26510.392061,0.6359925, 71.6600,269.1767, 58.5590,301.8194
5865.55054419,26510.376649,0.6361223, 71.6568,268.8071, 58.2297,312.9703
5868.54166115,26510.456482,0.6361296, 71.6510,268.6178, 58.0754,318.4733
5871.53273143,26510.732708,0.6360879, 71.6521,268.4302, 57.9186,323.9232
5873.52675049,26511.148017,0.6360783, 71.6558,268.3074, 57.8099,327.5263
5880.50569973,26517.812832,0.6363551, 71.6560,267.8782, 57.4202,340.0103
5882.99815184,26524.677666,0.6364845, 71.6506,267.7181, 57.2867,344.4510
5882.99815193,26524.677789,0.6364845, 71.6506,267.7181, 57.2867,344.4510
5882.99816063,26524.689726,0.6364846, 71.6506,267.7181, 57.2866,344.4573
5887.98292017,26532.268489,0.6366122, 71.6552,267.4055, 57.0314,353.2514
5888.97988477,26524.781585,0.6365578, 71.6559,267.3450, 56.9833,355.0179
5890.47529643,26504.136676,0.6363584, 71.6542,267.2531, 56.9070,357.6461
5894.46301996,26462.287595,0.6359645, 71.6422,266.9973, 56.6474,  4.6901
5894.46302298,26462.289339,0.6359645, 71.6422,266.9973, 56.6474,  4.6923
5896.95531347,26477.932092,0.6362482, 71.6408,266.8364, 56.4950,  9.0901
5896.95531369,26477.932891,0.6362482, 71.6408,266.8364, 56.4950,  9.0902
5896.95531827,26477.949538,0.6362485, 71.6408,266.8364, 56.4950,  9.0935
5901.44135944,26507.020816,0.6367145, 71.6503,266.5574, 56.2650, 16.9821
5909.91471279,26514.355974,0.6371736, 71.6430,266.0313, 55.8290, 31.9659
5912.40682788,26513.732623,0.6371723, 71.6414,265.8722, 55.6980, 36.4392
5916.39413612,26512.504450,0.6372723, 71.6476,265.6277, 55.4712, 43.6362
5919.88297626,26511.185804,0.6374946, 71.6412,265.4126, 55.2754, 49.9834
5921.87655106,26510.466229,0.6375692, 71.6353,265.2868, 55.1691, 53.6204
5926.36202479,26509.149470,0.6376497, 71.6334,265.0059, 54.9290, 61.8751
5926.86039379,26508.988042,0.6376629, 71.6341,264.9753, 54.9016, 62.7896
5949.78429429,26503.738790,0.6387453, 71.5945,263.5273, 53.6495,106.1925
5957.75704514,26502.906117,0.6390094, 71.5895,263.0231, 53.2177,121.4903
5962.73979848,26502.558425,0.6393197, 71.5701,262.7014, 52.9531,130.9798
5974.19932234,26502.698681,0.6397386, 71.5427,261.9583, 52.3315,152.2784
5982.17076519,26503.417655,0.6398808, 71.5252,261.4418, 51.9125,166.5932
5982.17077832,26503.417591,0.6398808, 71.5252,261.4418, 51.9125,166.6027
5986.65439148,26504.096159,0.6401082, 71.5192,261.1562, 51.6730,174.2588
5994.12659943,26505.172323,0.6402796, 71.4921,260.6620, 51.2881,186.4094
5994.62481283,26505.269496,0.6402832, 71.4923,260.6299, 51.2611,187.2552
6004.08885771,26507.028503,0.6406457, 71.4718,260.0190, 50.7556,201.4784
6004.08885926,26507.028497,0.6406457, 71.4718,260.0190, 50.7556,201.4796
6007.07734326,26507.536964,0.6406472, 71.4697,259.8266, 50.6010,205.7172
6007.07736248,26507.536893,0.6406472, 71.4697,259.8266, 50.6010,205.7311
6007.07738421,26507.536812,0.6406472, 71.4697,259.8266, 50.6010,205.7469
6011.55991403,26508.248076,0.6407758, 71.4741,259.5438, 50.3640,211.8209
6013.05404632,26508.509541,0.6408548, 71.4731,259.4491, 50.2855,213.7766
6015.04619912,26508.857110,0.6409625, 71.4685,259.3211, 50.1827,216.3425
6015.04622301,26508.856978,0.6409625, 71.4685,259.3211, 50.1827,216.3597
6015.04622395,26508.856973,0.6409625, 71.4685,259.3211, 50.1827,216.3604
6017.03833451,26509.209561,0.6410395, 71.4609,259.1907, 50.0818,218.8722
6018.03437530,26509.377306,0.6410573, 71.4572,259.1248, 50.0316,220.1104
6023.01437714,26509.966961,0.6410814, 71.4577,258.8026, 49.7676,226.0801
6026.00225133,26510.318016,0.6412699, 71.4604,258.6147, 49.6021,229.4869
6026.99818480,26510.467769,0.6413370, 71.4583,258.5511, 49.5486,230.5922
6028.99003648,26510.773121,0.6414278, 71.4518,258.4225, 49.4443,232.7785
6030.98184725,26511.033838,0.6414589, 71.4469,258.2938, 49.3415,234.9200
6031.97771852,26511.139574,0.6414624, 71.4461,258.2300, 49.2899,235.9602
6031.97772689,26511.139526,0.6414624, 71.4461,258.2300, 49.2899,235.9663
6032.47565989,26511.156923,0.6414638, 71.4463,258.1984, 49.2639,236.4830
6033.96946085,26511.304176,0.6414728, 71.4480,258.1040, 49.1858,238.0271
6034.96529358,26511.368729,0.6414885, 71.4502,258.0416, 49.1331,239.0255
6034.96529842,26511.368699,0.6414885, 71.4502,258.0416, 49.1331,239.0290
6035.96113098,26511.425470,0.6415148, 71.4528,257.9796, 49.0801,240.0223
6035.96113479,26511.425446,0.6415148, 71.4528,257.9796, 49.0801,240.0250
6036.95696104,26511.478387,0.6415525, 71.4553,257.9178, 49.0270,241.0089
6037.95278205,26511.531025,0.6416008, 71.4574,257.8559, 48.9740,241.9842
6038.94857867,26511.585251,0.6416577, 71.4588,257.7939, 48.9211,242.9375
6039.94438097,26511.642983,0.6417202, 71.4593,257.7315, 48.8685,243.8912
6041.93594140,26511.770345,0.6418461, 71.4572,257.6051, 48.7648,245.7578
6042.93171375,26511.839577,0.6419010, 71.4548,257.5410, 48.7137,246.6825
6043.92746424,26511.909501,0.6419452, 71.4519,257.4765, 48.6629,247.5904
6045.91893258,26512.031813,0.6419935, 71.4467,257.3465, 48.5611,249.3822
6049.90172679,26512.035367,0.6420467, 71.4515,257.0919, 48.3473,252.8609
6050.89739754,26511.993126,0.6421029, 71.4551,257.0301, 48.2913,253.7057
6051.89305864,26511.960563,0.6421824, 71.4577,256.9683, 48.2353,254.5405
6052.88871352,26511.950643,0.6422743, 71.4584,256.9059, 48.1799,255.3684
6053.88435789,26511.964664,0.6423645, 71.4572,256.8428, 48.1255,256.1876
6054.87998836,26511.991940,0.6424412, 71.4545,256.7790, 48.0721,256.9971
6055.87561584,26512.019778,0.6424987, 71.4513,256.7148, 48.0196,257.8056
6056.87122809,26512.038633,0.6425375, 71.4485,256.6505, 47.9674,258.6046
6058.86241971,26512.024425,0.6425789, 71.4458,256.5229, 47.8633,260.1829
6059.85800193,26511.987339,0.6425943, 71.4463,256.4598, 47.8109,260.9636
6060.85356360,26511.934006,0.6426137, 71.4480,256.3972, 47.7583,261.7301
6060.85357228,26511.933909,0.6426137, 71.4480,256.3972, 47.7583,261.7363
6061.84912598,26511.867434,0.6426415, 71.4504,256.3351, 47.7053,262.4973
6061.84912612,26511.867432,0.6426415, 71.4504,256.3351, 47.7053,262.4974
6063.84021933,26511.706493,0.6427304, 71.4561,256.2115, 47.5988,264.0096
6064.83575321,26511.619054,0.6427920, 71.4585,256.1498, 47.5455,264.7572
6065.83127788,26511.531904,0.6428628, 71.4603,256.0878, 47.4925,265.4990
6066.82679440,26511.447344,0.6429396, 71.4610,256.0254, 47.4398,266.2364
6067.82230109,26511.366599,0.6430185, 71.4606,255.9625, 47.3876,266.9688
6068.81780206,26511.290634,0.6430950, 71.4592,255.8990, 47.3358,267.7001
6069.81329257,26511.218505,0.6431646, 71.4569,255.8348, 47.2845,268.4275
6070.80877491,26511.147822,0.6432235, 71.4539,255.7702, 47.2334,269.1536
6070.80877530,26511.147817,0.6432235, 71.4539,255.7702, 47.2334,269.1539
6071.80424819,26511.075489,0.6432693, 71.4508,255.7052, 47.1825,269.8783
6072.30198069,26511.050112,0.6432870, 71.4494,255.6726, 47.1569,270.2397
6073.79515979,26510.902342,0.6433230, 71.4464,255.5751, 47.0796,271.3198
6074.79060418,26510.787982,0.6433393, 71.4461,255.5106, 47.0270,272.0411
6075.28832163,26510.737744,0.6433482, 71.4466,255.4787, 47.0002,272.4002
6075.78603843,26510.649033,0.6433597, 71.4475,255.4470, 46.9733,272.7602
6076.78146694,26510.483438,0.6433950, 71.4502,255.3841, 46.9185,273.4794
6077.77688669,26510.298047,0.6434540, 71.4536,255.3218, 46.8629,274.1955
6078.77229987,26510.107725,0.6435389, 71.4565,255.2597, 46.8070,274.9096
6079.76770969,26509.929551,0.6436432, 71.4579,255.1972, 46.7515,275.6244
6080.76310973,26509.774292,0.6437528, 71.4570,255.1338, 46.6967,276.3363
6081.75850700,26509.640427,0.6438524, 71.4541,255.0696, 46.6430,277.0521
6082.75389391,26509.517359,0.6439318, 71.4502,255.0048, 46.5900,277.7673
6083.74927593,26509.390985,0.6439886, 71.4462,254.9397, 46.5375,278.4868
6085.74001969,26509.093176,0.6440535, 71.4412,254.8104, 46.4328,279.9333
6086.73538225,26508.916299,0.6440766, 71.4408,254.7465, 46.3802,280.6600
6092.20978696,26507.754815,0.6443414, 71.4505,254.4012, 46.0877,284.6954
6093.20512303,26507.527570,0.6444222, 71.4513,254.3382, 46.0349,285.4408
6095.69344807,26506.952155,0.6446347, 71.4483,254.1783, 45.9045,287.3248
6096.19110677,26506.881850,0.6446738, 71.4468,254.1458, 45.8787,287.7028
6099.67473168,26506.155477,0.6448659, 71.4334,253.9154, 45.6994,290.4262
6101.66535037,26505.734981,0.6449096, 71.4289,253.7838, 45.5948,292.0192
6104.65125057,26504.976163,0.6450135, 71.4328,253.5914, 45.4313,294.4525
6106.64187515,26504.422096,0.6451898, 71.4363,253.4647, 45.3202,296.1242
6108.13482600,26504.088225,0.6453555, 71.4340,253.3679, 45.2383,297.3817
6108.63246804,26503.933154,0.6454080, 71.4322,253.3352, 45.2112,297.7991
6109.13012068,26503.867770,0.6454557, 71.4299,253.3022, 45.1846,298.2260
6109.62777542,26503.720792,0.6454983, 71.4274,253.2692, 45.1579,298.6572
6110.62307760,26503.516563,0.6455644, 71.4220,253.2027, 45.1050,299.5213
6113.60899025,26502.862935,0.6456530, 71.4115,253.0048, 44.9464,302.1726
6115.59960076,26502.371776,0.6456992, 71.4116,252.8757, 44.8394,303.9779
6116.59491376,26502.117408,0.6457361, 71.4129,252.8118, 44.7857,304.8945
6117.59022565,26501.861249,0.6457849, 71.4143,252.7480, 44.7321,305.8154
6118.58554360,26501.606010,0.6458454, 71.4155,252.6842, 44.6786,306.7456
6119.58086673,26501.355144,0.6459158, 71.4160,252.6201, 44.6253,307.6844
6120.57619572,26501.110746,0.6459932, 71.4156,252.5556, 44.5724,308.6324
6123.56220870,26500.436940,0.6462255, 71.4070,252.3585, 44.4161,311.5285
6127.54360465,26499.679384,0.6463832, 71.3875,252.0889, 44.2093,315.5123
6128.53896059,26499.495203,0.6463922, 71.3846,252.0218, 44.1563,316.5290
6130.52968763,26499.098727,0.6464186, 71.3838,251.8900, 44.0476,318.5860
6131.52506412,26498.885480,0.6464548, 71.3853,251.8252, 43.9922,319.6272
6134.01352745,26498.383820,0.6466447, 71.3875,251.6635, 43.8537,322.2473
6136.50204254,26497.966839,0.6468791, 71.3785,251.4976, 43.7182,324.9087
6139.48831178,26497.687211,0.6470009, 71.3612,251.2944, 43.5584,328.1595
6140.48374365,26497.629060,0.6470078, 71.3579,251.2274, 43.5046,329.2526
6141.97690626,26497.588446,0.6470162, 71.3561,251.1283, 43.4236,330.9017
6144.96328699,26497.815876,0.6470971, 71.3587,250.9332, 43.2597,334.2208
6147.45200339,26498.637090,0.6472473, 71.3593,250.7705, 43.1234,337.0071
6147.94975932,26498.874440,0.6472834, 71.3588,250.7375, 43.0967,337.5709
6148.44752381,26499.216600,0.6473207, 71.3578,250.7046, 43.0694,338.1394
6148.94528113,26499.538277,0.6473584, 71.3567,250.6714, 43.0429,338.7024
6152.42963507,26503.929292,0.6475960, 71.3410,250.4348, 42.8551,342.6590
6155.91407804,26512.844258,0.6477385, 71.3271,250.1963, 42.6636,346.6511
6160.39418007,26530.147676,0.6481347, 71.3327,249.9020, 42.4155,351.7583
6162.38547288,26534.133365,0.6483914, 71.3301,249.7706, 42.3171,354.0670
6163.38116097,26532.904161,0.6484700, 71.3255,249.7035, 42.2715,355.2397
6164.87465187,26525.790567,0.6484755, 71.3160,249.6015, 42.2042,356.9594
6166.36815514,26511.544621,0.6483282, 71.3069,249.4992, 42.1335,358.6784
6168.85735817,26482.054654,0.6479443, 71.2990,249.3303, 41.9972,  1.5474
6170.35091454,26468.197661,0.6477833, 71.2994,249.2306, 41.9041,  3.2753
6174.33385273,26462.615515,0.6479437, 71.3044,248.9660, 41.6559,  7.8680
6175.32961878,26466.445268,0.6480765, 71.3041,248.8993, 41.5991,  9.0135
6176.32539605,26471.093898,0.6482192, 71.3028,248.8322, 41.5449, 10.1578
6177.32118465,26476.053029,0.6483600, 71.3004,248.7646, 41.4928, 11.3020
6177.81908540,26478.501691,0.6484269, 71.2987,248.7307, 41.4674, 11.8762
6178.31699605,26480.990470,0.6484898, 71.2970,248.6966, 41.4423, 12.4555
6181.30443027,26493.434786,0.6487518, 71.2850,248.4912, 41.2952, 15.8818
6181.80234310,26495.107599,0.6487764, 71.2835,248.4572, 41.2706, 16.4538
6182.30026750,26496.651458,0.6487955, 71.2825,248.4233, 41.2457, 17.0330
6183.29606856,26499.331244,0.6488256, 71.2817,248.3561, 41.1953, 18.1529
6184.78987245,26502.711351,0.6488746, 71.2845,248.2573, 41.1180, 19.8947
6185.78572971,26504.473757,0.6489254, 71.2883,248.1926, 41.0656, 21.0370
6185.78574452,26504.487722,0.6489256, 71.2883,248.1926, 41.0657, 21.0477
6190.76522417,26509.884722,0.6494051, 71.2924,247.8663, 40.8079, 26.7658
6192.25911656,26510.816408,0.6494969, 71.2860,247.7653, 40.7321, 28.4878
6193.25506335,26511.316009,0.6495282, 71.2824,247.6981, 40.6811, 29.6448
6194.25102233,26511.736173,0.6495425, 71.2801,247.6314, 40.6297, 30.8066
6194.74900415,26511.902556,0.6495463, 71.2797,247.5984, 40.6038, 31.3872
6198.73290521,26512.930422,0.6496221, 71.2897,247.3403, 40.3940, 36.0094
6199.72890862,26513.105568,0.6496730, 71.2937,247.2766, 40.3417, 37.1671
6201.22290578,26513.355501,0.6497717, 71.2983,247.1806, 40.2641, 38.8849
6215.16816509,26514.377865,0.6505303, 71.3087,246.2645, 39.5340, 55.4485
6215.66626296,26514.357102,0.6505924, 71.3100,246.2324, 39.5072, 56.0645
6219.65096679,26514.221443,0.6509849, 71.3012,245.9674, 39.2984, 60.9235
6223.63568650,26514.162840,0.6511034, 71.3014,245.7046, 39.0864, 65.7967
6225.62819681,26514.187309,0.6511941, 71.3099,245.5769, 38.9799, 68.3304
6225.62822142,26514.186839,0.6511941, 71.3099,245.5769, 38.9799, 68.3482
6229.61318759,26514.154578,0.6515308, 71.3237,245.3210, 38.7718, 73.3455
6230.60945169,26514.110563,0.6516288, 71.3242,245.2558, 38.7209, 74.6084
6233.59818267,26513.894789,0.6518837, 71.3189,245.0565, 38.5692, 78.3607
6233.59848686,26513.890294,0.6518836, 71.3189,245.0565, 38.5692, 78.5809
6234.59480172,26513.799654,0.6519448, 71.3160,244.9892, 38.5183, 79.8887
6235.59111704,26513.708498,0.6519925, 71.3135,244.9220, 38.4669, 81.2005
6236.58743930,26513.624133,0.6520291, 71.3119,244.8549, 38.4147, 82.5211
6238.58009455,26513.514574,0.6520943, 71.3140,244.7227, 38.3080, 85.1801
6239.57644276,26513.501975,0.6521435, 71.3180,244.6579, 38.2537, 86.5274
6241.56916458,26513.514932,0.6523269, 71.3287,244.5300, 38.1448, 89.2394
6243.56175559,26513.390111,0.6526144, 71.3334,244.4006, 38.0387, 91.8549
6246.55093890,26512.829041,0.6529687, 71.3221,244.1986, 37.8828, 96.0233
6247.54733450,26512.641621,0.6530309, 71.3181,244.1309, 37.8304, 97.4273
6254.52237772,26511.826603,0.6534364, 71.3314,243.6729, 37.4595,107.5692
6255.51888922,26511.696550,0.6535380, 71.3337,243.6078, 37.4079,109.0861
6255.51894021,26511.696107,0.6535380, 71.3337,243.6078, 37.4079,109.1230
6260.50142953,26510.761123,0.6540387, 71.3250,243.2730, 37.1550,116.7459
6262.49436282,26510.305034,0.6541641, 71.3167,243.1360, 37.0527,119.8069
6263.49083315,26510.082061,0.6542078, 71.3136,243.0676, 37.0005,121.3542
6264.48733758,26509.873586,0.6542445, 71.3119,242.9997, 36.9476,122.9352
6265.48373838,26509.688310,0.6542817, 71.3121,242.9325, 36.8940,124.4494
6267.47678278,26509.395721,0.6543988, 71.3177,242.8004, 36.7854,127.6731
6270.46643227,26508.974307,0.6547761, 71.3254,242.6033, 36.6249,132.6031
6275.44933290,26507.634473,0.6552827, 71.2989,242.2584, 36.3628,141.1019
6277.44238415,26507.220303,0.6553519, 71.2964,242.1229, 36.2545,144.4931
6278.43892115,26507.044308,0.6553955, 71.2979,242.0562, 36.2004,146.2066
6278.43893689,26507.044216,0.6553956, 71.2979,242.0562, 36.2004,146.2180
6280.43234423,26506.705139,0.6555236, 71.3026,241.9238, 36.0934,149.9024
6294.38513401,26503.964843,0.6564289, 71.2701,240.9631, 35.3580,175.7612
6300.36511465,26503.153508,0.6570981, 71.2581,240.5512, 35.0385,187.3758
6301.36179727,26503.012752,0.6571641, 71.2498,240.4799, 34.9851,189.3496
6301.86014677,26502.916894,0.6571857, 71.2462,240.4445, 34.9578,190.3456
6303.35514165,26502.781894,0.6572207, 71.2388,240.3392, 34.8755,193.3039
6303.35514778,26502.781872,0.6572207, 71.2388,240.3392, 34.8755,193.3084
6309.33540376,26502.422826,0.6574964, 71.2434,239.9318, 34.5490,205.3686
6310.33241203,26502.386161,0.6575800, 71.2426,239.8633, 34.4968,207.5934
6316.31262832,26502.351049,0.6579566, 71.2125,239.4405, 34.1848,219.6368
6326.28053088,26502.845150,0.6585211, 71.2045,238.7491, 33.6430,240.2411
6327.27703574,26502.986331,0.6586141, 71.1975,238.6778, 33.5907,242.0690
6334.75296522,26503.999103,0.6588283, 71.1845,238.1575, 33.1807,257.2169
6337.24494896,26504.251661,0.6590032, 71.1894,237.9875, 33.0501,262.1660
6337.24501044,26504.250882,0.6590032, 71.1894,237.9875, 33.0501,262.2105
6351.20074466,26505.960435,0.6596673, 71.1815,237.0172, 32.3109,289.6139
6353.19447568,26506.139364,0.6599018, 71.1806,236.8790, 32.2090,293.4337
6367.15081359,26505.596548,0.6606625, 71.1894,235.9167, 31.4775,319.6579
6377.61825161,26502.280368,0.6610548, 71.2050,235.1924, 30.9180,338.7124
6381.10730099,26506.562683,0.6615145, 71.2105,234.9504, 30.7282,344.8507
6383.59969783,26520.452740,0.6618429, 71.2019,234.7731, 30.5825,349.3955
6395.06454327,26472.410894,0.6621703, 71.2291,233.9790, 29.9583,  9.8894
6395.56296256,26475.384558,0.6622604, 71.2278,233.9430, 29.9309, 10.7342
6396.55991055,26482.000138,0.6624355, 71.2250,233.8710, 29.8780, 12.5018
6396.55991764,26482.019349,0.6624358, 71.2250,233.8710, 29.8780, 12.5069
6406.52946360,26511.888379,0.6635438, 71.2545,233.1798, 29.3754, 30.2310
6408.52342751,26512.878814,0.6638414, 71.2495,233.0389, 29.2793, 33.7992
6412.01283089,26513.587776,0.6640894, 71.2349,232.7906, 29.0980, 40.0774
6421.98269624,26513.105652,0.6649099, 71.2598,232.1027, 28.5872, 58.2033
6424.97369462,26512.688731,0.6651338, 71.2467,231.8880, 28.4354, 63.7334
6427.96464055,26512.243920,0.6652567, 71.2404,231.6752, 28.2755, 69.2906
6433.94666966,26511.534490,0.6658414, 71.2630,231.2614, 27.9631, 80.6027
6436.43922441,26510.915358,0.6661903, 71.2484,231.0811, 27.8392, 85.3940
6439.92873370,26510.071898,0.6663795, 71.2306,230.8286, 27.6499, 92.1796
6444.91375947,26509.266420,0.6666977, 71.2465,230.4813, 27.3839,102.0069
6449.40043326,26508.241535,0.6671368, 71.2371,230.1599, 27.1586,111.0821
6451.39448629,26507.711602,0.6672708, 71.2244,230.0136, 27.0553,115.1631
6456.87810018,26506.566619,0.6674533, 71.2116,229.6169, 26.7537,126.5770
6459.37066453,26506.242429,0.6676504, 71.2220,229.4420, 26.6195,131.8351
6460.86621899,26506.076032,0.6678455, 71.2238,229.3357, 26.5433,135.0102
6472.33211582,26503.899788,0.6686085, 71.1950,228.5040, 25.9211,159.9967
6475.32326407,26503.496591,0.6688614, 71.1880,228.2865, 25.7667,166.6465
6476.32032009,26503.347554,0.6689335, 71.1821,228.2127, 25.7148,168.8798
6477.31736383,26503.199146,0.6689930, 71.1752,228.1384, 25.6620,171.1112
6479.80998071,26502.903021,0.6690800, 71.1581,227.9524, 25.5257,176.7262
6483.29960674,26502.641720,0.6691253, 71.1511,227.6969, 25.3255,184.6106
6489.78042964,26502.672406,0.6696809, 71.1563,227.2289, 24.9787,199.2624
6494.26714555,26502.733299,0.6698815, 71.1240,226.8935, 24.7265,209.4325
6503.73915072,26503.756382,0.6704013, 71.1303,226.2068, 24.2143,230.6169
6505.73326362,26504.028130,0.6704814, 71.1180,226.0576, 24.1065,235.0259
6512.71261153,26505.040097,0.6706300, 71.1233,225.5494, 23.7117,250.2573
6513.70966040,26505.166354,0.6707110, 71.1289,225.4783, 23.6590,252.3910
6518.69500022,26506.027949,0.6711987, 71.1146,225.1103, 23.4040,263.0041
6519.19351202,26506.181704,0.6712221, 71.1108,225.0729, 23.3767,264.0457
6527.66848628,26507.226980,0.6715641, 71.1376,224.4628, 22.9117,281.6413
6529.66266327,26507.480418,0.6717222, 71.1371,224.3167, 22.8118,285.7245
6529.66267499,26507.480115,0.6717222, 71.1371,224.3167, 22.8118,285.7330
6533.15244161,26507.942852,0.6719024, 71.1249,224.0579, 22.6296,292.8059
6534.14950190,26508.042703,0.6719261, 71.1223,223.9842, 22.5750,294.8079
6535.64510403,26508.138867,0.6719471, 71.1218,223.8746, 22.4911,297.8115
6539.13472495,26508.004560,0.6720443, 71.1421,223.6252, 22.2975,304.6707
6541.12886954,26507.736115,0.6722093, 71.1589,223.4839, 22.1951,308.5844
6542.12597317,26507.593196,0.6723217, 71.1640,223.4122, 22.1466,310.5479
6546.11428816,26507.055453,0.6727095, 71.1525,223.1172, 21.9487,318.2936
6547.11135483,26506.818531,0.6727482, 71.1484,223.0433, 21.8944,320.2234
6549.10547825,26506.015124,0.6727803, 71.1504,222.8982, 21.7823,324.0702
6553.09374641,26503.037397,0.6729347, 71.1837,222.6152, 21.5693,331.6834
6554.58937370,26501.622526,0.6730447, 71.1931,222.5077, 21.4956,334.5210
6556.08500648,26500.070853,0.6731558, 71.1972,222.3985, 21.4220,337.3529
6556.58353843,26499.611089,0.6731900, 71.1974,222.3616, 21.3972,338.2865
6564.56016770,26534.573474,0.6738889, 71.2015,221.7711, 20.9279,353.3528
6568.54846934,26535.392560,0.6742513, 71.2364,221.4875, 20.7612,  0.7744
6572.03828410,26471.803097,0.6739677, 71.2300,221.2249, 20.5566,  7.2839
6575.02952503,26481.738773,0.6743670, 71.2159,220.9965, 20.3721, 12.8764
6575.52805456,26484.769517,0.6744301, 71.2163,220.9594, 20.3435, 13.8017
6575.52806478,26484.793794,0.6744305, 71.2163,220.9594, 20.3435, 13.8091
6578.51927666,26499.335210,0.6747578, 71.2350,220.7420, 20.1842, 19.3713
6594.97124358,26512.692093,0.6760979, 71.2710,219.5357, 19.3599, 50.2174
6600.95381931,26512.300030,0.6768023, 71.2527,219.0889, 19.0718, 61.6024
6604.44360955,26511.835670,0.6769470, 71.2491,218.8300, 18.8771, 68.3607
6609.92760924,26511.097576,0.6773830, 71.2705,218.4284, 18.6002, 79.0539
6610.42616804,26511.019024,0.6774320, 71.2693,218.3910, 18.5761, 80.0413
6610.42616812,26511.019024,0.6774320, 71.2693,218.3910, 18.5761, 80.0414
6612.91893484,26510.529436,0.6776504, 71.2556,218.2021, 18.4530, 84.9933
6613.91601888,26510.314417,0.6777171, 71.2482,218.1260, 18.4013, 86.9768
6619.89849809,26509.130337,0.6779500, 71.2332,217.6755, 18.0696, 99.0712
6625.88104543,26508.114747,0.6785434, 71.2372,217.2289, 17.7716,111.3893
6629.37085761,26507.062155,0.6787760, 71.2013,216.9590, 17.5815,118.7550
6633.85768509,26506.335341,0.6789298, 71.2096,216.6236, 17.3267,128.3356
6638.84319679,26505.401266,0.6793004, 71.2009,216.2459, 17.0717,139.1842
6639.84029027,26505.158271,0.6793629, 71.1927,216.1687, 17.0191,141.3746
6640.33883840,26505.083021,0.6793896, 71.1881,216.1299, 16.9922,142.4752
6643.82863823,26504.260329,0.6794964, 71.1619,215.8596, 16.7933,150.2298
6644.32715148,26504.225514,0.6795030, 71.1598,215.8213, 16.7638,151.3256
6644.82569227,26504.097238,0.6795096, 71.1587,215.7832, 16.7341,152.4429
6652.30380824,26503.546336,0.6799275, 71.1687,215.2174, 16.3262,169.2567
6652.30382943,26503.546241,0.6799275, 71.1687,215.2174, 16.3262,169.2721
6658.78481670,26502.641364,0.6801977, 71.1249,214.7148, 15.9524,184.0618
6665.76406507,26502.768590,0.6805431, 71.1332,214.1837, 15.5721,199.7785
6665.76435995,26502.767531,0.6805431, 71.1332,214.1837, 15.5721,199.9921
6667.75846777,26502.752604,0.6806311, 71.1185,214.0280, 15.4620,204.5106
6687.69999306,26505.349743,0.6813066, 71.1104,212.4968, 14.3207,249.1628
6690.19269131,26505.727747,0.6814358, 71.1271,212.3084, 14.1894,254.5289
6696.67374811,26506.941646,0.6817365, 71.1094,211.8066, 13.8421,268.3084
6700.16342246,26507.463860,0.6817761, 71.1155,211.5394, 13.6357,275.5551
6701.16050913,26507.585698,0.6817947, 71.1233,211.4642, 13.5780,277.6310
6706.64441327,26508.110738,0.6821343, 71.1595,211.0487, 13.2975,288.7654
6712.62680912,26508.816655,0.6823988, 71.1440,210.5873, 12.9682,300.7216
6718.60922577,26508.214464,0.6826833, 71.1959,210.1365, 12.6581,312.4093
6718.60925215,26508.211806,0.6826832, 71.1959,210.1365, 12.6581,312.4284
6724.09317757,26507.016846,0.6829447, 71.1848,209.7127, 12.3748,323.0062
6725.09021855,26506.525171,0.6829624, 71.1851,209.6361, 12.3187,324.9006
6731.57116115,26499.050702,0.6831173, 71.2377,209.1450, 11.9748,337.1807
6733.56529499,26495.354194,0.6832279, 71.2454,208.9915, 11.8823,340.8857
6738.05212818,26495.546923,0.6834228, 71.2270,208.6395, 11.6293,349.2869
6741.04327430,26536.092573,0.6839376, 71.2448,208.4099, 11.4287,354.8701
6747.52429694,26481.139342,0.6837383, 71.2751,207.9124, 11.1276,  6.8764
6749.51845901,26476.205274,0.6838578, 71.2637,207.7535, 11.0005, 10.5866
6757.49496651,26505.113482,0.6845530, 71.2854,207.1360, 10.5660, 25.3510
6758.49204272,26506.532076,0.6846334, 71.2932,207.0600, 10.5201, 27.1906
6763.97595742,26510.845880,0.6850882, 71.2731,206.6339, 10.2668, 37.3311
6764.47448562,26511.066756,0.6851116, 71.2692,206.5951, 10.2400, 38.2595
6768.46267596,26511.766990,0.6852218, 71.2719,206.2891, 10.0160, 45.7015
6771.45388967,26511.798819,0.6853559, 71.2924,206.0611,  9.8660, 51.3112
6771.45389004,26511.798835,0.6853559, 71.2924,206.0611,  9.8660, 51.3115
6771.45389424,26511.799011,0.6853559, 71.2924,206.0611,  9.8660, 51.3145
6797.87591298,26508.664449,0.6864253, 71.2371,204.0077,  8.4728,102.6785
6797.87591301,26508.664449,0.6864253, 71.2371,204.0077,  8.4728,102.6785
6797.87591610,26508.664454,0.6864253, 71.2371,204.0077,  8.4728,102.6808
6797.87592344,26508.664466,0.6864253, 71.2371,204.0077,  8.4728,102.6861
6797.87594833,26508.664508,0.6864253, 71.2371,204.0077,  8.4728,102.7041
6797.87594844,26508.664508,0.6864253, 71.2371,204.0077,  8.4728,102.7042
6807.34793922,26506.556964,0.6867456, 71.1834,203.2628,  7.9618,122.2863
6815.82272350,26505.379672,0.6869743, 71.1916,202.6002,  7.5005,140.2942
6817.31827441,26504.927154,0.6870474, 71.1743,202.4814,  7.4222,143.5185
6817.81680060,26504.825247,0.6870665, 71.1676,202.4416,  7.3942,144.6085
6818.31530782,26504.630935,0.6870828, 71.1614,202.4020,  7.3654,145.6888
6819.31233404,26504.364388,0.6871045, 71.1509,202.3227,  7.3051,147.8699
6821.80485006,26504.045053,0.6871165, 71.1454,202.1261,  7.1488,153.3278
6822.30335057,26503.965399,0.6871177, 71.1477,202.0872,  7.1183,154.4191
6822.80185977,26503.999119,0.6871194, 71.1504,202.0482,  7.0885,155.5163
6833.76913985,26502.776253,0.6873621, 71.1190,201.1811,  6.4723,179.8782
6834.76614713,26502.724216,0.6873646, 71.1173,201.1021,  6.4093,182.1182
6838.75413229,26502.872217,0.6873816, 71.1356,200.7882,  6.1684,191.0283
6840.74813664,26503.012528,0.6874269, 71.1454,200.6313,  6.0612,195.4569
6841.74514886,26503.047978,0.6874613, 71.1455,200.5525,  6.0101,197.6712
6842.74218041,26503.046457,0.6875006, 71.1414,200.4734,  5.9590,199.8985
6850.71808074,26503.481705,0.6876272, 71.1200,199.8400,  5.4814,217.5654
6850.71808971,26503.481694,0.6876272, 71.1200,199.8400,  5.4814,217.5719
6859.69103852,26504.757600,0.6878206, 71.1115,199.1277,  4.9864,236.9865
6865.67290143,26505.984981,0.6878528, 71.1378,198.6546,  4.6252,249.6184
6867.66686906,26506.385562,0.6878888, 71.1536,198.4973,  4.5204,253.7316
6873.15027179,26507.414140,0.6880542, 71.1342,198.0613,  4.2342,264.8753
6874.14725467,26507.604180,0.6880694, 71.1302,197.9822,  4.1740,266.8992
6884.61534545,26509.166832,0.6882259, 71.1788,197.1555,  3.6075,287.3408
6888.60314948,26509.706333,0.6882846, 71.1734,196.8399,  3.3769,294.9420
6890.59703494,26509.837565,0.6882953, 71.1868,196.6831,  3.2597,298.6986
6891.59400533,26509.853222,0.6883004, 71.1971,196.6048,  3.2036,300.5815
6897.07728217,26509.646455,0.6883974, 71.2354,196.1727,  2.9344,310.6926
6903.55725807,26508.733133,0.6885073, 71.2246,195.6619,  2.5802,322.3722
6903.55728882,26508.727114,0.6885073, 71.2246,195.6619,  2.5802,322.3945
6915.52036193,26490.917623,0.6884559, 71.2565,194.7165,  1.9752,343.4540
6918.01265616,26484.402265,0.6883470, 71.2718,194.5183,  1.8250,347.8293
6918.51105405,26484.033213,0.6883327, 71.2766,194.4786,  1.7946,348.6567
6933.46445993,26485.969182,0.6885792, 71.3074,193.2899,  0.9663, 14.3915
6946.42376527,26508.783985,0.6890006, 71.2950,192.2670,  0.3073, 36.6205
6949.41424131,26509.496229,0.6890051, 71.3099,192.0319,  0.1647, 41.6950
6953.90011530,26510.289594,0.6890597, 71.2768,191.6792,359.9529, 49.4793
6960.87776407,26509.997145,0.6890652, 71.2714,191.1321,359.5642, 61.6621
6962.37299766,26509.828056,0.6890553, 71.2756,191.0143,359.4925, 64.2923
6965.36347828,26509.585137,0.6890628, 71.2587,190.7790,359.3504, 69.5990
6973.33769296,26508.418424,0.6890825, 71.2197,190.1524,358.8961, 83.9590
6979.81665294,26507.312290,0.6890340, 71.2056,189.6418,358.5705, 95.7927
6986.29534161,26506.106448,0.6890362, 71.1678,189.1314,358.1859,107.9131
6990.28217211,26505.569150,0.6889749, 71.1782,188.8158,357.9743,115.4188
6998.25564358,26504.158343,0.6889799, 71.1195,188.1859,357.5126,130.7056
7003.73722662,26503.756371,0.6888940, 71.1411,187.7502,357.1987,141.2856
7009.71706236,26502.969416,0.6888662, 71.0943,187.2769,356.8657,152.8831
7017.68975135,26503.188160,0.6887621, 71.1194,186.6408,356.3964,168.2262
7027.65517316,26503.692586,0.6887332, 71.1007,185.8468,355.7995,187.0157
7049.07893390,26507.524032,0.6884249, 71.1332,184.1373,354.6113,223.8703
7065.51839237,26510.408283,0.6881606, 71.1752,182.8296,353.7082,248.2921
7069.50331331,26511.163057,0.6880645, 71.2154,182.5113,353.4864,253.6684
7072.49206668,26511.550127,0.6879370, 71.2326,182.2739,353.3464,257.6176
7081.45767214,26512.338862,0.6877989, 71.2349,181.5686,352.8597,268.9273
7083.44991739,26512.534757,0.6877219, 71.2543,181.4104,352.7576,271.3003
7086.43829396,26512.725232,0.6875797, 71.2670,181.1747,352.6178,274.8054
7092.41475580,26512.968753,0.6874487, 71.2381,180.7099,352.3078,281.6237
7093.41078675,26513.011499,0.6874361, 71.2401,180.6320,352.2507,282.7351
7094.40678994,26513.050521,0.6874156, 71.2459,180.5536,352.1945,283.8221
7102.37473016,26513.055188,0.6870713, 71.2575,179.9306,351.8101,292.2463
7106.35847373,26513.016228,0.6870236, 71.2398,179.6230,351.5886,296.3709
7108.35025151,26512.920171,0.6869751, 71.2482,179.4674,351.4783,298.3683
7109.34612196,26512.847865,0.6869365, 71.2545,179.3892,351.4261,299.3471
7110.83993237,26512.762011,0.6868622, 71.2631,179.2721,351.3520,300.8090
7116.31712628,26512.297457,0.6865980, 71.2408,178.8483,351.0920,306.0929
7119.30450200,26512.097138,0.6865525, 71.2161,178.6195,350.9274,308.9340
7133.24436540,26509.505518,0.6860890, 71.1738,177.5432,350.1961,321.6140
7136.23116954,26508.412429,0.6860079, 71.1799,177.3111,350.0282,324.2521
7137.22676223,26507.973749,0.6859592, 71.1840,177.2333,349.9763,325.1247
7144.19578349,26504.423921,0.6855971, 71.1455,176.6963,349.6291,331.2645
7145.19126626,26503.801164,0.6855782, 71.1350,176.6204,349.5730,332.1196
7146.18676575,26503.075490,0.6855642, 71.1272,176.5443,349.5150,332.9988
7147.18224641,26502.243615,0.6855497, 71.1230,176.4676,349.4561,333.8738
7152.65728160,26495.496771,0.6852869, 71.1368,176.0395,349.1589,338.6642
7171.56988423,26500.165978,0.6845295, 71.0667,174.5663,348.0609,356.0802
7176.54626367,26554.365541,0.6851361, 71.0625,174.1791,347.7688,  0.6781
7176.54650943,26554.941587,0.6851425, 71.0625,174.1791,347.7706,  0.8553
7180.52755603,26533.859489,0.6846836, 71.0799,173.8655,347.5769,  4.4989
7181.52288495,26523.417929,0.6845008, 71.0770,173.7879,347.5248,  5.4643
7206.40585757,26496.263484,0.6835866, 71.0742,171.8366,346.0427, 30.1364
7210.38748481,26498.710265,0.6833691, 71.0731,171.5251,345.8383, 34.1251
7212.37829399,26499.909360,0.6833285, 71.0617,171.3721,345.7267, 36.1057
7213.37370024,26500.447372,0.6833248, 71.0581,171.2954,345.6678, 37.0961
7239.75563768,26508.486751,0.6821252, 71.1231,169.2362,344.2475, 62.9329
7243.73835921,26509.183552,0.6820358, 71.1330,168.9286,344.0213, 66.8408
7249.71320428,26509.928872,0.6815645, 71.1705,168.4618,343.7224, 72.9822
7254.19447086,26510.701601,0.6812969, 71.1519,168.1225,343.4918, 77.5878
7254.19449689,26510.702078,0.6812969, 71.1519,168.1225,343.4918, 77.6066
7262.65950378,26511.352018,0.6807607, 71.1914,167.4685,343.0539, 86.4099
7263.65546343,26511.463561,0.6806592, 71.1889,167.3933,343.0079, 87.4696
7268.63539340,26511.945948,0.6803980, 71.1627,167.0222,342.7478, 92.9130
7272.61951379,26512.034140,0.6801974, 71.1812,166.7174,342.5336, 97.3885
7279.59213664,26512.230747,0.6795429, 71.1738,166.1927,342.1966,105.3695
7286.56504700,26512.126708,0.6792267, 71.1672,165.6700,341.8211,113.6890
7293.53849442,26511.850014,0.6785616, 71.1454,165.1527,341.4849,122.3585
7298.51981485,26511.487392,0.6783759, 71.1322,164.7845,341.2101,128.9383
7303.00265133,26511.194125,0.6779613, 71.1402,164.4480,340.9867,134.6111
7303.50104667,26511.117981,0.6779087, 71.1383,164.4113,340.9627,135.4621
7309.47920119,26510.391262,0.6775430, 71.0897,163.9772,340.6492,143.9620
7309.47921556,26510.391304,0.6775430, 71.0897,163.9772,340.6492,143.9724
7313.96295766,26509.921235,0.6773620, 71.0915,163.6427,340.4028,150.6012
7314.95943170,26509.831028,0.6772788, 71.0945,163.5677,340.3522,152.1407
7327.41378712,26507.866343,0.6765217, 71.0480,162.6549,339.6867,170.8554
7334.88720354,26506.509108,0.6759586, 71.0116,162.1092,339.2935,183.1514
7339.37141779,26505.775833,0.6758893, 71.0000,161.7786,339.0328,190.9140
7346.84536922,26504.844994,0.6753481, 70.9952,161.2250,338.6362,204.2156
7347.84189815,26504.623381,0.6753047, 70.9860,161.1536,338.5806,206.0218
7353.82110618,26504.042303,0.6751873, 70.9820,160.7112,338.2300,217.0493
7365.28108480,26503.330490,0.6746176, 70.9638,159.8637,337.5907,238.3030
7374.74978113,26503.738428,0.6740476, 70.9799,159.1547,337.0756,257.2030
7386.21135353,26505.230762,0.6734598, 71.0065,158.2957,336.4389,279.4348
7387.20805343,26505.355847,0.6733921, 71.0030,158.2225,336.3855,281.3607
7395.67992105,26506.971349,0.6731217, 71.0221,157.5871,335.9140,297.4807
7422.09382780,26486.134622,0.6710422, 71.0642,155.6216,334.5604,345.3325
7439.53818060,26501.736131,0.6694567, 71.0893,154.3278,333.6263, 15.6903
7440.53503515,26500.741012,0.6693391, 71.0853,154.2560,333.5732, 17.4145
7450.00493347,26505.869443,0.6688484, 71.0725,153.5727,333.0735, 33.6341
7460.47191841,26509.560313,0.6679308, 71.0408,152.8330,332.5476, 51.6511
7479.41250465,26509.749318,0.6664293, 71.0174,151.4925,331.5766, 85.0801
7488.88277148,26508.983909,0.6657747, 70.9747,150.8387,331.0781,102.3521
7489.87977268,26508.830193,0.6657063, 70.9779,150.7674,331.0254,104.2952
7495.86112654,26508.085063,0.6651187, 70.9653,150.3489,330.7176,115.5640
7500.84550767,26507.426126,0.6649594, 70.9410,150.0051,330.4465,125.1245
7506.82674673,26506.474831,0.6646302, 70.9528,149.5786,330.1301,136.7836
7516.79547112,26505.014491,0.6641135, 70.9269,148.8872,329.5877,156.7681
7517.79233308,26504.899977,0.6640419, 70.9315,148.8155,329.5342,158.7914
7536.73295775,26503.428837,0.6629614, 70.9320,147.4788,328.5149,198.2791
7536.73338542,26503.431146,0.6629613, 70.9320,147.4788,328.5149,198.5889
7543.71142151,26503.335582,0.6627620, 70.9283,146.9895,328.1260,213.3557
7544.70832676,26503.436142,0.6626967, 70.9349,146.9170,328.0720,215.4921
7550.68960779,26503.731192,0.6621885, 70.9385,146.4940,327.7528,228.1409
7551.68655593,26503.765736,0.6621506, 70.9356,146.4246,327.6984,230.2966
7556.67086722,26504.291250,0.6620750, 70.9423,146.0694,327.4256,240.7307
7562.65209195,26505.389872,0.6616197, 70.9668,145.6386,327.1142,253.0812
7562.65211197,26505.390025,0.6616197, 70.9668,145.6386,327.1142,253.0957
7567.63644858,26506.019059,0.6613334, 70.9538,145.2933,326.8475,263.2366
7572.62074408,26507.269190,0.6610858, 70.9787,144.9347,326.5794,273.1979
7579.59882101,26508.547801,0.6604841, 70.9761,144.4456,326.2153,286.8337
7585.57988166,26509.874558,0.6602511, 70.9948,144.0189,325.9028,298.1706
7590.06571684,26510.840921,0.6597715, 71.0064,143.7012,325.6784,306.4987
7590.56416225,26510.890221,0.6597168, 71.0054,143.6669,325.6530,307.4305
7594.55152955,26511.493317,0.6594502, 70.9924,143.3950,325.4460,314.7176
7597.54200672,26511.833586,0.6593320, 70.9999,143.1852,325.2888,320.1060
7601.52934566,26511.586929,0.6589099, 71.0163,142.9028,325.0879,327.2081
7602.02777569,26511.472149,0.6588463, 71.0162,142.8682,325.0635,328.0977
7612.49443047,26487.230592,0.6578565, 71.0087,142.1412,324.5510,346.3462
7616.48168415,26464.975761,0.6570354, 71.0168,141.8564,324.3338,353.1617
7617.47850217,26467.664958,0.6569186, 71.0148,141.7867,324.2687,354.8696
7619.47212522,26494.847762,0.6570375, 71.0076,141.6498,324.1386,358.2794
7636.41732698,26505.081414,0.6559344, 70.9827,140.4991,323.2624, 26.6887
7639.90605014,26505.955203,0.6557801, 70.9875,140.2591,323.0824, 32.5736
7641.40118546,26506.273755,0.6556550, 70.9905,140.1562,323.0070, 35.0733
7648.87680128,26507.898722,0.6549985, 70.9610,139.6620,322.6230, 47.6440
7661.83418534,26508.057969,0.6541250, 70.9392,138.7981,321.9464, 69.7856
7674.29227216,26506.700698,0.6533539, 70.9255,137.9658,321.3005, 91.2892
7675.28893575,26506.621512,0.6533129, 70.9199,137.9015,321.2470, 93.0710
7675.28896295,26506.621875,0.6533129, 70.9199,137.9015,321.2470, 93.0907
7682.76348895,26505.496102,0.6529754, 70.9249,137.4008,320.8465,106.3389
7688.24474480,26504.884012,0.6526541, 70.9079,137.0390,320.5538,116.2222
7695.22058684,26503.975636,0.6525112, 70.9158,136.5669,320.1867,128.8675
7701.19975591,26503.383708,0.6520824, 70.9115,136.1676,319.8703,139.7859
7736.07382208,26504.496729,0.6506382, 70.9526,133.8111,318.0037,201.3877
7737.56827110,26504.726162,0.6505007, 70.9567,133.7094,317.9234,203.8393
7742.05152906,26505.406756,0.6502200, 70.9527,133.4092,317.6834,211.0553
7748.02888822,26506.533528,0.6500554, 70.9664,133.0007,317.3747,220.2529
7752.51174429,26507.454285,0.6497025, 70.9804,132.6954,317.1441,226.8440
7756.99446991,26508.121167,0.6493798, 70.9734,132.3991,316.9082,233.2098
7765.95937348,26509.792799,0.6487774, 70.9929,131.7964,316.4337,245.1677
7769.94358867,26510.258224,0.6485292, 70.9859,131.5332,316.2237,250.1824
7769.94360374,26510.258365,0.6485292, 70.9859,131.5332,316.2237,250.1934
7773.92759122,26510.847168,0.6483811, 70.9911,131.2651,316.0205,254.9630
7778.90745381,26511.609671,0.6479832, 71.0041,130.9309,315.7662,260.7106
7783.88713779,26511.968969,0.6475693, 70.9927,130.6075,315.5050,266.2386
7793.84576337,26512.829234,0.6468748, 70.9974,129.9536,314.9782,276.5857
7795.83740405,26512.819788,0.6467473, 70.9908,129.8249,314.8724,278.5714
7799.82051133,26512.904392,0.6466089, 70.9859,129.5638,314.6673,282.4136
7813.26251226,26512.864991,0.6457718, 70.9726,128.6925,313.9683,294.6979
7813.76033282,26512.889740,0.6457591, 70.9724,128.6602,313.9421,295.1386
7813.76033296,26512.889743,0.6457591, 70.9724,128.6602,313.9421,295.1387
7832.67616912,26511.829432,0.6448745, 70.9681,127.4318,312.9531,311.5044
7838.64907039,26511.193783,0.6445651, 70.9521,127.0508,312.6364,316.6624
7839.64452022,26511.074528,0.6445539, 70.9500,126.9870,312.5841,317.5243
7846.61255795,26510.289288,0.6442985, 70.9584,126.5345,312.2144,323.6345
7847.11033708,26510.188482,0.6442712, 70.9578,126.5025,312.1874,324.1270
7856.06901759,26507.941300,0.6441305, 70.9526,125.9185,311.7254,332.3142
7868.01372357,26493.802492,0.6436089, 70.9511,125.1416,311.1151,343.8654
7882.94478787,26477.480851,0.6429607, 70.9721,124.1458,310.2698,359.4467
7883.44246889,26482.051158,0.6430103, 70.9743,124.1122,310.2419,359.9612
7888.41967896,26525.060474,0.6433609, 70.9906,123.7823,309.9962,  5.3792
7894.89022977,26518.027537,0.6430413, 70.9878,123.3619,309.6710, 12.5802
7907.83207386,26501.183240,0.6424781, 71.0048,122.5108,308.9574, 27.2437
7915.79699483,26501.826365,0.6421814, 71.0244,121.9854,308.5413, 36.3402
7916.79264969,26502.041015,0.6421328, 71.0242,121.9210,308.4878, 37.4777
7929.73696326,26505.217458,0.6416561, 71.0356,121.0799,307.7944, 52.2719
7934.71597315,26506.314020,0.6415556, 71.0342,120.7544,307.5355, 57.9549
7988.50345897,26510.737201,0.6396601, 71.0448,117.3070,304.7073,123.0012
7994.48134384,26510.195111,0.6395129, 71.0520,116.9234,304.4033,131.2622
8001.45588673,26509.518985,0.6393090, 71.0439,116.4826,304.0331,141.3366
8008.43066898,26508.526590,0.6392085, 71.0491,116.0399,303.6675,151.8602
8021.38458928,26506.635274,0.6390586, 71.0531,115.2078,302.9919,172.7238
8024.37411179,26506.125950,0.6389813, 71.0554,115.0183,302.8332,177.8058
8030.35320857,26505.247941,0.6389247, 71.0501,114.6358,302.5181,188.2093
8037.32903586,26504.172539,0.6388421, 71.0628,114.1913,302.1449,200.8046
8043.30854432,26503.587184,0.6388594, 71.0628,113.8027,301.8307,211.9793
8043.30881053,26503.588255,0.6388593, 71.0628,113.8027,301.8307,212.1721
8050.28480825,26503.024273,0.6387377, 71.0790,113.3524,301.4713,225.3325
8050.28507319,26503.025971,0.6387376, 71.0790,113.3524,301.4713,225.5245
8054.27133803,26502.806465,0.6386788, 71.0799,113.0978,301.2567,233.1013
8054.27135014,26502.806546,0.6386788, 71.0799,113.0978,301.2567,233.1101
8054.27160297,26502.808230,0.6386787, 71.0799,113.0978,301.2567,233.2933
8058.75618986,26502.736160,0.6386620, 71.0818,112.8070,301.0228,241.8987
8059.25449754,26502.761461,0.6386569, 71.0830,112.7749,300.9965,242.8716
8059.25476248,26502.763455,0.6386568, 71.0830,112.7749,300.9965,243.0635
8064.23784160,26502.886718,0.6385729, 71.0959,112.4579,300.7234,252.7860
8064.23810908,26502.889661,0.6385728, 71.0959,112.4579,300.7234,252.9797
8070.21793853,26503.295880,0.6385854, 71.0987,112.0684,300.4061,264.6984
8070.21820601,26503.298996,0.6385854, 71.0987,112.0684,300.4061,264.8922
8078.19159625,26504.431327,0.6384068, 71.1174,111.5550,299.9900,280.5525
8078.19186245,26504.436671,0.6384067, 71.1174,111.5550,299.9900,280.7454
8085.16872547,26505.742735,0.6383404, 71.1185,111.1066,299.6178,294.3266
8085.16899168,26505.751449,0.6383404, 71.1185,111.1066,299.6178,294.5194
8091.14919824,26507.494030,0.6382255, 71.1329,110.7272,299.2898,305.9715
8091.14946318,26507.508211,0.6382256, 71.1329,110.7272,299.2898,306.1635
8097.12978360,26509.419949,0.6382533, 71.1340,110.3405,298.9681,317.4389
8101.11687062,26511.092778,0.6381922, 71.1426,110.0820,298.7644,324.9582
8108.09441271,26511.917121,0.6380767, 71.1472,109.6429,298.3951,337.9370
8109.09122279,26510.929617,0.6380675, 71.1461,109.5792,298.3448,339.7769
8112.08161681,26502.498196,0.6379655, 71.1439,109.3856,298.2015,345.2321
8116.06883780,26470.286593,0.6374363, 71.1490,109.1276,297.9982,352.4475
8120.05611215,26469.079489,0.6373266, 71.1522,108.8693,297.7160,359.6467
8120.05637836,26470.513521,0.6373461, 71.1524,108.8690,297.7146,359.8402
8124.04367099,26525.992888,0.6381412, 71.1552,108.6053,297.5088,  6.9336
8125.04022932,26530.026425,0.6381797, 71.1568,108.5400,297.4661,  8.5000
8125.04022957,26530.026687,0.6381797, 71.1568,108.5400,297.4661,  8.5002
8125.04049553,26530.282591,0.6381815, 71.1568,108.5400,297.4670,  8.6923
8130.02437974,26521.338393,0.6379101, 71.1648,108.2225,297.2186, 17.2733
8130.02464599,26521.039952,0.6379060, 71.1647,108.2225,297.2184, 17.4663
8136.00545811,26512.107660,0.6377756, 71.1609,107.8476,296.8811, 27.7751
8136.00572424,26512.027467,0.6377753, 71.1609,107.8476,296.8809, 27.9680
8141.98651007,26510.278076,0.6377893, 71.1602,107.4643,296.5622, 38.1889
8142.98335598,26510.236540,0.6377822, 71.1619,107.4019,296.5077, 39.9233
8142.98336314,26510.236309,0.6377822, 71.1619,107.4019,296.5077, 39.9285
8142.98362942,26510.227931,0.6377826, 71.1619,107.4019,296.5077, 40.1213
8148.96474974,26510.254773,0.6378796, 71.1603,107.0258,296.1716, 50.5446
8149.96160263,26510.234706,0.6379124, 71.1594,106.9603,296.1194, 52.2808
8154.94586914,26510.219316,0.6379436, 71.1635,106.6348,295.8660, 60.9723
8155.94272672,26510.234690,0.6379330, 71.1650,106.5716,295.8141, 62.7168
8164.91450971,26509.995025,0.6380160, 71.1614,106.0025,295.3366, 78.5720
8170.89569639,26509.530413,0.6380524, 71.1670,105.6196,295.0263, 89.3128
8177.87376953,26508.799183,0.6382550, 71.1659,105.1704,294.6507,102.0707
8184.85183422,26507.768025,0.6382651, 71.1771,104.7160,294.2960,115.0967
8191.82992377,26506.731106,0.6383798, 71.1768,104.2667,293.9284,128.4569
8198.80772144,26505.504131,0.6384181, 71.1883,103.8165,293.5664,141.9685
8198.80798764,26505.504623,0.6384181, 71.1883,103.8165,293.5664,142.1612
8199.80461197,26505.349616,0.6384349, 71.1897,103.7536,293.5114,143.9708
8199.80487817,26505.349990,0.6384349, 71.1897,103.7536,293.5114,144.1636
8205.78577952,26504.486137,0.6386182, 71.1921,103.3594,293.1977,155.9989
8205.78604572,26504.486801,0.6386182, 71.1921,103.3594,293.1977,156.1917
8206.78290396,26504.328023,0.6386254, 71.1940,103.2923,293.1484,158.2179
8211.76697160,26503.546177,0.6385772, 71.2066,102.9685,292.8921,168.2774
8211.76697792,26503.546194,0.6385772, 71.2066,102.9685,292.8921,168.2819
8211.76724381,26503.546901,0.6385772, 71.2066,102.9685,292.8921,168.4745
8218.74500150,26502.790265,0.6386597, 71.2115,102.5180,292.5210,182.8285
8219.74189490,26502.710097,0.6386684, 71.2121,102.4518,292.4701,184.9513
8219.74216143,26502.710717,0.6386683, 71.2121,102.4518,292.4701,185.1443
8226.71983293,26502.111280,0.6386592, 71.2276,102.0041,292.0989,199.6879
8232.70091887,26502.101312,0.6388132, 71.2321,101.6115,291.7802,212.3871
8239.67878118,26502.249119,0.6387225, 71.2486,101.1591,291.4157,227.1671
8240.67568023,26502.288469,0.6387227, 71.2500,101.0965,291.3608,229.3176
8246.65668189,26502.794112,0.6387988, 71.2522,100.7097,291.0403,241.8864
8253.63441858,26503.645281,0.6387608, 71.2656,100.2650,290.6636,256.3357
8260.61218994,26504.880979,0.6389370, 71.2694, 99.8105,290.2885,270.5295
8266.59298684,26506.160685,0.6388443, 71.2810, 99.4284,289.9704,282.3398
8274.56731318,26508.035143,0.6389740, 71.2817, 98.9196,289.5385,297.6312
8281.54472534,26510.245815,0.6389955, 71.2917, 98.4816,289.1537,310.5706
8289.51871915,26513.565007,0.6392594, 71.2941, 97.9610,288.7286,324.7843
8296.49590493,26516.923694,0.6393597, 71.2998, 97.5259,288.3493,336.8600
8310.44969195,26460.342135,0.6389783, 71.2979, 96.6233,287.5760,359.9272
8316.42971040,26526.615285,0.6401123, 71.3040, 96.2166,287.2717,  9.5001
8316.92803192,26527.726066,0.6401200, 71.3049, 96.1840,287.2492, 10.2855
8335.36535458,26511.353670,0.6404018, 71.3116, 95.0014,286.2659, 39.0736
8342.34131440,26509.891015,0.6408563, 71.3106, 94.5367,285.8982, 49.9283
8344.33448806,26509.612748,0.6408747, 71.3136, 94.4020,285.7976, 53.1010
8345.33098336,26509.502209,0.6408772, 71.3154, 94.3368,285.7456, 54.6288
8355.29598465,26508.141477,0.6412771, 71.3180, 93.6872,285.2199, 70.2226
8355.29599362,26508.141534,0.6412771, 71.3180, 93.6872,285.2199, 70.2291
8370.24231647,26505.672113,0.6418279, 71.3322, 92.6903,284.4454, 94.0219
8387.17967562,26503.045139,0.6421324, 71.3543, 91.5651,283.5594,121.6126
8392.16085417,26502.624224,0.6423092, 71.3616, 91.2463,283.2846,129.7761
8398.63605337,26501.929835,0.6424841, 71.3691, 90.7987,282.9552,140.2991
8406.10701459,26501.764222,0.6425917, 71.3810, 90.3164,282.5437,152.2783
8413.07945841,26501.824657,0.6426822, 71.3871, 89.8461,282.1792,163.1531
8420.05143633,26502.373694,0.6428898, 71.3969, 89.4024,281.7886,173.6088
8420.05170254,26502.373523,0.6428898, 71.3969, 89.4024,281.7886,173.8017
8426.02704807,26503.005010,0.6429959, 71.4029, 88.9939,281.4786,182.1540
8427.02320755,26503.107681,0.6429781, 71.4052, 88.9293,281.4239,183.7273
8431.00674247,26503.644934,0.6430307, 71.4117, 88.6797,281.1966,189.1588
8433.99430322,26504.173231,0.6431774, 71.4118, 88.4872,281.0312,193.0920
8438.97336826,26505.066008,0.6432862, 71.4130, 88.1532,280.7687,199.3748
8443.95189244,26505.824980,0.6433476, 71.4213, 87.8403,280.4874,205.1035
8443.95215991,26505.825186,0.6433475, 71.4213, 87.8403,280.4874,205.2972
8450.92182147,26507.269611,0.6437615, 71.4217, 87.3803,280.1116,212.7682
8450.92208768,26507.269943,0.6437614, 71.4217, 87.3803,280.1116,212.9610
8457.89131931,26508.353957,0.6438668, 71.4311, 86.9346,279.7240,219.7862
8458.88719471,26508.518302,0.6439306, 71.4312, 86.8723,279.6675,220.9258
8463.86484745,26509.411780,0.6442375, 71.4283, 86.5438,279.4005,225.2710
8463.86511493,26509.412059,0.6442375, 71.4283, 86.5438,279.4005,225.4646
8473.82004494,26510.548748,0.6446993, 71.4347, 85.9064,278.8500,233.4819
8473.82031115,26510.548889,0.6446993, 71.4347, 85.9064,278.8500,233.6746
8480.78823917,26511.380847,0.6450562, 71.4352, 85.4302,278.4892,238.6168
8481.78391028,26511.425808,0.6450747, 71.4366, 85.3661,278.4342,239.4962
8490.74229880,26511.817986,0.6457013, 71.4352, 84.7811,277.9490,245.3475
8490.74257654,26511.818374,0.6457012, 71.4352, 84.7811,277.9490,245.5486
8496.71481117,26511.851531,0.6459000, 71.4383, 84.3812,277.6350,249.4015
8497.71017167,26511.790354,0.6459560, 71.4394, 84.3183,277.5793,250.0358
8504.67733884,26511.624619,0.6466118, 71.4374, 83.8452,277.2158,254.2098
8506.66827743,26511.575958,0.6466653, 71.4385, 83.7032,277.1167,255.6578
8514.13333019,26510.754922,0.6470506, 71.4446, 83.2104,276.7137,260.4961
8521.10074396,26510.091614,0.6474179, 71.4429, 82.7198,276.3648,265.2291
8522.09607084,26509.955524,0.6474325, 71.4441, 82.6518,276.3130,265.9178
8529.06362687,26508.680370,0.6478899, 71.4501, 82.1888,275.9400,271.0782
8530.05900290,26508.550873,0.6479838, 71.4497, 82.1170,275.8912,271.8435
8535.03594683,26507.936993,0.6481099, 71.4534, 81.7533,275.6460,275.8507
8550.96327616,26505.108847,0.6486106, 71.4692, 80.6551,274.8090,290.7421
8552.45655560,26504.850391,0.6486519, 71.4721, 80.5576,274.7260,292.3076
8561.41660766,26503.757628,0.6490502, 71.4794, 79.9243,274.2629,302.2581
8567.39011336,26503.230793,0.6491391, 71.4917, 79.5276,273.9248,309.2983
8567.39039082,26503.245768,0.6491390, 71.4917, 79.5275,273.9248,309.4993
8576.84930457,26504.103091,0.6493341, 71.4991, 78.8670,273.4197,321.5376
8576.84958267,26504.142966,0.6493343, 71.4991, 78.8670,273.4196,321.7392
8582.82401304,26506.142472,0.6495820, 71.5085, 78.4796,273.0759,329.7194
8582.82429084,26506.221340,0.6495829, 71.5085, 78.4796,273.0758,329.9207
8585.31357188,26507.643072,0.6497616, 71.5086, 78.3045,272.9455,333.1830
8585.31384966,26507.743057,0.6497630, 71.5086, 78.3045,272.9454,333.3843
8591.78671759,26513.033701,0.6498132, 71.5181, 77.8561,272.5903,342.4099
8591.78699537,26513.085860,0.6498151, 71.5181, 77.8561,272.5906,342.6111
8599.25629281,26482.449955,0.6498908, 71.5168, 77.3553,272.2078,353.2316
8599.25657028,26480.742506,0.6498681, 71.5167, 77.3551,272.2082,353.4321
8605.73035991,26452.305941,0.6494776, 71.5219, 76.9057,271.7788,  2.7747
8605.73063801,26453.990207,0.6495012, 71.5220, 76.9054,271.7775,  2.9766
8611.20901292,26512.305757,0.6506528, 71.5293, 76.5461,271.4796, 11.0041
8621.66853720,26512.595790,0.6509126, 71.5382, 75.8434,270.9114, 26.3573
8640.59766816,26510.400748,0.6521228, 71.5349, 74.5713,269.8705, 53.6744
8646.07777964,26511.077886,0.6522611, 71.5385, 74.1953,269.5693, 61.5977
8653.55089240,26511.684127,0.6529825, 71.5344, 73.6934,269.1643, 72.2717
8659.52975310,26512.119278,0.6531972, 71.5353, 73.2793,268.8452, 80.9454
8666.50539284,26512.455319,0.6539156, 71.5333, 72.8106,268.4734, 91.1333
8670.49131935,26512.269548,0.6540823, 71.5314, 72.5161,268.2755, 96.8266
8670.49159649,26512.269144,0.6540824, 71.5314, 72.5161,268.2755, 97.0272
8677.46747622,26512.395119,0.6545945, 71.5349, 72.0472,267.8919,107.3915
8677.46775336,26512.394895,0.6545946, 71.5349, 72.0472,267.8919,107.5921
8681.95225611,26511.927104,0.6549422, 71.5287, 71.7185,267.6718,114.2757
8681.95253326,26511.927162,0.6549423, 71.5287, 71.7185,267.6718,114.4764
8682.45058832,26511.850495,0.6549580, 71.5284, 71.6817,267.6472,115.0629
8682.45086610,26511.850532,0.6549581, 71.5284, 71.6817,267.6472,115.2640
8688.43056039,26511.390698,0.6551622, 71.5330, 71.2673,267.3262,124.5842
8688.43083817,26511.390163,0.6551623, 71.5330, 71.2673,267.3262,124.7853
8694.41073057,26510.721499,0.6557533, 71.5290, 70.8423,267.0257,134.3486
8695.40743655,26510.497569,0.6557960, 71.5280, 70.7651,266.9790,136.0037
8695.40771497,26510.497633,0.6557961, 71.5280, 70.7651,266.9791,136.2053
8701.38780866,26509.542196,0.6559226, 71.5344, 70.3377,266.6585,146.2070
8701.38808708,26509.541433,0.6559227, 71.5344, 70.3377,266.6585,146.4086
8708.36516505,26508.378762,0.6564609, 71.5299, 69.8333,266.3049,158.5409
8708.36544220,26508.378593,0.6564609, 71.5299, 69.8333,266.3049,158.7415
8714.34622832,26507.098226,0.6565076, 71.5347, 69.4019,265.9891,169.7886
8720.32689946,26506.109824,0.6569430, 71.5370, 68.9841,265.6734,180.9958
8720.32717661,26506.109019,0.6569430, 71.5370, 68.9841,265.6734,181.1966
8726.30798933,26504.680272,0.6569766, 71.5390, 68.5318,265.3682,192.8229
8726.30826712,26504.680178,0.6569766, 71.5390, 68.5318,265.3682,193.0241
8727.30488059,26504.472631,0.6569887, 71.5414, 68.4637,265.3101,194.8593
8727.30515837,26504.472315,0.6569887, 71.5414, 68.4637,265.3101,195.0604
8735.28004417,26503.245353,0.6574514, 71.5427, 67.8936,264.8849,211.3599
8735.28032259,26503.244813,0.6574514, 71.5427, 67.8936,264.8850,211.5615
8741.26158748,26502.228007,0.6573952, 71.5493, 67.4645,264.5562,224.1776
8741.26186400,26502.227710,0.6573952, 71.5494, 67.4645,264.5562,224.3779
8747.24324552,26501.592695,0.6577383, 71.5548, 67.0544,264.2241,237.2215
8747.24352457,26501.591489,0.6577383, 71.5548, 67.0544,264.2241,237.4237
8755.21906227,26501.085894,0.6577604, 71.5616, 66.4751,263.7838,255.0286
8755.21934132,26501.085626,0.6577603, 71.5616, 66.4751,263.7838,255.2308
8759.70553997,26501.029643,0.6581105, 71.5646, 66.1688,263.5289,265.1090
8759.70581903,26501.028616,0.6581104, 71.5646, 66.1688,263.5289,265.3112
8765.18913629,26501.448507,0.6581808, 71.5626, 65.7665,263.2334,277.5013
8765.68792922,26501.456010,0.6581725, 71.5633, 65.7314,263.2051,278.8340
8770.67313094,26501.679470,0.6582787, 71.5725, 65.4015,262.9062,290.1318
8780.14523726,26503.513927,0.6586478, 71.5726, 64.7273,262.3846,311.3666
8780.64359186,26503.603643,0.6586451, 71.5737, 64.6933,262.3543,312.3480
8780.64386837,26503.614668,0.6586448, 71.5737, 64.6933,262.3542,312.5483
8785.13049482,26505.078687,0.6589711, 71.5819, 64.4021,262.0771,322.3123
8785.13077134,26505.112863,0.6589711, 71.5819, 64.4021,262.0770,322.5127
8787.62335348,26506.746689,0.6592292, 71.5800, 64.2265,261.9402,327.8565
8788.12192485,26507.231658,0.6592667, 71.5793, 64.1901,261.9131,328.9598
8789.11890754,26508.268909,0.6593246, 71.5781, 64.1166,261.8593,331.0470
8789.11918405,26508.358844,0.6593253, 71.5781, 64.1166,261.8592,331.2474
8791.11355863,26511.382620,0.6593960, 71.5769, 63.9709,261.7481,335.7050
8794.10503046,26518.198813,0.6595098, 71.5794, 63.7636,261.5711,342.2854
8798.09367708,26516.811898,0.6597949, 71.5839, 63.5052,261.3520,350.9355
8801.08509919,26461.490170,0.6594239, 71.5791, 63.2989,261.2026,357.2537
8801.58370403,26449.988386,0.6593211, 71.5777, 63.2616,261.1698,358.3284
8809.06260956,26516.859080,0.6604519, 71.5809, 62.7073,260.7180, 14.1366
8814.04867519,26516.998389,0.6610160, 71.5835, 62.3739,260.4459, 24.5144
8818.53629182,26514.224614,0.6612816, 71.5752, 62.0404,260.2136, 33.8212
8822.02668091,26513.328320,0.6613918, 71.5761, 61.7958,260.0144, 41.0232
8828.01032356,26512.743011,0.6620327, 71.5771, 61.3924,259.6805, 53.2600
8832.99684376,26512.609395,0.6623855, 71.5672, 61.0143,259.4343, 63.4294
8838.48211389,26512.997671,0.6627482, 71.5711, 60.6322,259.1218, 74.6641
8841.97283217,26512.896012,0.6632319, 71.5654, 60.3794,258.9453, 81.8020
8842.97018388,26512.822047,0.6633254, 71.5625, 60.3020,258.8981, 83.8411
8849.45309077,26512.663359,0.6635752, 71.5564, 59.8157,258.5604, 97.2459
8855.43751563,26512.566806,0.6641688, 71.5548, 59.3925,258.2450,109.7717
8863.41705939,26511.604848,0.6644627, 71.5455, 58.7772,257.8423,126.8665
8865.91073076,26511.508190,0.6646954, 71.5475, 58.6022,257.7039,132.3112
8869.90074082,26510.928386,0.6651005, 71.5392, 58.2975,257.5108,141.1465
8871.39703598,26510.627731,0.6651543, 71.5350, 58.1769,257.4402,144.5181
8875.88594696,26509.737248,0.6651638, 71.5328, 57.8312,257.2051,154.7736
8880.87370357,26509.066591,0.6654406, 71.5364, 57.4744,256.9320,166.3675
8882.37006520,26508.884077,0.6655678, 71.5346, 57.3626,256.8576,169.8915
8886.85924967,26507.789444,0.6656901, 71.5250, 57.0021,256.6445,180.6503
8893.34396807,26506.471476,0.6658533, 71.5326, 56.5255,256.2774,196.8002
8903.32105423,26504.328391,0.6660254, 71.5251, 55.7557,255.7547,222.7005
8909.80646101,26503.021458,0.6663275, 71.5323, 55.2925,255.3903,240.1819
8912.79988806,26502.592759,0.6664024, 71.5274, 55.0574,255.2405,248.4520
8918.78695735,26501.381251,0.6663383, 71.5353, 54.6130,254.8885,265.4117
8923.27747065,26500.836028,0.6667169, 71.5363, 54.2872,254.6401,278.3415
8924.77434864,26500.738185,0.6667542, 71.5336, 54.1700,254.5620,282.6975
8929.26485129,26500.472632,0.6666654, 71.5334, 53.8296,254.3064,295.7532
8929.26512876,26500.470394,0.6666652, 71.5334, 53.8296,254.3064,295.9542
8938.74592335,26500.860404,0.6671017, 71.5441, 53.1607,253.7497,324.1222
8938.74620082,26500.887872,0.6671014, 71.5441, 53.1607,253.7496,324.3232
8946.73070823,26522.043802,0.6674810, 71.5527, 52.5801,253.2597,348.4681
8947.22983168,26522.214695,0.6675602, 71.5534, 52.5465,253.2352,350.0290
8947.23010978,26522.061886,0.6675603, 71.5533, 52.5465,253.2361,350.2300
8951.72162421,26436.588045,0.6669801, 71.5406, 52.1997,252.9565,  3.7793
8951.72190231,26438.037741,0.6670006, 71.5407, 52.1993,252.9547,  3.9815
8952.22069788,26449.064322,0.6671677, 71.5400, 52.1583,252.9189,  5.2950
8952.22097597,26451.012907,0.6671941, 71.5401, 52.1580,252.9181,  5.4965
8962.70235219,26507.738785,0.6682726, 71.5541, 51.4123,252.3310, 37.5202
8962.70263029,26507.701355,0.6682722, 71.5541, 51.4123,252.3310, 37.7217
8966.19684793,26506.875651,0.6685662, 71.5491, 51.1566,252.1434, 48.4912
8968.19330054,26506.820339,0.6686276, 71.5447, 51.0027,252.0372, 54.4343
8968.19357832,26506.807705,0.6686277, 71.5446, 51.0027,252.0372, 54.6355
8972.68605909,26507.418598,0.6687475, 71.5479, 50.6782,251.7653, 68.2818
8972.68633687,26507.412873,0.6687476, 71.5479, 50.6782,251.7653, 68.4829
8976.67982392,26507.957593,0.6693241, 71.5498, 50.4026,251.5365, 80.5451
8976.68010171,26507.955622,0.6693242, 71.5498, 50.4026,251.5365, 80.7463
8979.67525907,26508.224155,0.6695832, 71.5402, 50.1699,251.3862, 89.7190
8979.67553685,26508.222478,0.6695833, 71.5402, 50.1699,251.3862, 89.9202
8981.67226320,26508.514817,0.6696363, 71.5362, 50.0157,251.2782, 95.8497
8981.67254098,26508.513076,0.6696364, 71.5362, 50.0157,251.2782, 96.0509
8990.65931467,26510.342926,0.6703467, 71.5395, 49.3815,250.7640,123.4358
8990.65959308,26510.342100,0.6703468, 71.5395, 49.3815,250.7640,123.6374
8994.65384137,26510.741071,0.6706497, 71.5281, 49.0740,250.5670,135.6684
8995.65251235,26510.802796,0.6706723, 71.5255, 48.9952,250.5155,138.7468
8995.65277919,26510.802270,0.6706724, 71.5255, 48.9952,250.5155,138.9400
9000.64588958,26511.508378,0.6709183, 71.5278, 48.6298,250.2261,154.1073
9001.14552942,26511.595072,0.6709870, 71.5285, 48.5954,250.1972,155.8510
9001.64460229,26511.731815,0.6710613, 71.5287, 48.5605,250.1694,157.1813
9001.64488071,26511.730035,0.6710615, 71.5287, 48.5605,250.1694,157.3828
9005.63949674,26512.182781,0.6715892, 71.5174, 48.2557,249.9747,169.4214
9005.63977516,26512.181761,0.6715893, 71.5174, 48.2557,249.9748,169.6229
9030.11069925,26511.880805,0.6730179, 71.4871, 46.3890,248.6881,245.6526
9031.10957386,26511.851752,0.6731373, 71.4840, 46.3105,248.6414,248.7904
9057.08103950,26509.017458,0.6739285, 71.4513, 44.2724,247.2761,332.8057
9072.06379980,26512.512993,0.6743665, 71.4375, 43.0703,246.4545, 22.8173
9075.05992020,26509.600300,0.6743958, 71.4310, 42.8297,246.3065, 32.7103
9078.05608053,26507.363223,0.6742571, 71.4241, 42.5828,246.1451, 42.7427
9080.05390222,26506.352800,0.6741879, 71.4259, 42.4282,246.0223, 49.7740
9080.05390223,26506.352799,0.6741879, 71.4259, 42.4282,246.0223, 49.7741
9083.04988678,26505.156837,0.6743589, 71.4343, 42.2119,245.8367, 59.8236
9084.54787746,26504.640264,0.6745135, 71.4348, 42.1002,245.7544, 64.8516
9087.04456817,26503.715377,0.6746611, 71.4285, 41.9001,245.6279, 73.2870
9088.04322619,26503.422826,0.6746614, 71.4251, 41.8171,245.5767, 76.6666
9089.04193334,26503.167532,0.6746370, 71.4223, 41.7345,245.5232, 80.0945
9093.53583591,26502.458115,0.6745404, 71.4245, 41.3871,245.2525, 95.4443
9095.03349553,26502.246358,0.6745864, 71.4286, 41.2794,245.1582,100.3625
9095.53278016,26502.235344,0.6746113, 71.4297, 41.2436,245.1279,102.0500
9099.52698384,26501.792407,0.6748692, 71.4340, 40.9517,244.8977,115.5054
9102.02328639,26501.422031,0.6749572, 71.4298, 40.7569,244.7643,123.8788
9104.02020048,26501.126898,0.6749321, 71.4254, 40.5959,244.6552,130.5093
9108.51306031,26501.020792,0.6749243, 71.4324, 40.2567,244.3723,145.3687
9110.01092285,26501.205269,0.6750808, 71.4375, 40.1524,244.2769,150.4884
9114.50368987,26501.289159,0.6754968, 71.4311, 39.8081,244.0358,165.1787
9116.99948836,26501.222853,0.6754935, 71.4253, 39.6075,243.8955,173.2171
9116.99948963,26501.222850,0.6754935, 71.4253, 39.6075,243.8955,173.2180
9117.99776065,26501.236368,0.6754841, 71.4252, 39.5303,243.8350,176.4011
9118.49681972,26501.226266,0.6754833, 71.4257, 39.4924,243.8046,177.9369
9121.99098153,26501.595264,0.6756142, 71.4339, 39.2408,243.5813,189.1983
9126.48307921,26502.225770,0.6760194, 71.4397, 38.9189,243.3181,203.2500
9130.47591972,26502.744235,0.6762136, 71.4313, 38.6091,243.1041,215.5299
9131.47409851,26502.838606,0.6762159, 71.4292, 38.5299,243.0481,218.5701
9135.96576494,26503.244767,0.6763774, 71.4360, 38.1971,242.7657,232.1096
9140.95622070,26504.285163,0.6770612, 71.4335, 37.8257,242.4933,246.6714
9141.45525035,26504.344881,0.6770898, 71.4314, 37.7849,242.4688,248.1053
9145.44744614,26504.951322,0.6771722, 71.4222, 37.4673,242.2463,259.5256
9149.43946173,26505.387775,0.6774349, 71.4290, 37.1777,242.0018,270.7047
9150.43741689,26505.505460,0.6775438, 71.4306, 37.1066,241.9432,273.4357
9152.43333638,26505.769190,0.6777758, 71.4315, 36.9616,241.8322,278.8681
9153.43128525,26505.918026,0.6778845, 71.4305, 36.8868,241.7796,281.5598
9157.92196064,26506.670593,0.6781547, 71.4166, 36.5315,241.5507,293.5095
9157.92196065,26506.670593,0.6781547, 71.4166, 36.5315,241.5507,293.5095
9158.91986383,26506.819598,0.6781658, 71.4136, 36.4510,241.4969,296.1348
9163.41027563,26506.997496,0.6783880, 71.4162, 36.1115,241.2285,307.7773
9167.90049641,26507.024130,0.6790505, 71.4100, 35.7676,240.9991,319.0308
9167.90049735,26507.024103,0.6790505, 71.4100, 35.7676,240.9991,319.0315
9167.90051488,26507.023608,0.6790505, 71.4100, 35.7676,240.9991,319.0442
9172.88943369,26508.532218,0.6791546, 71.3903, 35.3540,240.7373,331.2884
9176.88037183,26514.596971,0.6794554, 71.3940, 35.0532,240.4949,340.8648
9179.37471681,26527.378944,0.6798619, 71.3942, 34.8649,240.3523,346.7886
9179.37499457,26527.987365,0.6798694, 71.3942, 34.8649,240.3520,346.9901
9182.36791166,26538.986228,0.6803065, 71.3843, 34.6267,240.2258,353.8101
9182.36819071,26538.155337,0.6802987, 71.3842, 34.6266,240.2273,354.0113
9183.86442201,26505.732389,0.6799852, 71.3741, 34.5007,240.1777,357.2354
9183.86470108,26502.591107,0.6799474, 71.3738, 34.5005,240.1783,357.4370
9186.85743426,26439.155374,0.6792090, 71.3559, 34.2380,239.9646,  4.1402
9186.85743554,26439.159307,0.6792090, 71.3559, 34.2380,239.9646,  4.1411
9190.34917576,26500.306391,0.6801169, 71.3581, 33.9543,239.7537, 12.0840
9192.84320084,26515.159768,0.6805938, 71.3610, 33.7636,239.6376, 17.6487
9196.83359807,26517.583355,0.6808892, 71.3389, 33.4236,239.4711, 26.4751
9197.83117299,26517.340058,0.6808643, 71.3329, 33.3362,239.4236, 28.6790
9203.31772637,26515.364486,0.6808987, 71.3251, 32.8940,239.1176, 40.7899
9207.80655562,26514.003105,0.6812133, 71.3194, 32.5414,238.8849, 50.5534
9207.80656949,26514.002385,0.6812133, 71.3194, 32.5414,238.8849, 50.5635
9215.28775288,26512.590738,0.6811440, 71.2887, 31.9092,238.5062, 66.8520
9216.28518936,26512.493853,0.6811443, 71.2887, 31.8294,238.4473, 69.0163
9220.27498359,26511.879692,0.6814606, 71.2908, 31.5194,238.2255, 77.7122
9229.25171078,26510.072270,0.6814453, 71.2580, 30.7573,237.7614, 97.3738
9229.25200014,26510.069626,0.6814454, 71.2580, 30.7573,237.7613, 97.5834
9232.74244312,26509.494764,0.6815944, 71.2612, 30.4862,237.5624,105.0233
9237.23045841,26508.504115,0.6817223, 71.2505, 30.1196,237.3340,114.8931
9237.23074777,26508.503302,0.6817224, 71.2505, 30.1196,237.3340,115.1026
9240.72110793,26507.507139,0.6815704, 71.2380, 29.8218,237.1494,122.6878
9240.72110802,26507.507139,0.6815704, 71.2380, 29.8218,237.1494,122.6878
9243.21440592,26507.088323,0.6814852, 71.2383, 29.6189,236.9981,128.3329
9243.21440599,26507.088323,0.6814852, 71.2383, 29.6189,236.9981,128.3330
9243.21441782,26507.088253,0.6814852, 71.2383, 29.6189,236.9981,128.3415
9251.19266818,26505.486934,0.6818761, 71.2311, 28.9757,236.5653,146.4077
9257.17619104,26504.088214,0.6817468, 71.2313, 28.4894,236.2054,160.2846
9257.67482520,26503.951864,0.6817686, 71.2330, 28.4518,236.1743,161.4587
9258.17345215,26503.944895,0.6817944, 71.2343, 28.4140,236.1439,162.6286
9260.16786201,26503.645584,0.6819160, 71.2385, 28.2624,236.0267,167.2471
9260.16789218,26503.645448,0.6819160, 71.2385, 28.2624,236.0267,167.2690
9262.16222790,26503.300509,0.6820226, 71.2387, 28.1064,235.9166,171.8535
9266.15102133,26502.424217,0.6820366, 71.2300, 27.7792,235.7016,181.2059
9267.14830218,26502.174240,0.6819992, 71.2280, 27.6963,235.6443,183.6306
9270.13973999,26501.507226,0.6819330, 71.2306, 27.4568,235.4559,190.6761
9270.13974015,26501.507225,0.6819330, 71.2306, 27.4568,235.4559,190.6762
9272.13412970,26501.293003,0.6820535, 71.2394, 27.3078,235.3250,195.4696
9273.13127294,26501.264550,0.6821666, 71.2433, 27.2341,235.2634,197.8259
9274.62698704,26501.208559,0.6823493, 71.2454, 27.1203,235.1783,201.3534
9274.62700362,26501.208432,0.6823493, 71.2454, 27.1203,235.1783,201.3654
9276.12265826,26501.187340,0.6824807, 71.2419, 26.9995,235.1016,204.8503
9278.11695271,26500.958908,0.6825222, 71.2335, 26.8312,234.9981,209.5838
9279.11408795,26500.809711,0.6825031, 71.2301, 26.7469,234.9423,211.9560
9280.11122294,26500.664164,0.6824788, 71.2283, 26.6642,234.8829,214.3366
9280.11122326,26500.664163,0.6824788, 71.2283, 26.6642,234.8829,214.3368
9284.59824858,26500.356213,0.6825991, 71.2389, 26.3189,234.5934,225.0206
9286.59239747,26500.420510,0.6827784, 71.2449, 26.1710,234.4704,229.6870
9287.58946064,26500.476777,0.6828729, 71.2466, 26.0959,234.4121,232.0043
9289.58363169,26500.613785,0.6830348, 71.2464, 25.9417,234.3008,236.6588
9293.57194583,26500.889309,0.6831512, 71.2370, 25.6188,234.0820,245.9269
9297.56015190,26500.986797,0.6831910, 71.2374, 25.3020,233.8345,255.1205
9301.54825098,26501.202974,0.6837190, 71.2500, 25.0057,233.5912,264.1186
9302.54527307,26501.382696,0.6838570, 71.2480, 24.9266,233.5406,266.3338
9303.54228866,26501.589656,0.6839526, 71.2435, 24.8443,233.4919,268.5384
9307.53033550,26502.202148,0.6840211, 71.2266, 24.5090,233.2763,277.3468
9308.52731986,26502.270650,0.6840393, 71.2264, 24.4295,233.2150,279.5260
9309.52431123,26502.320190,0.6840810, 71.2278, 24.3521,233.1523,281.7037
9313.51220517,26502.518848,0.6844581, 71.2373, 24.0522,232.9097,290.2586
9314.50915165,26502.598263,0.6845727, 71.2380, 23.9764,232.8540,292.3484
9317.49999998,26502.921886,0.6848468, 71.2333, 23.7402,232.6968,298.5649
9319.49385584,26503.179284,0.6849340, 71.2257, 23.5763,232.5941,302.6423
9321.48772181,26503.416380,0.6849548, 71.2180, 23.4104,232.4865,306.7099
9324.47847423,26503.563208,0.6850044, 71.2146, 23.1688,232.3087,312.7481
9325.47538715,26503.508918,0.6850754, 71.2167, 23.0920,232.2465,314.7431
9326.47227680,26503.401642,0.6851888, 71.2196, 23.0167,232.1855,316.7081
9327.46920795,26503.262064,0.6853388, 71.2222, 22.9416,232.1277,318.6861
9329.46295616,26503.085730,0.6856569, 71.2204, 22.7847,232.0263,322.5059
9332.45357924,26503.402931,0.6858365, 71.1999, 22.5259,231.8879,328.1691
9333.45053302,26503.602349,0.6858246, 71.1936, 22.4387,231.8359,330.1137
9335.44427086,26504.164687,0.6858132, 71.1873, 22.2706,231.7206,333.8747
9336.44110618,26504.627256,0.6858401, 71.1870, 22.1902,231.6594,335.7220
9338.93319138,26507.202706,0.6860248, 71.1901, 21.9950,231.5057,340.2936
9340.42846203,26510.660634,0.6862025, 71.1915, 21.8785,231.4168,343.0158
9343.41886862,26525.824826,0.6866403, 71.1875, 21.6386,231.2511,348.2897
9343.41886863,26525.824857,0.6866403, 71.1875, 21.6386,231.2511,348.2897
9343.91773078,26531.395088,0.6867395, 71.1859, 21.5973,231.2249,349.4951
9345.41292889,26542.867121,0.6869596, 71.1789, 21.4719,231.1551,352.0918
9347.40644703,26543.028280,0.6870181, 71.1665, 21.3012,231.0780,355.4701
9349.39999519,26499.411039,0.6864910, 71.1533, 21.1286,230.9935,358.8586
9351.39353814,26446.117047,0.6858685, 71.1447, 20.9569,230.8524,  2.2605
9354.38378017,26455.577769,0.6862907, 71.1461, 20.7100,230.6260,  7.2636
9354.38378083,26455.581807,0.6862908, 71.1461, 20.7100,230.6260,  7.2641
9355.38049787,26469.385362,0.6866120, 71.1468, 20.6288,230.5711,  8.8758
9356.37719795,26481.817732,0.6869065, 71.1451, 20.5458,230.5259, 10.4589
9356.37719859,26481.821044,0.6869065, 71.1451, 20.5458,230.5259, 10.4593
9358.37063844,26499.739139,0.6872787, 71.1324, 20.3700,230.4508, 13.6292
9359.36732341,26505.335379,0.6873404, 71.1236, 20.2787,230.4126, 15.1909
9363.85255855,26515.497938,0.6873222, 71.1038, 19.8876,230.1867, 22.3925
9370.33096682,26516.111494,0.6877068, 71.0983, 19.3619,229.8463, 32.4893
9372.82262017,26515.703733,0.6877462, 71.0855, 19.1482,229.7281, 36.3090
9375.31405124,26515.463312,0.6876673, 71.0704, 18.9297,229.6047, 39.9873
9387.27295425,26513.447437,0.6879503, 71.0324, 17.9134,228.9799, 57.8264
9388.26939548,26513.366148,0.6878826, 71.0252, 17.8227,228.9286, 59.2388
9388.26939612,26513.366126,0.6878826, 71.0252, 17.8227,228.9286, 59.2392
9391.25894669,26513.109612,0.6877747, 71.0185, 17.5662,228.7543, 63.6964
9394.74665808,26512.554143,0.6879204, 71.0219, 17.2841,228.5531, 68.8501
9394.74669171,26512.553470,0.6879204, 71.0219, 17.2841,228.5531, 68.8745
9398.73249236,26511.707367,0.6880547, 71.0127, 16.9509,228.3496, 74.6758
9402.71824342,26510.903313,0.6879021, 70.9936, 16.6027,228.1434, 80.5548
9405.70746341,26510.506614,0.6877716, 70.9889, 16.3480,227.9670, 85.0066
9409.69291400,26509.995861,0.6879821, 70.9973, 16.0271,227.7308, 90.8902
9470.94936206,26501.515085,0.6898282, 70.9642, 10.9298,224.2147,180.9792
9474.93241781,26502.098897,0.6901180, 70.9752, 10.6110,223.9624,186.3906
9477.91914302,26502.682301,0.6904646, 70.9795, 10.3734,223.7934,189.9376
9479.91037036,26502.986781,0.6906266, 70.9754, 10.2089,223.6890,192.3187
9480.90592778,26503.110795,0.6906762, 70.9718, 10.1250,223.6371,193.4610
9481.90149683,26503.218899,0.6907068, 70.9678, 10.0403,223.5844,194.6086
9482.89705961,26503.314616,0.6907228, 70.9638,  9.9552,223.5304,195.7491
9483.89265507,26503.402484,0.6907307, 70.9603,  9.8702,223.4745,196.9112
9484.88817756,26503.488630,0.6907391, 70.9579,  9.7857,223.4165,198.0182
9485.88372681,26503.580391,0.6907582, 70.9568,  9.7023,223.3564,199.1416
9486.87924522,26503.691314,0.6907987, 70.9574,  9.6203,223.2947,200.2379
9488.87025756,26504.021279,0.6909779, 70.9628,  9.4605,223.1707,202.3874
9489.86575408,26504.261346,0.6911186, 70.9660,  9.3818,223.1117,203.4360
9490.86123215,26504.546360,0.6912782, 70.9677,  9.3025,223.0566,204.4554
9492.85218036,26505.110891,0.6915578, 70.9622,  9.1371,222.9594,206.4462
9493.34990469,26505.152938,0.6916017, 70.9591,  9.0939,222.9369,206.9291
9495.34080776,26505.420692,0.6916715, 70.9427,  8.9164,222.8429,208.8605
9495.83852330,26505.518032,0.6916715, 70.9387,  8.8717,222.8173,209.3365
9496.83395524,26505.580658,0.6916644, 70.9328,  8.7834,222.7632,210.2896
9497.82938746,26505.661546,0.6916684, 70.9294,  8.6970,222.7054,211.2412
9500.31790625,26505.999488,0.6917940, 70.9299,  8.4899,222.5547,213.5449
9500.81554629,26506.151197,0.6918415, 70.9306,  8.4496,222.5250,213.9512
9502.30865120,26506.473129,0.6920027, 70.9330,  8.3290,222.4387,215.2845
9503.30400100,26506.733934,0.6921189, 70.9334,  8.2482,222.3844,216.1180
9503.80166873,26506.894452,0.6921769, 70.9329,  8.2075,222.3582,216.5249
9504.79699833,26507.147450,0.6922811, 70.9311,  8.1251,222.3072,217.3258
9505.79235252,26507.389107,0.6923681, 70.9278,  8.0413,222.2579,218.1343
9506.78768164,26507.614144,0.6924335, 70.9231,  7.9563,222.2095,218.9164
9507.78303496,26507.819279,0.6924764, 70.9174,  7.8701,222.1611,219.7091
9508.28067681,26507.904834,0.6924885, 70.9144,  7.8266,222.1365,220.0782
9508.77834165,26508.004805,0.6924985, 70.9111,  7.7830,222.1120,220.4626
9510.76897779,26508.322339,0.6925001, 70.8990,  7.6081,222.0093,221.9735
9511.76426293,26508.460283,0.6924942, 70.8941,  7.5210,221.9551,222.6993
9512.75956456,26508.590847,0.6924957, 70.8905,  7.4348,221.8989,223.4325
9513.75487188,26508.718785,0.6925145, 70.8884,  7.3498,221.8410,224.1642
9514.75015106,26508.855565,0.6925595, 70.8880,  7.2662,221.7823,224.8677
9516.74070107,26509.205875,0.6927467, 70.8898,  7.1020,221.6672,226.2343
9517.23835476,26509.344020,0.6928107, 70.8901,  7.0612,221.6399,226.5785
9517.73599927,26509.443077,0.6928802, 70.8900,  7.0201,221.6140,226.9120
9518.73124168,26509.722860,0.6930179, 70.8880,  6.9368,221.5652,227.5331
9519.72649063,26510.020003,0.6931338, 70.8825,  6.8508,221.5206,228.1451
9520.72175017,26510.290557,0.6932053, 70.8737,  6.7617,221.4785,228.7565
9521.71700293,26510.493535,0.6932249, 70.8628,  6.6701,221.4360,229.3610
9526.19562481,26510.865837,0.6931407, 70.8324,  6.2654,221.2000,232.0867
9528.68373135,26511.135835,0.6932874, 70.8320,  6.0557,221.0578,233.5422
9530.67418563,26511.473908,0.6934554, 70.8298,  5.8885,220.9534,234.6377
9531.66941044,26511.642803,0.6935287, 70.8267,  5.8035,220.9045,235.1707
9533.65985326,26511.942063,0.6936193, 70.8161,  5.6297,220.8106,236.2144
9535.65031995,26512.157369,0.6936208, 70.8015,  5.4517,220.7169,237.2652
9536.64555964,26512.227072,0.6935934, 70.7939,  5.3618,220.6684,237.7954
9537.64080189,26512.273063,0.6935550, 70.7868,  5.2720,220.6179,238.3287
9538.63604466,26512.297621,0.6935138, 70.7806,  5.1825,220.5654,238.8641
9539.63129089,26512.302927,0.6934788, 70.7758,  5.0939,220.5108,239.4032
9540.62653566,26512.294740,0.6934592, 70.7726,  5.0064,220.4545,239.9414
9541.62179472,26512.280148,0.6934630, 70.7710,  4.9202,220.3970,240.4886
9543.61230244,26512.271695,0.6935590, 70.7711,  4.7511,220.2833,241.5625
9545.60280364,26512.371464,0.6937453, 70.7695,  4.5823,220.1797,242.6007
9546.59805960,26512.477091,0.6938329, 70.7650,  4.4954,220.1338,243.1113
9549.58387500,26512.723652,0.6938451, 70.7350,  4.2193,220.0049,244.6789
9551.57447030,26512.557205,0.6937010, 70.7172,  4.0329,219.9031,245.8061
9553.56532718,26512.298331,0.6936390, 70.7117,  3.8556,219.7871,247.1471
9554.56063470,26512.208577,0.6936590, 70.7119,  3.7700,219.7283,247.7293
9555.55595345,26512.152164,0.6937036, 70.7127,  3.6854,219.6712,248.3161
9556.55125490,26512.119523,0.6937606, 70.7130,  3.6010,219.6163,248.8866
9557.54657431,26512.103146,0.6938179, 70.7122,  3.5161,219.5638,249.4672
9558.54190569,26512.092477,0.6938657, 70.7099,  3.4302,219.5134,250.0553
9559.53724369,26512.078945,0.6938968, 70.7063,  3.3432,219.4645,250.6486
9560.53259210,26512.054967,0.6939070, 70.7013,  3.2550,219.4164,251.2520
9562.02564346,26512.003771,0.6938811, 70.6920,  3.1210,219.3443,252.1867
9563.51877114,26511.880690,0.6938118, 70.6822,  2.9856,219.2690,253.1918
9565.50956091,26511.652354,0.6936876, 70.6710,  2.8055,219.1623,254.5263
9566.50497817,26511.505102,0.6936309, 70.6673,  2.7165,219.1057,255.2220
9567.50044405,26511.339243,0.6935899, 70.6653,  2.6286,219.0472,255.9598
9568.49587084,26511.160747,0.6935726, 70.6650,  2.5421,218.9876,256.6745
9570.48674237,26510.798024,0.6936256, 70.6679,  2.3724,218.8688,258.1242
9571.48218363,26510.637828,0.6936919, 70.6697,  2.2884,218.8121,258.8522
9572.47764719,26510.507463,0.6937713, 70.6703,  2.2038,218.7585,259.5941
9572.47765860,26510.507320,0.6937713, 70.6703,  2.2038,218.7585,259.6024
9573.47311976,26510.414991,0.6938462, 70.6686,  2.1178,218.7086,260.3408
9576.95740567,26510.204728,0.6938364, 70.6427,  1.7993,218.5458,263.0903
9578.45062446,26509.985114,0.6937159, 70.6316,  1.6602,218.4656,264.2859
9578.45062447,26509.985114,0.6937159, 70.6316,  1.6602,218.4656,264.2859
9579.44613612,26509.743211,0.6936512, 70.6281,  1.5699,218.4067,265.1242
9580.44167901,26509.470746,0.6936219, 70.6280,  1.4823,218.3450,265.9940
9582.43278246,26508.966371,0.6936762, 70.6335,  1.3129,218.2219,267.7563
9584.42390991,26508.594014,0.6938059, 70.6387,  1.1454,218.1075,269.5382
9588.40629002,26508.023516,0.6939305, 70.6324,  0.7998,217.9001,273.2393
9589.40191527,26507.870673,0.6939101, 70.6283,  0.7112,217.8485,274.2072
9590.39755332,26507.703294,0.6938732, 70.6241,  0.6221,217.7954,275.1957
9591.39320373,26507.517023,0.6938261, 70.6204,  0.5331,217.7406,276.2050
9592.38886499,26507.309537,0.6937765, 70.6176,  0.4445,217.6835,277.2345
9593.38453864,26507.076116,0.6937337, 70.6162,  0.3566,217.6244,278.2847
9594.38022083,26506.816708,0.6937070, 70.6165,  0.2699,217.5633,279.3519
9595.37591350,26506.533621,0.6937049, 70.6185,  0.1845,217.5011,280.4356
9597.36732009,26505.918880,0.6937921, 70.6264,  0.0171,217.3770,282.6361
9599.35875240,26505.321783,0.6939769, 70.6342,359.8512,217.2611,284.8649
9601.35022163,26504.857530,0.6941513, 70.6340,359.6805,217.1582,287.1282
9602.34600368,26504.686973,0.6941925, 70.6297,359.5919,217.1097,288.3038
9602.34601051,26504.686756,0.6941925, 70.6297,359.5919,217.1097,288.3087
9603.83963684,26504.401981,0.6941778, 70.6205,359.4560,217.0357,290.0634
9604.83534300,26504.238105,0.6941312, 70.6145,359.3647,216.9824,291.2221
9605.83117504,26504.012300,0.6940801, 70.6106,359.2744,216.9248,292.4900
9606.32908649,26503.946589,0.6940605, 70.6097,359.2299,216.8944,293.1262
9607.32491823,26503.619396,0.6940460, 70.6106,359.1428,216.8315,294.4152
9609.81452006,26502.568671,0.6941802, 70.6227,358.9340,216.6729,297.6825
9611.80624087,26501.856610,0.6943821, 70.6319,358.7690,216.5563,300.3343
9611.80624088,26501.856609,0.6943821, 70.6319,358.7690,216.5563,300.3343
9613.30005314,26501.492692,0.6945133, 70.6344,358.6428,216.4754,302.3476
9614.29594375,26501.224408,0.6945745, 70.6340,358.5573,216.4230,303.7098
9615.29185046,26500.967669,0.6946119, 70.6323,358.4707,216.3709,305.0927
9617.28370216,26500.447533,0.6946244, 70.6270,358.2955,216.2641,307.9186
9617.28370418,26500.447382,0.6946244, 70.6270,358.2955,216.2641,307.9201
9620.27157000,26499.545377,0.6945791, 70.6223,358.0329,216.0904,312.3109
9620.27157017,26499.545361,0.6945791, 70.6223,358.0329,216.0904,312.3110
9620.27157592,26499.544831,0.6945791, 70.6223,358.0329,216.0904,312.3151
9620.27159436,26499.543132,0.6945791, 70.6223,358.0329,216.0904,312.3285
9627.24358037,26496.249814,0.6951162, 70.6474,357.4474,215.6678,323.0077
9630.23173471,26494.810824,0.6953276, 70.6372,357.1843,215.5188,327.7017
9631.22791551,26494.339106,0.6953207, 70.6308,357.0936,215.4673,329.3744
9634.71423596,26492.410954,0.6952721, 70.6228,356.7827,215.2574,335.0764
9641.68802563,26497.891207,0.6959781, 70.6413,356.1913,214.8334,347.2354
9647.16627111,26550.331832,0.6966852, 70.6232,355.7050,214.5294,355.8495
9648.16296119,26543.583926,0.6966416, 70.6207,355.6177,214.4897,357.8704
9649.15934495,26516.975013,0.6963782, 70.6190,355.5307,214.4424,359.6687
9653.14452083,26439.086681,0.6959823, 70.6219,355.1826,214.1441,  6.5772
9656.13351609,26470.011570,0.6967748, 70.6143,354.9152,213.9832, 11.6866
9657.12984620,26479.199906,0.6969332, 70.6065,354.8229,213.9406, 13.3704
9658.12627438,26486.701380,0.6970256, 70.5977,354.7298,213.8972, 15.1253
9662.61010686,26502.249136,0.6971997, 70.5810,354.3243,213.6586, 22.9674
9664.10463688,26504.074561,0.6973493, 70.5840,354.1966,213.5726, 25.4966
9667.59240067,26505.929986,0.6977514, 70.5846,353.8973,213.3931, 31.6650
9669.08715743,26506.480441,0.6978602, 70.5773,353.7650,213.3223, 34.2719
9670.58188969,26506.776058,0.6979040, 70.5676,353.6302,213.2512, 36.8472
9670.58189001,26506.776064,0.6979040, 70.5676,353.6302,213.2512, 36.8475
9676.06278600,26508.083913,0.6978815, 70.5368,353.1352,212.9573, 46.3836
9676.56105199,26508.118632,0.6978943, 70.5363,353.0913,212.9281, 47.2448
9682.54041850,26508.811233,0.6984671, 70.5282,352.5698,212.6112, 57.4692
9683.03887449,26508.870544,0.6985045, 70.5240,352.5243,212.5897, 58.4261
9688.52032131,26509.938784,0.6984129, 70.4720,352.0119,212.3163, 67.7796
9693.50365575,26510.874900,0.6987412, 70.4672,351.5736,212.0414, 76.2516
9695.49683979,26511.087677,0.6988681, 70.4575,351.3954,211.9468, 79.4438
9698.48699123,26511.401041,0.6988705, 70.4326,351.1200,211.8067, 84.4545
9702.97233809,26512.048374,0.6987096, 70.4029,350.7063,211.5681, 92.0132
9702.97233841,26512.048371,0.6987096, 70.4029,350.7063,211.5681, 92.0134
9708.45491345,26513.023147,0.6990031, 70.3957,350.2197,211.2707,101.4362
9710.94707940,26512.973959,0.6991249, 70.3768,349.9907,211.1607,105.6841
9710.94715975,26512.973855,0.6991249, 70.3768,349.9907,211.1607,105.7423
9710.94721314,26512.973785,0.6991249, 70.3768,349.9907,211.1607,105.7809
9715.43270409,26513.093251,0.6988819, 70.3328,349.5638,210.9353,113.1606
9715.43296519,26513.091557,0.6988819, 70.3328,349.5638,210.9353,113.3496
9716.42957178,26513.230571,0.6988692, 70.3308,349.4729,210.8769,114.8750
9719.42014988,26513.579755,0.6990135, 70.3320,349.2077,210.7090,119.9627
9724.90305716,26513.359130,0.6991320, 70.3061,348.7092,210.4438,129.3109
9731.88163716,26513.054711,0.6988752, 70.2785,348.0678,210.0586,141.5850
9731.88166726,26513.054563,0.6988752, 70.2785,348.0678,210.0586,141.6068
9737.86345710,26512.975746,0.6991942, 70.2694,347.5315,209.7511,152.2325
9737.86352346,26512.975662,0.6991942, 70.2694,347.5315,209.7511,152.2805
9738.36197726,26512.906948,0.6991903, 70.2649,347.4847,209.7288,153.1454
9741.35300668,26512.215920,0.6990089, 70.2380,347.1995,209.5784,158.6138
9748.33217048,26511.820832,0.6992157, 70.2441,346.5733,209.1795,171.6395
9750.32642145,26511.548752,0.6992713, 70.2382,346.3927,209.0813,175.5165
9752.81912000,26511.076009,0.6992118, 70.2255,346.1625,208.9547,180.3220
9754.31470725,26510.741509,0.6991413, 70.2191,346.0241,208.8737,183.2119
9754.31470851,26510.741508,0.6991413, 70.2191,346.0241,208.8737,183.2129
9759.79876571,26509.841679,0.6991492, 70.2252,345.5304,208.5477,194.1366
9761.29452374,26509.673230,0.6992716, 70.2311,345.3992,208.4629,197.2107
9766.77858547,26508.925544,0.6995063, 70.2146,344.8999,208.1899,208.2666
9766.77863854,26508.925430,0.6995063, 70.2146,344.8999,208.1899,208.3050
9766.77882820,26508.925025,0.6995063, 70.2146,344.8999,208.1899,208.4424
9776.75040592,26506.873071,0.6999149, 70.2259,344.0015,207.6268,229.6591
9776.75040655,26506.873067,0.6999149, 70.2259,344.0015,207.6268,229.6595
9779.24348455,26506.286374,0.6999539, 70.2182,343.7736,207.5010,235.1921
9789.21603479,26503.644927,0.7003742, 70.2380,342.8802,206.9250,258.1668
9789.71454733,26503.628625,0.7004319, 70.2387,342.8359,206.8992,259.2460
9793.70352579,26502.952170,0.7006503, 70.2238,342.4706,206.7032,268.5880
9797.19417560,26501.989843,0.7006233, 70.2139,342.1467,206.5039,277.1548
9798.19152671,26501.660215,0.7006760, 70.2176,342.0572,206.4419,279.6422
9798.19152672,26501.660215,0.7006760, 70.2176,342.0572,206.4419,279.6423
9801.68222551,26500.726246,0.7010946, 70.2355,341.7500,206.2405,288.3275
9803.67692371,26500.352536,0.7013052, 70.2355,341.5714,206.1403,293.2993
9807.16805409,26499.671661,0.7014110, 70.2206,341.2501,205.9631,302.3550
9808.16549643,26499.449701,0.7014084, 70.2165,341.1578,205.9086,304.9433
9828.61325570,26559.035741,0.7032934, 70.1994,339.2816,204.7647,357.9032
9828.61327550,26558.990431,0.7032930, 70.1994,339.2816,204.7648,357.9174
9834.09972585,26469.391133,0.7027684, 70.1584,338.7540,204.4538, 12.0849
9834.59851802,26475.727224,0.7028411, 70.1544,338.7056,204.4291, 13.3826
9839.58651679,26502.354250,0.7031749, 70.1388,338.2370,204.1735, 26.3709
9840.08532081,26502.949571,0.7032127, 70.1396,338.1915,204.1468, 27.6640
9844.07579933,26505.482003,0.7036446, 70.1380,337.8283,203.9455, 37.9439
9846.56990017,26506.187622,0.7038029, 70.1172,337.5938,203.8355, 44.3202
9850.56060499,26507.139539,0.7037093, 70.0758,337.2096,203.6373, 54.6025
9852.55602125,26507.577574,0.7037407, 70.0699,337.0228,203.5235, 59.7760
9856.54697203,26508.143789,0.7040969, 70.0667,336.6570,203.3143, 70.0627
9858.54244122,26508.337500,0.7042199, 70.0535,336.4703,203.2238, 75.1255
9859.54015244,26508.446914,0.7042347, 70.0437,336.3754,203.1788, 77.6293
9859.54015969,26508.446887,0.7042347, 70.0437,336.3754,203.1788, 77.6346
9862.53349715,26508.911752,0.7041465, 70.0126,336.0876,203.0336, 85.2752
9864.52914004,26509.340266,0.7040834, 69.9985,335.8971,202.9258, 90.4146
9865.02797626,26509.460118,0.7040773, 69.9962,335.8500,202.8976, 91.6420
9865.52702514,26509.578223,0.7040791, 69.9944,335.8030,202.8701, 93.0215
9866.52487169,26509.824888,0.7040997, 69.9921,335.7097,202.8142, 95.5916
9869.51846674,26510.534037,0.7042941, 69.9884,335.4327,202.6544,103.2703
9871.51416321,26510.882337,0.7044529, 69.9796,335.2467,202.5602,108.2974
9874.50788279,26511.124474,0.7044963, 69.9465,334.9587,202.4291,115.8963
9878.49962342,26511.615908,0.7042972, 69.9075,334.5694,202.2223,126.0958
9884.48758435,26512.775422,0.7045982, 69.8959,334.0093,201.9119,141.4346
9884.98656544,26512.887771,0.7046141, 69.8922,333.9621,201.8894,142.6860
9888.47967567,26512.866520,0.7045321, 69.8591,333.6251,201.7281,151.6086
9889.47761543,26512.863743,0.7044711, 69.8501,333.5281,201.6776,154.0946
9894.46809345,26513.150281,0.7043728, 69.8338,333.0524,201.4015,167.0883
9897.46249236,26513.465487,0.7045534, 69.8335,332.7732,201.2457,174.9099
9900.45696446,26513.558432,0.7046593, 69.8150,332.4885,201.1089,182.7412
9900.95607598,26513.593409,0.7046511, 69.8097,332.4401,201.0867,184.0708
9902.45370560,26513.365880,0.7045790, 69.7933,332.2933,201.0162,188.2833
9905.44846156,26512.981196,0.7044104, 69.7738,332.0010,200.8533,196.3981
9908.44330941,26512.962581,0.7045134, 69.7797,331.7194,200.6819,204.5924
9909.44161754,26512.998309,0.7045903, 69.7818,331.6266,200.6295,207.3329
9915.43155634,26512.677953,0.7046730, 69.7554,331.0565,200.3411,223.8555
9917.92773920,26512.327699,0.7045568, 69.7441,330.8159,200.2062,231.0845
9918.42696683,26512.228546,0.7045424, 69.7435,330.7682,200.1772,232.5293
9919.42540667,26512.076706,0.7045319, 69.7439,330.6734,200.1194,235.4113
9920.42384822,26511.932110,0.7045483, 69.7462,330.5794,200.0612,238.2975
9921.92154153,26511.745974,0.7046229, 69.7519,330.4396,199.9758,242.6506
9922.42077573,26511.674376,0.7046583, 69.7540,330.3932,199.9476,244.1036
9925.41619171,26511.376186,0.7049044, 69.7599,330.1142,199.7933,252.8233
9927.41317846,26511.214118,0.7049962, 69.7522,329.9245,199.6995,258.6753
9928.41169535,26511.125472,0.7049974, 69.7452,329.8281,199.6525,261.6289
9929.41022328,26511.015901,0.7049712, 69.7376,329.7310,199.6037,264.6016
9930.40879549,26510.870307,0.7049291, 69.7308,329.6336,199.5520,267.6194
9931.40735774,26510.679744,0.7048893, 69.7264,329.5366,199.4969,270.6430
9932.40593559,26510.439351,0.7048716, 69.7256,329.4405,199.4389,273.6884
9933.40448785,26510.159994,0.7048911, 69.7284,329.3457,199.3795,276.7220
9934.40294261,26509.866703,0.7049525, 69.7339,329.2522,199.3205,279.6868
9934.40312467,26509.864643,0.7049526, 69.7339,329.2522,199.3205,279.8186
9935.40155857,26509.578767,0.7050479, 69.7404,329.1595,199.2638,282.7669
9937.39874304,26509.078692,0.7052698, 69.7497,328.9741,199.1602,288.8864
9938.39719282,26508.867170,0.7053599, 69.7505,328.8805,199.1124,291.8440
9939.39563459,26508.663831,0.7054214, 69.7486,328.7859,199.0657,294.8010
9940.39418438,26508.445235,0.7054524, 69.7449,328.6906,199.0188,297.8445
9940.39475626,26508.422788,0.7054525, 69.7449,328.6906,199.0188,298.2586
9941.39340195,26508.166526,0.7054570, 69.7402,328.5946,198.9707,301.3822
9942.39204746,26507.861408,0.7054435, 69.7356,328.4983,198.9207,304.5177
9943.39073986,26507.486833,0.7054225, 69.7319,328.4020,198.8684,307.6995
9944.38941183,26507.026977,0.7054049, 69.7300,328.3060,198.8140,310.8779
9945.38813477,26506.451629,0.7054006, 69.7301,328.2105,198.7579,314.1035
9947.38561053,26504.844592,0.7054582, 69.7368,328.0214,198.6439,320.5991
9948.38435588,26503.733302,0.7055241, 69.7424,327.9278,198.5877,323.8593
9949.38312942,26502.332348,0.7056095, 69.7485,327.8344,198.5333,327.1421
9950.38190176,26500.563440,0.7057049, 69.7541,327.7410,198.4812,330.4254
9951.38068322,26498.315878,0.7057972, 69.7582,327.6473,198.4316,333.7167
9952.37948199,26495.478274,0.7058714, 69.7602,327.5527,198.3839,337.0232
9952.37948203,26495.478248,0.7058714, 69.7602,327.5527,198.3839,337.0232
9953.37829432,26492.059589,0.7059138, 69.7598,327.4570,198.3370,340.3446
9954.37709822,26488.596014,0.7059186, 69.7570,327.3599,198.2881,343.6688
9955.37591156,26487.322277,0.7059041, 69.7529,327.2613,198.2334,347.0141
9956.37472759,26495.011452,0.7059519, 69.7487,327.1616,198.1681,350.3816
9957.37355107,26523.820028,0.7062311, 69.7460,327.0620,198.0966,353.7755
9958.37238843,26564.181513,0.7066805, 69.7446,326.9641,198.0493,357.1828
9960.37008970,26477.249143,0.7057779, 69.7396,326.7680,197.9595,  4.0451
9961.36892408,26453.862526,0.7056533, 69.7415,326.6674,197.8626,  7.4996
9962.36778651,26464.801617,0.7059455, 69.7476,326.5686,197.7889, 10.9614
9963.36664754,26479.594850,0.7062728, 69.7548,326.4719,197.7355, 14.4125
9964.36551173,26489.851529,0.7065322, 69.7604,326.3764,197.6909, 17.8644
9965.36437506,26495.970690,0.7067202, 69.7630,326.2812,197.6494, 21.3194
9966.36323985,26499.486690,0.7068462, 69.7623,326.1855,197.6084, 24.7831
9966.36323993,26499.486738,0.7068462, 69.7623,326.1855,197.6084, 24.7832
9968.36070908,26502.586327,0.7069535, 69.7540,325.9924,197.5217, 31.5587
9970.35854306,26503.603742,0.7069555, 69.7443,325.7984,197.4241, 38.6580
9971.35747838,26503.756435,0.7069515, 69.7415,325.7017,197.3711, 42.2427
9972.35642665,26503.785093,0.7069601, 69.7407,325.6056,197.3158, 45.8490
9973.35538026,26503.732564,0.7069896, 69.7420,325.5101,197.2593, 49.4690
9974.35434539,26503.625460,0.7070445, 69.7452,325.4153,197.2023, 53.1047
9975.35331255,26503.481455,0.7071258, 69.7497,325.3211,197.1459, 56.7468
9977.35124629,26503.126435,0.7073495, 69.7589,325.1336,197.0379, 64.0371
9978.35021392,26502.928541,0.7074741, 69.7617,325.0398,196.9873, 67.6841
9979.34918202,26502.725663,0.7075916, 69.7621,324.9454,196.9389, 71.3326
9983.34589090,26501.992620,0.7078230, 69.7388,324.5599,196.7517, 86.5808
9984.34385691,26501.871000,0.7078218, 69.7306,324.4618,196.7014, 89.5372
9984.34414954,26501.870047,0.7078218, 69.7306,324.4618,196.7014, 89.7492
9986.34267053,26501.741269,0.7078189, 69.7197,324.2662,196.5928, 97.5655
9987.34145497,26501.746619,0.7078461, 69.7184,324.1694,196.5355,101.1378
9988.34029384,26501.791050,0.7079062, 69.7199,324.0735,196.4778,104.7504
9989.33920367,26501.862121,0.7080008, 69.7231,323.9785,196.4213,108.4112
9990.33812701,26501.940013,0.7081225, 69.7266,323.8840,196.3673,112.0750
9991.33705967,26502.001481,0.7082559, 69.7287,323.7896,196.3167,115.7371
9992.33599860,26502.029680,0.7083814, 69.7279,323.6947,196.2693,119.3958
9993.33495211,26502.020586,0.7084818, 69.7237,323.5990,196.2241,123.0597
9994.33392381,26501.984861,0.7085470, 69.7164,323.5022,196.1796,126.7348
9995.33293146,26501.942340,0.7085767, 69.7069,323.4044,196.1341,130.4373
9996.33196551,26501.914399,0.7085792, 69.6968,323.3061,196.0865,134.1619
9997.33090701,26501.917852,0.7085677, 69.6875,323.2075,196.0363,137.8228
9998.33110296,26501.960260,0.7085561, 69.6799,323.1091,195.9835,142.3946
9999.33020236,26502.046840,0.7085567, 69.6746,323.0111,195.9288,146.1718
10000.32929862,26502.174528,0.7085780, 69.6717,322.9137,195.8730,149.9438
10001.32839314,26502.337334,0.7086241, 69.6707,322.8169,195.8171,153.7088
10002.32748277,26502.528659,0.7086953, 69.6711,322.7208,195.7620,157.4621
10004.32564317,26502.954839,0.7088925, 69.6718,322.5295,195.6574,164.9234
10005.32471505,26503.167436,0.7090007, 69.6703,322.4339,195.6086,168.6307
10006.32378094,26503.362543,0.7091003, 69.6663,322.3377,195.5621,172.3230
10007.32284223,26503.529762,0.7091804, 69.6595,322.2409,195.5173,176.0031
10008.32190183,26503.663648,0.7092332, 69.6500,322.1432,195.4732,179.6756
10009.32096012,26503.763702,0.7092561, 69.6384,322.0447,195.4287,183.3437
10012.31814239,26503.961761,0.7092073, 69.6041,321.7460,195.2831,194.3492
10013.31717629,26504.042273,0.7091927, 69.5966,321.6467,195.2296,197.9965
10015.31530903,26504.295179,0.7092363, 69.5901,321.4502,195.1193,205.3220
10016.31431417,26504.474524,0.7093025, 69.5899,321.3532,195.0650,208.9262
10017.31336074,26504.682979,0.7093924, 69.5900,321.2566,195.0128,212.5476
10018.31239487,26504.909192,0.7094934, 69.5891,321.1603,194.9637,216.1462
10019.31141592,26505.136868,0.7095893, 69.5857,321.0636,194.9174,219.7225
10021.30943253,26505.535078,0.7097067, 69.5693,320.8679,194.8305,226.8290
10022.30843281,26505.686169,0.7097139, 69.5573,320.7687,194.7869,230.3699
10023.30743240,26505.806063,0.7096914, 69.5445,320.6689,194.7414,233.9099
10025.30543161,26505.989374,0.7096097, 69.5219,320.4687,194.6419,240.9915
10026.30442755,26506.073212,0.7095798, 69.5142,320.3690,194.5885,244.5277
10027.30338858,26506.162133,0.7095718, 69.5093,320.2699,194.5338,248.0340
10028.30236585,26506.260563,0.7095906, 69.5066,320.1715,194.4787,251.5445
10030.30029042,26506.493075,0.7097021, 69.5049,319.9763,194.3719,258.5119
10033.29671070,26506.954610,0.7099363, 69.4956,319.6841,194.2272,268.5321
10034.29555798,26507.139441,0.7099896, 69.4876,319.5858,194.1827,271.8798
10034.29623308,26507.131208,0.7099899, 69.4876,319.5857,194.1828,272.3686
10035.29503854,26507.326898,0.7100160, 69.4770,319.4866,194.1389,275.6788
10036.29388026,26507.526206,0.7100124, 69.4643,319.3867,194.0945,279.0108
10037.29266764,26507.719636,0.7099823, 69.4509,319.2862,194.0485,282.3014
10038.29145389,26507.892176,0.7099355, 69.4381,319.1854,194.0000,285.5903
10040.28904907,26508.121312,0.7098469, 69.4192,318.9842,193.8954,292.1792
10040.28904908,26508.121312,0.7098469, 69.4192,318.9842,193.8954,292.1792
10041.28740816,26508.172870,0.7098318, 69.4144,318.8845,193.8405,295.1488
10042.28613051,26508.167361,0.7098468, 69.4124,318.7856,193.7855,298.3721
10044.28366942,26508.027220,0.7099590, 69.4125,318.5894,193.6799,304.8474
10044.28371859,26508.024828,0.7099590, 69.4125,318.5894,193.6799,304.8830
10052.77318363,26503.655619,0.7099708, 69.3449,317.7412,193.2889,331.8761
10061.76075288,26579.738471,0.7109663, 69.3362,316.8363,192.8083,359.0627
10064.25709975,26469.397254,0.7097752, 69.3018,316.5778,192.6844,  6.3694
10067.75195480,26493.962799,0.7099992, 69.2734,316.2111,192.4759, 16.5764
10072.74430952,26511.038794,0.7103996, 69.2860,315.7132,192.2293, 30.8545
10076.73790617,26513.150499,0.7105429, 69.2696,315.3154,192.0550, 41.9725
10077.73626667,26513.398211,0.7105102, 69.2614,315.2147,192.0087, 44.7307
10078.73465469,26513.599208,0.7104639, 69.2539,315.1138,191.9598, 47.5158
10090.71450708,26513.319300,0.7108834, 69.2520,313.9228,191.3574, 80.4400
10093.70918276,26513.033649,0.7108111, 69.2336,313.6201,191.2080, 88.5204
10095.70560473,26512.955752,0.7108079, 69.2340,313.4193,191.0975, 93.9280
10095.70561109,26512.955716,0.7108079, 69.2340,313.4193,191.0975, 93.9326
10114.66964990,26510.876189,0.7119150, 69.2705,311.5324,190.1436,144.4491
10115.66817966,26510.706113,0.7119986, 69.2695,311.4334,190.0991,147.4501
10116.66625075,26510.501941,0.7120574, 69.2660,311.3337,190.0548,150.1256
10117.16511174,26510.368399,0.7120772, 69.2636,311.2837,190.0328,151.3402
10117.16511175,26510.368399,0.7120772, 69.2636,311.2837,190.0328,151.3402
10117.16526524,26510.368237,0.7120772, 69.2636,311.2837,190.0328,151.4513
10129.14082098,26508.406657,0.7127933, 69.2740,310.0820,189.4389,183.3114
10129.63977193,26508.337202,0.7128238, 69.2718,310.0319,189.4172,184.6305
10130.13869956,26508.169686,0.7128462, 69.2693,309.9817,189.3960,185.9355
10130.13922174,26508.168499,0.7128463, 69.2692,309.9817,189.3960,186.3136
10155.58345454,26502.438739,0.7143377, 69.2511,307.4082,188.1501,255.2228
10157.57865373,26502.193395,0.7144435, 69.2361,307.2053,188.0648,260.5187
10167.55385134,26500.655327,0.7148813, 69.2093,306.1845,187.5603,286.9208
10184.51533616,26493.896120,0.7155862, 69.1062,304.4372,186.7657,334.2359
10186.51046419,26488.733811,0.7154840, 69.0777,304.2275,186.6793,339.4510
10186.51085382,26488.323300,0.7154792, 69.0777,304.2273,186.6796,339.7329
10192.49608366,26516.882277,0.7156890, 69.0557,303.5895,186.3138,355.2423
10193.49366597,26563.184364,0.7162751, 69.0580,303.4854,186.2679,357.8226
10196.48624293,26479.536829,0.7156093, 69.0353,303.1722,186.1627,  5.3584
10207.45854364,26503.723521,0.7160247, 68.9533,302.0076,185.5942, 32.3290
10209.45331190,26505.115680,0.7161706, 68.9486,301.8008,185.5060, 36.9822
10218.42947855,26508.641099,0.7160852, 68.8739,300.8588,185.0732, 57.4739
10226.40974021,26510.152691,0.7164115, 68.8352,300.0271,184.7059, 76.1410
10233.39074749,26511.793489,0.7163739, 68.8070,299.2920,184.3466, 90.9117
10233.39141986,26511.792660,0.7163738, 68.8070,299.2920,184.3466, 91.3985
10237.38084081,26512.466143,0.7166376, 68.8074,298.8763,184.1646, 99.7995
10246.35666002,26513.567343,0.7166636, 68.7710,297.9290,183.7253,118.1764
10246.85512206,26513.752289,0.7167075, 68.7736,297.8768,183.7009,119.0449
10249.34844926,26513.888016,0.7169330, 68.7816,297.6162,183.5883,124.0853
10249.34859735,26513.887955,0.7169330, 68.7816,297.6162,183.5883,124.1926
10249.84742598,26514.001074,0.7169700, 68.7807,297.5643,183.5670,125.3142
10249.84754939,26514.001059,0.7169700, 68.7807,297.5643,183.5670,125.4035
10260.31896200,26513.769901,0.7171661, 68.7605,296.4588,183.0619,146.1782
10261.31618776,26513.824620,0.7172550, 68.7677,296.3540,183.0140,148.1182
10269.79282924,26513.021269,0.7175673, 68.7526,295.4615,182.6314,164.8066
10270.79019187,26512.918769,0.7175807, 68.7540,295.3550,182.5790,166.8833
10283.25502669,26511.674731,0.7183395, 68.7697,294.0381,182.0007,191.3554
10285.24949299,26511.393787,0.7184060, 68.7751,293.8253,181.8984,195.4295
10287.24368543,26511.233563,0.7185625, 68.7899,293.6132,181.7984,199.3146
10287.24392123,26511.232869,0.7185625, 68.7899,293.6132,181.7984,199.4853
10287.24418310,26511.232100,0.7185626, 68.7899,293.6132,181.7984,199.6749
10293.22666591,26510.708956,0.7190956, 68.8024,292.9824,181.5422,211.2673
10293.72522396,26510.600888,0.7191071, 68.7991,292.9296,181.5213,212.2563
10299.70807260,26509.393610,0.7192850, 68.7957,292.2897,181.2290,224.4419
10301.70223564,26509.161830,0.7195145, 68.8111,292.0770,181.1365,228.4460
10305.19213919,26508.782271,0.7198709, 68.8129,291.7077,180.9932,235.5520
10309.67875288,26507.857492,0.7199708, 68.7824,291.2296,180.7958,244.5751
10309.67902987,26507.857352,0.7199708, 68.7824,291.2296,180.7958,244.7757
10311.67299212,26507.380511,0.7200133, 68.7794,291.0152,180.6974,248.7987
10311.67325989,26507.380453,0.7200134, 68.7794,291.0152,180.6974,248.9927
10311.67325990,26507.380453,0.7200134, 68.7794,291.0152,180.6974,248.9927
10313.16882455,26507.067759,0.7200931, 68.7839,290.8541,180.6229,252.0964
10314.16558886,26506.841897,0.7201725, 68.7891,290.7470,180.5749,253.9688
10314.66411104,26506.686042,0.7202191, 68.7922,290.6936,180.5519,255.0075
10315.16265150,26506.629551,0.7202692, 68.7948,290.6401,180.5288,256.0594
10317.15666546,26506.255298,0.7204792, 68.8016,290.4272,180.4437,260.1652
10318.15373468,26506.089772,0.7205689, 68.8002,290.3211,180.4040,262.2689
10320.14776486,26505.760762,0.7206692, 68.7860,290.1087,180.3247,266.4268
10320.14779097,26505.760616,0.7206692, 68.7860,290.1087,180.3247,266.4457
10320.14779103,26505.760616,0.7206692, 68.7860,290.1087,180.3247,266.4457
10327.12824917,26503.957535,0.7208082, 68.7571,289.3553,179.9910,282.4220
10329.12090052,26503.411856,0.7210103, 68.7647,289.1403,179.9010,285.7677
10329.12092862,26503.411623,0.7210104, 68.7647,289.1403,179.9010,285.7881
10334.10577679,26502.455944,0.7212935, 68.7323,288.6061,179.6936,296.5927
10334.10577688,26502.455943,0.7212935, 68.7323,288.6061,179.6936,296.5928
10345.57072079,26498.773571,0.7216834, 68.6895,287.3634,179.1517,322.1450
10350.05629427,26495.951691,0.7216425, 68.6305,286.8768,178.9557,331.7236
10350.55471784,26495.245600,0.7216225, 68.6253,286.8222,178.9302,332.8174
10360.02491611,26470.106309,0.7216619, 68.5911,285.7704,178.4616,353.4403
10360.02495904,26470.366546,0.7216640, 68.5911,285.7703,178.4613,353.4716
10360.02495920,26470.367526,0.7216640, 68.5911,285.7703,178.4613,353.4717
10362.01871019,26548.296578,0.7224165, 68.5698,285.5482,178.3419,357.7933
10362.01936447,26558.079680,0.7225209, 68.5704,285.5480,178.3447,358.2667
10367.99705175,26467.944256,0.7215900, 68.5236,284.8826,178.0476,  8.5249
10368.49731888,26468.282490,0.7216573, 68.5229,284.8241,178.0100, 10.9094
10370.98984361,26482.325674,0.7220012, 68.5222,284.5446,177.8878, 16.3773
10371.98662507,26486.797650,0.7221107, 68.5192,284.4342,177.8463, 18.3750
10376.97032757,26499.260219,0.7222131, 68.4628,283.8861,177.6359, 28.1347
10381.95393467,26503.576303,0.7223029, 68.4539,283.3316,177.3853, 37.7747
10381.95394041,26503.577191,0.7223029, 68.4539,283.3316,177.3853, 37.7788
10388.93041033,26506.045117,0.7225642, 68.4167,282.5654,177.0819, 50.4339
10401.88689443,26509.042476,0.7228777, 68.3943,281.1335,176.4649, 73.3332
10410.85429257,26511.315348,0.7231533, 68.3922,280.1354,176.0316, 86.6107
10410.85429290,26511.315351,0.7231533, 68.3922,280.1354,176.0316, 86.6110
10416.83379465,26512.253157,0.7233503, 68.3634,279.4772,175.7751, 95.8759
10429.28849119,26514.084293,0.7239240, 68.3907,278.0919,175.2132,112.6234
10430.28479243,26514.064899,0.7239290, 68.3841,277.9820,175.1700,113.8758
10431.28165697,26514.054046,0.7239240, 68.3781,277.8715,175.1243,115.5411
10432.27800183,26514.071218,0.7239210, 68.3746,277.7604,175.0763,116.8355
10432.77606030,26513.983291,0.7239237, 68.3747,277.7044,175.0516,117.4011
10433.77244862,26514.072450,0.7239492, 68.3778,277.5921,175.0020,118.7302
10434.76894473,26514.201201,0.7240062, 68.3856,277.4792,174.9532,120.1341
10434.76917036,26514.200808,0.7240062, 68.3856,277.4792,174.9532,120.2975
10436.26333630,26514.508336,0.7241494, 68.4023,277.3102,174.8852,121.9697
10438.75397820,26514.457928,0.7244283, 68.4230,277.0315,174.7866,124.9754
10443.23663708,26513.984798,0.7246207, 68.4055,276.5366,174.6064,130.0530
10443.23705189,26513.985161,0.7246207, 68.4055,276.5366,174.6064,130.3533
10444.23311386,26513.869298,0.7246273, 68.4014,276.4258,174.5607,131.4429
10444.23316933,26513.869309,0.7246273, 68.4014,276.4258,174.5607,131.4831
10446.22555587,26513.706781,0.7246591, 68.4011,276.2027,174.4656,133.8719
10447.22176361,26513.659300,0.7246947, 68.4054,276.0905,174.4176,135.0825
10448.21797652,26513.627840,0.7247467, 68.4122,275.9782,174.3704,136.2979
10454.19477152,26513.285730,0.7252165, 68.4500,275.3090,174.1200,143.2208
10454.69271789,26513.156534,0.7252427, 68.4493,275.2539,174.1001,143.7131
10454.69271955,26513.156536,0.7252427, 68.4493,275.2539,174.1001,143.7143
10455.68883268,26512.974383,0.7252813, 68.4454,275.1439,174.0607,144.8641
10458.67707076,26512.352072,0.7253077, 68.4273,274.8125,173.9302,148.3041
10459.67299576,26512.189972,0.7253147, 68.4248,274.7008,173.8824,149.3616
10459.67313004,26512.189928,0.7253147, 68.4248,274.7008,173.8824,149.4588
10463.15909770,26512.086473,0.7255223, 68.4473,274.3049,173.7185,153.3592
10471.62409120,26510.728215,0.7259987, 68.4326,273.3621,173.3759,162.2474
10476.60448887,26510.146702,0.7261793, 68.4432,272.7995,173.1429,168.4740
10476.60458410,26510.146583,0.7261793, 68.4432,272.7995,173.1429,168.5429
10478.59619469,26510.003572,0.7263299, 68.4547,272.5745,173.0589,170.6502
10480.58779648,26509.779806,0.7264699, 68.4577,272.3515,172.9813,172.7572
10483.57502778,26509.137586,0.7265589, 68.4377,272.0202,172.8638,175.8457
10483.57511379,26509.137640,0.7265589, 68.4377,272.0202,172.8638,175.9080
10485.56682537,26508.592458,0.7265438, 68.4186,271.7983,172.7753,178.1936
10490.54554645,26507.859324,0.7267265, 68.4259,271.2311,172.5427,183.6676
10492.53694018,26507.681332,0.7269059, 68.4343,271.0053,172.4651,185.7951
10499.00867838,26505.889628,0.7270137, 68.3777,270.2833,172.1970,192.7718
10499.00867902,26505.889629,0.7270137, 68.3777,270.2833,172.1970,192.7723
10501.49753889,26505.358751,0.7270276, 68.3702,270.0004,172.0764,195.4088
10506.47572734,26504.512625,0.7272566, 68.3811,269.4328,171.8552,201.1318
10506.47576656,26504.512556,0.7272566, 68.3811,269.4328,171.8552,201.1602
10510.95516356,26503.354161,0.7273357, 68.3459,268.9314,171.6717,205.7558
10511.45292151,26503.286598,0.7273239, 68.3390,268.8757,171.6488,206.3184
10511.95058685,26503.035824,0.7273099, 68.3329,268.8199,171.6257,206.8186
10512.44834609,26502.971452,0.7272957, 68.3267,268.7639,171.6015,207.3908
10513.44371989,26502.675743,0.7272716, 68.3174,268.6511,171.5519,208.4421
10513.94103234,26502.443499,0.7272646, 68.3147,268.5944,171.5268,208.7015
10513.94103235,26502.443499,0.7272646, 68.3147,268.5944,171.5268,208.7016
10514.93648547,26502.216042,0.7272675, 68.3122,268.4800,171.4760,209.8269
10515.43421311,26502.227320,0.7272786, 68.3124,268.4225,171.4508,210.3923
10516.42967087,26502.089120,0.7273200, 68.3160,268.3072,171.4023,211.5264
10516.92733172,26501.931278,0.7273489, 68.3189,268.2496,171.3792,212.0440
10517.42504853,26501.993692,0.7273822, 68.3212,268.1919,171.3566,212.6014
10517.92268818,26501.846802,0.7274176, 68.3239,268.1346,171.3349,213.1027
10518.42039647,26501.918358,0.7274542, 68.3253,268.0773,171.3139,213.6529
10518.91802406,26501.770348,0.7274896, 68.3266,268.0204,171.2934,214.1449
10519.41572333,26501.837912,0.7275228, 68.3261,267.9637,171.2734,214.6886
10519.41616344,26501.836651,0.7275228, 68.3261,267.9637,171.2734,215.0075
10519.91432780,26501.675837,0.7275519, 68.3251,267.9073,171.2535,215.8894
10520.41201975,26501.730658,0.7275762, 68.3222,267.8511,171.2338,216.4299
10520.90968626,26501.555046,0.7275945, 68.3188,267.7952,171.2138,216.9544
10521.90504188,26501.404065,0.7276136, 68.3083,267.6838,171.1729,218.0265
10521.90504252,26501.404064,0.7276136, 68.3083,267.6838,171.1729,218.0270
10522.40272968,26501.431393,0.7276148, 68.3016,267.6282,171.1519,218.5740
10524.39344237,26501.082400,0.7275814, 68.2744,267.4051,171.0605,220.7682
10525.88659461,26500.757406,0.7275456, 68.2584,267.2361,170.9857,222.5275
10526.88168135,26500.656035,0.7275304, 68.2513,267.1225,170.9345,223.4563
10527.87713070,26500.593928,0.7275270, 68.2473,267.0082,170.8831,224.6506
10527.87713133,26500.593929,0.7275270, 68.2473,267.0082,170.8831,224.6511
10528.87211906,26500.569895,0.7275372, 68.2460,266.8934,170.8322,225.5108
10531.85866661,26500.699934,0.7276360, 68.2503,266.5484,170.6875,229.2150
10532.85405645,26500.794330,0.7276803, 68.2511,266.4338,170.6426,230.3465
10533.84921994,26500.904151,0.7277220, 68.2499,266.3198,170.5991,231.3076
10534.84458044,26501.023311,0.7277557, 68.2458,266.2064,170.5566,232.4060
10535.84008383,26501.141996,0.7277762, 68.2384,266.0937,170.5143,233.6042
10536.83542566,26501.253060,0.7277800, 68.2276,265.9814,170.4712,234.6839
10537.83077039,26501.350452,0.7277666, 68.2145,265.8694,170.4263,235.7668
10538.82612835,26501.434188,0.7277401, 68.2005,265.7571,170.3790,236.8623
10539.82150798,26501.511330,0.7277095, 68.1879,265.6441,170.3291,237.9765
10539.82159054,26501.511604,0.7277095, 68.1879,265.6441,170.3291,238.0363
10540.81699383,26501.596814,0.7276869, 68.1790,265.5299,170.2772,239.1685
10541.81242979,26501.710456,0.7276843, 68.1754,265.4144,170.2247,240.3207
10542.80790203,26501.864349,0.7277086, 68.1769,265.2978,170.1735,241.4894
10543.80340483,26502.062196,0.7277590, 68.1820,265.1808,170.1250,242.6653
10545.79463086,26502.546908,0.7278982, 68.1916,264.9479,170.0380,245.1247
10547.78581754,26503.045876,0.7280028, 68.1860,264.7194,169.9582,247.5023
10548.78116489,26503.270357,0.7280229, 68.1765,264.6066,169.9173,248.5040
10549.77657994,26503.470534,0.7280225, 68.1645,264.4941,169.8742,249.5536
10550.77202279,26503.650122,0.7280079, 68.1518,264.3814,169.8287,250.6234
10551.76497575,26503.805856,0.7279868, 68.1404,264.2682,169.7808,249.8895
10552.76185680,26503.964317,0.7279675, 68.1314,264.1542,169.7311,251.9993
10553.75750728,26504.117988,0.7279558, 68.1256,264.0394,169.6804,253.2136
10557.73856048,26504.779382,0.7280311, 68.1308,263.5745,169.4828,256.8629
10558.73515638,26504.964530,0.7280746, 68.1353,263.4580,169.4369,258.7121
10560.72611501,26505.339718,0.7281646, 68.1411,263.2263,169.3499,260.7584
10561.72228234,26505.530727,0.7282023, 68.1407,263.1113,169.3080,262.2649
10562.71830999,26505.720599,0.7282290, 68.1374,262.9971,169.2663,263.6630
10563.71362508,26505.903482,0.7282416, 68.1310,262.8834,169.2240,264.5402
10564.70958703,26506.080288,0.7282393, 68.1221,262.7701,169.1803,265.8841
10566.69917411,26506.380805,0.7282025, 68.1025,262.5432,169.0859,266.8830
10567.69492048,26506.501488,0.7281854, 68.0959,262.4285,169.0351,268.0750
10569.68617615,26506.692697,0.7282106, 68.0987,262.1948,168.9321,270.2758
10571.67781414,26506.919759,0.7283407, 68.1185,261.9578,168.8388,272.7002
10573.66904436,26507.282670,0.7284971, 68.1327,261.7237,168.7586,274.7608
10574.66474082,26507.505527,0.7285517, 68.1323,261.6087,168.7200,275.8338
10575.66041532,26507.740132,0.7285833, 68.1272,261.4949,168.6801,276.8871
10576.65601546,26507.972537,0.7285945, 68.1192,261.3816,168.6378,277.8860
10577.65161065,26508.194291,0.7285921, 68.1105,261.2682,168.5928,278.8820
10578.64734871,26508.400486,0.7285841, 68.1028,261.1544,168.5454,279.9815
10579.64388373,26508.599200,0.7285783, 68.0975,261.0398,168.4963,281.6561
10580.63896415,26508.780411,0.7285799, 68.0955,260.9244,168.4462,282.2724
10581.63502471,26508.959641,0.7285932, 68.0968,260.8081,168.3959,283.5910
10582.62833958,26509.120596,0.7286187, 68.1011,260.6912,168.3464,282.9109
10583.62378186,26509.295432,0.7286571, 68.1078,260.5738,168.2982,283.7591
10584.62310778,26509.492422,0.7287071, 68.1158,260.4563,168.2516,287.4060
10585.61622881,26509.676404,0.7287615, 68.1241,260.3389,168.2068,286.5450
10586.61046440,26509.879588,0.7288188, 68.1316,260.2218,168.1638,286.4768
10587.60570964,26510.100175,0.7288745, 68.1375,260.1053,168.1222,287.1259
10589.60016304,26510.582851,0.7289657, 68.1417,259.8744,168.0413,291.2586
10594.58047164,26511.908219,0.7290069, 68.1176,259.3037,167.8215,297.2651
10596.57182722,26512.249801,0.7290464, 68.1225,259.0702,167.7234,299.0867
10598.56377346,26512.413609,0.7291870, 68.1470,258.8318,167.6341,301.2811
10601.55104199,26512.837275,0.7294433, 68.1739,258.4792,167.5259,303.9616
10602.54736064,26513.067184,0.7294906, 68.1719,258.3648,167.4904,305.2439
10603.54324632,26513.311101,0.7295152, 68.1662,258.2512,167.4525,306.2134
10604.53926794,26513.537206,0.7295247, 68.1592,258.1378,167.4115,307.2842
10605.53519211,26513.729616,0.7295278, 68.1530,258.0239,167.3680,308.2872
10606.53109206,26513.878793,0.7295323, 68.1494,257.9092,167.3225,309.2738
10608.52294746,26514.044849,0.7295662, 68.1518,257.6771,167.2297,311.2817
10609.51904310,26514.067126,0.7296003, 68.1577,257.5599,167.1839,312.4000
10610.51826871,26513.979731,0.7296479, 68.1658,257.4420,167.1399,315.7771
10635.42362307,26488.676729,0.7303210, 68.2085,254.5387,166.1587,345.5174
10637.41005468,26494.624676,0.7304434, 68.2184,254.3061,166.0654,343.6860
10637.41081383,26492.932345,0.7304266, 68.2183,254.3057,166.0665,344.2344
10644.38426853,26452.109080,0.7302137, 68.2442,253.4780,165.7822,353.0073
10644.88299632,26454.005463,0.7302133, 68.2423,253.4185,165.7514,354.0999
10646.37725215,26477.421262,0.7304138, 68.2332,253.2439,165.6640,355.9979
10647.37367304,26513.818862,0.7307609, 68.2272,253.1278,165.6055,357.4602
10648.37009941,26557.810606,0.7311966, 68.2222,253.0122,165.5601,358.9321
10649.36654419,26588.738875,0.7315058, 68.2190,252.8969,165.5313,  0.4196
10649.36654421,26588.739043,0.7315058, 68.2190,252.8969,165.5313,  0.4197
10650.36296120,26590.251125,0.7315207, 68.2184,252.7809,165.5076,  1.8933
10655.34540119,26484.510127,0.7307570, 68.2429,252.1841,165.2852,  9.5804
10655.34540121,26484.510087,0.7307570, 68.2429,252.1841,165.2852,  9.5804
10656.34195809,26482.171489,0.7307985, 68.2391,252.0672,165.2434, 11.1614
10660.32807537,26490.545265,0.7309202, 68.1912,251.6109,165.0728, 17.5270
10661.32462462,26492.985668,0.7309389, 68.1829,251.4958,165.0266, 19.1684
10663.31806168,26497.075631,0.7309930, 68.1774,251.2626,164.9347, 22.7205
10664.31467568,26498.497530,0.7310270, 68.1790,251.1449,164.8902, 24.4282
10667.30505069,26501.472995,0.7311461, 68.1895,250.7912,164.7664, 29.9518
10668.30235283,26502.229072,0.7311827, 68.1914,250.6739,164.7281, 32.1675
10669.29920406,26502.698920,0.7312109, 68.1911,250.5576,164.6905, 34.0610
10670.29629389,26503.124615,0.7312297, 68.1878,250.4421,164.6532, 36.1333
10671.29302604,26503.405732,0.7312363, 68.1814,250.3277,164.6152, 37.9551
10671.29302605,26503.405734,0.7312363, 68.1814,250.3277,164.6152, 37.9551
10672.29007649,26503.689032,0.7312310, 68.1720,250.2140,164.5760, 40.0183
10673.28534553,26503.696224,0.7312138, 68.1605,250.1010,164.5343, 40.8052
10673.28724592,26503.935235,0.7312147, 68.1605,250.1008,164.5347, 42.1811
10673.28771438,26503.990123,0.7312148, 68.1605,250.1008,164.5348, 42.5203
10682.25604694,26503.466950,0.7312829, 68.1443,249.0505,164.1395, 57.9961
10683.25377588,26503.337463,0.7313042, 68.1414,248.9346,164.1043, 60.6367
10684.25063955,26503.194655,0.7313057, 68.1325,248.8205,164.0674, 62.6620
10684.25074683,26503.198135,0.7313057, 68.1325,248.8205,164.0675, 62.7397
10701.19595889,26500.401174,0.7312047, 68.0436,246.8516,163.2997, 97.9043
10705.18514802,26500.056351,0.7311452, 68.0198,246.3853,163.0945,108.0657
10709.17461976,26500.144658,0.7312718, 68.0463,245.9034,162.9189,118.4213
10709.17644272,26500.155486,0.7312714, 68.0463,245.9033,162.9190,119.7420
10718.14738863,26500.387122,0.7312258, 67.9905,244.8558,162.4962,139.1749
10754.05024172,26507.096663,0.7316645, 68.0496,240.5702,160.8981,225.4757
10755.04798908,26507.221501,0.7316570, 68.0451,240.4541,160.8536,228.0623
10756.04602657,26507.341558,0.7316483, 68.0405,240.3379,160.8071,230.8582
10758.04158187,26507.608568,0.7316452, 68.0373,240.1025,160.7093,236.0692
10766.01968021,26509.579601,0.7318338, 68.0970,239.1383,160.3898,253.4119
10769.01384515,26510.164874,0.7318041, 68.0790,238.7925,160.2560,261.5154
10770.01198913,26510.382347,0.7318079, 68.0790,238.6747,160.2083,264.2734
10772.00735685,26510.845891,0.7318416, 68.0895,238.4353,160.1150,269.0911
10794.95329084,26514.731206,0.7320165, 68.1483,235.7223,159.2117,321.1339
10801.94108875,26507.464513,0.7320235, 68.1642,234.8951,158.9257,339.7261
10802.94091217,26499.842052,0.7319713, 68.1696,234.7743,158.8961,343.4991
10805.93394803,26465.436628,0.7316044, 68.1734,234.4156,158.7998,350.1639
10806.93217288,26447.166563,0.7313595, 68.1701,234.2950,158.7525,352.7937
10807.93085657,26455.545634,0.7313541, 68.1672,234.1727,158.6758,355.7802
10808.92734253,26484.171841,0.7315998, 68.1623,234.0556,158.6144,357.1798
10809.92561060,26567.280769,0.7324108, 68.1600,233.9379,158.5674,359.8745
10810.92395429,26590.154704,0.7326033, 68.1550,233.8236,158.5634,  2.6128
10811.92221421,26545.082554,0.7321151, 68.1478,233.7082,158.5284,  5.3180
10812.92054314,26507.102263,0.7317480, 68.1431,233.5896,158.4638,  8.0950
10813.91855398,26493.661416,0.7316554, 68.1439,233.4687,158.4014, 10.6421
10815.91397985,26492.585284,0.7317329, 68.1595,233.2234,158.3052, 15.2864
10816.91282961,26495.965147,0.7318025, 68.1692,233.1003,158.2682, 18.4188
10817.91070040,26498.449318,0.7318386, 68.1753,232.9799,158.2365, 20.8365
10819.90791144,26503.201674,0.7318467, 68.1670,232.7483,158.1742, 26.7461
10821.90669141,26506.569365,0.7317982, 68.1410,232.5246,158.0976, 33.8546
10822.90314312,26506.992094,0.7317699, 68.1296,232.4125,158.0526, 35.3101
10823.90257786,26507.825013,0.7317557, 68.1223,232.2984,158.0067, 38.9377
10824.90195542,26508.364764,0.7317491, 68.1195,232.1824,157.9606, 42.5325
10826.89911772,26508.792667,0.7317512, 68.1237,231.9467,157.8715, 48.5812
10827.89788268,26508.894368,0.7317545, 68.1283,231.8279,157.8296, 51.7410
10828.89630045,26508.925742,0.7317558, 68.1330,231.7093,157.7892, 54.6505
10830.89316321,26508.913519,0.7317443, 68.1383,231.4741,157.7120, 60.4952
10831.89172115,26508.889661,0.7317295, 68.1376,231.3580,157.6741, 63.5148
10832.89025385,26508.854514,0.7317083, 68.1342,231.2432,157.6358, 66.5222
10833.88878481,26508.810153,0.7316814, 68.1280,231.1294,157.5965, 69.5363
10844.87208160,26507.759496,0.7314995, 68.1007,229.8560,157.1193,102.9135
10845.86673256,26507.551907,0.7314735, 68.1002,229.7398,157.0854,103.1879
10847.86383231,26507.161211,0.7313848, 68.0802,229.5156,157.0113,109.4147
10850.85779342,26506.553816,0.7312735, 68.0412,229.1812,156.8720,117.6712
10851.85933336,26506.395341,0.7312577, 68.0360,229.0660,156.8227,123.0254
10855.85227087,26505.816051,0.7312441, 68.0456,228.5927,156.6407,134.9146
10856.85088223,26505.658468,0.7312363, 68.0491,228.4743,156.5994,138.1678
10856.85089380,26505.658513,0.7312363, 68.0491,228.4743,156.5994,138.1762
10857.84895432,26505.482424,0.7312231, 68.0508,228.3568,156.5590,141.0354
10857.84896589,26505.482471,0.7312231, 68.0508,228.3568,156.5590,141.0437
10858.84781822,26505.290024,0.7312041, 68.0502,228.2404,156.5188,144.4829
10858.84782980,26505.290072,0.7312041, 68.0502,228.2404,156.5188,144.4913
10859.84602141,26505.072986,0.7311796, 68.0471,228.1251,156.4782,147.4604
10859.84603299,26505.073032,0.7311796, 68.0471,228.1251,156.4782,147.4688
10860.84467236,26504.834710,0.7311506, 68.0413,228.0110,156.4367,150.7727
10861.84299062,26504.572868,0.7311187, 68.0333,227.8978,156.3936,153.8564
10862.84172200,26504.294576,0.7310861, 68.0237,227.7852,156.3487,157.2534
10863.84026567,26504.006494,0.7310554, 68.0136,227.6726,156.3018,160.5297
10864.84014825,26503.724793,0.7310291, 68.0044,227.5594,156.2529,164.7914
10865.83769121,26503.457553,0.7310101, 67.9974,227.4449,156.2028,167.3730
10866.83749888,26503.231605,0.7309985, 67.9941,227.3286,156.1525,171.6076
10867.83410710,26503.051843,0.7309946, 67.9952,227.2102,156.1031,173.5333
10868.83514975,26502.934323,0.7309945, 68.0006,227.0899,156.0560,178.6758
10869.83282679,26502.853472,0.7309943, 68.0090,226.9685,156.0121,181.3807
10870.83091153,26502.787394,0.7309877, 68.0179,226.8471,155.9718,184.3792
10871.82907267,26502.694238,0.7309701, 68.0243,226.7272,155.9341,187.4317
10871.82911237,26502.694312,0.7309700, 68.0243,226.7272,155.9341,187.4605
10872.82717128,26502.534563,0.7309394, 68.0257,226.6099,155.8973,190.4417
10872.82745946,26502.535145,0.7309393, 68.0257,226.6099,155.8973,190.6504
10873.82592537,26502.293740,0.7308981, 68.0209,226.4953,155.8591,193.9354
10874.82455111,26501.985224,0.7308524, 68.0109,226.3829,155.8178,197.3516
10875.82605441,26501.658827,0.7308095, 67.9984,226.2713,155.7724,202.8715
10876.82426072,26501.345590,0.7307766, 67.9868,226.1590,155.7234,206.0223
10877.82302079,26501.090401,0.7307560, 67.9786,226.0448,155.6722,209.5901
10878.82079993,26500.900592,0.7307472, 67.9751,225.9283,155.6204,212.4579
10878.82088939,26500.900889,0.7307472, 67.9751,225.9283,155.6204,212.5227
10879.81969511,26500.776034,0.7307467, 67.9761,225.8098,155.5695,216.1401
10880.81837937,26500.694021,0.7307504, 67.9806,225.6898,155.5204,219.6715
10881.81688638,26500.636160,0.7307543, 67.9870,225.5691,155.4733,223.0744
10882.81530592,26500.588574,0.7307553, 67.9939,225.4484,155.4282,226.4131
10883.81374700,26500.543961,0.7307515, 68.0000,225.3281,155.3846,229.7668
10884.81193584,26500.497372,0.7307421, 68.0043,225.2088,155.3419,232.9379
10884.81224605,26500.497945,0.7307420, 68.0043,225.2088,155.3419,233.1627
10885.81066101,26500.448502,0.7307270, 68.0064,225.0907,155.2995,236.4990
10887.81240126,26500.356927,0.7306833, 68.0028,224.8579,155.2131,246.7384
10888.81139289,26500.315443,0.7306581, 67.9975,224.7430,155.1681,250.5042
10889.81049017,26500.285237,0.7306332, 67.9906,224.6288,155.1213,254.3524
10889.81054939,26500.285512,0.7306332, 67.9906,224.6288,155.1213,254.3953
10890.80960469,26500.270928,0.7306114, 67.9833,224.5146,155.0727,258.2196
10891.80879393,26500.279576,0.7305952, 67.9767,224.3999,155.0223,262.1469
10892.80850352,26500.320726,0.7305864, 67.9723,224.2839,154.9707,266.4558
10893.80753649,26500.387534,0.7305859, 67.9715,224.1661,154.9189,270.2761
10894.80435344,26500.460597,0.7305921, 67.9753,224.0462,154.8682,272.4881
10895.80308513,26500.575113,0.7306017, 67.9835,223.9241,154.8200,276.0797
10897.80086246,26500.853284,0.7306067, 68.0063,223.6774,154.7344,283.4502
10898.79932271,26501.011825,0.7305912, 68.0152,223.5554,154.6963,286.8030
10899.79966607,26501.206727,0.7305625, 68.0189,223.4361,154.6591,291.5096
10900.79924141,26501.433067,0.7305241, 68.0166,223.3196,154.6207,295.6554
10901.79845920,26501.696013,0.7304834, 68.0093,223.2053,154.5793,299.5434
10902.79735678,26501.985032,0.7304482, 67.9999,223.0921,154.5342,303.2035
10903.79621869,26502.285783,0.7304243, 67.9911,222.9783,154.4859,306.8416
10904.79508893,26502.580071,0.7304139, 67.9855,222.8629,154.4357,310.4866
10905.79413409,26502.851580,0.7304158, 67.9842,222.7454,154.3851,314.2544
10906.79352097,26503.078944,0.7304268, 67.9873,222.6257,154.3356,318.2614
10909.79044085,26503.054664,0.7304644, 68.0116,222.2594,154.2015,329.3043
10910.79017616,26502.260022,0.7304654, 68.0199,222.1371,154.1624,333.5077
10911.79053213,26499.785841,0.7304480, 68.0262,222.0152,154.1269,338.1460
10912.29012288,26497.760151,0.7304267, 68.0289,221.9546,154.1104,340.0358
10912.79028413,26494.101364,0.7303923, 68.0300,221.8938,154.0944,342.3334
10913.28984115,26489.439981,0.7303405, 68.0313,221.8334,154.0794,344.1925
10913.78982860,26481.318024,0.7302537, 68.0310,221.7725,154.0647,346.3577
10914.78904567,26457.123181,0.7299699, 68.0296,221.6501,154.0316,350.1363
10914.78959486,26453.824660,0.7299325, 68.0295,221.6494,154.0317,350.5332
10915.78923924,26428.634876,0.7295684, 68.0284,221.5226,153.9640,354.6320
10916.78903759,26509.165152,0.7303019, 68.0323,221.3953,153.8647,358.8630
10917.78893620,26576.231361,0.7309354, 68.0333,221.2775,153.8661,  3.1164
10918.78874581,26514.965350,0.7302799, 68.0256,221.1606,153.8204,  7.3304
10919.78251528,26517.417110,0.7302904, 68.0236,221.0444,153.7729,  7.1566
10920.78321707,26488.182704,0.7300506, 68.0203,220.9222,153.6943, 12.0207
10921.28279086,26487.064092,0.7300633, 68.0208,220.8608,153.6635, 13.8821
10921.78284859,26487.966373,0.7300959, 68.0238,220.7989,153.6353, 16.0872
10922.78235495,26491.496504,0.7301620, 68.0328,220.6743,153.5865, 20.0470
10923.28192182,26493.222265,0.7301886, 68.0385,220.6116,153.5647, 21.8872
10923.78145380,26494.559806,0.7302061, 68.0459,220.5488,153.5441, 23.6949
10924.78059952,26496.948426,0.7302259, 68.0604,220.4232,153.5065, 27.3580
10925.77977321,26498.761866,0.7302194, 68.0729,220.2992,153.4724, 31.0232
10926.77947277,26500.298764,0.7301907, 68.0803,220.1779,153.4396, 35.0550
10927.77875887,26501.462791,0.7301451, 68.0815,220.0602,153.4054, 38.7805
10928.77785901,26502.428317,0.7300945, 68.0772,219.9452,153.3679, 42.3708
10929.77697290,26503.259333,0.7300490, 68.0703,219.8317,153.3264, 45.9747
10930.77663116,26503.997936,0.7300149, 68.0637,219.7181,153.2813, 49.9767
10934.76902409,26505.586642,0.7299827, 68.0718,219.2469,153.0920, 61.4396
10943.26509257,26508.085465,0.7297777, 68.1199,218.2368,152.7514, 94.0710
10948.75507462,26509.459227,0.7296485, 68.1107,217.6053,152.4993,109.5130
10953.24972517,26510.770399,0.7295306, 68.1602,217.0606,152.3260,123.9534
10955.24735211,26511.214982,0.7293831, 68.1625,216.8301,152.2600,130.2649
10956.24617537,26511.380631,0.7293096, 68.1551,216.7192,152.2223,133.4232
10957.24499663,26511.535953,0.7292495, 68.1458,216.6091,152.1805,136.5828
10960.24111841,26512.113707,0.7291611, 68.1333,216.2700,152.0435,145.8107
10961.24000242,26512.355936,0.7291482, 68.1370,216.1529,151.9989,149.0005
10962.23868645,26512.607240,0.7291345, 68.1436,216.0345,151.9562,152.0334
10963.23740396,26512.858326,0.7291161, 68.1516,215.9156,151.9158,155.0774
10965.23515945,26513.319184,0.7290567, 68.1667,215.6788,151.8402,161.3594
10965.73464103,26513.527837,0.7290376, 68.1691,215.6205,151.8215,162.9541
10966.23377455,26513.510316,0.7290151, 68.1717,215.5621,151.8040,164.2943
10967.23246919,26513.668920,0.7289673, 68.1742,215.4468,151.7679,167.2788
10968.73048502,26513.959067,0.7288893, 68.1725,215.2768,151.7122,171.7273
10969.22965762,26513.884597,0.7288616, 68.1712,215.2206,151.6937,173.0884
10971.72626523,26514.118473,0.7287384, 68.1563,214.9436,151.5925,180.4339
10972.22561370,26514.007342,0.7287165, 68.1533,214.8882,151.5714,181.9236
10973.22429417,26514.020611,0.7286798, 68.1472,214.7772,151.5275,184.8929
10975.22148761,26514.067107,0.7286267, 68.1410,214.5518,151.4378,190.7155
10977.21861966,26514.222906,0.7285844, 68.1485,214.3191,151.3516,196.4882
10978.71629666,26514.556546,0.7285340, 68.1619,214.1408,151.2943,200.6748
10979.71491770,26514.702088,0.7284778, 68.1714,214.0221,151.2606,203.5757
10981.71183455,26514.781632,0.7283091, 68.1768,213.7929,151.1978,209.1213
10982.71053954,26514.652612,0.7282138, 68.1695,213.6836,151.1638,212.0768
10984.20821993,26514.220557,0.7280924, 68.1518,213.5229,151.1047,216.2623
10985.20669677,26514.014831,0.7280367, 68.1402,213.4152,151.0606,219.0880
10986.20514290,26513.859154,0.7279994, 68.1323,213.3054,151.0147,221.9025
10986.70435599,26513.908861,0.7279865, 68.1297,213.2497,150.9919,223.3049
10988.20198818,26513.696125,0.7279541, 68.1297,213.0787,150.9240,227.5125
10989.20041882,26513.654183,0.7279326, 68.1334,212.9629,150.8812,230.3242
10990.19880225,26513.614566,0.7279056, 68.1385,212.8466,150.8403,233.1006
10996.18899253,26512.997165,0.7276025, 68.1401,212.1671,150.6118,249.7153
10997.18815973,26512.829040,0.7275450, 68.1324,212.0583,150.5711,253.0886
10998.18645487,26512.650037,0.7274925, 68.1235,211.9501,150.5287,255.8416
10999.18472984,26512.469309,0.7274471, 68.1142,211.8420,150.4844,258.5919
11000.18307075,26512.292908,0.7274098, 68.1055,211.7335,150.4387,261.4017
11001.18082309,26512.122363,0.7273806, 68.0986,211.6239,150.3920,263.7965
11002.17910513,26511.968164,0.7273581, 68.0944,211.5128,150.3451,266.5844
11004.17566546,26511.703742,0.7273183, 68.0961,211.2851,150.2540,272.1757
11006.17216514,26511.478180,0.7272471, 68.1083,211.0518,150.1729,277.7271
11007.17042652,26511.365933,0.7271851, 68.1139,210.9357,150.1367,280.5075
11009.16688107,26511.127485,0.7270091, 68.1112,210.7114,150.0672,286.0229
11010.16529179,26511.007626,0.7269146, 68.1008,210.6043,150.0294,288.9284
11014.15802726,26510.541638,0.7267199, 68.0559,210.1763,149.8442,300.0709
11060.06454537,26499.434232,0.7252057, 68.0232,204.9398,147.7803, 69.9226
11062.05982699,26499.251870,0.7250876, 68.0410,204.7033,147.7016, 75.4433
11063.05750049,26499.207184,0.7250043, 68.0444,204.5884,147.6632, 78.2265
11064.05522179,26499.203783,0.7249167, 68.0428,204.4764,147.6234, 81.0489
11064.05522180,26499.203784,0.7249167, 68.0428,204.4764,147.6234, 81.0489
11065.05278420,26499.230186,0.7248370, 68.0371,204.3668,147.5806, 83.7655
11066.05046696,26499.275109,0.7247752, 68.0295,204.2582,147.5346, 86.5815
11074.03119429,26499.651460,0.7246012, 68.0626,203.3326,147.1640,108.6887
11078.02223504,26500.071755,0.7243776, 68.0715,202.8764,146.9986,120.1228
11082.01209113,26500.601621,0.7242421, 68.0609,202.4316,146.8130,130.6802
11083.00916511,26500.763616,0.7242295, 68.0613,202.3183,146.7646,133.0324
11084.00660514,26500.948063,0.7242201, 68.0648,202.2032,146.7168,135.6446
11085.00405126,26501.158577,0.7242079, 68.0715,202.0860,146.6704,138.2530
11086.00147479,26501.393571,0.7241855, 68.0813,201.9672,146.6264,140.8335
11086.99887744,26501.647502,0.7241455, 68.0929,201.8473,146.5850,143.3844
11101.95985880,26504.900218,0.7232579, 68.1519,200.1277,145.9611,180.5918
11107.44687984,26505.633947,0.7228700, 68.1491,199.5187,145.7349,194.7240
11110.93702759,26506.311032,0.7227524, 68.1469,199.1306,145.5742,202.5041
11111.43531987,26506.299035,0.7227371, 68.1496,199.0736,145.5511,203.3922
11112.93134348,26506.800893,0.7226834, 68.1604,198.9000,145.4863,206.8701
11114.92592465,26507.417900,0.7225445, 68.1812,198.6657,145.4078,211.3733
11119.91217204,26508.296088,0.7219694, 68.1799,198.1164,145.2167,222.2881
11119.91218386,26508.296138,0.7219694, 68.1799,198.1164,145.2167,222.2967
11120.90939330,26508.380246,0.7218992, 68.1726,198.0108,145.1713,224.4452
11121.90661064,26508.508537,0.7218515, 68.1679,197.9033,145.1246,226.5979
11122.40520664,26508.540986,0.7218329, 68.1671,197.8488,145.1003,227.6635
11123.90102931,26508.930601,0.7217862, 68.1698,197.6813,145.0326,230.8711
11124.89819641,26509.203550,0.7217492, 68.1755,197.5675,144.9892,232.9598
11126.89260124,26509.790273,0.7216370, 68.1902,197.3385,144.9086,237.1449
11131.87849400,26510.946073,0.7211953, 68.1967,196.7886,144.7172,247.3122
11134.86994889,26511.446128,0.7209844, 68.1789,196.4733,144.5895,253.2778
11140.35412739,26512.635070,0.7207579, 68.1768,195.8753,144.3466,263.9728
11145.83726612,26513.661439,0.7201310, 68.1841,195.2750,144.1452,273.5893
11146.83425611,26513.732323,0.7200208, 68.1733,195.1737,144.1041,275.3666
11147.83127513,26513.788951,0.7199406, 68.1626,195.0723,144.0601,277.1701
11148.82823690,26513.853304,0.7198873, 68.1544,194.9692,144.0144,278.9355
11149.82523801,26513.936119,0.7198512, 68.1502,194.8635,143.9687,280.7289
11151.81924555,26514.141925,0.7197834, 68.1527,194.6452,143.8816,284.3043
11155.30870246,26514.569353,0.7195541, 68.1658,194.2588,143.7462,290.4493
11158.79804759,26514.610494,0.7192346, 68.1567,193.8887,143.6137,296.4785
11166.77289308,26514.602268,0.7188710, 68.1181,193.0555,143.2650,309.8808
11167.76969486,26514.561129,0.7188252, 68.1220,192.9457,143.2237,311.5307
11168.26818964,26514.631582,0.7187958, 68.1242,192.8906,143.2040,312.4223
11168.76658636,26514.509536,0.7187594, 68.1269,192.8353,143.1844,313.2439
11169.76348403,26514.450347,0.7186694, 68.1312,192.7254,143.1470,314.9594
11170.76027678,26514.389623,0.7185562, 68.1330,192.6172,143.1107,316.5982
11171.75704450,26514.344493,0.7184283, 68.1305,192.5118,143.0742,318.2216
11172.75374398,26514.321539,0.7183009, 68.1233,192.4096,143.0359,319.8034
11173.75053336,26514.322434,0.7181915, 68.1124,192.3097,142.9947,321.4634
11174.74731550,26514.323192,0.7181122, 68.1006,192.2106,142.9504,323.1337
11175.74409360,26514.293458,0.7180645, 68.0905,192.1101,142.9039,324.8160
11176.74086416,26514.210897,0.7180400, 68.0844,192.0071,142.8570,326.5039
11177.73762677,26514.059519,0.7180247, 68.0826,191.9011,142.8111,328.1926
11178.73433782,26513.831188,0.7180057, 68.0844,191.7927,142.7673,329.8468
11179.73103562,26513.521232,0.7179742, 68.0882,191.6830,142.7257,331.4922
11180.72782786,26513.101588,0.7179269, 68.0924,191.5730,142.6864,333.2066
11181.72456502,26512.544367,0.7178641, 68.0956,191.4637,142.6484,334.8829
11182.72125819,26511.797628,0.7177890, 68.0969,191.3558,142.6114,336.5308
11183.71797703,26510.750001,0.7177057, 68.0959,191.2494,142.5745,338.2025
11185.71133795,26507.162041,0.7175289, 68.0868,191.0411,142.4998,341.5135
11188.70134403,26493.113731,0.7172419, 68.0630,190.7341,142.3827,346.5294
11190.69466278,26471.387229,0.7169649, 68.0494,190.5256,142.3001,349.9137
11191.69132335,26455.782128,0.7167740, 68.0456,190.4182,142.2546,351.6226
11192.68796276,26439.888787,0.7165684, 68.0447,190.3081,142.2026,353.3277
11195.67753341,26463.955562,0.7166541, 68.0604,189.9666,142.0090,358.2504
11198.66722747,26565.887118,0.7174556, 68.0770,189.6354,141.9134,  3.2488
11199.66387865,26560.797558,0.7172666, 68.0734,189.5317,141.8903,  4.9865
11200.66037294,26545.483768,0.7169856, 68.0651,189.4305,141.8536,  6.6298
11204.64652116,26501.672414,0.7164024, 68.0340,189.0203,141.6409, 13.4998
11205.64300431,26498.658189,0.7163829, 68.0357,188.9111,141.5894, 15.2010
11206.63947864,26497.098752,0.7163658, 68.0405,188.8001,141.5415, 16.8974
11208.63243635,26496.283973,0.7162973, 68.0520,188.5772,141.4548, 20.3001
11210.62530972,26496.762825,0.7161819, 68.0576,188.3593,141.3737, 23.6568
11211.62186743,26497.198077,0.7161191, 68.0569,188.2529,141.3330, 25.4339
11213.61393313,26497.864969,0.7160032, 68.0501,188.0447,141.2487, 28.2591
11215.60676553,26498.649191,0.7159334, 68.0399,187.8390,141.1595, 31.6877
11221.08645303,26499.655671,0.7158980, 68.0397,187.2544,140.9059, 40.9073
11223.57723681,26499.571928,0.7157917, 68.0577,186.9763,140.8019, 45.1722
11225.07147174,26499.529971,0.7156621, 68.0658,186.8115,140.7421, 47.5706
11225.56960279,26499.469924,0.7156109, 68.0673,186.7574,140.7228, 48.4103
11228.55830836,26499.538125,0.7153188, 68.0578,186.4455,140.5964, 53.4438
11229.05774529,26499.696427,0.7152876, 68.0544,186.3947,140.5731, 55.2506
11229.55590678,26499.665618,0.7152631, 68.0515,186.3436,140.5499, 56.1366
11231.54844217,26499.666994,0.7152250, 68.0463,186.1347,140.4535, 59.6335
11232.54469936,26499.588217,0.7152207, 68.0498,186.0260,140.4063, 61.3861
11234.53830148,26499.366985,0.7151754, 68.0655,185.8023,140.3185, 65.6835
11235.53449089,26499.235603,0.7151223, 68.0744,185.6899,140.2775, 67.3881
11242.00940286,26499.106990,0.7146472, 68.0836,184.9952,140.0057, 78.3127
11242.50636984,26499.014124,0.7146265, 68.0823,184.9433,139.9829, 78.3638
11243.50235596,26499.038239,0.7145948, 68.0798,184.8393,139.9364, 79.9582
11244.99652447,26499.157110,0.7145678, 68.0783,184.6816,139.8658, 82.4964
11245.49480100,26499.087819,0.7145625, 68.0790,184.6282,139.8423, 83.5031
11246.49092871,26499.103918,0.7145525, 68.0817,184.5204,139.7957, 85.2101
11247.48702767,26499.113099,0.7145378, 68.0867,184.4110,139.7500, 86.8958
11248.48316848,26499.119851,0.7145112, 68.0938,184.3001,139.7056, 88.6088
11249.47920775,26499.126795,0.7144662, 68.1021,184.1883,139.6629, 90.2434
11251.47178541,26499.182046,0.7143082, 68.1180,183.9655,139.5813, 93.8551
11252.46807803,26499.244933,0.7141997, 68.1230,183.8562,139.5414, 95.6548
11253.46319044,26499.324654,0.7140831, 68.1246,183.7493,139.5007, 96.5957
11254.45920299,26499.448388,0.7139701, 68.1230,183.6447,139.4587, 98.1876
11255.45523679,26499.598434,0.7138734, 68.1189,183.5419,139.4147, 99.7961
11256.45186105,26499.771311,0.7138012, 68.1140,183.4395,139.3688,101.8348
11257.44829495,26499.945741,0.7137554, 68.1101,183.3363,139.3216,103.7376
11258.44443169,26500.113479,0.7137301, 68.1090,183.2311,139.2740,105.4246
11259.44061754,26500.273351,0.7137134, 68.1115,183.1233,139.2273,107.1431
11263.42423232,26500.894708,0.7135097, 68.1429,182.6774,139.0595,113.0971
11267.40858030,26501.666249,0.7131110, 68.1518,182.2500,138.8997,119.4220
11268.40199128,26501.853172,0.7130309, 68.1492,182.1469,138.8568,119.0513
11270.39389288,26502.271147,0.7129142, 68.1432,181.9413,138.7679,121.9780
11280.35226711,26504.286328,0.7122339, 68.1804,180.8669,138.3455,135.3177
11282.34423866,26504.669667,0.7119830, 68.1742,180.6630,138.2618,138.0874
11284.33455368,26505.046331,0.7118245, 68.1639,180.4617,138.1715,139.6479
11285.32998829,26505.244973,0.7117795, 68.1614,180.3591,138.1253,140.6243
11286.32558664,26505.450674,0.7117448, 68.1620,180.2541,138.0798,141.7132
11287.81902612,26505.675261,0.7116832, 68.1690,180.0928,138.0140,143.3584
11288.81514593,26505.901451,0.7116223, 68.1759,179.9836,137.9727,144.7974
11289.81045930,26506.120779,0.7115395, 68.1830,179.8745,137.9330,145.6389
11290.30829649,26506.323040,0.7114910, 68.1860,179.8202,137.9140,146.1856
11290.80599260,26506.336204,0.7114362, 68.1891,179.7664,137.8942,146.6269
11291.30385852,26506.530900,0.7113795, 68.1911,179.7130,137.8755,147.1886
11291.80160604,26506.543023,0.7113186, 68.1930,179.6601,137.8557,147.6618
11292.29939024,26506.728152,0.7112580, 68.1937,179.6077,137.8368,148.1595
11294.29046070,26507.093751,0.7110207, 68.1914,179.4033,137.7566,150.0846
11295.28588941,26507.269586,0.7109190, 68.1874,179.3032,137.7145,150.9622
11296.28140568,26507.445067,0.7108337, 68.1826,179.2038,137.6712,151.8991
11296.77916134,26507.469736,0.7107969, 68.1804,179.1541,137.6484,152.3643
11297.27710289,26507.624722,0.7107649, 68.1779,179.1043,137.6269,152.9630
11298.27263694,26507.808091,0.7107106, 68.1740,179.0042,137.5821,153.9041
11300.26358772,26508.195966,0.7106274, 68.1708,178.8006,137.4925,155.6833
11301.25905755,26508.402173,0.7105864, 68.1722,178.6967,137.4486,156.5573
11302.25450637,26508.614450,0.7105362, 68.1754,178.5916,137.4058,157.4064
11303.24994144,26508.833706,0.7104700, 68.1800,178.4855,137.3642,158.2346
11304.24536456,26509.054442,0.7103821, 68.1853,178.3791,137.3239,159.0420
11305.24072384,26509.269964,0.7102703, 68.1899,178.2733,137.2846,159.7908
11306.23612978,26509.471380,0.7101372, 68.1927,178.1691,137.2457,160.5618
11306.73393635,26509.562610,0.7100653, 68.1930,178.1179,137.2254,161.0187
11307.23163593,26509.656602,0.7099914, 68.1926,178.0671,137.2064,161.3959
11308.22701241,26509.821991,0.7098462, 68.1891,177.9676,137.1659,162.1293
11309.22238596,26509.971532,0.7097160, 68.1829,177.8701,137.1236,162.8567
11310.21774240,26510.113471,0.7096114, 68.1753,177.7735,137.0796,163.5699
11311.21306097,26510.261577,0.7095354, 68.1681,177.6765,137.0343,164.2542
11312.20836366,26510.422229,0.7094832, 68.1629,177.5778,136.9888,164.9242
11313.20372226,26510.600706,0.7094436, 68.1607,177.4770,136.9439,165.6294
11314.19905380,26510.795799,0.7094039, 68.1615,177.3739,136.9004,166.3071
11316.18947227,26511.198820,0.7092826, 68.1690,177.1641,136.8185,167.4539
11317.18477123,26511.389513,0.7091919, 68.1732,177.0591,136.7796,168.0755
11317.68255441,26511.533893,0.7091402, 68.1747,177.0072,136.7599,168.4794
11318.18023408,26511.561320,0.7090833, 68.1761,176.9554,136.7414,168.8058
11318.67786914,26511.697109,0.7090249, 68.1766,176.9043,136.7218,169.0980
11319.17556563,26511.707931,0.7089633, 68.1770,176.8535,136.7033,169.4328
11319.67318869,26511.834751,0.7089024, 68.1763,176.8034,136.6834,169.7132
11320.17069051,26511.827873,0.7088405, 68.1753,176.7535,136.6645,169.9043
11321.16595274,26511.926223,0.7087230, 68.1714,176.6554,136.6246,170.4715
11321.66357716,26512.037496,0.7086693, 68.1686,176.6070,136.6037,170.7495
11322.16098510,26512.003994,0.7086180, 68.1658,176.5586,136.5835,170.8703
11323.15623065,26512.073081,0.7085294, 68.1591,176.4626,136.5413,171.4227
11324.64910315,26512.245624,0.7084302, 68.1489,176.3186,136.4758,172.2538
11325.14629035,26512.194758,0.7084042, 68.1462,176.2701,136.4542,172.2143
11326.14226677,26512.259663,0.7083619, 68.1414,176.1726,136.4102,173.2947
11327.13724037,26512.323834,0.7083267, 68.1384,176.0738,136.3664,173.6476
11327.63486861,26512.443623,0.7083103, 68.1374,176.0240,136.3445,173.9256
11328.13234917,26512.391727,0.7082917, 68.1374,175.9735,136.3233,174.0959
11328.62997606,26512.514613,0.7082729, 68.1373,175.9230,136.3018,174.3715
11329.12744785,26512.461299,0.7082501, 68.1382,175.8719,136.2811,174.5337
11330.62023644,26512.654248,0.7081611, 68.1417,175.7178,136.2197,175.2840
11331.61568979,26512.716289,0.7080756, 68.1450,175.6148,136.1802,175.9672
11332.11305506,26512.647998,0.7080238, 68.1466,175.5633,136.1609,176.0454
11332.61087896,26512.760451,0.7079677, 68.1475,175.5124,136.1414,176.4546
11333.10824007,26512.680096,0.7079055, 68.1484,175.4616,136.1222,176.5279
11333.60583719,26512.778374,0.7078406, 68.1481,175.4115,136.1027,176.7716
11334.10336158,26512.682934,0.7077716, 68.1477,175.3617,136.0833,176.9623
11334.60095610,26512.764173,0.7077029, 68.1460,175.3128,136.0634,177.2038
11335.59600829,26512.712863,0.7075681, 68.1408,175.2164,136.0228,177.5898
11336.59105977,26512.631961,0.7074508, 68.1331,175.1218,135.9803,177.9804
11337.08922390,26512.495622,0.7074015, 68.1291,175.0746,135.9585,178.6406
11337.58658512,26512.539482,0.7073614, 68.1244,175.0277,135.9363,178.7213
11338.08415118,26512.401723,0.7073277, 68.1206,174.9803,135.9137,178.9523
11339.07931247,26512.320095,0.7072814, 68.1139,174.8845,135.8685,179.4403
11339.57669921,26512.377621,0.7072661, 68.1113,174.8359,135.8460,179.5458
11340.07427381,26512.260008,0.7072522, 68.1101,174.7864,135.8237,179.7883
11340.57185723,26512.328205,0.7072400, 68.1091,174.7366,135.8018,180.0376
11341.06941197,26512.220952,0.7072257, 68.1095,174.6859,135.7801,180.2664
11341.56699359,26512.295648,0.7072100, 68.1100,174.6351,135.7591,180.5146
11342.06453234,26512.193372,0.7071894, 68.1115,174.5836,135.7382,180.7315
11342.56230973,26512.268426,0.7071653, 68.1129,174.5322,135.7180,181.1209
11343.05984833,26512.166316,0.7071352, 68.1149,174.4805,135.6979,181.3372
11343.55739407,26512.233253,0.7071008, 68.1165,174.4290,135.6784,181.5582
11344.05495761,26512.124548,0.7070607, 68.1184,174.3775,135.6587,181.7921
11344.55254192,26512.180363,0.7070169, 68.1196,174.3265,135.6396,182.0409
11345.05011582,26512.060957,0.7069686, 68.1209,174.2755,135.6202,182.2824
11345.54771982,26512.102036,0.7069181, 68.1213,174.2252,135.6011,182.5461
11346.04530261,26511.969528,0.7068649, 68.1216,174.1751,135.5815,182.7953
11346.54288076,26511.993882,0.7068116, 68.1209,174.1257,135.5623,183.0420
11347.04047006,26511.850012,0.7067576, 68.1201,174.0766,135.5423,183.2981
11347.53806801,26511.859334,0.7067054, 68.1183,174.0280,135.5226,183.5618
11348.03564596,26511.707510,0.7066545, 68.1165,173.9797,135.5021,183.8129
11348.53323190,26511.705162,0.7066071, 68.1138,173.9319,135.4819,184.0715
11349.03080986,26511.546623,0.7065626, 68.1112,173.8841,135.4608,184.3264
11349.52843156,26511.536011,0.7065227, 68.1078,173.8368,135.4399,184.6151
11350.02601562,26511.374633,0.7064866, 68.1048,173.7894,135.4182,184.8789
11350.52360380,26511.358698,0.7064555, 68.1012,173.7422,135.3969,185.1479
11351.02121397,26511.198045,0.7064284, 68.0981,173.6948,135.3747,185.4352
11352.01644113,26511.022656,0.7063873, 68.0920,173.5997,135.3305,186.0216
11352.51402961,26511.004498,0.7063725, 68.0892,173.5519,135.3086,186.2998
11353.01168617,26510.853704,0.7063601, 68.0871,173.5036,135.2860,186.6296
11353.50927396,26510.837833,0.7063503, 68.0851,173.4552,135.2641,186.9115
11354.50453039,26510.682414,0.7063335, 68.0829,173.3570,135.2200,187.5392
11355.00220616,26510.547405,0.7063248, 68.0827,173.3073,135.1978,187.8900
11355.49979416,26510.537510,0.7063152, 68.0827,173.2574,135.1765,188.1785
11355.99747497,26510.410166,0.7063032, 68.0834,173.2070,135.1547,188.5356
11356.49506403,26510.402197,0.7062885, 68.0842,173.1565,135.1339,188.8273
11357.49034681,26510.273444,0.7062473, 68.0869,173.0547,135.0922,189.4898
11357.98804210,26510.156162,0.7062197, 68.0888,173.0035,135.0714,189.8616
11358.48564909,26510.144903,0.7061871, 68.0903,172.9525,135.0515,190.1702
11358.98334863,26510.028315,0.7061492, 68.0921,172.9015,135.0309,190.5468
11359.48097408,26510.011191,0.7061062, 68.0933,172.8508,135.0113,190.8707
11359.97862509,26509.890622,0.7060582, 68.0946,172.8003,134.9909,191.2142
11360.47551414,26509.857981,0.7060064, 68.0951,172.7502,134.9712,191.0072
11361.47074500,26509.684426,0.7058936, 68.0946,172.6513,134.9307,191.6496
11361.96834844,26509.542843,0.7058354, 68.0935,172.6026,134.9097,191.9651
11362.46596509,26509.480539,0.7057784, 68.0915,172.5545,134.8892,192.2922
11362.96363838,26509.326143,0.7057240, 68.0890,172.5068,134.8675,192.6631
11363.46114448,26509.245833,0.7056742, 68.0858,172.4595,134.8461,192.9157
11363.95880215,26509.082373,0.7056302, 68.0824,172.4124,134.8236,193.2814
11364.45713200,26508.996777,0.7055930, 68.0786,172.3655,134.8015,194.1370
11365.45231615,26508.744005,0.7055416, 68.0716,172.2711,134.7556,194.7897
11366.44785561,26508.516925,0.7055168, 68.0664,172.1750,134.7094,195.7121
11367.44336076,26508.327041,0.7055072, 68.0644,172.0764,134.6638,196.6193
11368.43874709,26508.175369,0.7054974, 68.0657,171.9753,134.6197,197.4473
11369.43423031,26508.048941,0.7054737, 68.0695,171.8724,134.5773,198.3495
11369.93198467,26507.964342,0.7054541, 68.0721,171.8207,134.5563,198.8111
11370.42967809,26507.927674,0.7054288, 68.0746,171.7689,134.5365,199.2290
11370.92745750,26507.840884,0.7053981, 68.0771,171.7172,134.5160,199.7102
11371.42516027,26507.794499,0.7053623, 68.0793,171.6658,134.4966,200.1367
11372.41929973,26507.631967,0.7052797, 68.0828,171.5640,134.4570,200.0763
11372.91704147,26507.525644,0.7052343, 68.0838,171.5137,134.4367,200.5350
11373.41456398,26507.448996,0.7051879, 68.0842,171.4638,134.4171,200.8366
11374.40992819,26507.243232,0.7050958, 68.0836,171.3654,134.3765,201.6772
11374.90759657,26507.117456,0.7050522, 68.0826,171.3168,134.3554,202.0911
11375.40530181,26507.017401,0.7050112, 68.0811,171.2685,134.3349,202.5341
11375.90295585,26506.886175,0.7049735, 68.0793,171.2205,134.3133,202.9428
11376.40075960,26506.778661,0.7049395, 68.0772,171.1726,134.2923,203.4625
11377.39617267,26506.534106,0.7048844, 68.0727,171.0772,134.2486,204.3699
11378.39161740,26506.291472,0.7048466, 68.0682,170.9817,134.2042,205.3115
11379.38710289,26506.057189,0.7048244, 68.0646,170.8854,134.1594,206.2939
11380.38257214,26505.836907,0.7048138, 68.0623,170.7881,134.1145,207.2748
11381.37803513,26505.634375,0.7048090, 68.0618,170.6892,134.0699,208.2606
11381.87576943,26505.537603,0.7048068, 68.0623,170.6393,134.0474,208.7586
11382.37329189,26505.449716,0.7048034, 68.0632,170.5889,134.0259,209.1051
11383.36878027,26505.283201,0.7047900, 68.0664,170.4873,133.9828,210.1243
11384.36424798,26505.129522,0.7047626, 68.0709,170.3847,133.9405,211.1345
11385.35972476,26504.982423,0.7047170, 68.0761,170.2817,133.8990,212.1566
11385.85749174,26504.913117,0.7046866, 68.0786,170.2303,133.8780,212.6904
11386.35508835,26504.832969,0.7046514, 68.0811,170.1790,133.8580,213.1020
11387.35051193,26504.673149,0.7045674, 68.0851,170.0771,133.8172,214.0964
11387.84817768,26504.593101,0.7045200, 68.0865,170.0267,133.7962,214.5628
11388.34585778,26504.491850,0.7044702, 68.0874,169.9766,133.7760,215.0413
11388.84351810,26504.400277,0.7044190, 68.0877,169.9271,133.7547,215.5076
11389.34154933,26504.284711,0.7043679, 68.0874,169.8779,133.7340,216.2449
11390.33705296,26504.046280,0.7042718, 68.0852,169.7809,133.6908,217.3225
11391.33251176,26503.782059,0.7041927, 68.0813,169.6850,133.6463,218.3797
11392.32793518,26503.508152,0.7041384, 68.0769,169.5891,133.6006,219.4242
11392.82565877,26503.392281,0.7041212, 68.0750,169.5409,133.5770,219.9600
11394.31888859,26503.027170,0.7041003, 68.0729,169.3930,133.5083,221.6270
11395.31427507,26502.856590,0.7040953, 68.0754,169.2913,133.4635,222.6765
11395.31440398,26502.857189,0.7040952, 68.0754,169.2913,133.4635,222.7699
11396.31074769,26502.737092,0.7040792, 68.0809,169.1874,133.4202,224.5181
11397.30645249,26502.639667,0.7040412, 68.0882,169.0823,133.3786,225.8064
11398.30196613,26502.540534,0.7039778, 68.0956,168.9773,133.3381,226.9589
11399.29777353,26502.422628,0.7038931, 68.1020,168.8735,133.2980,228.3274
11400.29316018,26502.273190,0.7037963, 68.1064,168.7715,133.2577,229.3961
11401.28886507,26502.098334,0.7036974, 68.1085,168.6713,133.2167,230.7019
11401.78681643,26502.042231,0.7036501, 68.1086,168.6219,133.1954,231.4294
11402.28416998,26501.901464,0.7036057, 68.1085,168.5727,133.1747,231.7262
11402.78197836,26501.840837,0.7035644, 68.1079,168.5240,133.1529,232.3546
11403.27915199,26501.692737,0.7035273, 68.1072,168.4753,133.1316,232.5256
11404.27597350,26501.494262,0.7034651, 68.1051,168.3784,133.0876,234.6671
11404.77382540,26501.441080,0.7034407, 68.1038,168.3300,133.0650,235.3364
11405.27164097,26501.297662,0.7034206, 68.1029,168.2815,133.0429,235.9819
11405.76948762,26501.253912,0.7034043, 68.1019,168.2328,133.0201,236.6518
11406.76490034,26501.085624,0.7033817, 68.1010,168.1348,132.9750,237.7947
11407.26243747,26500.956994,0.7033741, 68.1012,168.0852,132.9528,238.2465
11408.25787939,26500.825226,0.7033625, 68.1026,167.9853,132.9080,239.4208
11408.25807220,26500.826373,0.7033625, 68.1026,167.9853,132.9080,239.5605
11409.25341883,26500.723282,0.7033502, 68.1057,167.8839,132.8637,240.6709
11409.25361000,26500.724447,0.7033502, 68.1057,167.8839,132.8637,240.8094
11411.24560804,26500.609860,0.7032965, 68.1165,167.6778,132.7772,243.9853
11413.23682966,26500.562186,0.7031734, 68.1297,167.4701,132.6933,246.6047
11414.23283827,26500.544838,0.7030837, 68.1352,167.3672,132.6516,248.2039
11415.22857072,26500.515274,0.7029810, 68.1391,167.2657,132.6096,249.6045
11421.20269793,26500.127004,0.7025408, 68.1336,166.6768,132.3402,257.8950
11422.19891604,26500.144931,0.7025224, 68.1359,166.5755,132.2948,259.6727
11424.19013557,26500.328044,0.7024554, 68.1482,166.3670,132.2082,262.3377
11427.17746270,26500.729544,0.7021771, 68.1688,166.0543,132.0856,266.6521
11428.17328763,26500.826200,0.7020572, 68.1718,165.9536,132.0443,268.1164
11430.16692293,26500.994700,0.7018404, 68.1713,165.7575,131.9588,272.4771
11434.14945582,26501.382211,0.7016095, 68.1644,165.3695,131.7803,277.7465
11435.14530040,26501.539427,0.7015807, 68.1652,165.2703,131.7358,279.2086
11435.64317957,26501.639461,0.7015659, 68.1661,165.2204,131.7140,279.9062
11436.14129930,26501.725501,0.7015519, 68.1676,165.1700,131.6917,280.7766
11438.13332952,26502.169268,0.7014676, 68.1765,164.9661,131.6058,283.9136
11439.12920538,26502.414142,0.7014016, 68.1821,164.8634,131.5638,285.3679
11440.12510559,26502.666436,0.7013160, 68.1876,164.7610,131.5222,286.8303
11442.11710547,26503.165458,0.7010957, 68.1951,164.5591,131.4387,289.8724
11445.10514830,26503.827395,0.7007522, 68.1922,164.2674,131.3086,294.4138
11446.10086039,26504.024686,0.7006679, 68.1888,164.1719,131.2636,295.6988
11447.09698287,26504.237090,0.7006052, 68.1857,164.0761,131.2182,297.2767
11448.09304482,26504.462222,0.7005608, 68.1840,163.9790,131.1729,298.8054
11448.59102898,26504.517444,0.7005418, 68.1841,163.9298,131.1506,299.5338
11450.08516102,26504.978682,0.7004898, 68.1872,163.7795,131.0847,301.8345
11451.08123356,26505.272089,0.7004393, 68.1920,163.6773,131.0423,303.3442
11454.06950961,26506.209568,0.7001447, 68.2081,163.3709,130.9202,307.8433
11455.06570358,26506.517797,0.7000113, 68.2102,163.2718,130.8793,309.3951
11457.05814809,26507.117963,0.6997566, 68.2075,163.0797,130.7948,312.5174
11458.05441760,26507.423342,0.6996535, 68.2038,162.9856,130.7512,314.1040
11458.55257875,26507.487433,0.6996088, 68.2021,162.9388,130.7289,314.9151
11463.53417717,26509.237045,0.6993676, 68.1934,162.4609,130.5079,322.9210
11465.02859852,26509.891990,0.6992955, 68.1970,162.3126,130.4446,325.2383
11466.52306675,26510.354464,0.6991874, 68.2024,162.1635,130.3817,327.5673
11467.02123912,26510.627850,0.6991436, 68.2038,162.1139,130.3615,328.3493
11468.01759431,26510.976810,0.6990416, 68.2063,162.0153,130.3202,329.9144
11470.01035031,26511.574228,0.6988055, 68.2065,161.8222,130.2370,333.0500
11472.50128745,26511.774939,0.6985367, 68.1967,161.5887,130.1291,336.9256
11473.99591733,26511.349830,0.6984307, 68.1886,161.4496,130.0648,339.2833
11475.98877401,26508.969633,0.6983333, 68.1823,161.2601,129.9813,342.4177
11477.48347352,26504.750232,0.6982404, 68.1827,161.1134,129.9224,344.7869
11478.47988790,26500.155992,0.6981408, 68.1849,161.0138,129.8858,346.3147
11478.97844840,26495.804536,0.6980605, 68.1862,160.9634,129.8699,347.3288
11481.46926093,26472.094815,0.6975281, 68.1910,160.7140,129.7795,350.9240
11481.96751949,26464.749071,0.6973745, 68.1908,160.6647,129.7607,351.7055
11494.92299751,26524.601300,0.6969566, 68.1748,159.4216,129.1721, 12.1897
11521.83902944,26509.588430,0.6952403, 68.1291,156.8978,128.0150, 59.5240
11523.83294834,26509.478846,0.6950739, 68.1302,156.7095,127.9330, 63.1866
11524.83004297,26509.432603,0.6949844, 68.1285,156.6172,127.8910, 65.1239
11525.32850434,26509.340577,0.6949416, 68.1273,156.5714,127.8695, 66.0326
11525.82693355,26509.386433,0.6949017, 68.1253,156.5260,127.8483, 66.9207
11526.82397068,26509.347543,0.6948340, 68.1209,156.4356,127.8048, 68.8321
11527.82077612,26509.298410,0.6947867, 68.1163,156.3453,127.7609, 70.5848
11527.82098555,26509.303223,0.6947868, 68.1163,156.3453,127.7609, 70.7365
11528.81804484,26509.244215,0.6947606, 68.1124,156.2542,127.7171, 72.6821
11530.81136768,26509.023755,0.6947454, 68.1101,156.0675,127.6314, 76.0207
11531.80833956,26508.871207,0.6947346, 68.1121,155.9716,127.5901, 77.9237
11532.80531604,26508.695430,0.6947078, 68.1157,155.8746,127.5496, 79.8345
11533.30402435,26508.554625,0.6946867, 68.1179,155.8259,127.5293, 80.9504
11534.30127331,26508.374677,0.6946280, 68.1219,155.7288,127.4895, 83.0646
11534.79983224,26508.334238,0.6945912, 68.1235,155.6806,127.4699, 84.0761
11537.79139525,26507.878532,0.6943256, 68.1258,155.3987,127.3476, 90.3296
11538.78847293,26507.752725,0.6942460, 68.1233,155.3075,127.3054, 92.3511
11539.78560232,26507.632193,0.6941825, 68.1200,155.2170,127.2625, 94.4201
11541.77973574,26507.372397,0.6941109, 68.1132,155.0361,127.1761, 98.4981
11542.77600702,26507.215455,0.6940981, 68.1112,154.9446,127.1331, 99.9758
11543.77321302,26507.049412,0.6940932, 68.1106,154.8519,127.0905,102.1393
11544.77048478,26506.867350,0.6940891, 68.1116,154.7579,127.0484,104.3583
11545.76773194,26506.671108,0.6940791, 68.1139,154.6629,127.0069,106.5668
11547.26358531,26506.336962,0.6940415, 68.1192,154.5191,126.9449,109.8793
11547.76216253,26506.253300,0.6940213, 68.1211,154.4710,126.9248,110.9573
11548.75947396,26506.041946,0.6939695, 68.1248,154.3751,126.8838,113.2320
11549.75673671,26505.834897,0.6939040, 68.1278,154.2798,126.8426,115.4783
11552.74823646,26505.257409,0.6936762, 68.1293,153.9997,126.7153,122.0577
11553.74465293,26505.079330,0.6936129, 68.1272,153.9082,126.6716,123.7271
11554.74197560,26504.911395,0.6935664, 68.1246,153.8169,126.6274,126.0638
11554.74204811,26504.911718,0.6935664, 68.1246,153.8169,126.6274,126.1163
11555.73923515,26504.743894,0.6935391, 68.1223,153.7251,126.5833,128.3658
11556.73667014,26504.571090,0.6935280, 68.1212,153.6321,126.5395,130.8054
11557.73393645,26504.386883,0.6935253, 68.1221,153.5375,126.4966,133.1322
11558.73126016,26504.190237,0.6935193, 68.1251,153.4412,126.4546,135.5083
11559.72863008,26503.983788,0.6934989, 68.1299,153.3436,126.4136,137.9242
11560.72584075,26503.772529,0.6934566, 68.1356,153.2454,126.3732,140.2301
11561.72200325,26503.557968,0.6933916, 68.1412,153.1477,126.3327,141.7820
11563.71685790,26503.165281,0.6932165, 68.1484,152.9562,126.2505,146.7371
11566.20972282,26502.727972,0.6930096, 68.1481,152.7248,126.1430,152.4685
11566.70849652,26502.630706,0.6929790, 68.1472,152.6791,126.1216,153.7674
11567.70582976,26502.460465,0.6929313, 68.1453,152.5878,126.0778,156.2177
11568.70317925,26502.291277,0.6929008, 68.1438,152.4962,126.0340,158.6894
11569.70054465,26502.123636,0.6928836, 68.1432,152.4038,125.9906,161.1818
11570.69794236,26501.956945,0.6928743, 68.1439,152.3103,125.9475,163.7058
11571.69536779,26501.792830,0.6928661, 68.1460,152.2156,125.9049,166.2573
11572.69280358,26501.631881,0.6928525, 68.1494,152.1200,125.8628,168.8226
11573.69020986,26501.475210,0.6928283, 68.1538,152.0236,125.8210,171.3722
11574.68770491,26501.323742,0.6927899, 68.1586,151.9270,125.7793,173.9912
11575.68527276,26501.177528,0.6927366, 68.1635,151.8305,125.7375,176.6678
11577.67961499,26500.894894,0.6925943, 68.1708,151.6394,125.6527,181.4617
11578.67739340,26500.761946,0.6925148, 68.1727,151.5453,125.6093,184.3070
11579.67499030,26500.631692,0.6924384, 68.1732,151.4522,125.5653,187.0273
11580.67255638,26500.504574,0.6923714, 68.1726,151.3597,125.5207,189.7319
11581.67009440,26500.382882,0.6923187, 68.1714,151.2675,125.4758,192.4233
11582.66764420,26500.269840,0.6922826, 68.1702,151.1750,125.4309,195.1302
11583.66515976,26500.170777,0.6922617, 68.1698,151.0816,125.3863,197.8185
11584.66140601,26500.087769,0.6922500, 68.1709,150.9867,125.3424,199.5924
11585.65902760,26500.034239,0.6922372, 68.1739,150.8902,125.2994,202.3663
11586.65659154,26500.005746,0.6922125, 68.1787,150.7924,125.2573,205.1002
11587.65417904,26499.996967,0.6921666, 68.1847,150.6940,125.2158,207.8517
11588.65178900,26499.997764,0.6920965, 68.1908,150.5958,125.1742,210.6191
11589.64942472,26499.997289,0.6920056, 68.1960,150.4988,125.1322,213.4048
11590.64701305,26499.987345,0.6919034, 68.1995,150.4034,125.0893,216.1566
11591.64392070,26499.962566,0.6918014, 68.2010,150.3097,125.0455,218.4164
11594.63709004,26499.901533,0.6915761, 68.1977,150.0344,124.9110,226.9801
11595.63474495,26499.905498,0.6915365, 68.1962,149.9426,124.8662,229.7886
11596.63242543,26499.932073,0.6915100, 68.1956,149.8501,124.8218,232.6160
11597.62845535,26499.974934,0.6914914, 68.1961,149.7566,124.7779,234.2467
11598.62632762,26500.053690,0.6914732, 68.1979,149.6621,124.7346,237.2105
11599.62434532,26500.158785,0.6914497, 68.2009,149.5667,124.6917,240.2767
11600.62221891,26500.284251,0.6914159, 68.2047,149.4708,124.6491,243.2347
11601.61987412,26500.424849,0.6913688, 68.2090,149.3747,124.6065,246.0300
11602.61766885,26500.575813,0.6913076, 68.2131,149.2788,124.5638,248.9215
11603.61532790,26500.729005,0.6912342, 68.2166,149.1836,124.5207,251.7098
11604.61307886,26500.881008,0.6911526, 68.2191,149.0892,124.4770,254.5600
11605.61078421,26501.026728,0.6910685, 68.2202,148.9958,124.4327,257.3727
11605.61084977,26501.027344,0.6910685, 68.2202,148.9958,124.4327,257.4202
11606.60729912,26501.154086,0.6909885, 68.2201,148.9033,124.3879,259.3188
11607.60528011,26501.290285,0.6909173, 68.2190,148.8114,124.3427,262.3233
11608.60336950,26501.428860,0.6908597, 68.2173,148.7198,124.2973,265.4025
11609.60125488,26501.573767,0.6908172, 68.2155,148.6279,124.2520,268.3301
11610.59907349,26501.735145,0.6907884, 68.2143,148.5352,124.2072,271.2049
11611.59690084,26501.923470,0.6907680, 68.2144,148.4413,124.1631,274.0806
11612.59474508,26502.146878,0.6907479, 68.2160,148.3460,124.1199,276.9621
11613.59258550,26502.407070,0.6907184, 68.2193,148.2496,124.0774,279.8331
11614.58909025,26502.678578,0.6906707, 68.2237,148.1524,124.0354,281.7276
11615.58695772,26502.990775,0.6905992, 68.2286,148.0554,123.9934,284.5999
11616.08587998,26503.126747,0.6905539, 68.2309,148.0073,123.9724,286.0243
11616.58480485,26503.304164,0.6905056, 68.2328,147.9593,123.9509,287.4479
11617.58268631,26503.605617,0.6903974, 68.2355,147.8649,123.9075,290.3121
11618.58059264,26503.888650,0.6902863, 68.2362,147.7722,123.8631,293.1866
11619.57850471,26504.159031,0.6901839, 68.2351,147.6810,123.8179,296.0584
11620.57651686,26504.432806,0.6900984, 68.2326,147.5907,123.7723,298.9967
11621.57364951,26504.691401,0.6900334, 68.2297,147.5007,123.7268,301.2917
11622.57176903,26505.011830,0.6899873, 68.2270,147.4104,123.6815,304.2953
11623.56973351,26505.365531,0.6899557, 68.2252,147.3193,123.6368,307.1795
11624.56767284,26505.760769,0.6899323, 68.2245,147.2273,123.5928,310.0375
11625.56561495,26506.201010,0.6899105, 68.2251,147.1344,123.5493,312.8890
11627.56153103,26507.221539,0.6898496, 68.2292,146.9467,123.4634,318.5872
11628.55945591,26507.797732,0.6898034, 68.2320,146.8525,123.4206,321.3978
11629.55737550,26508.416202,0.6897457, 68.2347,146.7586,123.3776,324.1948
11630.55540619,26509.082758,0.6896787, 68.2366,146.6653,123.3344,327.0629
11631.55344446,26509.765503,0.6896064, 68.2376,146.5728,123.2908,329.9276
11632.55145567,26510.406095,0.6895340, 68.2372,146.4813,123.2471,332.7643
11633.04859616,26510.417761,0.6894926, 68.2369,146.4358,123.2246,332.8294
11633.54944722,26510.878896,0.6894665, 68.2356,146.3905,123.2035,335.5788
11633.54947759,26510.879683,0.6894666, 68.2356,146.3905,123.2036,335.6008
11634.54617071,26511.053451,0.6894042, 68.2331,146.3003,123.1598,337.4676
11635.54412772,26510.534766,0.6893539, 68.2297,146.2102,123.1180,340.2418
11636.54223478,26508.267009,0.6893021, 68.2261,146.1196,123.0788,343.1162
11637.54026488,26502.599921,0.6892247, 68.2227,146.0279,123.0428,345.9254
11639.53632200,26469.980974,0.6888132, 68.2185,145.8380,122.9753,351.5123
11640.53437141,26443.760851,0.6884487, 68.2187,145.7387,122.9278,354.3143
11641.53245298,26432.412085,0.6882300, 68.2217,145.6367,122.8563,357.1449
11643.52858522,26510.696135,0.6889864, 68.2344,145.4359,122.7343,  2.7472
11644.52666875,26538.738536,0.6891932, 68.2390,145.3415,122.7129,  5.5263
11645.52478032,26539.403966,0.6890609, 68.2400,145.2500,122.6855,  8.3229
11646.52291411,26529.599009,0.6888236, 68.2380,145.1604,122.6440, 11.1372
11647.52101437,26520.245315,0.6886230, 68.2339,145.0716,122.5947, 13.9249
11653.51001775,26506.495487,0.6883116, 68.2166,144.5314,122.3088, 30.7952
11654.50820718,26506.642745,0.6882882, 68.2175,144.4390,122.2658, 33.5940
11655.50639473,26506.889118,0.6882533, 68.2189,144.3465,122.2231, 36.3830
11656.50458130,26507.185743,0.6882061, 68.2203,144.2542,122.1805, 39.1633
11657.50277616,26507.503752,0.6881479, 68.2212,144.1626,122.1376, 41.9420
11658.50096218,26507.827679,0.6880822, 68.2213,144.0716,122.0943, 44.7075
11658.50099180,26507.828959,0.6880822, 68.2213,144.0716,122.0943, 44.7289
11659.49915761,26508.148757,0.6880139, 68.2203,143.9816,122.0506, 47.4737
11660.49737934,26508.463025,0.6879486, 68.2182,143.8923,122.0065, 50.2536
11661.49558535,26508.765022,0.6878915, 68.2152,143.8035,121.9621, 53.0175
11662.49385285,26509.053670,0.6878467, 68.2116,143.7150,121.9179, 55.8220
11663.49216570,26509.323674,0.6878155, 68.2080,143.6263,121.8739, 58.6554
11664.49047516,26509.570165,0.6877965, 68.2050,143.5369,121.8306, 61.4826
11666.48713614,26509.982766,0.6877764, 68.2021,143.3553,121.7464, 67.1548
11668.48327249,26510.274444,0.6877347, 68.2043,143.1701,121.6649, 72.4280
11671.47825032,26510.602460,0.6875519, 68.2103,142.8924,121.5419, 80.8608
11672.47656666,26510.708753,0.6874648, 68.2106,142.8019,121.4994, 83.6573
11673.47490717,26510.822738,0.6873770, 68.2092,142.7127,121.4560, 86.4693
11674.47322259,26510.942261,0.6872977, 68.2062,142.6246,121.4119, 89.2624
11675.47153227,26511.060760,0.6872343, 68.2024,142.5372,121.3678, 92.0514
11676.46985618,26511.168208,0.6871897, 68.1982,142.4499,121.3238, 94.8512
11677.46871593,26511.259357,0.6871627, 68.1947,142.3620,121.2806, 98.0393
11678.46716160,26511.322248,0.6871480, 68.1922,142.2733,121.2381,100.9275
11679.46565657,26511.358973,0.6871384, 68.1911,142.1837,121.1963,103.8511
11682.46107655,26511.348192,0.6870794, 68.1941,141.9106,121.0734,112.5699
11684.45794670,26511.285073,0.6869893, 68.1973,141.7284,120.9908,118.3256
11685.45638674,26511.247406,0.6869326, 68.1980,141.6382,120.9488,121.2083
11687.45326442,26511.167389,0.6868168, 68.1966,141.4597,120.8631,126.9788
11689.45035492,26511.081472,0.6867297, 68.1918,141.2830,120.7764,132.9180
11690.44863446,26511.029876,0.6867049, 68.1890,141.1945,120.7334,135.7021
11691.44714664,26510.970780,0.6866923, 68.1866,141.1054,120.6909,138.6596
11692.44551477,26510.897937,0.6866882, 68.1852,141.0153,120.6492,141.5175
11693.44399333,26510.809077,0.6866866, 68.1850,140.9242,120.6084,144.4599
11694.44346043,26510.706329,0.6866803, 68.1861,140.8322,120.5682,148.1221
11695.44184297,26510.585551,0.6866632, 68.1883,140.7395,120.5285,151.0029
11696.44071733,26510.452782,0.6866308, 68.1913,140.6466,120.4887,154.2436
11697.43925284,26510.310077,0.6865820, 68.1943,140.5541,120.4484,157.2431
11698.43773490,26510.163297,0.6865193, 68.1968,140.4624,120.4073,160.2085
11699.43632039,26510.015864,0.6864480, 68.1982,140.3717,120.3653,163.2541
11700.43491274,26509.870279,0.6863752, 68.1983,140.2823,120.3224,166.3111
11701.43353993,26509.726267,0.6863087, 68.1970,140.1937,120.2788,169.4005
11702.43219026,26509.583539,0.6862549, 68.1947,140.1058,120.2350,172.5147
11702.93152881,26509.457749,0.6862339, 68.1934,140.0619,120.2128,174.0846
11702.93203986,26509.459523,0.6862338, 68.1935,140.0619,120.2128,174.4547
11703.43136087,26509.442516,0.6862171, 68.1919,140.0180,120.1913,176.0139
11703.93068481,26509.316449,0.6862044, 68.1908,139.9740,120.1694,177.5775
11704.42996504,26509.296234,0.6861954, 68.1895,139.9298,120.1482,179.1114
11705.42857185,26509.146602,0.6861861, 68.1879,139.8409,120.1059,182.2188
11706.42746198,26508.992325,0.6861828, 68.1877,139.7510,120.0643,185.5388
11707.42618091,26508.832370,0.6861789, 68.1887,139.6602,120.0233,188.7418
11708.42467107,26508.666020,0.6861687, 68.1909,139.5688,119.9826,191.7855
11709.42332335,26508.496139,0.6861484, 68.1937,139.4771,119.9419,194.9531
11710.42199449,26508.322373,0.6861172, 68.1967,139.3855,119.9009,198.1408
11711.42072808,26508.144305,0.6860763, 68.1995,139.2943,119.8593,201.3805
11712.41946283,26507.960961,0.6860288, 68.2016,139.2036,119.8172,204.6283
11713.41818720,26507.773606,0.6859789, 68.2029,139.1136,119.7745,207.8766
11714.41691986,26507.581303,0.6859312, 68.2032,139.0242,119.7313,211.1393
11715.41565773,26507.383635,0.6858900, 68.2027,138.9351,119.6878,214.4148
11716.41538538,26507.187280,0.6858586, 68.2017,138.8462,119.6442,218.4165
11721.40961494,26506.248103,0.6858275, 68.2028,138.3917,119.4349,235.3726
11722.40850377,26506.093241,0.6858117, 68.2063,138.2983,119.3949,238.8202
11723.40740437,26505.946943,0.6857799, 68.2106,138.2048,119.3548,242.2838
11723.90685656,26505.855304,0.6857577, 68.2129,138.1582,119.3342,244.0198
11724.90577307,26505.707287,0.6857020, 68.2170,138.0656,119.2930,247.5061
11728.40194348,26505.096138,0.6854703, 68.2232,137.7497,119.1416,259.7478
11729.90037631,26504.778893,0.6854017, 68.2219,137.6168,119.0745,265.0839
11730.39984297,26504.685600,0.6853862, 68.2213,137.5724,119.0528,266.8595
11731.39883997,26504.492076,0.6853653, 68.2204,137.4834,119.0092,270.4643
11731.89832287,26504.397566,0.6853590, 68.2203,137.4386,118.9873,272.2591
11733.39682222,26504.170783,0.6853486, 68.2214,137.3028,118.9241,277.6928
11734.39577400,26504.050974,0.6853412, 68.2237,137.2114,118.8824,281.2909
11734.89530844,26504.002991,0.6853352, 68.2252,137.1655,118.8613,283.1352
11735.39465723,26503.956385,0.6853271, 68.2270,137.1194,118.8409,284.8468
11736.39367940,26503.888039,0.6853031, 68.2310,137.0272,118.7993,288.5104
11736.89317451,26503.865727,0.6852869, 68.2331,136.9812,118.7779,290.3333
11739.39054211,26503.782143,0.6851750, 68.2423,136.7526,118.6709,299.3961
11741.38847357,26503.817373,0.6850769, 68.2462,136.5724,118.5821,306.7075
11742.38745180,26503.895205,0.6850369, 68.2469,136.4830,118.5372,310.3844
11742.88687723,26503.975403,0.6850207, 68.2470,136.4383,118.5143,312.1797
11743.38644129,26504.035333,0.6850075, 68.2471,136.3935,118.4922,314.0777
11744.38542154,26504.256774,0.6849902, 68.2470,136.3039,118.4474,317.7725
11745.38441878,26504.585914,0.6849848, 68.2472,136.2136,118.4032,321.4875
11746.38338778,26505.036108,0.6849888, 68.2480,136.1224,118.3599,325.1895
11747.38236982,26505.613827,0.6849978, 68.2498,136.0302,118.3174,328.9076
11748.38136722,26506.264458,0.6850056, 68.2527,135.9371,118.2762,332.6425
11750.37933735,26506.457542,0.6849832, 68.2608,135.7492,118.1984,340.1069
11751.37832084,26503.553182,0.6849210, 68.2648,135.6552,118.1636,343.8409
11751.87771953,26500.165979,0.6848625, 68.2664,135.6084,118.1473,345.6403
11752.37731394,26493.713849,0.6847652, 68.2676,135.5613,118.1330,347.5813
11753.37627842,26469.896122,0.6844193, 68.2687,135.4667,118.1023,351.3018
11754.37526865,26434.572406,0.6838930, 68.2686,135.3696,118.0499,355.0551
11755.37422689,26432.548536,0.6837628, 68.2703,135.2704,117.9589,358.8137
11755.87371776,26457.680128,0.6840342, 68.2721,135.2213,117.9171,  0.7019
11756.37316901,26488.482509,0.6843800, 68.2744,135.1737,117.8904,  2.5548
11757.37214082,26526.967991,0.6847773, 68.2775,135.0822,117.8692,  6.2976
11758.37105648,26525.829057,0.6847013, 68.2780,134.9926,117.8415, 10.0116
11759.37003103,26514.534574,0.6845384, 68.2776,134.9026,117.7974, 13.7824
11760.86847034,26503.320918,0.6844049, 68.2784,134.7657,117.7234, 19.4288
11761.36794228,26501.416308,0.6843834, 68.2790,134.7198,117.6989, 21.3057
11762.36697128,26499.031423,0.6843541, 68.2813,134.6275,117.6516, 25.1194
11764.36469930,26497.525989,0.6842990, 68.2878,134.4429,117.5606, 32.5031
11765.36361631,26497.418108,0.6842622, 68.2909,134.3512,117.5155, 36.2315
11765.86307090,26497.385416,0.6842418, 68.2924,134.3055,117.4930, 38.0919
11766.36252628,26497.479435,0.6842199, 68.2935,134.2602,117.4701, 39.9535
11767.36142867,26497.624437,0.6841755, 68.2953,134.1698,117.4245, 43.6690
11767.86086640,26497.664454,0.6841540, 68.2960,134.1247,117.4017, 45.5162
11768.36031434,26497.808868,0.6841329, 68.2963,134.0799,117.3786, 47.3713
11769.35920069,26498.008841,0.6840958, 68.2965,133.9905,117.3327, 51.0729
11770.35807779,26498.212558,0.6840665, 68.2961,133.9011,117.2870, 54.7667
11771.35694010,26498.414180,0.6840461, 68.2954,133.8115,117.2417, 58.4481
11772.85523820,26498.661486,0.6840306, 68.2949,133.6762,117.1749, 63.9695
11772.85539245,26498.664746,0.6840307, 68.2949,133.6761,117.1749, 64.0813
11773.85406871,26498.845503,0.6840257, 68.2951,133.5851,117.1314, 67.6220
11775.85176977,26499.183627,0.6840083, 68.2985,133.4005,117.0463, 74.9449
11776.85059927,26499.339676,0.6839846, 68.3016,133.3075,117.0042, 78.5842
11777.84942218,26499.491690,0.6839454, 68.3054,133.2144,116.9617, 82.2132
11778.34883398,26499.594985,0.6839190, 68.3073,133.1682,116.9402, 84.0260
11782.84339913,26500.421054,0.6836133, 68.3141,132.7624,116.7336,100.1728
11783.84217348,26500.649279,0.6835648, 68.3124,132.6742,116.6867,103.7331
11785.34030398,26500.990751,0.6835173, 68.3097,132.5416,116.6178,109.0398
11786.83848789,26501.321424,0.6834927, 68.3082,132.4077,116.5508,114.3701
11787.83713550,26501.530417,0.6834795, 68.3084,132.3178,116.5072,117.8114
11788.83586101,26501.731827,0.6834637, 68.3096,132.2274,116.4640,121.3009
11789.33522555,26501.813099,0.6834528, 68.3105,132.1822,116.4425,123.0436
11789.83458390,26501.930017,0.6834417, 68.3115,132.1368,116.4208,124.7797
11791.33263437,26502.201192,0.6833930, 68.3150,132.0012,116.3555,129.9566
11791.83197723,26502.328056,0.6833740, 68.3160,131.9561,116.3334,131.6724
11793.32998564,26502.606529,0.6833060, 68.3187,131.8217,116.2663,136.7918
11795.32729002,26503.044251,0.6832145, 68.3195,131.6443,116.1748,143.5584
11795.82661516,26503.199313,0.6831951, 68.3191,131.6002,116.1518,145.2442
11796.82524704,26503.435318,0.6831604, 68.3179,131.5121,116.1058,148.5962
11797.82386518,26503.675859,0.6831345, 68.3163,131.4239,116.0602,151.9301
11798.82247272,26503.917665,0.6831174, 68.3146,131.3354,116.0150,155.2482
11799.82107035,26504.159073,0.6831074, 68.3131,131.2463,115.9707,158.5510
11800.81965965,26504.398448,0.6831017, 68.3121,131.1566,115.9271,161.8394
11801.81823863,26504.633001,0.6830960, 68.3118,131.0662,115.8843,165.1117
11802.81681836,26504.861506,0.6830858, 68.3124,130.9752,115.8420,168.3757
11803.81540515,26505.081834,0.6830666, 68.3139,130.8838,115.8000,171.6358
11804.81394578,26505.294742,0.6830349, 68.3160,130.7924,115.7577,174.8534
11805.81247470,26505.499983,0.6829894, 68.3184,130.7014,115.7146,178.0533
11807.31024058,26505.746009,0.6828995, 68.3215,130.5665,115.6474,182.8164
11807.80953032,26505.902931,0.6828671, 68.3219,130.5220,115.6247,184.4247
11809.30725715,26506.158744,0.6827724, 68.3215,130.3901,115.5536,189.1344
11810.80497539,26506.546311,0.6827018, 68.3179,130.2594,115.4826,193.8206
11811.80344644,26506.778698,0.6826724, 68.3150,130.1722,115.4358,196.9298
11813.80043239,26507.250391,0.6826460, 68.3103,129.9960,115.3459,203.1562
11815.79718898,26507.708915,0.6826293, 68.3095,129.8177,115.2595,209.1822
11816.79559539,26507.928808,0.6826137, 68.3103,129.7283,115.2167,212.2019
11817.79402092,26508.143891,0.6825909, 68.3116,129.6390,115.1737,215.2265
11818.79240457,26508.353616,0.6825613, 68.3129,129.5500,115.1301,218.2119
11819.29160548,26508.421404,0.6825447, 68.3135,129.5058,115.1077,219.7081
11819.79079194,26508.556862,0.6825270, 68.3139,129.4616,115.0859,221.1914
11820.28997812,26508.624622,0.6825091, 68.3142,129.4176,115.0631,222.6728
11820.78915970,26508.753771,0.6824909, 68.3142,129.3736,115.0411,224.1486
11821.78750356,26508.945155,0.6824566, 68.3139,129.2862,114.9959,227.0807
11822.78586214,26509.131076,0.6824272, 68.3127,129.1990,114.9504,230.0161
11823.78418021,26509.312793,0.6824053, 68.3110,129.1119,114.9049,232.9153
11825.78079325,26509.670560,0.6823872, 68.3065,128.9369,114.8155,238.6768
11826.77907936,26509.851169,0.6823889, 68.3044,128.8485,114.7720,241.5330
11827.77736809,26510.032640,0.6823938, 68.3029,128.7594,114.7294,244.3847
11828.77564759,26510.219191,0.6823979, 68.3020,128.6696,114.6877,247.2234
11829.77393600,26510.409964,0.6823970, 68.3020,128.5793,114.6466,250.0621
11831.77045151,26510.800051,0.6823659, 68.3041,128.3980,114.5647,255.6763
11832.76867213,26510.993618,0.6823322, 68.3058,128.3078,114.5230,258.4475
11832.76873497,26510.994133,0.6823322, 68.3058,128.3078,114.5230,258.4930
11833.76684001,26511.179161,0.6822879, 68.3074,128.2183,114.4802,261.1750
11835.76322087,26511.500505,0.6821862, 68.3083,128.0423,114.3905,266.6481
11839.75588287,26511.936361,0.6820865, 68.2989,127.6944,114.2070,277.4787
11840.75401138,26512.049916,0.6820882, 68.2967,127.6059,114.1637,280.1516
11842.75024852,26512.328370,0.6820902, 68.2958,127.4273,114.0800,285.4722
11843.74839216,26512.486555,0.6820822, 68.2968,127.3378,114.0386,288.1449
11844.74649877,26512.647349,0.6820663, 68.2982,127.2485,113.9969,290.7874
11845.74458103,26512.806979,0.6820439, 68.2997,127.1596,113.9547,293.4091
11846.74271429,26512.963910,0.6820176, 68.3009,127.0713,113.9117,296.0652
11847.74075681,26513.113808,0.6819907, 68.3016,126.9836,113.8682,298.6536
11848.73879833,26513.259437,0.6819668, 68.3015,126.8963,113.8241,301.2400
11849.73683121,26513.405398,0.6819489, 68.3008,126.8092,113.7799,303.8195
11850.73484850,26513.555979,0.6819391, 68.2995,126.7221,113.7358,306.3875
11851.73286192,26513.718468,0.6819383, 68.2979,126.6346,113.6920,308.9529
11852.73086115,26513.901030,0.6819457, 68.2963,126.5467,113.6490,311.5086
11854.72683376,26514.369305,0.6819761, 68.2941,126.3685,113.5656,316.6040
11855.72480428,26514.675514,0.6819917, 68.2939,126.2783,113.5252,319.1421
11856.72276344,26515.042055,0.6820022, 68.2947,126.1875,113.4853,321.6733
11857.72071467,26515.477263,0.6820043, 68.2961,126.0964,113.4457,324.2004
11858.71865639,26515.984957,0.6819964, 68.2982,126.0055,113.4059,326.7225
11859.71657005,26516.561027,0.6819786, 68.3005,125.9150,113.3655,329.2265
11860.71448543,26517.196201,0.6819535, 68.3027,125.8252,113.3242,331.7346
11861.71239379,26517.850642,0.6819253, 68.3044,125.7364,113.2819,334.2408
11863.70816633,26518.727512,0.6818787, 68.3047,125.5610,113.1960,339.2324
11864.70604184,26518.325946,0.6818647, 68.3032,125.4738,113.1542,341.7266
11866.70175669,26511.432414,0.6818110, 68.2981,125.2973,113.0791,346.6998
11867.69962763,26500.976210,0.6817118, 68.2955,125.2070,113.0472,349.2006
11868.69744681,26482.855548,0.6815102, 68.2937,125.1149,113.0154,351.6683
11869.69527982,26457.856614,0.6812007, 68.2930,125.0207,112.9755,354.1548
11870.69309675,26437.318718,0.6809204, 68.2942,124.9246,112.9170,356.6453
11871.69090059,26440.965676,0.6809320, 68.2976,124.8279,112.8436,359.1406
11872.68868864,26473.083282,0.6813019, 68.3028,124.7327,112.7801,  1.6245
11873.68645738,26510.456605,0.6817286, 68.3082,124.6404,112.7416,  4.0856
11874.68422325,26531.814904,0.6819428, 68.3124,124.5506,112.7162,  6.5443
11876.67964828,26532.074111,0.6818636, 68.3155,124.3749,112.6502, 11.4171
11877.67734962,26525.844523,0.6817727, 68.3154,124.2873,112.6073, 13.8626
11878.67505625,26520.191353,0.6817064, 68.3146,124.1993,112.5618, 16.3210
11879.67288345,26515.709719,0.6816678, 68.3137,124.1106,112.5159, 18.8747
11880.67056976,26512.621526,0.6816541, 68.3130,124.0212,112.4709, 21.3337
11881.66825262,26510.452434,0.6816545, 68.3129,123.9310,112.4273, 23.7975
11882.66606956,26508.895393,0.6816604, 68.3134,123.8399,112.3850, 26.3658
11883.66376369,26507.844807,0.6816651, 68.3148,123.7484,112.3438, 28.8527
11884.66142074,26507.105157,0.6816626, 68.3171,123.6565,112.3033, 31.3203
11885.65908430,26506.571156,0.6816500, 68.3200,123.5649,112.2628, 33.8004
11886.65669703,26506.182241,0.6816266, 68.3232,123.4737,112.2219, 36.2516
11887.65437156,26505.888647,0.6815947, 68.3264,123.3833,112.1800, 38.7560
11888.65198482,26505.662053,0.6815582, 68.3291,123.2939,112.1370, 41.2246
11889.64957251,26505.475304,0.6815222, 68.3312,123.2054,112.0929, 43.6836
11889.64960420,26505.475380,0.6815223, 68.3312,123.2054,112.0928, 43.7065
11890.64715633,26505.309059,0.6814919, 68.3323,123.1175,112.0478, 46.1491
11891.64471955,26505.147595,0.6814707, 68.3325,123.0298,112.0025, 48.6094
11892.64231234,26504.982295,0.6814603, 68.3320,122.9419,111.9575, 51.1009
11893.63988083,26504.808502,0.6814593, 68.3314,122.8534,111.9133, 53.5845
11895.63504299,26504.441537,0.6814706, 68.3317,122.6741,111.8284, 58.5985
11896.63258575,26504.255817,0.6814731, 68.3334,122.5837,111.7873, 61.0911
11898.62768471,26503.900301,0.6814545, 68.3394,122.4028,111.7052, 66.1110
11901.62025770,26503.406469,0.6813807, 68.3493,122.1355,111.5767, 73.6468
11902.61767373,26503.244854,0.6813568, 68.3515,122.0476,111.5324, 76.0970
11908.60262254,26502.220187,0.6813452, 68.3563,121.5163,111.2716, 91.3081
11910.59769617,26501.840653,0.6813533, 68.3600,121.3344,111.1902, 96.5124
11911.59512003,26501.645148,0.6813451, 68.3630,121.2430,111.1499, 99.0447
11912.59252971,26501.449537,0.6813259, 68.3665,121.1517,111.1093,101.5744
11913.58994938,26501.258325,0.6812957, 68.3704,121.0609,111.0678,104.1190
11914.58735580,26501.076409,0.6812572, 68.3743,120.9708,111.0251,106.6615
11915.58475083,26500.907242,0.6812147, 68.3778,120.8817,110.9809,109.2031
11916.58214047,26500.753554,0.6811735, 68.3804,120.7935,110.9355,111.7481
11917.57952205,26500.615699,0.6811384, 68.3822,120.7058,110.8891,114.2947
11918.57689699,26500.491099,0.6811126, 68.3830,120.6182,110.8423,116.8436
11919.57425553,26500.375918,0.6810967, 68.3831,120.5304,110.7959,119.3878
11920.57161158,26500.265200,0.6810894, 68.3829,120.4420,110.7503,121.9369
11921.56895895,26500.154275,0.6810874, 68.3829,120.3530,110.7058,124.4861
11922.56630219,26500.040341,0.6810866, 68.3835,120.2633,110.6623,127.0382
11923.56363215,26499.922807,0.6810831, 68.3850,120.1734,110.6195,129.5858
11924.56095527,26499.804069,0.6810740, 68.3874,120.0833,110.5769,132.1329
11926.55559855,26499.580848,0.6810360, 68.3940,119.9043,110.4903,137.2362
11928.55018584,26499.407789,0.6809837, 68.4002,119.7276,110.4000,142.3111
11929.54749425,26499.346123,0.6809604, 68.4024,119.6401,110.3538,144.8632
11931.54207457,26499.269934,0.6809332, 68.4047,119.4654,110.2608,149.9478
11933.53659465,26499.243864,0.6809352, 68.4051,119.2896,110.1695,154.9961
11934.53384047,26499.245035,0.6809438, 68.4052,119.2007,110.1250,157.5119
11935.53109054,26499.253425,0.6809539, 68.4055,119.1112,110.0815,160.0315
11936.52834525,26499.267245,0.6809620, 68.4063,119.0210,110.0387,162.5549
11937.52556567,26499.284580,0.6809648, 68.4076,118.9303,109.9966,165.0534
11938.52279586,26499.304522,0.6809593, 68.4096,118.8393,109.9547,167.5585
11939.52000286,26499.325333,0.6809438, 68.4122,118.7485,109.9125,170.0460
11940.51720406,26499.347552,0.6809183, 68.4152,118.6582,109.8696,172.5280
11941.51440240,26499.373205,0.6808850, 68.4182,118.5687,109.8254,175.0063
11943.50876725,26499.453867,0.6808134, 68.4230,118.3924,109.7327,179.9337
11945.50311146,26499.610706,0.6807688, 68.4242,118.2182,109.6360,184.8358
11947.49742639,26499.859812,0.6807642, 68.4224,118.0427,109.5408,189.7037
11949.49171641,26500.162912,0.6807770, 68.4209,117.8645,109.4503,194.5373
11950.48886018,26500.318858,0.6807799, 68.4212,117.7748,109.4066,196.9458
11952.48309552,26500.624928,0.6807682, 68.4242,117.5959,109.3194,201.7072
11955.47439049,26501.081668,0.6807213, 68.4302,117.3320,109.1835,208.7567
11957.46854640,26501.419375,0.6807036, 68.4318,117.1586,109.0894,213.3904
11958.46560995,26501.603785,0.6807059, 68.4316,117.0718,109.0423,215.6856
11959.46266655,26501.799490,0.6807160, 68.4309,116.9848,108.9958,217.9680
11960.45973554,26502.003914,0.6807326, 68.4299,116.8971,108.9500,220.2516
11963.45085605,26502.665103,0.6807943, 68.4277,116.6298,108.8185,226.9923
11964.44788493,26502.895869,0.6808081, 68.4278,116.5395,108.7763,229.2149
11965.44491319,26503.129601,0.6808136, 68.4284,116.4490,108.7344,231.4288
11966.44190537,26503.363870,0.6808094, 68.4296,116.3586,108.6924,233.6084
11967.43891954,26503.595433,0.6807952, 68.4313,116.2686,108.6498,235.7957
11968.43590223,26503.821053,0.6807732, 68.4331,116.1794,108.6060,237.9520
11969.43287667,26504.038227,0.6807474, 68.4348,116.0912,108.5608,240.0942
11970.42985400,26504.245832,0.6807236, 68.4360,116.0040,108.5140,242.2303
11971.42681728,26504.445551,0.6807078, 68.4364,115.9174,108.4660,244.3480
11972.42378794,26504.643084,0.6807042, 68.4357,115.8310,108.4173,246.4628
11973.42074021,26504.845656,0.6807134, 68.4343,115.7441,108.3689,248.5559
11974.41770061,26505.059918,0.6807321, 68.4323,115.6563,108.3217,250.6466
11975.41464169,26505.288693,0.6807551, 68.4304,115.5675,108.2759,252.7148
11977.40852561,26505.781543,0.6807923, 68.4284,115.3880,108.1883,256.8263
11979.40237252,26506.286695,0.6808009, 68.4296,115.2089,108.1024,260.8751
11981.39617368,26506.766632,0.6807893, 68.4321,115.0326,108.0139,264.8538
11984.38682851,26507.415209,0.6807916, 68.4334,114.7730,107.8755,270.7198
11985.38371980,26507.619334,0.6808077, 68.4326,114.6866,107.8290,272.6621
11987.37739850,26508.026877,0.6808631, 68.4299,114.5122,107.7381,276.4459
11989.37111020,26508.453418,0.6809330, 68.4271,114.3346,107.6512,280.2206
11990.36789911,26508.677130,0.6809650, 68.4262,114.2447,107.6093,282.0475
11991.36468734,26508.908728,0.6809906, 68.4257,114.1542,107.5681,283.8662
11992.36151458,26509.148273,0.6810074, 68.4258,114.0635,107.5272,285.7057
11993.35830822,26509.393602,0.6810141, 68.4265,113.9728,107.4864,287.5136
11994.35510076,26509.643303,0.6810107, 68.4275,113.8825,107.4450,289.3137
11995.35191510,26509.893666,0.6809991, 68.4288,113.7930,107.4026,291.1228
11996.34868595,26510.139120,0.6809831, 68.4301,113.7044,107.3589,292.8940
11997.34544975,26510.375385,0.6809682, 68.4310,113.6169,107.3136,294.6539
11998.34222874,26510.598278,0.6809606, 68.4313,113.5301,107.2669,296.4188
11999.33899394,26510.805355,0.6809655, 68.4307,113.4436,107.2194,298.1677
12000.33572239,26510.999379,0.6809851, 68.4292,113.3567,107.1718,299.8842
12001.33246256,26511.190656,0.6810168, 68.4272,113.2687,107.1252,301.6034
12002.32920098,26511.389546,0.6810544, 68.4251,113.1794,107.0802,303.3156
12005.31936216,26512.101860,0.6811350, 68.4229,112.9069,106.9533,308.3789
12006.31603940,26512.374212,0.6811421, 68.4238,112.8165,106.9116,310.0241
12007.31268842,26512.654363,0.6811426, 68.4252,112.7270,106.8692,311.6433
12009.30602896,26513.230284,0.6811415, 68.4276,112.5510,106.7813,314.8968
12010.30271390,26513.524283,0.6811483, 68.4282,112.4640,106.7363,316.5269
12011.29938715,26513.823850,0.6811636, 68.4281,112.3771,106.6910,318.1441
12012.29601513,26514.129549,0.6811885, 68.4276,112.2902,106.6459,319.7244
12012.29605362,26514.134066,0.6811886, 68.4276,112.2902,106.6459,319.7523
12013.29263737,26514.451431,0.6812224, 68.4266,112.2027,106.6014,321.2968
12014.28927787,26514.799231,0.6812633, 68.4254,112.1144,106.5577,322.8791
12015.28587956,26515.171868,0.6813081, 68.4243,112.0253,106.5152,324.4302
12017.27911714,26516.041526,0.6813953, 68.4227,111.8443,106.4333,327.5496
12018.27566623,26516.530263,0.6814306, 68.4227,111.7528,106.3937,329.0559
12019.27222719,26517.069364,0.6814572, 68.4231,111.6610,106.3545,330.5692
12020.26885064,26517.673712,0.6814741, 68.4241,111.5693,106.3153,332.1268
12021.26545323,26518.317433,0.6814818, 68.4255,111.4780,106.2757,333.6687
12022.26204029,26518.989467,0.6814823, 68.4271,111.3874,106.2354,335.1993
12023.25860757,26519.666683,0.6814791, 68.4287,111.2977,106.1940,336.7157
12024.25510783,26520.298363,0.6814768, 68.4301,111.2091,106.1514,338.1842
12025.25164862,26520.859503,0.6814811, 68.4309,111.1212,106.1079,339.6830
12026.24810667,26521.232295,0.6814959, 68.4310,111.0337,106.0638,341.1230
12027.24463005,26521.305209,0.6815234, 68.4302,110.9459,106.0200,342.6115
12028.24110224,26520.859766,0.6815598, 68.4288,110.8572,105.9776,344.0644
12029.23757258,26519.592957,0.6815963, 68.4270,110.7669,105.9376,345.5173
12030.23408531,26516.987730,0.6816180, 68.4254,110.6751,105.9006,347.0024
12031.23057403,26512.486958,0.6816087, 68.4244,110.5821,105.8662,348.4715
12032.22704667,26505.399620,0.6815534, 68.4242,110.4885,105.8334,349.9307
12033.22351041,26495.084508,0.6814421, 68.4248,110.3952,105.8004,351.3857
12034.21991207,26481.752998,0.6812788, 68.4259,110.3025,105.7647,352.7992
12035.21635303,26465.523423,0.6810692, 68.4271,110.2103,105.7239,354.2459
12036.21278718,26449.064869,0.6808518, 68.4282,110.1186,105.6756,355.6945
12037.20920717,26436.533184,0.6806856, 68.4292,110.0270,105.6189,357.1409
12039.20195446,26439.244539,0.6807320, 68.4313,109.8437,105.4929,359.9865
12040.19837815,26456.278056,0.6809696, 68.4327,109.7517,105.4345,  1.4501
12042.19106510,26498.540994,0.6815583, 68.4355,109.5675,105.3470,  4.2615
12044.18377565,26525.834517,0.6819383, 68.4387,109.3824,105.2853,  7.1018
12045.18006997,26531.044827,0.6820106, 68.4404,109.2895,105.2556,  8.4883
12046.17611553,26532.434530,0.6820284, 68.4424,109.1966,105.2235,  9.7033
12046.17642251,26532.486384,0.6820266, 68.4424,109.1966,105.2244,  9.9252
12047.17270007,26531.484206,0.6820043, 68.4447,109.1039,105.1906, 11.3168
12048.16902711,26529.167991,0.6819581, 68.4471,109.0116,105.1543, 12.7530
12049.16526964,26526.435924,0.6819020, 68.4498,108.9202,105.1154, 14.1368
12050.16156335,26523.565160,0.6818424, 68.4523,108.8298,105.0742, 15.5664
12051.15757035,26521.213102,0.6817920, 68.4547,108.7404,105.0309, 16.7966
12051.15784825,26520.874765,0.6817878, 68.4547,108.7404,105.0308, 16.9981
12053.15036486,26516.399410,0.6817171, 68.4579,108.5638,104.9392, 19.8488
12055.14280875,26513.093502,0.6817154, 68.4585,108.3867,104.8456, 22.6810
12056.13904922,26511.767065,0.6817354, 68.4582,108.2965,104.8000, 24.1236
12057.13525852,26510.639319,0.6817604, 68.4579,108.2048,104.7560, 25.5525
12059.12758060,26508.856864,0.6817910, 68.4594,108.0184,104.6722, 28.3675
12060.12349969,26508.201383,0.6817870, 68.4616,107.9252,104.6311, 29.6133
12060.12376039,26508.141430,0.6817869, 68.4616,107.9252,104.6310, 29.8022
12061.11993181,26507.527443,0.6817715, 68.4645,107.8331,104.5891, 31.2396
12062.11604642,26507.003374,0.6817508, 68.4678,107.7424,104.5460, 32.6445
12063.11219767,26506.535284,0.6817319, 68.4709,107.6531,104.5016, 34.0844
12064.10826260,26506.122548,0.6817202, 68.4735,107.5648,104.4562, 35.4701
12066.10050838,26505.379251,0.6817291, 68.4770,107.3892,104.3648, 38.3506
12068.09267167,26504.718762,0.6817752, 68.4786,107.2117,104.2757, 41.2055
12069.08878220,26504.407302,0.6818049, 68.4792,107.1217,104.2327, 42.6670
12070.08480874,26504.108515,0.6818336, 68.4800,107.0307,104.1908, 44.0766
12071.08086047,26503.819003,0.6818577, 68.4811,106.9389,104.1499, 45.5136
12072.07690060,26503.540837,0.6818736, 68.4826,106.8465,104.1097, 46.9515
12075.06494577,26502.791372,0.6818550, 68.4900,106.5691,103.9896, 51.2678
12076.06077188,26502.577138,0.6818289, 68.4933,106.4778,103.9482, 52.5891
12078.05269703,26502.202267,0.6817689, 68.4996,106.2986,103.8612, 55.4580
12079.04864074,26502.033860,0.6817457, 68.5023,106.2105,103.8156, 56.8930
12080.04456943,26501.870835,0.6817336, 68.5044,106.1229,103.7690, 58.3262
12081.04048293,26501.703494,0.6817349, 68.5059,106.0354,103.7218, 59.7573
12082.03639043,26501.524216,0.6817492, 68.5067,105.9472,103.6749, 61.1927
12083.03229026,26501.328035,0.6817727, 68.5071,105.8578,103.6289, 62.6312
12084.02817851,26501.115806,0.6817991, 68.5074,105.7671,103.5842, 64.0698
12085.02405077,26500.894167,0.6818211, 68.5081,105.6751,103.5408, 65.5051
12086.01991368,26500.675457,0.6818322, 68.5095,105.5824,103.4984, 66.9420
12087.01576250,26500.472776,0.6818292, 68.5118,105.4898,103.4562, 68.3768
12088.01159397,26500.295121,0.6818134, 68.5149,105.3980,103.4133, 69.8065
12088.01165178,26500.295461,0.6818135, 68.5149,105.3980,103.4133, 69.8484
12089.00740802,26500.147019,0.6817900, 68.5184,105.3076,103.3691, 71.2308
12090.00321620,26500.023160,0.6817664, 68.5220,105.2187,103.3233, 72.6572
12090.99901553,26499.914492,0.6817493, 68.5250,105.1311,103.2763, 74.0832
12091.99480219,26499.812103,0.6817436, 68.5275,105.0442,103.2284, 75.5054
12092.99057669,26499.709539,0.6817505, 68.5292,104.9574,103.1806, 76.9238
12093.98634838,26499.602368,0.6817688, 68.5304,104.8701,103.1332, 78.3448
12094.98210520,26499.490989,0.6817952, 68.5311,104.7821,103.0868, 79.7596
12094.98219889,26499.491505,0.6817952, 68.5311,104.7820,103.0868, 79.8275
12095.97785314,26499.378055,0.6818255, 68.5317,104.6930,103.0415, 81.1723
12096.97361246,26499.262464,0.6818553, 68.5323,104.6030,102.9974, 82.5974
12097.96933466,26499.149950,0.6818807, 68.5332,104.5121,102.9544, 83.9996
12098.96504547,26499.040292,0.6818983, 68.5344,104.4206,102.9120, 85.3975
12100.95643014,26498.850239,0.6819022, 68.5381,104.2370,102.8280, 88.1775
12101.45426983,26498.845346,0.6818962, 68.5391,104.1913,102.8065, 88.8702
12101.95212415,26498.774245,0.6818880, 68.5405,104.1457,102.7854, 89.5738
12102.94778324,26498.717220,0.6818656, 68.5433,104.0552,102.7418, 90.9479
12103.94343006,26498.683431,0.6818392, 68.5461,103.9658,102.6969, 92.3157
12104.93906477,26498.675193,0.6818144, 68.5487,103.8776,102.6505, 93.6769
12105.93468775,26498.690355,0.6817970, 68.5510,103.7904,102.6026, 95.0311
12107.92589439,26498.768501,0.6818019, 68.5535,103.6171,102.5044, 97.7135
12108.92148950,26498.814454,0.6818259, 68.5537,103.5299,102.4553, 99.0489
12108.92157906,26498.814596,0.6818259, 68.5537,103.5299,102.4553, 99.1137
12109.91707353,26498.855105,0.6818598, 68.5533,103.4414,102.4073,100.3757
12110.91264654,26498.886366,0.6818968, 68.5529,103.3516,102.3607,101.6936
12111.90820764,26498.910532,0.6819298, 68.5527,103.2605,102.3155,103.0019
12112.90377057,26498.932476,0.6819527, 68.5530,103.1687,102.2714,104.3100
12113.89930803,26498.961545,0.6819627, 68.5541,103.0769,102.2276,105.5979
12114.89482795,26499.007878,0.6819607, 68.5560,102.9857,102.1833,106.8708
12115.39258491,26499.082934,0.6819561, 68.5570,102.9407,102.1606,107.5042
12115.89028566,26499.079585,0.6819509, 68.5583,102.8958,102.1378,108.0957
12115.89035581,26499.079744,0.6819509, 68.5583,102.8958,102.1378,108.1465
12116.88577730,26499.180971,0.6819402, 68.5608,102.8074,102.0909,109.3415
12117.88126021,26499.308357,0.6819354, 68.5630,102.7203,102.0426,110.5766
12118.87673462,26499.456685,0.6819421, 68.5645,102.6341,101.9934,111.8005
12119.87219458,26499.617522,0.6819625, 68.5654,102.5481,101.9439,113.0083
12120.86773057,26499.782819,0.6819962, 68.5656,102.4618,101.8950,114.2651
12122.36091856,26500.058140,0.6820635, 68.5649,102.3307,101.8236,116.0543
12122.85861645,26500.108934,0.6820886, 68.5647,102.2863,101.8006,116.6245
12122.85863027,26500.108947,0.6820886, 68.5647,102.2863,101.8006,116.6345
12123.85405413,26500.266579,0.6821377, 68.5640,102.1970,101.7553,117.7904
12125.34719361,26500.519555,0.6822018, 68.5634,102.0612,101.6897,119.5144
12125.84489588,26500.575460,0.6822196, 68.5634,102.0156,101.6682,120.0777
12126.34259866,26500.670015,0.6822339, 68.5634,101.9700,101.6469,120.6398
12126.84029664,26500.729551,0.6822464, 68.5637,101.9242,101.6257,121.1966
12127.83568642,26500.885911,0.6822623, 68.5643,101.8328,101.5832,122.3007
12129.32875038,26501.136442,0.6822666, 68.5660,101.6965,101.5185,123.9291
12129.82643959,26501.212926,0.6822647, 68.5667,101.6514,101.4965,124.4692
12130.32412709,26501.304346,0.6822609, 68.5675,101.6067,101.4742,125.0064
12131.31947845,26501.485137,0.6822534, 68.5690,101.5180,101.4286,126.0582
12132.31482335,26501.681788,0.6822500, 68.5704,101.4304,101.3814,127.0977
12133.31015871,26501.896414,0.6822567, 68.5713,101.3438,101.3329,128.1225
12133.80781891,26502.017766,0.6822659, 68.5715,101.3006,101.3083,128.6264
12134.30548137,26502.128126,0.6822782, 68.5715,101.2575,101.2836,129.1298
12135.30079182,26502.372777,0.6823164, 68.5711,101.1709,101.2341,130.1196
12136.29609942,26502.622069,0.6823685, 68.5699,101.0833,101.1854,131.0985
12137.78904064,26503.003910,0.6824592, 68.5674,100.9491,101.1152,132.5356
12138.28669008,26503.097468,0.6824879, 68.5667,100.9036,101.0926,133.0119
12139.28197317,26503.311855,0.6825391, 68.5655,100.8118,101.0485,133.9465
12139.77961017,26503.439319,0.6825603, 68.5651,100.7656,101.0269,134.4073
12140.27724662,26503.512708,0.6825771, 68.5650,100.7195,101.0053,134.8655
12141.27251123,26503.706748,0.6826012, 68.5652,100.6275,100.9622,135.7694
12141.77013298,26503.834648,0.6826092, 68.5655,100.5818,100.9405,136.2104
12143.26301664,26504.108637,0.6826225, 68.5674,100.4469,100.8733,137.5329
12144.25825409,26504.329597,0.6826325, 68.5687,100.3587,100.8268,138.3895
12145.25348820,26504.566513,0.6826507, 68.5697,100.2717,100.7791,139.2339
12146.24871817,26504.816583,0.6826814, 68.5702,100.1853,100.7308,140.0651
12147.24394179,26505.073953,0.6827261, 68.5699,100.0990,100.6825,140.8813
12148.23915963,26505.333017,0.6827833, 68.5691,100.0120,100.6349,141.6831
12148.73676719,26505.503472,0.6828157, 68.5684, 99.9682,100.6118,142.0792
12150.22958430,26505.835553,0.6829188, 68.5664, 99.8349,100.5436,143.2481
12151.22479017,26506.072086,0.6829865, 68.5649, 99.7445,100.5001,144.0112
12151.72239013,26506.229398,0.6830182, 68.5642, 99.6989,100.4791,144.3870
12153.21518237,26506.511130,0.6830989, 68.5629, 99.5610,100.4165,145.4951
12153.21518943,26506.511132,0.6830989, 68.5629, 99.5610,100.4165,145.5002
12154.21038307,26506.715238,0.6831384, 68.5624, 99.4686,100.3755,146.2270
12155.20557260,26506.910929,0.6831661, 68.5624, 99.3763,100.3345,146.9425
12156.20075736,26507.100436,0.6831834, 68.5628, 99.2845,100.2930,147.6463
12157.19593699,26507.285937,0.6831932, 68.5635, 99.1936,100.2506,148.3383
12158.19111287,26507.469774,0.6832000, 68.5643, 99.1037,100.2069,149.0198
12159.18628693,26507.656205,0.6832092, 68.5651, 99.0149,100.1618,149.6922
12160.18145951,26507.849428,0.6832270, 68.5656, 98.9271,100.1153,150.3555
12161.17662925,26508.053275,0.6832586, 68.5656, 98.8397,100.0679,151.0088
12162.17179513,26508.269202,0.6833072, 68.5650, 98.7522,100.0200,151.6511
12163.16696084,26508.495429,0.6833718, 68.5636, 98.6638, 99.9727,152.2851
12164.16212576,26508.723958,0.6834465, 68.5617, 98.5738, 99.9268,152.9104
12165.15729018,26508.943537,0.6835223, 68.5596, 98.4818, 99.8827,153.5277
12165.15731066,26508.943508,0.6835223, 68.5596, 98.4818, 99.8827,153.5425
12166.15245631,26509.143168,0.6835893, 68.5579, 98.3884, 99.8404,154.1389
12167.14761924,26509.319090,0.6836408, 68.5568, 98.2941, 99.7993,154.7409
12168.14278543,26509.474679,0.6836754, 68.5566, 98.2001, 99.7584,155.3386
12169.13794837,26509.618294,0.6836963, 68.5571, 98.1071, 99.7168,155.9272
12169.63552909,26509.706501,0.6837033, 68.5576, 98.0611, 99.6960,156.2184
12170.13311048,26509.760743,0.6837104, 68.5582, 98.0157, 99.6740,156.5084
12171.12827301,26509.908929,0.6837254, 68.5593, 97.9258, 99.6297,157.0829
12172.12343670,26510.065821,0.6837479, 68.5602, 97.8371, 99.5842,157.6510
12172.62102019,26510.157733,0.6837630, 68.5605, 97.7931, 99.5616,157.9335
12173.61619033,26510.325197,0.6838042, 68.5606, 97.7052, 99.5154,158.4953
12174.11379652,26510.405079,0.6838304, 68.5605, 97.6614, 99.4920,158.7888
12174.61136375,26510.496444,0.6838587, 68.5602, 97.6172, 99.4695,159.0523
12175.10895188,26510.579423,0.6838907, 68.5598, 97.5730, 99.4465,159.3293
12175.60653821,26510.666824,0.6839240, 68.5592, 97.5284, 99.4246,159.6031
12176.60172318,26510.830968,0.6839955, 68.5580, 97.4384, 99.3810,160.1549
12177.59690706,26510.984613,0.6840681, 68.5566, 97.3471, 99.3389,160.6997
12178.59210025,26511.124218,0.6841361, 68.5553, 97.2546, 99.2982,161.2455
12179.58729629,26511.247947,0.6841952, 68.5542, 97.1611, 99.2586,161.7883
12180.58249262,26511.356036,0.6842423, 68.5536, 97.0669, 99.2198,162.3267
12181.57769499,26511.448563,0.6842761, 68.5534, 96.9726, 99.1813,162.8654
12182.07530328,26511.505403,0.6842887, 68.5534, 96.9257, 99.1616,163.1386
12182.57290489,26511.526744,0.6842973, 68.5537, 96.8786, 99.1425,163.4061
12183.56811476,26511.592682,0.6843081, 68.5544, 96.7853, 99.1030,163.9436
12184.06572491,26511.642942,0.6843112, 68.5548, 96.7390, 99.0826,164.2151
12184.06576865,26511.642983,0.6843112, 68.5548, 96.7390, 99.0826,164.2468
12185.55854698,26511.696918,0.6843147, 68.5564, 96.6015, 99.0207,165.0196
12186.05616415,26511.744973,0.6843175, 68.5569, 96.5564, 98.9990,165.2936
12186.55377523,26511.740752,0.6843209, 68.5575, 96.5113, 98.9775,165.5627
12187.54900869,26511.783958,0.6843367, 68.5583, 96.4219, 98.9331,166.1072
12188.54425471,26511.830845,0.6843666, 68.5587, 96.3329, 98.8878,166.6586
12189.04188169,26511.889635,0.6843883, 68.5585, 96.2885, 98.8648,166.9364
12190.53475704,26511.947625,0.6844748, 68.5575, 96.1533, 98.7975,167.7623
12191.53002399,26512.013649,0.6845454, 68.5562, 96.0611, 98.7540,168.3229
12192.52530897,26512.073290,0.6846151, 68.5547, 95.9669, 98.7124,168.8955
12193.52058907,26512.113044,0.6846732, 68.5535, 95.8711, 98.6725,169.4642
12194.51587548,26512.124472,0.6847127, 68.5532, 95.7745, 98.6337,170.0378
12195.51116790,26512.106893,0.6847324, 68.5538, 95.6783, 98.5948,170.6164
12196.00882115,26512.134400,0.6847368, 68.5543, 95.6308, 98.5748,170.9111
12196.50647075,26512.069730,0.6847378, 68.5552, 95.5836, 98.5548,171.2033
12199.49241832,26511.948203,0.6847546, 68.5608, 95.3098, 98.4255,172.9944
12200.98542823,26511.957980,0.6848012, 68.5621, 95.1760, 98.3583,173.9168
12203.97152108,26511.873039,0.6849629, 68.5617, 94.9039, 98.2295,175.8193
12206.46000030,26511.675652,0.6850912, 68.5611, 94.6690, 98.1312,177.4683
12211.43716385,26511.086682,0.6851284, 68.5666, 94.1947, 97.9399,180.9940
12219.40117848,26509.818080,0.6852816, 68.5754, 93.4652, 97.5920,187.3407
12220.89451808,26509.645894,0.6853457, 68.5751, 93.3209, 97.5320,188.6417
12221.89009190,26509.472582,0.6853649, 68.5758, 93.2236, 97.4931,189.5302
12222.88567848,26509.270576,0.6853634, 68.5776, 93.1269, 97.4537,190.4371
12223.38347147,26509.111687,0.6853570, 68.5789, 93.0792, 97.4333,190.8937
12225.37466327,26508.639523,0.6853209, 68.5850, 92.8936, 97.3475,192.7559
12225.87247284,26508.568558,0.6853158, 68.5864, 92.8484, 97.3252,193.2347
12227.36591340,26508.190342,0.6853245, 68.5904, 92.7145, 97.2558,194.6907
12227.86368491,26508.130649,0.6853352, 68.5912, 92.6701, 97.2330,195.1491
12229.85504738,26507.733640,0.6854099, 68.5936, 92.4906, 97.1428,197.2013
12232.34425580,26507.203341,0.6855207, 68.5952, 92.2597, 97.0372,199.8150
12232.84206392,26507.141728,0.6855378, 68.5954, 92.2127, 97.0174,200.3199
12233.83775100,26506.931457,0.6855637, 68.5963, 92.1180, 96.9778,201.3884
12233.83777783,26506.931451,0.6855637, 68.5963, 92.1180, 96.9778,201.4078
12234.83344305,26506.711151,0.6855761, 68.5976, 92.0229, 96.9386,202.4703
12235.82915651,26506.479770,0.6855745, 68.5993, 91.9279, 96.8994,203.5781
12236.82490697,26506.237533,0.6855601, 68.6015, 91.8334, 96.8595,204.7234
12237.82066202,26505.984872,0.6855364, 68.6040, 91.7398, 96.8186,205.8827
12238.81640969,26505.722866,0.6855079, 68.6067, 91.6475, 96.7763,207.0474
12239.81217883,26505.453434,0.6854802, 68.6096, 91.5564, 96.7326,208.2384
12240.80795304,26505.179882,0.6854594, 68.6124, 91.4667, 96.6874,209.4435
12241.80367607,26504.906126,0.6854505, 68.6150, 91.3778, 96.6410,210.6215
12242.79945595,26504.636256,0.6854572, 68.6171, 91.2893, 96.5939,211.8504
12243.29756549,26504.475603,0.6854670, 68.6181, 91.2450, 96.5699,212.6276
12243.79523857,26504.375835,0.6854805, 68.6188, 91.2005, 96.5467,213.0908
12244.79108404,26504.129550,0.6855181, 68.6198, 91.1107, 96.5001,214.3858
12245.78722088,26503.900941,0.6855644, 68.6204, 91.0192, 96.4547,215.9013
12246.78301308,26503.689522,0.6856107, 68.6208, 90.9259, 96.4108,217.1767
12247.77874352,26503.490712,0.6856473, 68.6212, 90.8308, 96.3684,218.4176
12248.77458079,26503.294182,0.6856660, 68.6222, 90.7346, 96.3270,219.7467
12249.77045870,26503.086746,0.6856639, 68.6240, 90.6386, 96.2854,221.1164
12250.76634259,26502.857938,0.6856447, 68.6266, 90.5439, 96.2427,222.5016
12252.75803188,26502.341800,0.6855971, 68.6336, 90.3612, 96.1508,225.2453
12253.75397503,26502.079428,0.6855908, 68.6369, 90.2728, 96.1021,226.7014
12253.75433414,26502.080163,0.6855908, 68.6369, 90.2728, 96.1021,226.9615
12254.74982109,26501.832261,0.6856042, 68.6396, 90.1853, 96.0527,228.0943
12255.74573042,26501.608037,0.6856360, 68.6416, 90.0976, 96.0037,229.5398
12257.73757924,26501.225304,0.6857320, 68.6439, 89.9190, 95.9096,232.4722
12258.73350600,26501.058028,0.6857816, 68.6446, 89.8275, 95.8649,233.9503
12259.72944735,26500.901303,0.6858239, 68.6453, 89.7348, 95.8216,235.4462
12260.72536231,26500.750961,0.6858546, 68.6462, 89.6412, 95.7793,236.9305
12263.71360249,26500.311540,0.6858638, 68.6509, 89.3595, 95.6530,241.7886
12264.71059066,26500.163688,0.6858440, 68.6532, 89.2669, 95.6094,244.0812
12265.70665990,26500.011823,0.6858198, 68.6557, 89.1755, 95.5645,245.7154
12266.70274888,26499.856799,0.6857970, 68.6583, 89.0855, 95.5181,247.3707
12267.69884283,26499.699996,0.6857819, 68.6609, 88.9968, 95.4702,249.0357
12268.69493949,26499.544170,0.6857800, 68.6632, 88.9090, 95.4212,250.7079
12269.69106949,26499.394144,0.6857953, 68.6651, 88.8218, 95.3714,252.4087
12270.68719446,26499.256215,0.6858290, 68.6665, 88.7343, 95.3216,254.1095
12271.68334416,26499.136692,0.6858786, 68.6673, 88.6458, 95.2725,255.8312
12272.67942438,26499.042044,0.6859382, 68.6675, 88.5557, 95.2246,257.5053
12273.67557713,26498.977115,0.6859991, 68.6674, 88.4636, 95.1783,259.2346
12273.67557964,26498.977119,0.6859991, 68.6674, 88.4636, 95.1783,259.2364
12274.67175441,26498.942909,0.6860518, 68.6673, 88.3696, 95.1337,260.9845
12275.66793326,26498.935471,0.6860880, 68.6675, 88.2744, 95.0901,262.7388
12276.66408985,26498.945469,0.6861038, 68.6683, 88.1790, 95.0466,264.4803
12277.66048406,26498.959815,0.6861012, 68.6699, 88.0845, 95.0022,266.3974
12278.65670409,26498.964349,0.6860884, 68.6722, 87.9919, 94.9561,268.1909
12279.65291565,26498.951443,0.6860776, 68.6748, 87.9017, 94.9077,269.9798
12280.64904409,26498.922582,0.6860806, 68.6773, 87.8137, 94.8574,271.7083
12281.64524722,26498.889572,0.6861049, 68.6794, 87.7269, 94.8061,273.4893
12282.64148596,26498.867638,0.6861519, 68.6808, 87.6402, 94.7549,275.2931
12283.63774445,26498.869493,0.6862168, 68.6815, 87.5527, 94.7048,277.1075
12284.63401668,26498.901915,0.6862913, 68.6816, 87.4637, 94.6565,278.9281
12285.63030327,26498.965913,0.6863665, 68.6813, 87.3730, 94.6101,280.7552
12286.62660218,26499.058210,0.6864347, 68.6810, 87.2807, 94.5653,282.5878
12287.62291293,26499.173561,0.6864903, 68.6807, 87.1873, 94.5218,284.4256
12288.61922764,26499.307151,0.6865307, 68.6807, 87.0932, 94.4789,286.2631
12289.61555540,26499.454327,0.6865556, 68.6810, 86.9991, 94.4361,288.1071
12290.61189706,26499.612345,0.6865667, 68.6817, 86.9054, 94.3928,289.9581
12291.60825623,26499.777060,0.6865674, 68.6827, 86.8125, 94.3486,291.8184
12292.60460199,26499.945785,0.6865629, 68.6839, 86.7209, 94.3031,293.6655
12293.60097968,26500.116817,0.6865591, 68.6853, 86.6307, 94.2562,295.5314
12294.59736878,26500.288086,0.6865627, 68.6866, 86.5419, 94.2078,297.4009
12295.59372798,26500.458754,0.6865799, 68.6878, 86.4541, 94.1582,299.2430
12295.59375399,26500.459227,0.6865799, 68.6878, 86.4541, 94.1582,299.2619
12296.59012019,26500.629409,0.6866154, 68.6885, 86.3669, 94.1080,301.1026
12297.58652610,26500.805857,0.6866710, 68.6888, 86.2795, 94.0578,302.9648
12298.58297003,26500.999202,0.6867448, 68.6884, 86.1912, 94.0083,304.8466
12299.57940125,26501.214074,0.6868305, 68.6875, 86.1012, 93.9603,306.7109
12300.57581113,26501.460376,0.6869186, 68.6863, 86.0090, 93.9142,308.5514
12300.57583642,26501.461337,0.6869186, 68.6863, 86.0090, 93.9142,308.5698
12301.57228469,26501.747534,0.6869987, 68.6850, 85.9148, 93.8698,310.4303
12301.57228566,26501.747577,0.6869987, 68.6850, 85.9148, 93.8698,310.4310
12302.56877130,26502.079937,0.6870619, 68.6839, 85.8190, 93.8267,312.3113
12303.56523577,26502.454917,0.6871038, 68.6834, 85.7229, 93.7839,314.1696
12304.56170748,26502.869755,0.6871258, 68.6836, 85.6274, 93.7403,316.0269
12305.55821409,26503.320729,0.6871352, 68.6844, 85.5336, 93.6950,317.9030
12306.55471514,26503.798854,0.6871434, 68.6857, 85.4421, 93.6476,319.7678
12307.55124056,26504.306385,0.6871627, 68.6871, 85.3528, 93.5982,321.6421
12308.54777260,26504.847901,0.6872026, 68.6882, 85.2651, 93.5476,323.5116
12309.54432547,26505.440442,0.6872672, 68.6887, 85.1780, 93.4967,325.3855
12310.54087070,26506.102108,0.6873542, 68.6885, 85.0903, 93.4467,327.2424
12311.53743280,26506.866205,0.6874563, 68.6877, 85.0011, 93.3984,329.1000
12312.53400893,26507.762340,0.6875641, 68.6866, 84.9100, 93.3521,330.9565
12313.53060973,26508.824572,0.6876683, 68.6852, 84.8171, 93.3078,332.8203
12314.52721932,26510.075124,0.6877623, 68.6840, 84.7227, 93.2649,334.6805
12315.52381136,26511.518948,0.6878423, 68.6829, 84.6273, 93.2230,336.5188
12316.52042493,26513.184736,0.6879082, 68.6821, 84.5317, 93.1814,338.3641
12317.51707324,26515.062385,0.6879624, 68.6817, 84.4365, 93.1397,340.2262
12318.51369391,26517.029306,0.6880076, 68.6816, 84.3420, 93.0977,342.0600
12319.51032165,26518.904190,0.6880479, 68.6817, 84.2487, 93.0555,343.8903
12320.50695455,26520.260800,0.6880849, 68.6818, 84.1568, 93.0134,345.7153
12321.50360144,26520.292189,0.6881162, 68.6817, 84.0662, 92.9720,347.5405
12322.50026333,26517.592869,0.6881308, 68.6813, 83.9765, 92.9321,349.3658
12323.49693096,26510.119269,0.6881070, 68.6802, 83.8872, 92.8941,351.1835
12324.49360510,26495.622790,0.6880160, 68.6782, 83.7972, 92.8568,352.9944
12325.49030878,26473.068804,0.6878386, 68.6754, 83.7053, 92.8166,354.8174
12326.48699862,26446.483534,0.6876150, 68.6721, 83.6106, 92.7674,356.6251
12327.48370131,26425.344753,0.6874555, 68.6690, 83.5123, 92.7058,358.4401
12328.48041248,26420.923734,0.6874955, 68.6667, 83.4111, 92.6367,  0.2573
12329.47713486,26436.493019,0.6877675, 68.6658, 83.3082, 92.5725,  2.0722
12330.47386063,26463.729813,0.6881561, 68.6662, 83.2057, 92.5224,  3.8742
12331.47059478,26490.550462,0.6885064, 68.6676, 83.1050, 92.4853,  5.6681
12332.46733327,26509.779005,0.6887384, 68.6695, 83.0072, 92.4537,  7.4555
12333.46408026,26520.565750,0.6888588, 68.6715, 82.9124, 92.4208,  9.2429
12334.46082902,26525.068080,0.6889117, 68.6731, 82.8204, 92.3835, 11.0262
12335.45759231,26525.847377,0.6889411, 68.6743, 82.7304, 92.3418, 12.8138
12336.45437222,26524.758117,0.6889756, 68.6747, 82.6413, 92.2971, 14.6057
12337.45115380,26522.939836,0.6890278, 68.6744, 82.5520, 92.2513, 16.3898
12338.44794136,26520.989138,0.6890980, 68.6734, 82.4614, 92.2058, 18.1688
12339.44473797,26519.178331,0.6891792, 68.6718, 82.3689, 92.1617, 19.9447
12340.44154079,26517.612961,0.6892620, 68.6700, 82.2744, 92.1194, 21.7160
12341.43836343,26516.306958,0.6893371, 68.6681, 82.1781, 92.0785, 23.4935
12342.43520237,26515.249081,0.6893984, 68.6665, 82.0806, 92.0387, 25.2756
12343.43204019,26514.416095,0.6894432, 68.6651, 81.9826, 91.9994, 27.0506
12344.42888629,26513.769805,0.6894719, 68.6642, 81.8847, 91.9598, 28.8259
12345.42596745,26513.220720,0.6894873, 68.6637, 81.7875, 91.9194, 30.7664
12346.42281414,26512.866455,0.6894953, 68.6636, 81.6915, 91.8780, 32.5322
12347.41968461,26512.608483,0.6895015, 68.6637, 81.5969, 91.8352, 34.3105
12348.41654084,26512.431547,0.6895124, 68.6640, 81.5037, 91.7910, 36.0736
12349.41339312,26512.316218,0.6895342, 68.6643, 81.4119, 91.7457, 37.8287
12350.41027614,26512.241822,0.6895725, 68.6644, 81.3208, 91.6995, 39.6008
12351.40718583,26512.195688,0.6896307, 68.6641, 81.2300, 91.6532, 41.3863
12352.40407847,26512.163779,0.6897090, 68.6633, 81.1386, 91.6074, 43.1535
12353.40099122,26512.135441,0.6898036, 68.6620, 81.0457, 91.5629, 44.9292
12354.39791776,26512.101986,0.6899058, 68.6602, 80.9506, 91.5204, 46.7090
12355.39486280,26512.065805,0.6900035, 68.6581, 80.8528, 91.4801, 48.4973
12356.39182974,26512.033879,0.6900841, 68.6562, 80.7528, 91.4417, 50.2975
12357.38875463,26512.018107,0.6901390, 68.6548, 80.6517, 91.4041, 52.0648
12358.38572591,26512.026928,0.6901671, 68.6543, 80.5507, 91.3660, 53.8644
12359.38268145,26512.065937,0.6901755, 68.6545, 80.4514, 91.3263, 55.6517
12362.37356850,26512.294313,0.6902084, 68.6576, 80.1680, 91.1948, 61.0197
12363.37056473,26512.366087,0.6902546, 68.6583, 80.0767, 91.1488, 62.8280
12364.36754857,26512.417852,0.6903221, 68.6583, 79.9852, 91.1035, 64.6234
12365.36455656,26512.442715,0.6904052, 68.6578, 79.8927, 91.0596, 66.4325
12366.36158454,26512.441313,0.6904953, 68.6568, 79.7985, 91.0176, 68.2528
12367.35860302,26512.415816,0.6905828, 68.6556, 79.7023, 90.9777, 70.0636
12368.35558951,26512.372961,0.6906592, 68.6544, 79.6043, 90.9395, 71.8499
12369.35266736,26512.319149,0.6907183, 68.6534, 79.5049, 90.9025, 73.7021
12370.34972473,26512.261607,0.6907572, 68.6527, 79.4049, 90.8659, 75.5402
12372.34385367,26512.157622,0.6907792, 68.6527, 79.2057, 90.7912, 79.2326
12374.33800018,26512.088021,0.6907590, 68.6543, 79.0110, 90.7114, 82.9487
12374.33802780,26512.088018,0.6907590, 68.6543, 79.0110, 90.7114, 82.9687
12375.33510240,26512.065977,0.6907495, 68.6555, 78.9159, 90.6692, 84.8322
12376.33221201,26512.049670,0.6907493, 68.6567, 78.8222, 90.6256, 86.7239
12378.32640351,26512.015478,0.6907964, 68.6585, 78.6372, 90.5361, 90.4948
12379.32353084,26511.985351,0.6908481, 68.6587, 78.5445, 90.4914, 92.4065
12380.32066227,26511.933750,0.6909159, 68.6584, 78.4507, 90.4478, 94.3233
12381.31782545,26511.849240,0.6909933, 68.6576, 78.3548, 90.4058, 96.2656
12382.31494535,26511.725635,0.6910694, 68.6565, 78.2565, 90.3660, 98.1797
12383.31210877,26511.561804,0.6911320, 68.6554, 78.1558, 90.3279,100.1297
12384.30925984,26511.368701,0.6911708, 68.6547, 78.0535, 90.2909,102.0766
12385.30641528,26511.167229,0.6911815, 68.6549, 77.9510, 90.2535,104.0338
12386.30357251,26510.981325,0.6911692, 68.6560, 77.8499, 90.2145,106.0001
12387.30077224,26510.825448,0.6911461, 68.6580, 77.7513, 90.1730,108.0052
12388.29796787,26510.701882,0.6911276, 68.6603, 77.6556, 90.1288,110.0143
12388.29797482,26510.701880,0.6911276, 68.6603, 77.6556, 90.1288,110.0194
12390.29234139,26510.500731,0.6911480, 68.6645, 77.4703, 90.0362,114.0369
12391.28949173,26510.391559,0.6911923, 68.6657, 77.3784, 89.9901,116.0288
12392.28668870,26510.260684,0.6912527, 68.6663, 77.2855, 89.9454,118.0590
12393.28389881,26510.102338,0.6913203, 68.6664, 77.1909, 89.9027,120.1036
12394.28115319,26509.917412,0.6913853, 68.6662, 77.0946, 89.8619,122.1860
12395.27840897,26509.707711,0.6914396, 68.6660, 76.9965, 89.8227,124.2763
12396.77429963,26509.309442,0.6914890, 68.6662, 76.8472, 89.7656,127.4316
12397.27296948,26509.233848,0.6914952, 68.6662, 76.7972, 89.7469,128.5168
12398.27024299,26508.981631,0.6914940, 68.6670, 76.6973, 89.7088,130.6462
12399.26753021,26508.727024,0.6914766, 68.6682, 76.5980, 89.6696,132.7959
12403.25668760,26507.764407,0.6913676, 68.6764, 76.2153, 89.4973,141.5055
12404.25409719,26507.545794,0.6913630, 68.6786, 76.1231, 89.4508,143.7949
12405.25142117,26507.334453,0.6913766, 68.6805, 76.0313, 89.4038,146.0315
12406.24875634,26507.127974,0.6914088, 68.6819, 75.9393, 89.3569,148.2849
12410.23817833,26506.242055,0.6916232, 68.6826, 75.5557, 89.1833,157.4461
12410.73688753,26506.070928,0.6916411, 68.6827, 75.5054, 89.1631,158.6253
12411.23551739,26505.970160,0.6916521, 68.6827, 75.4548, 89.1436,159.7501
12412.23293655,26505.670982,0.6916552, 68.6833, 75.3533, 89.1040,162.1246
12414.22773252,26505.036118,0.6916000, 68.6876, 75.1544, 89.0192,166.8824
12415.22515681,26504.737356,0.6915678, 68.6909, 75.0591, 88.9725,169.2991
12416.22256615,26504.469347,0.6915527, 68.6942, 74.9666, 88.9235,171.7155
12418.71611488,26503.882683,0.6916265, 68.7004, 74.7399, 88.7990,177.8117
12419.21481079,26503.813175,0.6916559, 68.7010, 74.6939, 88.7755,179.0266
12420.21228798,26503.608004,0.6917200, 68.7018, 74.6009, 88.7294,181.5238
12420.71102291,26503.472332,0.6917521, 68.7022, 74.5537, 88.7068,182.7729
12421.20975252,26503.394788,0.6917818, 68.7023, 74.5059, 88.6854,184.0202
12422.20722939,26503.171897,0.6918324, 68.7027, 74.4093, 88.6431,186.5347
12423.20471042,26502.937652,0.6918660, 68.7031, 74.3114, 88.6018,189.0621
12424.20220014,26502.694603,0.6918802, 68.7039, 74.2129, 88.5609,191.6065
12425.19970028,26502.443811,0.6918758, 68.7050, 74.1145, 88.5195,194.1697
12426.19721308,26502.187207,0.6918562, 68.7066, 74.0168, 88.4771,196.7534
12427.19473315,26501.927417,0.6918267, 68.7086, 73.9203, 88.4332,199.3537
12428.19228796,26501.667603,0.6917943, 68.7110, 73.8254, 88.3875,201.9903
12429.18982288,26501.410032,0.6917661, 68.7137, 73.7322, 88.3401,204.6228
12430.18737214,26501.158636,0.6917490, 68.7164, 73.6405, 88.2912,207.2754
12431.18494370,26500.916352,0.6917483, 68.7189, 73.5499, 88.2413,209.9529
12432.18248189,26500.685923,0.6917670, 68.7212, 73.4599, 88.1909,212.6141
12433.18006437,26500.470649,0.6918053, 68.7230, 73.3697, 88.1407,215.3143
12434.17765078,26500.273743,0.6918601, 68.7241, 73.2784, 88.0915,218.0238
12435.17525499,26500.096707,0.6919253, 68.7247, 73.1856, 88.0438,220.7524
12436.17286664,26499.939396,0.6919922, 68.7248, 73.0907, 87.9979,223.4925
12436.17286678,26499.939395,0.6919922, 68.7248, 73.0907, 87.9979,223.4926
12438.16812466,26499.672966,0.6920917, 68.7245, 72.8946, 87.9109,229.0188
12439.16576553,26499.549416,0.6921092, 68.7248, 72.7949, 87.8682,231.8026
12441.16106425,26499.268135,0.6920822, 68.7279, 72.5980, 87.7786,237.4094
12442.15873109,26499.098256,0.6920599, 68.7306, 72.5033, 87.7298,240.2377
12443.15639735,26498.915633,0.6920528, 68.7337, 72.4116, 87.6784,243.0714
12444.15407260,26498.738254,0.6920733, 68.7366, 72.3220, 87.6253,245.9151
12445.15170631,26498.583851,0.6921246, 68.7389, 72.2331, 87.5723,248.7300
12445.15175450,26498.583851,0.6921246, 68.7389, 72.2331, 87.5723,248.7649
12447.14716403,26498.388934,0.6922899, 68.7411, 72.0520, 87.4715,254.4977
12448.14488780,26498.346660,0.6923782, 68.7411, 71.9583, 87.4247,257.3780
12449.14257061,26498.329937,0.6924548, 68.7409, 71.8626, 87.3799,260.2294
12450.14037583,26498.330076,0.6925128, 68.7406, 71.7654, 87.3365,263.1710
12451.13814146,26498.341197,0.6925498, 68.7405, 71.6676, 87.2935,266.0860
12452.13591685,26498.357467,0.6925670, 68.7408, 71.5698, 87.2501,269.0104
12455.12928045,26498.411861,0.6925494, 68.7439, 71.2825, 87.1126,277.8222
12456.12708707,26498.429214,0.6925433, 68.7455, 71.1898, 87.0635,280.7747
12457.12490185,26498.445590,0.6925490, 68.7473, 71.0987, 87.0130,283.7323
12459.12056503,26498.488211,0.6926159, 68.7502, 70.9192, 86.9098,289.6642
12460.11841560,26498.524099,0.6926808, 68.7511, 70.8295, 86.8584,292.6378
12461.11628022,26498.579897,0.6927634, 68.7513, 70.7389, 86.8081,295.6163
12462.11415953,26498.662991,0.6928570, 68.7510, 70.6465, 86.7594,298.5994
12463.11204032,26498.781402,0.6929527, 68.7501, 70.5519, 86.7128,301.5778
12463.11205063,26498.781503,0.6929527, 68.7501, 70.5519, 86.7128,301.5852
12464.10995517,26498.944736,0.6930402, 68.7488, 70.4551, 86.6680,304.5752
12465.10787259,26499.159197,0.6931105, 68.7475, 70.3564, 86.6245,307.5697
12466.10580085,26499.430879,0.6931579, 68.7465, 70.2566, 86.5814,310.5681
12467.10373714,26499.761856,0.6931818, 68.7461, 70.1569, 86.5376,313.5690
12468.10168601,26500.158740,0.6931883, 68.7465, 70.0586, 86.4918,316.5761
12468.10168637,26500.158758,0.6931883, 68.7465, 70.0586, 86.4918,316.5763
12469.09963845,26500.627332,0.6931896, 68.7476, 69.9626, 86.4434,319.5821
12470.09759829,26501.185261,0.6932015, 68.7492, 69.8695, 86.3921,322.5887
12471.09548705,26501.859829,0.6932390, 68.7509, 69.7788, 86.3388,325.5368
12471.09556887,26501.872125,0.6932390, 68.7510, 69.7788, 86.3388,325.5960
12472.09355004,26502.756203,0.6933111, 68.7523, 69.6894, 86.2847,328.6019
12473.09154969,26503.952961,0.6934178, 68.7530, 69.5998, 86.2314,331.6101
12474.08956413,26505.626002,0.6935506, 68.7528, 69.5085, 86.1802,334.6173
12475.08759087,26507.980502,0.6936977, 68.7520, 69.4148, 86.1317,337.6220
12477.08368926,26515.368496,0.6939955, 68.7489, 69.2204, 86.0429,343.6329
12478.08174349,26519.536428,0.6941286, 68.7470, 69.1211, 86.0039,346.6270
12479.07969782,26520.274151,0.6942106, 68.7448, 69.0214, 85.9712,349.5369
12480.07782811,26508.253760,0.6941332, 68.7418, 68.9214, 85.9471,352.5597
12480.07783367,26508.222401,0.6941329, 68.7418, 68.9214, 85.9471,352.5637
12481.07592550,26471.372882,0.6937360, 68.7380, 68.8203, 85.9202,355.5488
12481.07592787,26471.344480,0.6937356, 68.7380, 68.8202, 85.9202,355.5505
12482.07404526,26422.728004,0.6931656, 68.7347, 68.7169, 85.8598,358.5627
12483.07218135,26416.105470,0.6931047, 68.7343, 68.6129, 85.7663,  1.5979
12484.07031434,26457.812930,0.6936390, 68.7370, 68.5121, 85.6954,  4.6080
12485.06845780,26497.405732,0.6941357, 68.7404, 68.4163, 85.6576,  7.5979
12486.06661729,26515.013485,0.6943725, 68.7427, 68.3236, 85.6258, 10.5883
12487.06472626,26518.732745,0.6944703, 68.7435, 68.2319, 85.5876, 13.5368
12487.06479504,26518.732204,0.6944699, 68.7435, 68.2319, 85.5877, 13.5866
12488.06299920,26517.303961,0.6945368, 68.7430, 68.1397, 85.5442, 16.5967
12488.56210915,26516.044595,0.6945728, 68.7424, 68.0931, 85.5216, 18.1039
12489.06117705,26514.800377,0.6946136, 68.7415, 68.0459, 85.4989, 19.5776
12490.05939179,26512.513278,0.6947024, 68.7393, 67.9498, 85.4541, 22.5738
12491.05761702,26510.756068,0.6947931, 68.7366, 67.8513, 85.4109, 25.5663
12492.05584545,26509.501754,0.6948736, 68.7337, 67.7506, 85.3692, 28.5508
12492.05584550,26509.501739,0.6948736, 68.7337, 67.7506, 85.3692, 28.5508
12493.05409219,26508.647487,0.6949353, 68.7312, 67.6487, 85.3283, 31.5395
12494.05235335,26508.097123,0.6949758, 68.7291, 67.5466, 85.2870, 34.5307
12495.05063034,26507.771134,0.6949991, 68.7279, 67.4457, 85.2444, 37.5262
12496.04889863,26507.614812,0.6950155, 68.7274, 67.3469, 85.1996, 40.5084
12497.04717500,26507.577433,0.6950383, 68.7275, 67.2507, 85.1524, 43.4885
12498.04541269,26507.623974,0.6950806, 68.7279, 67.1570, 85.1035, 46.4315
12499.04372015,26507.716307,0.6951515, 68.7280, 67.0648, 85.0538, 49.4142
12500.04204556,26507.832270,0.6952526, 68.7276, 66.9728, 85.0048, 52.3976
12501.04037953,26507.952713,0.6953775, 68.7265, 66.8797, 84.9579, 55.3740
12501.53954008,26508.048704,0.6954446, 68.7255, 66.8323, 84.9357, 56.8528
12503.03708960,26508.176595,0.6956441, 68.7221, 66.6862, 84.8725, 61.3189
12503.53625253,26508.270314,0.6957030, 68.7206, 66.6362, 84.8531, 62.7876
12504.03549443,26508.287358,0.6957569, 68.7193, 66.5856, 84.8336, 64.3107
12505.53311307,26508.511388,0.6958765, 68.7153, 66.4320, 84.7774, 68.7907
12506.03231723,26508.544271,0.6959033, 68.7143, 66.3806, 84.7583, 70.2786
12506.53153227,26508.657369,0.6959234, 68.7132, 66.3292, 84.7395, 71.7732
12507.03074483,26508.701240,0.6959392, 68.7124, 66.2781, 84.7199, 73.2641
12508.02914448,26508.878701,0.6959589, 68.7111, 66.1768, 84.6799, 76.2233
12508.02918816,26508.878549,0.6959590, 68.7111, 66.1768, 84.6799, 76.2550
12509.02764340,26509.075702,0.6959713, 68.7103, 66.0772, 84.6382, 79.2484
12510.02610736,26509.288730,0.6959852, 68.7099, 65.9793, 84.5947, 82.2417
12511.02456808,26509.513543,0.6960084, 68.7097, 65.8831, 84.5497, 85.2257
12511.52381000,26509.661094,0.6960249, 68.7095, 65.8355, 84.5272, 86.7235
12512.02300080,26509.745865,0.6960469, 68.7095, 65.7882, 84.5037, 88.1819
12513.02153244,26509.979229,0.6961047, 68.7092, 65.6940, 84.4573, 91.2013
12514.02004004,26510.207656,0.6961828, 68.7084, 65.5999, 84.4113, 94.1945
12514.51929226,26510.345001,0.6962284, 68.7078, 65.5525, 84.3890, 95.6866
12515.01855268,26510.422987,0.6962790, 68.7071, 65.5049, 84.3663, 97.1821
12516.01709243,26510.615091,0.6963873, 68.7052, 65.4082, 84.3231,100.1800
12517.01564380,26510.779352,0.6964986, 68.7026, 65.3093, 84.2822,103.1773
12517.51492552,26510.870596,0.6965513, 68.7011, 65.2588, 84.2629,104.6774
12518.01420623,26510.910127,0.6966016, 68.6996, 65.2079, 84.2434,106.1747
12519.01279060,26511.010517,0.6966859, 68.6966, 65.1042, 84.2062,109.1814
12519.51208438,26511.069685,0.6967180, 68.6951, 65.0517, 84.1883,110.6839
12520.01132782,26511.089090,0.6967442, 68.6938, 64.9992, 84.1698,112.1488
12520.51063131,26511.141388,0.6967625, 68.6926, 64.9465, 84.1518,113.6563
12521.50924967,26511.214287,0.6967821, 68.6910, 64.8417, 84.1140,116.6773
12522.00854051,26511.243932,0.6967856, 68.6905, 64.7899, 84.0940,118.1735
12523.00718849,26511.348132,0.6967860, 68.6901, 64.6880, 84.0527,121.2117
12523.50650446,26511.419582,0.6967863, 68.6901, 64.6380, 84.0315,122.7239
12524.50514151,26511.563144,0.6967978, 68.6906, 64.5400, 83.9866,125.7486
12525.00445383,26511.639309,0.6968117, 68.6908, 64.4919, 83.9632,127.2546
12525.50377984,26511.730106,0.6968309, 68.6911, 64.4441, 83.9403,128.7690
12526.00310683,26511.815672,0.6968580, 68.6912, 64.3967, 83.9166,130.2824
12526.50243794,26511.907748,0.6968909, 68.6912, 64.3492, 83.8937,131.7970
12527.50110666,26512.082090,0.6969758, 68.6907, 64.2541, 83.8483,134.8251
12528.00044452,26512.164560,0.6970259, 68.6901, 64.2061, 83.8260,136.3388
12528.49979619,26512.237800,0.6970777, 68.6894, 64.1575, 83.8050,137.8606
12528.99909482,26512.311114,0.6971316, 68.6885, 64.1084, 83.7840,139.3421
12528.99911834,26512.311061,0.6971316, 68.6885, 64.1084, 83.7840,139.3591
12529.49847102,26512.366836,0.6971840, 68.6874, 64.0586, 83.7644,140.8781
12530.99655343,26512.504649,0.6973231, 68.6837, 63.9056, 83.7078,145.4441
12531.99527752,26512.555481,0.6973870, 68.6811, 63.8012, 83.6721,148.4851
12532.99402623,26512.579744,0.6974233, 68.6789, 63.6959, 83.6368,151.5419
12533.49340486,26512.572953,0.6974311, 68.6781, 63.6433, 83.6191,153.0730
12534.99154739,26512.600938,0.6974268, 68.6763, 63.4869, 83.5627,157.6710
12535.49093408,26512.587125,0.6974186, 68.6761, 63.4354, 83.5433,159.2080
12535.99032201,26512.612268,0.6974101, 68.6759, 63.3846, 83.5229,160.7459
12535.99032380,26512.612268,0.6974101, 68.6759, 63.3846, 83.5229,160.7472
12536.48971372,26512.598901,0.6974010, 68.6759, 63.3341, 83.5024,162.2864
12537.98789735,26512.651699,0.6973866, 68.6764, 63.1858, 83.4374,166.9133
12538.98669728,26512.680640,0.6973946, 68.6768, 63.0887, 83.3925,170.0042
12539.48610064,26512.668947,0.6974053, 68.6771, 63.0405, 83.3701,171.5514
12540.48491684,26512.703204,0.6974425, 68.6773, 62.9445, 83.3247,174.6511
12540.98432862,26512.750977,0.6974689, 68.6772, 62.8965, 83.3021,176.2027
12541.98316334,26512.790785,0.6975335, 68.6766, 62.7997, 83.2579,179.3119
12542.48258433,26512.778191,0.6975705, 68.6762, 62.7507, 83.2366,180.8681
12542.98201153,26512.828889,0.6976102, 68.6755, 62.7014, 83.2154,182.4282
12543.48143620,26512.812571,0.6976501, 68.6747, 62.6515, 83.1951,183.9860
12543.98087152,26512.859981,0.6976901, 68.6737, 62.6011, 83.1750,185.5511
12544.97974081,26512.880904,0.6977628, 68.6714, 62.4983, 83.1367,188.6798
12545.97862153,26512.882806,0.6978175, 68.6690, 62.3933, 83.1001,191.8172
12546.97750722,26512.858323,0.6978464, 68.6668, 62.2869, 83.0642,194.9605
12547.47695391,26512.795721,0.6978501, 68.6661, 62.2334, 83.0462,196.5363
12548.97530210,26512.718464,0.6978264, 68.6647, 62.0747, 82.9895,201.2766
12549.47475267,26512.625958,0.6978109, 68.6650, 62.0227, 82.9694,202.8602
12549.97420361,26512.611690,0.6977951, 68.6652, 61.9715, 82.9484,204.4451
12550.47365683,26512.511927,0.6977802, 68.6658, 61.9210, 82.9269,206.0328
12550.97311017,26512.495396,0.6977688, 68.6664, 61.8713, 82.9045,207.6215
12551.97201890,26512.380665,0.6977608, 68.6680, 61.7736, 82.8584,210.8023
12552.97093296,26512.276986,0.6977793, 68.6695, 61.6777, 82.8113,213.9886
12553.47039252,26512.185862,0.6977988, 68.6702, 61.6300, 82.7878,215.5838
12554.96878490,26512.112347,0.6978909, 68.6709, 61.4860, 82.7196,220.3791
12555.96772713,26512.045416,0.6979671, 68.6704, 61.3879, 82.6769,223.5865
12556.46720359,26511.966523,0.6980049, 68.6701, 61.3380, 82.6564,225.1947
12556.96670973,26511.980280,0.6980404, 68.6694, 61.2876, 82.6366,226.8246
12557.46616061,26511.899447,0.6980723, 68.6688, 61.2365, 82.6173,228.4155
12557.96565396,26511.910305,0.6980993, 68.6680, 61.1851, 82.5985,230.0378
12558.46513972,26511.823943,0.6981206, 68.6674, 61.1331, 82.5800,231.6561
12558.96462939,26511.828448,0.6981355, 68.6666, 61.0808, 82.5617,233.2783
12559.46412287,26511.733512,0.6981438, 68.6661, 61.0283, 82.5434,234.9051
12560.46310435,26511.623162,0.6981409, 68.6651, 60.9232, 82.5065,238.1600
12560.96261258,26511.607587,0.6981307, 68.6648, 60.8709, 82.4877,239.8029
12561.46210318,26511.490109,0.6981160, 68.6648, 60.8188, 82.4683,241.4355
12562.96057577,26511.294647,0.6980546, 68.6654, 60.6650, 82.4074,246.3463
12563.46006682,26511.153789,0.6980329, 68.6661, 60.6147, 82.3859,247.9880
12564.45904927,26510.954575,0.6979942, 68.6676, 60.5156, 82.3415,251.2772
12564.95855624,26510.896902,0.6979793, 68.6683, 60.4669, 82.3187,252.9360
12565.45804914,26510.738799,0.6979690, 68.6693, 60.4185, 82.2953,254.5867
12566.95655731,26510.441907,0.6979674, 68.6719, 60.2751, 82.2245,259.5694
12567.45605423,26510.274805,0.6979778, 68.6728, 60.2276, 82.2006,261.2294
12567.95556168,26510.203452,0.6979930, 68.6734, 60.1800, 82.1771,262.8980
12568.45506205,26510.035303,0.6980133, 68.6740, 60.1323, 82.1536,264.5633
12569.45406351,26509.796633,0.6980650, 68.6747, 60.0361, 82.1078,267.8981
12569.95357025,26509.727434,0.6980945, 68.6747, 59.9875, 82.0857,269.5718
12570.95258498,26509.499135,0.6981566, 68.6745, 59.8886, 82.0426,272.9250
12571.45208749,26509.341637,0.6981867, 68.6743, 59.8383, 82.0217,274.6009
12572.95061071,26509.083148,0.6982546, 68.6726, 59.6840, 81.9621,279.6509
12573.94962555,26508.897144,0.6982715, 68.6717, 59.5790, 81.9235,283.0293
12574.44913406,26508.760028,0.6982699, 68.6715, 59.5262, 81.9039,284.7238
12575.94764790,26508.536669,0.6982250, 68.6716, 59.3687, 81.8438,289.8173
12576.94665076,26508.332976,0.6981762, 68.6729, 59.2663, 81.8002,293.2252
12577.94564697,26508.094241,0.6981305, 68.6753, 59.1669, 81.7534,296.6412
12578.94463714,26507.816873,0.6981045, 68.6782, 59.0706, 81.7039,300.0638
12579.94362263,26507.511321,0.6981087, 68.6811, 58.9765, 81.6530,303.4921
12580.44311425,26507.306233,0.6981233, 68.6826, 58.9298, 81.6274,305.2084
12581.44209663,26507.001753,0.6981729, 68.6849, 58.8361, 81.5774,308.6448
12581.94159471,26506.910542,0.6982051, 68.6856, 58.7888, 81.5534,310.3701
12582.94057411,26506.673079,0.6982773, 68.6867, 58.6928, 81.5068,313.8139
12583.93957505,26506.518888,0.6983470, 68.6871, 58.5944, 81.4625,317.2809
12584.43905767,26506.432247,0.6983774, 68.6873, 58.5444, 81.4409,319.0051
12584.93855376,26506.482525,0.6984024, 68.6871, 58.4938, 81.4201,320.7409
12585.93754471,26506.617354,0.6984358, 68.6871, 58.3915, 81.3787,324.2206
12587.43601634,26507.285410,0.6984418, 68.6875, 58.2368, 81.3154,329.4533
12587.93551360,26507.793546,0.6984340, 68.6878, 58.1852, 81.2940,331.2090
12588.43500931,26508.355813,0.6984235, 68.6885, 58.1341, 81.2714,332.9678
12588.93450326,26509.218544,0.6984117, 68.6891, 58.0832, 81.2487,334.7283
12589.43398432,26510.229171,0.6984006, 68.6900, 58.0328, 81.2247,336.4839
12590.93241717,26515.563387,0.6983946, 68.6934, 57.8845, 81.1503,341.7634
12591.93135967,26521.173841,0.6984360, 68.6962, 57.7883, 81.0994,345.2902
12591.93137092,26521.188677,0.6984362, 68.6962, 57.7883, 81.0994,345.2983
12592.43082801,26524.184203,0.6984719, 68.6976, 57.7410, 81.0749,347.0554
12593.92922688,26519.900191,0.6984881, 68.6996, 57.6001, 81.0199,352.3487
12595.42761237,26443.983803,0.6977025, 68.6967, 57.4536, 80.9639,357.6454
12596.92598751,26424.441958,0.6975921, 68.6971, 57.2956, 80.8164,  3.0019
12597.92489786,26478.279700,0.6983072, 68.7011, 57.1915, 80.7633,  6.5537
12598.42435053,26497.705933,0.6985576, 68.7028, 57.1405, 80.7510,  8.3249
12598.92379221,26508.492891,0.6987008, 68.7042, 57.0899, 80.7389, 10.0911
12599.92269882,26515.617465,0.6988079, 68.7054, 56.9883, 80.7103, 13.6541
12600.92158769,26514.342176,0.6988105, 68.7056, 56.8857, 80.6737, 17.2216
12601.42102613,26512.935275,0.6987981, 68.7054, 56.8339, 80.6539, 19.0068
12602.91932215,26508.765145,0.6987389, 68.7058, 56.6792, 80.5879, 24.3689
12603.91817459,26506.713825,0.6986912, 68.7069, 56.5777, 80.5405, 27.9525
12604.41759274,26505.924492,0.6986687, 68.7077, 56.5278, 80.5159, 29.7436
12605.91581864,26504.066730,0.6986292, 68.7116, 56.3832, 80.4364, 35.1129
12605.91582797,26504.065190,0.6986292, 68.7116, 56.3832, 80.4364, 35.1197
12606.91463377,26503.204042,0.6986426, 68.7145, 56.2901, 80.3813, 38.7027
12607.41403363,26502.870115,0.6986640, 68.7159, 56.2441, 80.3541, 40.4945
12608.91221541,26501.950697,0.6987805, 68.7191, 56.1062, 80.2729, 45.8633
12609.91099583,26501.460679,0.6988852, 68.7201, 56.0122, 80.2225, 49.4415
12610.41038517,26501.256638,0.6989393, 68.7202, 55.9642, 80.1989, 51.2313
12611.90854670,26500.647128,0.6990838, 68.7197, 55.8166, 80.1306, 56.6029
12612.90731188,26500.311320,0.6991524, 68.7190, 55.7155, 80.0875, 60.1851
12612.90731860,26500.311199,0.6991524, 68.7190, 55.7155, 80.0875, 60.1899
12613.90606628,26500.020086,0.6991936, 68.7183, 55.6133, 80.0448, 63.7673
12614.90480808,26499.771189,0.6992098, 68.7181, 55.5112, 80.0015, 67.3490
12615.40417470,26499.667392,0.6992106, 68.7181, 55.4603, 79.9797, 69.1401
12616.40289506,26499.477859,0.6992022, 68.7187, 55.3597, 79.9339, 72.7197
12617.40160128,26499.326551,0.6991892, 68.7199, 55.2609, 79.8860, 76.2972
12618.40029313,26499.211346,0.6991813, 68.7215, 55.1641, 79.8360, 79.8716
12619.39896746,26499.123798,0.6991873, 68.7235, 55.0691, 79.7843, 83.4392
12619.89832833,26499.099818,0.6991974, 68.7245, 55.0223, 79.7576, 85.2419
12620.39763179,26499.061197,0.6992134, 68.7255, 54.9756, 79.7316, 87.0038
12621.89560611,26499.010646,0.6992963, 68.7281, 54.8367, 79.6519, 92.3393
12622.39492628,26498.975172,0.6993352, 68.7288, 54.7902, 79.6263, 94.1149
12624.39217946,26498.894772,0.6995282, 68.7295, 54.6015, 79.5263,101.1974
12625.39078821,26498.843716,0.6996325, 68.7287, 54.5044, 79.4793,104.7249
12626.38939128,26498.783079,0.6997290, 68.7274, 54.4050, 79.4345,108.2480
12627.38797941,26498.714231,0.6998093, 68.7257, 54.3035, 79.3911,111.7606
12627.88726512,26498.712487,0.6998412, 68.7248, 54.2523, 79.3694,113.5115
12629.38511187,26498.574727,0.6999015, 68.7228, 54.0972, 79.3055,118.7586
12630.88291695,26498.551589,0.6999171, 68.7222, 53.9436, 79.2375,123.9812
12631.38217494,26498.505655,0.6999180, 68.7226, 53.8932, 79.2141,125.7154
12633.37916308,26498.605752,0.6999478, 68.7255, 53.6987, 79.1120,132.6224
12633.87839244,26498.708827,0.6999710, 68.7263, 53.6517, 79.0849,134.3353
12633.87840002,26498.708799,0.6999710, 68.7263, 53.6517, 79.0849,134.3408
12634.37763262,26498.730767,0.7000032, 68.7273, 53.6050, 79.0584,136.0545
12635.37608821,26498.890512,0.7000945, 68.7285, 53.5121, 79.0051,139.4706
12636.37453287,26499.062694,0.7002158, 68.7289, 53.4185, 78.9539,142.8707
12637.37297444,26499.224441,0.7003521, 68.7281, 53.3226, 78.9060,146.2598
12637.87219086,26499.345829,0.7004198, 68.7272, 53.2737, 78.8831,147.9480
12638.37140741,26499.361854,0.7004846, 68.7264, 53.2239, 78.8615,149.6342
12639.36982923,26499.472590,0.7005973, 68.7240, 53.1223, 78.8196,152.9935
12639.86903601,26499.569946,0.7006431, 68.7226, 53.0709, 78.7991,154.6682
12640.36824704,26499.565147,0.7006813, 68.7215, 53.0190, 78.7791,156.3446
12640.86745411,26499.656764,0.7007118, 68.7202, 52.9670, 78.7587,158.0173
12641.36664517,26499.649766,0.7007355, 68.7193, 52.9148, 78.7385,159.6772
12642.36503547,26499.738626,0.7007650, 68.7176, 52.8111, 78.6968,163.0008
12643.86257611,26499.942301,0.7007837, 68.7161, 52.6582, 78.6303,167.9470
12644.36174954,26499.957660,0.7007884, 68.7161, 52.6080, 78.6073,169.5886
12645.36008080,26500.096444,0.7008031, 68.7162, 52.5094, 78.5595,172.8565
12645.85924711,26500.216623,0.7008153, 68.7163, 52.4608, 78.5348,174.4886
12646.35842007,26500.256669,0.7008318, 68.7166, 52.4125, 78.5101,176.1237
12646.85758408,26500.385873,0.7008534, 68.7168, 52.3647, 78.4849,177.7504
12647.35673152,26500.438791,0.7008805, 68.7171, 52.3170, 78.4598,179.3628
12647.85585528,26500.576502,0.7009133, 68.7172, 52.2696, 78.4344,180.9558
12648.35502500,26500.641828,0.7009518, 68.7174, 52.2222, 78.4094,182.5796
12648.85416365,26500.786898,0.7009959, 68.7173, 52.1749, 78.3843,184.1783
12649.35330488,26500.863811,0.7010450, 68.7172, 52.1273, 78.3597,185.7760
12650.35156941,26501.101436,0.7011554, 68.7163, 52.0315, 78.3116,188.9500
12651.34982081,26501.350242,0.7012756, 68.7146, 51.9340, 78.2655,192.1028
12652.34806353,26501.604665,0.7013959, 68.7122, 51.8344, 78.2218,195.2380
12653.34629516,26501.858933,0.7015066, 68.7091, 51.7325, 78.1803,198.3543
12653.84540562,26502.006075,0.7015557, 68.7074, 51.6808, 78.1601,199.9048
12654.34447665,26502.106583,0.7015992, 68.7057, 51.6286, 78.1403,201.4245
12654.84357244,26502.245096,0.7016370, 68.7040, 51.5762, 78.1206,202.9600
12655.34268503,26502.342216,0.7016684, 68.7024, 51.5234, 78.1010,204.5057
12656.34087712,26502.562546,0.7017135, 68.6994, 51.4177, 78.0615,207.5677
12656.83996416,26502.678522,0.7017282, 68.6982, 51.3651, 78.0412,209.0896
12657.33904499,26502.765169,0.7017386, 68.6972, 51.3127, 78.0205,210.6054
12658.33720370,26502.952373,0.7017527, 68.6958, 51.2092, 77.9773,213.6299
12659.33534143,26503.125163,0.7017684, 68.6953, 51.1079, 77.9316,216.6322
12660.83250296,26503.385652,0.7018246, 68.6957, 50.9607, 77.8588,221.0866
12660.83251333,26503.385627,0.7018246, 68.6957, 50.9607, 77.8588,221.0941
12662.82869360,26503.790952,0.7020056, 68.6958, 50.7689, 77.7600,226.9665
12663.82673090,26504.040753,0.7021375, 68.6946, 50.6718, 77.7135,229.8428
12664.32575724,26504.188451,0.7022081, 68.6936, 50.6224, 77.6915,231.2808
12664.82481629,26504.319821,0.7022791, 68.6923, 50.5723, 77.6702,232.7390
12665.82287506,26504.614587,0.7024115, 68.6891, 50.4698, 77.6304,235.6023
12667.81896153,26505.197337,0.7025935, 68.6814, 50.2574, 77.5567,241.2739
12668.81700998,26505.459990,0.7026354, 68.6778, 50.1499, 77.5199,244.1014
12669.31600006,26505.606609,0.7026462, 68.6763, 50.0964, 77.5011,245.4878
12670.31400419,26505.833837,0.7026552, 68.6738, 49.9905, 77.4616,248.2735
12671.31199330,26506.038592,0.7026572, 68.6722, 49.8866, 77.4197,251.0416
12672.30996118,26506.225320,0.7026639, 68.6712, 49.7848, 77.3756,253.7871
12672.30996253,26506.225314,0.7026639, 68.6712, 49.7848, 77.3756,253.7880
12673.30792082,26506.397365,0.7026845, 68.6707, 49.6850, 77.3297,256.5181
12674.30586025,26506.561157,0.7027252, 68.6703, 49.5866, 77.2828,259.2250
12675.80275111,26506.768863,0.7028287, 68.6695, 49.4402, 77.2122,263.2520
12675.80275690,26506.768831,0.7028287, 68.6695, 49.4402, 77.2122,263.2562
12677.29958144,26507.053791,0.7029747, 68.6674, 49.2926, 77.1446,267.2084
12678.29750591,26507.234278,0.7030852, 68.6651, 49.1923, 77.1018,269.8583
12678.79644331,26507.292571,0.7031411, 68.6637, 49.1414, 77.0810,271.1612
12679.29537167,26507.426724,0.7031950, 68.6620, 49.0898, 77.0613,272.4543
12680.29324993,26507.635402,0.7032937, 68.6583, 48.9850, 77.0229,275.0490
12680.79215935,26507.708558,0.7033364, 68.6564, 48.9319, 77.0041,276.3216
12681.29107811,26507.858687,0.7033725, 68.6542, 48.8782, 76.9861,277.5984
12681.78999095,26507.936657,0.7034028, 68.6523, 48.8243, 76.9678,278.8696
12682.28890025,26508.090127,0.7034257, 68.6502, 48.7700, 76.9500,280.1362
12682.28890826,26508.090043,0.7034257, 68.6502, 48.7700, 76.9500,280.1420
12682.78788919,26508.168790,0.7034425, 68.6484, 48.7157, 76.9316,281.4594
12683.28680929,26508.320185,0.7034524, 68.6465, 48.6613, 76.9135,282.7310
12684.28463346,26508.539662,0.7034573, 68.6436, 48.5533, 76.8754,285.2596
12685.28243288,26508.738688,0.7034499, 68.6415, 48.4469, 76.8351,287.7660
12686.28022153,26508.905588,0.7034426, 68.6404, 48.3429, 76.7922,290.2599
12687.27795709,26509.034760,0.7034486, 68.6400, 48.2412, 76.7469,292.7097
12688.27569340,26509.126794,0.7034789, 68.6399, 48.1417, 76.7001,295.1527
12689.27342365,26509.191344,0.7035394, 68.6398, 48.0433, 76.6531,297.5822
12689.77228773,26509.188892,0.7035814, 68.6397, 47.9941, 76.6296,298.7925
12689.77237403,26509.188228,0.7035813, 68.6397, 47.9941, 76.6296,298.8550
12691.26887274,26509.300226,0.7037385, 68.6377, 47.8446, 76.5638,302.4000
12692.26659290,26509.386136,0.7038529, 68.6351, 47.7419, 76.5236,304.7887
12693.26430375,26509.513487,0.7039544, 68.6317, 47.6362, 76.4864,307.1610
12694.26201300,26509.685899,0.7040283, 68.6277, 47.5278, 76.4513,309.5246
12695.25971194,26509.893045,0.7040668, 68.6237, 47.4178, 76.4168,311.8759
12696.25739308,26510.122699,0.7040713, 68.6202, 47.3077, 76.3815,314.2117
12697.25507153,26510.359369,0.7040510, 68.6174, 47.1986, 76.3440,316.5439
12697.25517743,26510.360433,0.7040509, 68.6174, 47.1986, 76.3440,316.6206
12699.25037871,26510.842553,0.7039898, 68.6145, 46.9867, 76.2608,321.1678
12700.24799718,26511.109645,0.7039741, 68.6141, 46.8843, 76.2156,323.4502
12701.24560694,26511.421420,0.7039794, 68.6141, 46.7835, 76.1690,325.7220
12702.24320565,26511.817819,0.7040093, 68.6140, 46.6837, 76.1219,327.9803
12703.24079976,26512.348111,0.7040628, 68.6137, 46.5840, 76.0751,330.2291
12707.72984378,26518.792546,0.7044424, 68.6043, 46.1175, 75.8833,340.1770
12710.22369870,26528.966047,0.7045999, 68.5961, 45.8428, 75.7881,345.6306
12712.21882522,26539.119409,0.7046765, 68.5916, 45.6250, 75.7152,350.0232
12713.21630628,26538.186725,0.7046528, 68.5899, 45.5191, 75.6836,352.1568
12714.21377948,26524.278183,0.7044976, 68.5881, 45.4151, 75.6556,354.2803
12715.21123589,26490.955751,0.7041349, 68.5858, 45.3118, 75.6234,356.3901
12716.20868150,26445.794844,0.7036502, 68.5832, 45.2075, 75.5715,358.4989
12717.20611771,26415.772381,0.7033667, 68.5812, 45.1013, 75.4953,  0.6107
12717.70483343,26414.185037,0.7033932, 68.5805, 45.0477, 75.4543,  1.6647
12718.20354769,26421.412840,0.7035272, 68.5804, 44.9935, 75.4161,  2.7153
12719.20097628,26452.096025,0.7039825, 68.5802, 44.8849, 75.3582,  4.8032
12720.19839976,26484.315090,0.7044292, 68.5798, 44.7755, 75.3231,  6.8732
12721.19581673,26506.355083,0.7047198, 68.5787, 44.6652, 75.2988,  8.9336
12722.19322610,26518.106176,0.7048537, 68.5769, 44.5542, 75.2756, 10.9911
12724.18799417,26524.419634,0.7048351, 68.5733, 44.3331, 75.2173, 15.0899
12724.18801284,26524.421136,0.7048350, 68.5733, 44.3331, 75.2173, 15.1034
12725.18538921,26524.026735,0.7047625, 68.5723, 44.2251, 75.1805, 17.1587
12726.18275042,26522.930845,0.7046852, 68.5720, 44.1195, 75.1392, 19.2099
12727.18009713,26521.630679,0.7046212, 68.5725, 44.0165, 75.0944, 21.2559
12728.17743081,26520.345580,0.7045817, 68.5733, 43.9156, 75.0473, 23.2961
12729.17475116,26519.163809,0.7045713, 68.5742, 43.8160, 74.9992, 25.3290
12731.16937562,26517.175495,0.7046293, 68.5749, 43.6170, 74.9046, 29.3856
12732.16667349,26516.358695,0.7046842, 68.5743, 43.5160, 74.8597, 31.4043
12735.15855658,26514.451734,0.7048331, 68.5683, 43.2009, 74.7379, 37.4638
12735.65716760,26514.170212,0.7048431, 68.5670, 43.1466, 74.7189, 38.4507
12736.15581340,26513.967873,0.7048467, 68.5656, 43.0921, 74.7000, 39.4650
12736.65444697,26513.712618,0.7048435, 68.5644, 43.0374, 74.6811, 40.4716
12737.65167927,26513.317144,0.7048179, 68.5623, 42.9279, 74.6425, 42.4667
12738.15029545,26513.178318,0.7047969, 68.5614, 42.8735, 74.6227, 43.4681
12739.14753377,26512.860564,0.7047443, 68.5606, 42.7658, 74.5810, 45.4821
12739.64614174,26512.677502,0.7047161, 68.5608, 42.7128, 74.5589, 46.4846
12740.14474701,26512.582847,0.7046891, 68.5609, 42.6605, 74.5363, 47.4882
12741.14195496,26512.329023,0.7046459, 68.5622, 42.5580, 74.4889, 49.4997
12742.13914874,26512.086087,0.7046273, 68.5640, 42.4580, 74.4396, 51.5089
12743.13633070,26511.839506,0.7046403, 68.5659, 42.3597, 74.3896, 53.5156
12744.13350217,26511.574989,0.7046840, 68.5675, 42.2617, 74.3403, 55.5190
12745.13066734,26511.288645,0.7047506, 68.5683, 42.1629, 74.2932, 57.5215
12746.12782862,26510.978219,0.7048268, 68.5682, 42.0621, 74.2488, 59.5248
12747.12499508,26510.648391,0.7048973, 68.5672, 41.9588, 74.2073, 61.5365
12747.62358921,26510.435620,0.7049263, 68.5665, 41.9062, 74.1872, 62.5523
12748.12216598,26510.308630,0.7049486, 68.5656, 41.8531, 74.1679, 63.5580
12749.11931713,26509.970750,0.7049713, 68.5637, 41.7455, 74.1296, 65.5740
12750.11645971,26509.648518,0.7049628, 68.5620, 41.6372, 74.0911, 67.5947
12751.11359583,26509.350389,0.7049273, 68.5610, 41.5291, 74.0511, 69.6236
12752.11071428,26509.082287,0.7048747, 68.5608, 41.4226, 74.0085, 71.6534
12753.10781316,26508.843958,0.7048186, 68.5615, 41.3183, 73.9631, 73.6827
12754.10491032,26508.626959,0.7047726, 68.5631, 41.2164, 73.9150, 75.7238
12755.10198855,26508.420322,0.7047476, 68.5653, 41.1168, 73.8650, 77.7627
12756.09906208,26508.210950,0.7047494, 68.5676, 41.0188, 73.8140, 79.8083
12758.09316469,26507.744969,0.7048304, 68.5713, 40.8238, 73.7135, 83.8925
12758.59168784,26507.571252,0.7048629, 68.5720, 40.7746, 73.6891, 84.9164
12760.08725737,26507.182855,0.7049683, 68.5722, 40.6243, 73.6200, 88.0004
12761.08429377,26506.864643,0.7050340, 68.5715, 40.5217, 73.5765, 90.0597
12762.08132739,26506.527503,0.7050849, 68.5703, 40.4170, 73.5346, 92.1269
12764.07536360,26505.822805,0.7051183, 68.5675, 40.2034, 73.4528, 96.2744
12765.07236948,26505.476831,0.7050991, 68.5668, 40.0962, 73.4106, 98.3600
12766.06934422,26505.150865,0.7050633, 68.5670, 39.9902, 73.3663,100.4381
12767.06632301,26504.857685,0.7050226, 68.5682, 39.8862, 73.3191,102.5343
12767.06632515,26504.857675,0.7050226, 68.5682, 39.8862, 73.3191,102.5358
12768.06328696,26504.602178,0.7049915, 68.5705, 39.7849, 73.2690,104.6341
12768.56176257,26504.445836,0.7049845, 68.5719, 39.7353, 73.2427,105.6842
12770.05718315,26504.184617,0.7050092, 68.5764, 39.5893, 73.1633,108.8466
12770.55564693,26504.046539,0.7050352, 68.5779, 39.5414, 73.1364,109.8980
12771.05411967,26503.990435,0.7050682, 68.5790, 39.4931, 73.1106,110.9580
12772.05103891,26503.779476,0.7051533, 68.5808, 39.3962, 73.0599,113.0637
12773.04795367,26503.536682,0.7052504, 68.5816, 39.2973, 73.0123,115.1726
12775.04177501,26502.947663,0.7054167, 68.5803, 39.0920, 72.9253,119.4075
12776.03868024,26502.612840,0.7054626, 68.5790, 38.9862, 72.8841,121.5359
12777.03558087,26502.270578,0.7054784, 68.5779, 38.8795, 72.8427,123.6734
12778.03247045,26501.935290,0.7054684, 68.5773, 38.7731, 72.7999,125.8164
12779.02934748,26501.620836,0.7054422, 68.5775, 38.6679, 72.7548,127.9644
12780.02620792,26501.337822,0.7054124, 68.5786, 38.5648, 72.7068,130.1140
12781.02305850,26501.089822,0.7053919, 68.5805, 38.4639, 72.6563,132.2691
12782.01989880,26500.878172,0.7053914, 68.5830, 38.3651, 72.6038,134.4278
12783.01672478,26500.697704,0.7054176, 68.5857, 38.2679, 72.5504,136.5851
12784.01354239,26500.538587,0.7054718, 68.5881, 38.1714, 72.4970,138.7436
12785.01034821,26500.389019,0.7055499, 68.5898, 38.0745, 72.4449,140.8996
12786.00715328,26500.239405,0.7056440, 68.5908, 37.9766, 72.3947,143.0601
12786.50554561,26500.136652,0.7056939, 68.5910, 37.9271, 72.3700,144.1347
12788.00073217,26499.909413,0.7058387, 68.5900, 37.7750, 72.3011,147.3736
12788.00074271,26499.909375,0.7058387, 68.5900, 37.7750, 72.3011,147.3813
12789.99429896,26499.522434,0.7059799, 68.5867, 37.5656, 72.2146,151.7028
12790.99106615,26499.311989,0.7060168, 68.5850, 37.4591, 72.1721,153.8671
12791.98782336,26499.097086,0.7060315, 68.5837, 37.3524, 72.1286,156.0328
12792.98455778,26498.886746,0.7060300, 68.5832, 37.2465, 72.0833,158.1910
12794.97800298,26498.529962,0.7060207, 68.5850, 37.0403, 71.9850,162.5157
12794.97802324,26498.529917,0.7060207, 68.5850, 37.0403, 71.9850,162.5304
12796.97138931,26498.339333,0.7060896, 68.5895, 36.8431, 71.8779,166.8206
12797.96806559,26498.317131,0.7061745, 68.5916, 36.7464, 71.8241,168.9632
12798.96473371,26498.330091,0.7062894, 68.5927, 36.6490, 71.7723,171.0983
12799.96139807,26498.357459,0.7064204, 68.5926, 36.5498, 71.7237,173.2279
12800.95805909,26498.377765,0.7065495, 68.5913, 36.4478, 71.6786,175.3524
12801.45639105,26498.403372,0.7066076, 68.5902, 36.3958, 71.6567,176.4151
12802.95137559,26498.353565,0.7067394, 68.5862, 36.2360, 71.5957,179.5949
12803.94802139,26498.311398,0.7067867, 68.5834, 36.1280, 71.5550,181.7093
12805.94128774,26498.215504,0.7068094, 68.5798, 35.9136, 71.4687,185.9286
12806.93790404,26498.185758,0.7068086, 68.5794, 35.8090, 71.4217,188.0297
12807.93450039,26498.179492,0.7068169, 68.5797, 35.7065, 71.3723,190.1171
12808.93108037,26498.204015,0.7068446, 68.5806, 35.6060, 71.3211,192.1914
12808.93108925,26498.203992,0.7068446, 68.5806, 35.6060, 71.3211,192.1979
12809.92764788,26498.261945,0.7068982, 68.5817, 35.5069, 71.2690,194.2533
12810.92420412,26498.353961,0.7069789, 68.5825, 35.4084, 71.2171,196.3017
12811.92075517,26498.476748,0.7070831, 68.5827, 35.3096, 71.1665,198.3394
12812.91729888,26498.626504,0.7072031, 68.5819, 35.2096, 71.1180,200.3638
12813.91382914,26498.795423,0.7073285, 68.5801, 35.1078, 71.0720,202.3702
12813.91385243,26498.795286,0.7073285, 68.5801, 35.1078, 71.0720,202.3870
12814.91035661,26498.975051,0.7074482, 68.5774, 35.0038, 71.0285,204.3664
12815.40861134,26499.120994,0.7075028, 68.5756, 34.9510, 71.0073,205.3552
12815.90687547,26499.156952,0.7075527, 68.5739, 34.8977, 70.9871,206.3491
12816.40513373,26499.302487,0.7075971, 68.5718, 34.8440, 70.9666,207.3371
12816.90338364,26499.335712,0.7076355, 68.5701, 34.7899, 70.9469,208.3177
12817.89988783,26499.505514,0.7076941, 68.5662, 34.6810, 70.9070,210.2780
12818.39813246,26499.640981,0.7077147, 68.5642, 34.6265, 70.8867,211.2509
12819.89285741,26499.810816,0.7077489, 68.5600, 34.4636, 70.8245,214.1570
12820.88931486,26499.946921,0.7077600, 68.5581, 34.3567, 70.7803,216.0702
12821.88575986,26500.079413,0.7077747, 68.5572, 34.2517, 70.7337,217.9691
12822.88218882,26500.215872,0.7078053, 68.5570, 34.1489, 70.6849,219.8498
12822.88221640,26500.215792,0.7078053, 68.5570, 34.1489, 70.6849,219.8698
12823.87859722,26500.367471,0.7078624, 68.5572, 34.0479, 70.6348,221.7070
12824.87499937,26500.547462,0.7079518, 68.5574, 33.9479, 70.5847,223.5487
12826.36958250,26500.935029,0.7081415, 68.5560, 33.7971, 70.5126,226.2715
12827.86415398,26501.324463,0.7083582, 68.5521, 33.6414, 70.4483,228.9531
12828.36233876,26501.516267,0.7084257, 68.5499, 33.5881, 70.4285,229.8358
12828.86051983,26501.636285,0.7084865, 68.5477, 33.5338, 70.4097,230.7129
12829.85689247,26501.943402,0.7085832, 68.5426, 33.4236, 70.3734,232.4668
12830.85326078,26502.228293,0.7086422, 68.5374, 33.3118, 70.3376,234.2090
12831.35143850,26502.387081,0.7086588, 68.5349, 33.2559, 70.3194,235.0729
12832.84594859,26502.708764,0.7086715, 68.5291, 33.0895, 70.2614,237.6394
12833.34411175,26502.833407,0.7086703, 68.5275, 33.0350, 70.2406,238.4869
12834.83857560,26503.102086,0.7086741, 68.5248, 32.8749, 70.1744,241.0005
12835.83487117,26503.288878,0.7086986, 68.5238, 32.7708, 70.1277,242.6554
12836.83114205,26503.480435,0.7087486, 68.5231, 32.6683, 70.0801,244.2817
12837.82740514,26503.683513,0.7088249, 68.5222, 32.5664, 70.0327,245.8901
12838.32553295,26503.794601,0.7088723, 68.5216, 32.5154, 70.0093,246.6866
12838.82365534,26503.903158,0.7089239, 68.5208, 32.4642, 69.9865,247.4757
12839.81989642,26504.142335,0.7090377, 68.5185, 32.3608, 69.9423,249.0408
12840.81612547,26504.401160,0.7091561, 68.5152, 32.2556, 69.9007,250.5834
12841.81235017,26504.676913,0.7092678, 68.5109, 32.1483, 69.8615,252.1098
12842.80855609,26504.965049,0.7093630, 68.5059, 32.0389, 69.8243,253.6107
12843.30666046,26505.098806,0.7094024, 68.5032, 31.9835, 69.8062,254.3584
12844.30285251,26505.386123,0.7094610, 68.4978, 31.8717, 69.7706,255.8345
12844.80094310,26505.544172,0.7094801, 68.4950, 31.8155, 69.7529,256.5655
12845.79712669,26505.817469,0.7095009, 68.4900, 31.7032, 69.7167,258.0239
12846.79328602,26506.070313,0.7095032, 68.4857, 31.5915, 69.6789,259.4581
12847.78942812,26506.297386,0.7094959, 68.4824, 31.4812, 69.6390,260.8736
12849.28360824,26506.556628,0.7094915, 68.4793, 31.3196, 69.5747,262.9604
12849.78166152,26506.665847,0.7094968, 68.4785, 31.2666, 69.5523,263.6470
12851.27579112,26506.853137,0.7095510, 68.4772, 31.1105, 69.4832,265.6714
12851.77382671,26506.951866,0.7095830, 68.4767, 31.0589, 69.4602,266.3350
12853.26791496,26507.132776,0.7097219, 68.4746, 30.9038, 69.3927,268.2941
12853.76594025,26507.249085,0.7097780, 68.4733, 30.8514, 69.3717,268.9370
12854.76198401,26507.442197,0.7098961, 68.4699, 30.7450, 69.3317,270.2080
12855.75801948,26507.676653,0.7100051, 68.4652, 30.6355, 69.2952,271.4601
12856.75404011,26507.944805,0.7100871, 68.4595, 30.5231, 69.2614,272.6908
12858.24806973,26508.327559,0.7101372, 68.4505, 30.3510, 69.2121,274.5230
12858.74607607,26508.496212,0.7101340, 68.4475, 30.2934, 69.1955,275.1287
12860.24005977,26508.792743,0.7100895, 68.4407, 30.1229, 69.1406,276.9172
12861.23602286,26508.959670,0.7100511, 68.4378, 30.0121, 69.1001,278.0871
12861.73399760,26509.064880,0.7100355, 68.4366, 29.9577, 69.0789,278.6654
12862.72993273,26509.177181,0.7100210, 68.4352, 29.8507, 69.0344,279.8080
12863.22790594,26509.188255,0.7100241, 68.4348, 29.7981, 69.0114,280.3811
12863.72585087,26509.269114,0.7100335, 68.4342, 29.7456, 68.9887,280.9312
12864.72175414,26509.353547,0.7100743, 68.4332, 29.6414, 68.9428,282.0349
12866.71352442,26509.539923,0.7102191, 68.4294, 29.4317, 68.8553,284.1863
12868.20731149,26509.690119,0.7103452, 68.4243, 29.2704, 68.7952,285.7447
12868.70523674,26509.791619,0.7103825, 68.4220, 29.2155, 68.7768,286.2567
12869.70108047,26509.946039,0.7104447, 68.4170, 29.1044, 68.7407,287.2707
12870.69691724,26510.115665,0.7104831, 68.4116, 28.9915, 68.7058,288.2737
12871.69274038,26510.293834,0.7104946, 68.4062, 28.8776, 68.6712,289.2625
12872.68854224,26510.470673,0.7104804, 68.4013, 28.7636, 68.6358,290.2331
12873.68432357,26510.634976,0.7104464, 68.3971, 28.6503, 68.5987,291.1872
12874.68009186,26510.775434,0.7104019, 68.3939, 28.5385, 68.5594,292.1305
12876.67156730,26510.960691,0.7103262, 68.3905, 28.3210, 68.4736,293.9674
12877.66727513,26511.001796,0.7103154, 68.3899, 28.2153, 68.4279,294.8593
12878.66296385,26511.013818,0.7103313, 68.3896, 28.1108, 68.3817,295.7322
12879.65863762,26511.007814,0.7103744, 68.3890, 28.0068, 68.3361,296.5876
12880.65430210,26510.999082,0.7104401, 68.3878, 27.9021, 68.2922,297.4285
12881.64995387,26511.005198,0.7105179, 68.3855, 27.7956, 68.2509,298.2520
12882.64559697,26511.043267,0.7105930, 68.3820, 27.6867, 68.2127,299.0616
12883.64123308,26511.123578,0.7106491, 68.3775, 27.5750, 68.1772,299.8600
12884.63686027,26511.244579,0.7106726, 68.3723, 27.4610, 68.1434,300.6485
12885.63247469,26511.390070,0.7106573, 68.3671, 27.3457, 68.1095,301.4273
12885.63248232,26511.389874,0.7106573, 68.3671, 27.3457, 68.1095,301.4328
12886.62807425,26511.532615,0.7106074, 68.3626, 27.2308, 68.0739,302.1973
12887.62365488,26511.643269,0.7105373, 68.3593, 27.1175, 68.0351,302.9570
12888.61921722,26511.703552,0.7104662, 68.3574, 27.0070, 67.9928,303.7065
12889.61475523,26511.710690,0.7104124, 68.3568, 26.8994, 67.9473,304.4400
12890.61027331,26511.675388,0.7103879, 68.3569, 26.7941, 67.9000,305.1583
12891.60577581,26511.612350,0.7103962, 68.3572, 26.6901, 67.8522,305.8626
12893.59673961,26511.471045,0.7104893, 68.3563, 26.4818, 67.7603,307.2283
12894.59220348,26511.415943,0.7105530, 68.3545, 26.3756, 67.7177,307.8912
12895.58765658,26511.378642,0.7106119, 68.3517, 26.2674, 67.6775,308.5428
12896.58309459,26511.362340,0.7106559, 68.3481, 26.1573, 67.6393,309.1814
12897.57852455,26511.364637,0.7106773, 68.3441, 26.0456, 67.6024,309.8140
12898.57394228,26511.381293,0.7106726, 68.3400, 25.9328, 67.5658,310.4392
12899.56934029,26511.405390,0.7106426, 68.3363, 25.8198, 67.5285,311.0534
12901.06241465,26511.467895,0.7105630, 68.3322, 25.6519, 67.4691,311.9666
12901.56009718,26511.432694,0.7105317, 68.3315, 25.5967, 67.4482,312.2673
12902.55545128,26511.412035,0.7104713, 68.3307, 25.4880, 67.4043,312.8643
12904.54609699,26511.257136,0.7103972, 68.3320, 25.2771, 67.3101,314.0247
12905.54139415,26511.120669,0.7103990, 68.3333, 25.1741, 67.2614,314.5894
12906.53667580,26510.954170,0.7104292, 68.3345, 25.0717, 67.2131,315.1432
12907.53194613,26510.771131,0.7104830, 68.3350, 24.9689, 67.1665,315.6881
12908.52720741,26510.588841,0.7105504, 68.3347, 24.8646, 67.1222,316.2253
12909.02484021,26510.549176,0.7105851, 68.3340, 24.8117, 67.1012,316.4950
12909.52246816,26510.424110,0.7106180, 68.3333, 24.7581, 67.0808,316.7617
12911.01534006,26510.285650,0.7106891, 68.3292, 24.5940, 67.0232,317.5546
12911.51296238,26510.194595,0.7106988, 68.3276, 24.5382, 67.0047,317.8199
12913.00580998,26510.158421,0.7106759, 68.3226, 24.3693, 66.9492,318.6109
12913.50342115,26510.087325,0.7106523, 68.3213, 24.3130, 66.9300,318.8761
12914.00102794,26510.114078,0.7106225, 68.3200, 24.2570, 66.9101,319.1401
12914.99622594,26510.049349,0.7105531, 68.3187, 24.1465, 66.8679,319.6658
12915.49381836,26509.950342,0.7105183, 68.3187, 24.0922, 66.8454,319.9283
12916.48899109,26509.814368,0.7104598, 68.3194, 23.9857, 66.7980,320.4515
12917.48414772,26509.623226,0.7104292, 68.3212, 23.8819, 66.7480,320.9714
12920.96710598,26508.773429,0.7105772, 68.3268, 23.5248, 66.5748,322.7624
12920.96710610,26508.773428,0.7105772, 68.3268, 23.5248, 66.5748,322.7625
12921.46466649,26508.587699,0.7106167, 68.3268, 23.4728, 66.5520,323.0184
12922.45977757,26508.340912,0.7106925, 68.3259, 23.3672, 66.5085,323.5257
12923.45488172,26508.115113,0.7107548, 68.3241, 23.2596, 66.4672,324.0338
12923.95242728,26508.067366,0.7107779, 68.3229, 23.2051, 66.4472,324.2856
12924.44997772,26507.911749,0.7107955, 68.3218, 23.1503, 66.4273,324.5436
12925.94261066,26507.699361,0.7108084, 68.3180, 22.9844, 66.3681,325.3184
12926.44014949,26507.557743,0.7108009, 68.3171, 22.9290, 66.3478,325.5788
12927.43522603,26507.395868,0.7107709, 68.3156, 22.8187, 66.3062,326.1077
12927.93275894,26507.374307,0.7107506, 68.3151, 22.7640, 66.2848,326.3729
12928.92782033,26507.206711,0.7107070, 68.3151, 22.6559, 66.2397,326.9106
12929.42534479,26507.056301,0.7106866, 68.3157, 22.6027, 66.2161,327.1802
12930.91790263,26506.808358,0.7106469, 68.3184, 22.4461, 66.1422,327.9951
12931.41541580,26506.627196,0.7106457, 68.3198, 22.3950, 66.1165,328.2683
12932.41043517,26506.363209,0.7106652, 68.3227, 22.2938, 66.0648,328.8161
12932.90794124,26506.282471,0.7106863, 68.3241, 22.2435, 66.0391,329.0903
12933.40544555,26506.068737,0.7107154, 68.3255, 22.1933, 66.0134,329.3656
12934.89795223,26505.669764,0.7108365, 68.3283, 22.0414, 65.9397,330.1957
12935.89295711,26505.372253,0.7109316, 68.3290, 21.9382, 65.8936,330.7574
12936.88796418,26505.107486,0.7110215, 68.3285, 21.8326, 65.8504,331.3278
12937.38547314,26504.924023,0.7110604, 68.3279, 21.7789, 65.8295,331.6204
12938.87798772,26504.729998,0.7111347, 68.3249, 21.6148, 65.7696,332.5039
12940.37050740,26504.513232,0.7111385, 68.3220, 21.4485, 65.7090,333.4217
12940.86801106,26504.559815,0.7111259, 68.3212, 21.3932, 65.6881,333.7329
12941.86301355,26504.525640,0.7110898, 68.3206, 21.2837, 65.6438,334.3650
12942.85800437,26504.502458,0.7110522, 68.3213, 21.1765, 65.5962,335.0051
12943.85299641,26504.481228,0.7110304, 68.3232, 21.0717, 65.5455,335.6615
12944.84797475,26504.455622,0.7110387, 68.3260, 20.9693, 65.4926,336.3211
12945.34546774,26504.365534,0.7110566, 68.3277, 20.9188, 65.4656,336.6582
12946.34044408,26504.360236,0.7111200, 68.3306, 20.8181, 65.4122,337.3314
12946.83793230,26504.453928,0.7111640, 68.3318, 20.7676, 65.3862,337.6706
12947.83291302,26504.525859,0.7112690, 68.3335, 20.6659, 65.3355,338.3580
12948.33040479,26504.511423,0.7113264, 68.3340, 20.6145, 65.3109,338.7056
12949.32539288,26504.726789,0.7114419, 68.3339, 20.5099, 65.2642,339.4090
12949.82288628,26504.960402,0.7114965, 68.3333, 20.4566, 65.2421,339.7629
12950.81788376,26505.375516,0.7115924, 68.3317, 20.3487, 65.1989,340.4862
12952.31037397,26506.217898,0.7116917, 68.3285, 20.1839, 65.1356,341.5879
12952.80787349,26506.694349,0.7117129, 68.3272, 20.1284, 65.1149,341.9630
12953.80288008,26507.657480,0.7117384, 68.3254, 20.0177, 65.0720,342.7296
12955.29539181,26509.489323,0.7117505, 68.3241, 19.8531, 65.0038,343.9080
12955.79289659,26510.308193,0.7117530, 68.3241, 19.7988, 64.9804,344.3080
12956.29041190,26511.116448,0.7117566, 68.3245, 19.7453, 64.9555,344.7199
12957.28540607,26512.997359,0.7117740, 68.3259, 19.6394, 64.9049,345.5263
12957.78291022,26514.086557,0.7117911, 68.3268, 19.5871, 64.8793,345.9388
12959.27542484,26517.789004,0.7118883, 68.3308, 19.4333, 64.7987,347.1948
12961.26544890,26523.839644,0.7121405, 68.3355, 19.2302, 64.6941,348.8972
12962.26048064,26527.230283,0.7123073, 68.3364, 19.1273, 64.6458,349.7692
12962.75800255,26528.755754,0.7123930, 68.3363, 19.0750, 64.6239,350.2102
12963.25553737,26530.654928,0.7124819, 68.3360, 19.0223, 64.6017,350.6624
12964.25056633,26533.590436,0.7126419, 68.3341, 18.9146, 64.5618,351.5391
12964.74810579,26534.468056,0.7127080, 68.3327, 18.8597, 64.5441,351.9967
12966.24072440,26535.643294,0.7128433, 68.3273, 18.6925, 64.4929,353.3812
12966.73827467,26534.114630,0.7128512, 68.3253, 18.6361, 64.4777,353.8537
12967.73336311,26528.709555,0.7128184, 68.3215, 18.5233, 64.4460,354.7981
12968.72847206,26517.807137,0.7127042, 68.3183, 18.4114, 64.4129,355.7676
12969.72356824,26500.819685,0.7125153, 68.3160, 18.3010, 64.3756,356.7389
12970.22112512,26490.257151,0.7124003, 68.3150, 18.2465, 64.3545,357.2352
12970.71867677,26477.992680,0.7122698, 68.3145, 18.1923, 64.3318,357.7301
12972.21133776,26439.324738,0.7118985, 68.3136, 18.0319, 64.2503,359.2342
12972.70889582,26427.215342,0.7117999, 68.3136, 17.9787, 64.2191,359.7426
12974.20160810,26402.209047,0.7116852, 68.3129, 17.8185, 64.1180,  1.3012
12974.69917810,26398.326397,0.7117106, 68.3126, 17.7643, 64.0839,  1.8205
12976.19191320,26403.301162,0.7119904, 68.3100, 17.5994, 63.9892,  3.3914
12976.68949823,26408.173074,0.7121174, 68.3088, 17.5433, 63.9607,  3.9180
12977.68467990,26422.813805,0.7124102, 68.3058, 17.4297, 63.9109,  4.9760
12979.17747224,26448.006543,0.7128264, 68.3004, 17.2569, 63.8500,  6.5724
12979.67507823,26455.506710,0.7129382, 68.2986, 17.1991, 63.8310,  7.1111
12981.16791885,26475.686118,0.7132007, 68.2937, 17.0260, 63.7793,  8.7446
12982.16316786,26485.570190,0.7133091, 68.2914, 16.9120, 63.7436,  9.8531
12982.66079065,26489.417502,0.7133475, 68.2905, 16.8557, 63.7242, 10.4077
12983.65604033,26495.636631,0.7134071, 68.2894, 16.7445, 63.6849, 11.5207
12984.15366949,26498.022614,0.7134315, 68.2893, 16.6896, 63.6649, 12.0805
12984.65130237,26499.990722,0.7134553, 68.2892, 16.6354, 63.6429, 12.6440
12985.14893285,26501.561239,0.7134795, 68.2894, 16.5815, 63.6215, 13.2047
12985.64657062,26502.902854,0.7135074, 68.2895, 16.5282, 63.5985, 13.7712
12987.13948417,26505.301074,0.7136166, 68.2905, 16.3697, 63.5298, 15.4637
12987.63713571,26505.858512,0.7136654, 68.2905, 16.3172, 63.5063, 16.0355
12988.63243227,26506.427770,0.7137775, 68.2901, 16.2117, 63.4610, 17.1676
12990.12541825,26506.558715,0.7139676, 68.2873, 16.0504, 63.3980, 18.8773
12990.62308722,26506.639933,0.7140311, 68.2854, 15.9954, 63.3779, 19.4480
12991.61843859,26506.510371,0.7141425, 68.2808, 15.8833, 63.3407, 20.5909
12992.11613353,26506.315329,0.7141868, 68.2782, 15.8262, 63.3232, 21.1727
12993.11154114,26506.123733,0.7142498, 68.2723, 15.7106, 63.2883, 22.3455
12993.60925238,26506.131325,0.7142676, 68.2690, 15.6524, 63.2705, 22.9359
12994.60465738,26505.966713,0.7142763, 68.2632, 15.5358, 63.2344, 24.1007
12995.10238098,26505.792617,0.7142699, 68.2607, 15.4778, 63.2158, 24.6970
12995.60008841,26505.824432,0.7142607, 68.2582, 15.4202, 63.1959, 25.2820
12997.09323525,26505.561282,0.7142279, 68.2533, 15.2507, 63.1324, 27.0484
12997.59095305,26505.599377,0.7142240, 68.2521, 15.1954, 63.1095, 27.6374
12998.08867270,26505.460621,0.7142252, 68.2515, 15.1406, 63.0863, 28.2252
12998.58639544,26505.495801,0.7142349, 68.2507, 15.0865, 63.0624, 28.8144
12999.58184749,26505.389895,0.7142784, 68.2497, 14.9791, 63.0145, 29.9896
13000.57731688,26505.280560,0.7143550, 68.2486, 14.8723, 62.9669, 31.1660
13001.57279982,26505.174784,0.7144582, 68.2466, 14.7650, 62.9212, 32.3392
13003.06605454,26504.973044,0.7146356, 68.2415, 14.6009, 62.8577, 34.0943
13003.06605666,26504.972732,0.7146356, 68.2415, 14.6009, 62.8577, 34.0958
13004.06158430,26504.918956,0.7147483, 68.2364, 14.4887, 62.8189, 35.2668
13004.55935086,26504.967342,0.7147985, 68.2332, 14.4318, 62.8004, 35.8501
13006.05268366,26504.923861,0.7149076, 68.2234, 14.2582, 62.7474, 37.6058
13006.55046488,26505.004415,0.7149301, 68.2198, 14.1997, 62.7300, 38.1895
13007.54605401,26505.081203,0.7149533, 68.2131, 14.0826, 62.6949, 39.3693
13008.04384515,26505.087193,0.7149555, 68.2101, 14.0241, 62.6769, 39.9537
13008.54164750,26505.194704,0.7149540, 68.2071, 13.9658, 62.6585, 40.5451
13009.53725712,26505.336082,0.7149408, 68.2021, 13.8502, 62.6202, 41.7256
13011.03069203,26505.555550,0.7149174, 68.1966, 13.6799, 62.5586, 43.4976
13011.52850891,26505.682039,0.7149146, 68.1951, 13.6242, 62.5370, 44.0884
13013.02196967,26505.940893,0.7149323, 68.1922, 13.4592, 62.4701, 45.8531
13013.51979141,26506.061612,0.7149509, 68.1914, 13.4049, 62.4474, 46.4373
13014.51544814,26506.244269,0.7150069, 68.1897, 13.2968, 62.4023, 47.6059
13015.51111872,26506.410920,0.7150884, 68.1877, 13.1886, 62.3583, 48.7711
13016.50680570,26506.554412,0.7151889, 68.1847, 13.0794, 62.3165, 49.9336
13017.50251286,26506.674088,0.7152966, 68.1804, 12.9682, 62.2777, 51.0955
13018.49824021,26506.773722,0.7153957, 68.1747, 12.8543, 62.2421, 52.2575
13019.99186844,26506.923286,0.7154926, 68.1641, 12.6787, 62.1931, 54.0041
13020.48975155,26506.980319,0.7155066, 68.1603, 12.6193, 62.1772, 54.5864
13021.98342744,26507.229989,0.7154891, 68.1494, 12.4402, 62.1280, 56.3431
13022.48132619,26507.325671,0.7154695, 68.1463, 12.3811, 62.1103, 56.9312
13023.47712738,26507.568254,0.7154208, 68.1412, 12.2643, 62.0723, 58.1071
13023.97503437,26507.717719,0.7153969, 68.1392, 12.2068, 62.0521, 58.6982
13024.47293934,26507.838968,0.7153778, 68.1377, 12.1501, 62.0309, 59.2862
13025.46875480,26508.115004,0.7153578, 68.1354, 12.0386, 61.9869, 60.4614
13025.96666351,26508.269939,0.7153592, 68.1345, 11.9836, 61.9643, 61.0467
13026.96249393,26508.516717,0.7153893, 68.1329, 11.8745, 61.9189, 62.2186
13027.46041405,26508.601665,0.7154170, 68.1320, 11.8202, 61.8964, 62.8036
13028.45626657,26508.791754,0.7154905, 68.1296, 11.7111, 61.8528, 63.9731
13029.45213283,26508.946725,0.7155788, 68.1261, 11.6007, 61.8118, 65.1395
13029.95006427,26509.043353,0.7156235, 68.1238, 11.5447, 61.7924, 65.7168
13030.44800001,26509.072682,0.7156676, 68.1213, 11.4883, 61.7735, 66.2938
13031.44390544,26509.180898,0.7157434, 68.1154, 11.3737, 61.7378, 67.4643
13032.93778218,26509.372320,0.7158110, 68.1050, 11.1983, 61.6874, 69.2160
13033.43575447,26509.391377,0.7158198, 68.1016, 11.1394, 61.6707, 69.8056
13034.43170036,26509.512216,0.7158152, 68.0948, 11.0211, 61.6372, 70.9817
13034.92967683,26509.618088,0.7158032, 68.0915, 10.9620, 61.6201, 71.5707
13035.42765572,26509.652733,0.7157872, 68.0887, 10.9032, 61.6023, 72.1600
13036.42361473,26509.814371,0.7157443, 68.0836, 10.7865, 61.5654, 73.3369
13037.41959101,26509.994390,0.7156969, 68.0797, 10.6714, 61.5262, 74.5223
13038.41556818,26510.187334,0.7156554, 68.0769, 10.5583, 61.4847, 75.7041
13039.41155955,26510.389560,0.7156287, 68.0750, 10.4470, 61.4414, 76.8909
13040.40755415,26510.593401,0.7156235, 68.0737, 10.3372, 61.3970, 78.0738
13041.90156509,26510.925909,0.7156611, 68.0717, 10.1739, 61.3306, 79.8475
13042.39955835,26510.976012,0.7156859, 68.0710, 10.1196, 61.3087, 80.4266
13043.39559579,26511.136399,0.7157480, 68.0687, 10.0102, 61.2667, 81.6147
13044.39164518,26511.264993,0.7158198, 68.0654,  9.8992, 61.2271, 82.8014
13045.38771563,26511.356541,0.7158884, 68.0607,  9.7861, 61.1904, 83.9938
13046.38379944,26511.409834,0.7159391, 68.0549,  9.6705, 61.1562, 85.1873
13047.37991351,26511.435321,0.7159586, 68.0482,  9.5527, 61.1237, 86.3964
13048.37603093,26511.451682,0.7159401, 68.0414,  9.4335, 61.0911, 87.6043
13049.37215747,26511.488864,0.7158864, 68.0353,  9.3145, 61.0568, 88.8180
13051.36443578,26511.706136,0.7157366, 68.0276,  9.0820, 60.9778, 91.2663
13051.86250731,26511.818945,0.7157053, 68.0266,  9.0257, 60.9561, 91.8801
13052.36058147,26511.883607,0.7156823, 68.0261,  8.9700, 60.9331, 92.4951
13053.35674038,26512.079664,0.7156626, 68.0255,  8.8604, 60.8865, 93.7306
13054.35290231,26512.265003,0.7156806, 68.0250,  8.7520, 60.8398, 94.9627
13055.34907757,26512.418234,0.7157295, 68.0238,  8.6434, 60.7946, 96.1971
13056.34526684,26512.530595,0.7157961, 68.0214,  8.5337, 60.7519, 97.4335
13057.34147142,26512.599394,0.7158646, 68.0178,  8.4221, 60.7120, 98.6733
13058.33766041,26512.630597,0.7159210, 68.0130,  8.3083, 60.6747, 99.8954
13059.33388132,26512.636384,0.7159550, 68.0074,  8.1928, 60.6391,101.1360
13060.33016221,26512.628384,0.7159616, 68.0016,  8.0760, 60.6043,102.4172
13062.32270508,26512.619729,0.7158976, 67.9913,  7.8419, 60.5325,104.9640
13063.31895793,26512.635103,0.7158401, 67.9876,  7.7262, 60.4939,106.2250
13063.81709457,26512.654489,0.7158087, 67.9861,  7.6689, 60.4740,106.8633
13064.31523962,26512.671524,0.7157784, 67.9850,  7.6121, 60.4530,107.5080
13064.81337715,26512.699222,0.7157490, 67.9842,  7.5558, 60.4318,108.1474
13065.31152481,26512.728309,0.7157231, 67.9837,  7.5000, 60.4097,108.7941
13066.30782516,26512.802850,0.7156831, 67.9832,  7.3898, 60.3646,110.0911
13067.30411036,26512.890152,0.7156649, 67.9834,  7.2811, 60.3184,111.3759
13069.29672872,26513.070456,0.7157013, 67.9838,  7.0659, 60.2262,113.9717
13070.29304881,26513.145915,0.7157502, 67.9832,  6.9579, 60.1820,115.2716
13070.79121774,26513.165502,0.7157790, 67.9826,  6.9035, 60.1609,115.9262
13072.28575323,26513.217933,0.7158685, 67.9788,  6.7375, 60.1007,117.9047
13072.28575366,26513.217932,0.7158685, 67.9788,  6.7375, 60.1007,117.9050
13074.27851851,26513.139804,0.7159352, 67.9701,  6.5089, 60.0285,120.5701
13075.27492044,26513.041762,0.7159236, 67.9650,  6.3921, 59.9937,121.9171
13076.27133588,26512.922903,0.7158788, 67.9603,  6.2749, 59.9577,123.2773
13076.76954122,26512.844044,0.7158462, 67.9585,  6.2166, 59.9389,123.9577
13077.26775613,26512.809799,0.7158099, 67.9568,  6.1587, 59.9191,124.6466
13077.76596812,26512.740992,0.7157716, 67.9558,  6.1013, 59.8985,125.3350
13078.76239649,26512.684389,0.7157016, 67.9548,  5.9887, 59.8542,126.7197
13079.26061140,26512.699392,0.7156752, 67.9549,  5.9334, 59.8306,127.4145
13079.75882794,26512.678958,0.7156570, 67.9554,  5.8788, 59.8066,128.1113
13081.25348302,26512.765729,0.7156643, 67.9572,  5.7178, 59.7329,130.2079
13081.75170611,26512.764746,0.7156863, 67.9578,  5.6645, 59.7087,130.9097
13082.24992714,26512.812487,0.7157163, 67.9580,  5.6110, 59.6849,131.6097
13083.24638724,26512.830419,0.7157912, 67.9575,  5.5031, 59.6396,133.0209
13084.24285440,26512.804293,0.7158712, 67.9555,  5.3934, 59.5974,134.4354
13085.23934529,26512.730327,0.7159404, 67.9523,  5.2814, 59.5580,135.8667
13086.23585059,26512.611397,0.7159873, 67.9482,  5.1676, 59.5206,137.3101
13087.23236336,26512.461252,0.7160070, 67.9439,  5.0525, 59.4839,138.7627
13088.22888840,26512.289338,0.7160000, 67.9399,  4.9370, 59.4469,140.2298
13089.22542301,26512.108436,0.7159712, 67.9367,  4.8219, 59.4085,141.7108
13090.22195476,26511.930110,0.7159292, 67.9346,  4.7080, 59.3681,143.1975
13090.72022399,26511.808726,0.7159063, 67.9341,  4.6516, 59.3470,143.9463
13091.21849325,26511.758839,0.7158838, 67.9337,  4.5956, 59.3254,144.6971
13091.71676575,26511.644888,0.7158632, 67.9338,  4.5401, 59.3031,145.4522
13092.71332281,26511.496328,0.7158316, 67.9347,  4.4306, 59.2571,146.9766
13093.21159396,26511.463397,0.7158226, 67.9353,  4.3765, 59.2336,147.7361
13093.70986688,26511.365415,0.7158196, 67.9363,  4.3227, 59.2096,148.4982
13095.20470037,26511.228429,0.7158472, 67.9392,  4.1631, 59.1374,150.8033
13095.20471114,26511.228380,0.7158472, 67.9392,  4.1631, 59.1374,150.8111
13095.70299197,26511.139869,0.7158692, 67.9402,  4.1102, 59.1134,151.5838
13096.20127304,26511.122003,0.7158963, 67.9409,  4.0571, 59.0899,152.3577
13096.69956823,26511.032907,0.7159286, 67.9417,  4.0040, 59.0666,153.1426
13097.69615317,26510.917359,0.7160033, 67.9422,  3.8970, 59.0217,154.7112
13098.69275533,26510.783685,0.7160833, 67.9416,  3.7885, 58.9791,156.2960
13099.68937177,26510.621670,0.7161574, 67.9398,  3.6780, 58.9390,157.8957
13100.68601047,26510.427010,0.7162145, 67.9370,  3.5656, 58.9010,159.5175
13101.68265754,26510.191493,0.7162456, 67.9336,  3.4514, 58.8640,161.1532
13102.67931651,26509.917543,0.7162466, 67.9302,  3.3362, 58.8271,162.8078
13103.67599030,26509.611557,0.7162200, 67.9273,  3.2210, 58.7885,164.4853
13104.67266387,26509.287502,0.7161762, 67.9257,  3.1070, 58.7472,166.1765
13105.66933934,26508.967727,0.7161326, 67.9258,  2.9950, 58.7024,167.8833
13106.66601485,26508.675191,0.7161089, 67.9273,  2.8857, 58.6541,169.6033
13107.16435221,26508.580765,0.7161096, 67.9284,  2.8318, 58.6293,170.4674
13108.65937879,26508.218622,0.7161764, 67.9324,  2.6725, 58.5532,173.0832
13109.65607370,26508.040733,0.7162670, 67.9340,  2.5663, 58.5042,174.8430
13110.15442761,26507.993476,0.7163204, 67.9342,  2.5126, 58.4810,175.7296
13111.15114403,26507.812169,0.7164329, 67.9334,  2.4038, 58.4368,177.5135
13112.14787513,26507.602700,0.7165365, 67.9311,  2.2926, 58.3958,179.3151
13113.14461777,26507.357513,0.7166176, 67.9277,  2.1793, 58.3570,181.1341
13114.14136793,26507.077180,0.7166699, 67.9239,  2.0646, 58.3193,182.9697
13115.13812589,26506.766365,0.7166941, 67.9204,  1.9493, 58.2813,184.8238
13116.13490135,26506.434220,0.7166959, 67.9177,  1.8344, 58.2420,186.7047
13117.13163897,26506.092187,0.7166841, 67.9161,  1.7205, 58.2007,188.5728
13117.63006953,26505.876553,0.7166769, 67.9158,  1.6642, 58.1791,189.5571
13118.62685187,26505.533257,0.7166639, 67.9161,  1.5527, 58.1344,191.4792
13119.62364352,26505.198923,0.7166623, 67.9173,  1.4430, 58.0876,193.4215
13120.12203772,26505.081534,0.7166677, 67.9182,  1.3886, 58.0638,194.3962
13121.11883711,26504.771084,0.7166968, 67.9205,  1.2811, 58.0150,196.3622
13123.11245212,26504.211842,0.7168295, 67.9249,  1.0679, 57.9177,200.3361
13124.10923891,26503.961911,0.7169272, 67.9261,  0.9608, 57.8710,202.3208
13124.10926944,26503.961743,0.7169272, 67.9261,  0.9608, 57.8710,202.3429
13125.10609293,26503.725482,0.7170355, 67.9261,  0.8523, 57.8266,204.3620
13126.10293085,26503.495659,0.7171431, 67.9249,  0.7420, 57.7847,206.3994
13127.09978568,26503.263989,0.7172383, 67.9224,  0.6296, 57.7452,208.4579
13128.09665043,26503.020897,0.7173110, 67.9189,  0.5153, 57.7074,210.5337
13130.09043489,26502.473543,0.7173704, 67.9114,  0.2833, 57.6323,214.7623
13131.08732564,26502.162003,0.7173628, 67.9085,  0.1674, 57.5925,216.8971
13131.08733269,26502.161981,0.7173628, 67.9085,  0.1674, 57.5925,216.9022
13133.08114570,26501.483939,0.7173345, 67.9069,359.9406, 57.5040,221.2402
13134.07804990,26501.140169,0.7173484, 67.9082,359.8304, 57.4554,223.4280
13135.07496460,26500.817775,0.7173995, 67.9101,359.7219, 57.4054,225.6335
13136.07187095,26500.531940,0.7174908, 67.9116,359.6139, 57.3556,227.8404
13137.06879512,26500.292447,0.7176137, 67.9119,359.5052, 57.3080,230.0653
13138.06573295,26500.094254,0.7177508, 67.9104,359.3945, 57.2636,232.3042
13139.06269082,26499.924524,0.7178818, 67.9070,359.2813, 57.2228,234.5625
13139.56117185,26499.796040,0.7179398, 67.9049,359.2238, 57.2030,235.6957
13140.55814820,26499.643365,0.7180333, 67.8997,359.1072, 57.1657,237.9777
13142.05362237,26499.442349,0.7181138, 67.8915,358.9301, 57.1110,241.4250
13142.05362984,26499.442291,0.7181138, 67.8915,358.9301, 57.1110,241.4304
13143.05063104,26499.257600,0.7181346, 67.8869,358.8122, 57.0731,243.7552
13144.04764211,26499.057496,0.7181397, 67.8834,358.6953, 57.0333,246.0978
13145.04465604,26498.846641,0.7181399, 67.8812,358.5799, 56.9912,248.4525
13146.04166635,26498.629485,0.7181457, 67.8801,358.4661, 56.9471,250.8136
13147.53720304,26498.274889,0.7181832, 67.8802,358.2986, 56.8773,254.3843
13148.53422609,26498.069358,0.7182356, 67.8807,358.1882, 56.8301,256.7701
13149.53126024,26497.878977,0.7183122, 67.8811,358.0783, 56.7831,259.1671
13150.52829502,26497.710401,0.7184109, 67.8809,357.9682, 56.7372,261.5659
13151.02681983,26497.651415,0.7184667, 67.8804,357.9127, 56.7156,262.7707
13151.52534265,26497.570243,0.7185253, 67.8797,357.8570, 56.6933,263.9742
13152.52240453,26497.464883,0.7186453, 67.8770,357.7442, 56.6519,266.3921
13153.51947316,26497.396542,0.7187586, 67.8729,357.6292, 56.6132,268.8143
13154.01801783,26497.377328,0.7188090, 67.8703,357.5708, 56.5953,270.0327
13155.01511494,26497.352780,0.7188902, 67.8644,357.4527, 56.5597,272.4758
13156.51078499,26497.362737,0.7189533, 67.8546,357.2730, 56.5068,276.1622
13157.50791868,26497.370919,0.7189581, 67.8486,357.1528, 56.4706,278.6391
13158.50505126,26497.365538,0.7189440, 67.8436,357.0336, 56.4322,281.1196
13159.00364073,26497.332218,0.7189345, 67.8417,356.9745, 56.4125,282.3783
13159.50219786,26497.337936,0.7189264, 67.8401,356.9161, 56.3908,283.6142
13160.49933541,26497.282502,0.7189225, 67.8380,356.8008, 56.3466,286.1045
13161.49647973,26497.203371,0.7189473, 67.8369,356.6875, 56.3003,288.5994
13162.49362909,26497.110194,0.7190092, 67.8362,356.5753, 56.2534,291.0946
13162.99220408,26497.022904,0.7190539, 67.8357,356.5192, 56.2308,292.3404
13163.98936319,26496.935415,0.7191659, 67.8337,356.4066, 56.1860,294.8322
13165.48512856,26496.912244,0.7193592, 67.8271,356.2340, 56.1244,298.5716
13165.98371359,26496.858041,0.7194204, 67.8242,356.1752, 56.1062,299.8115
13166.48232191,26496.915877,0.7194767, 67.8205,356.1157, 56.0878,301.0655
13167.47951345,26496.957419,0.7195668, 67.8125,355.9951, 56.0537,303.5509
13168.47672294,26497.021603,0.7196225, 67.8041,355.8730, 56.0206,306.0438
13169.47395102,26497.091442,0.7196453, 67.7959,355.7504, 55.9872,308.5461
13170.47119322,26497.152222,0.7196428, 67.7887,355.6284, 55.9524,311.0552
13170.96980655,26497.113693,0.7196353, 67.7858,355.5678, 55.9346,312.3033
13171.46844101,26497.191908,0.7196263, 67.7827,355.5076, 55.9155,313.5647
13172.46568661,26497.202665,0.7196072, 67.7781,355.3886, 55.8764,316.0683
13172.96431039,26497.133080,0.7195996, 67.7765,355.3297, 55.8563,317.3193
13172.96431206,26497.132965,0.7195996, 67.7765,355.3297, 55.8563,317.3205
13173.96156811,26497.095496,0.7195950, 67.7736,355.2132, 55.8144,319.8225
13174.95882874,26497.028486,0.7196084, 67.7714,355.0981, 55.7713,322.3199
13176.45473129,26496.953616,0.7196693, 67.7683,354.9268, 55.7060,326.0553
13176.95336019,26496.842132,0.7196998, 67.7674,354.8698, 55.6849,327.2918
13179.44656656,26496.878395,0.7199063, 67.7583,354.5811, 55.5837,333.4671
13179.94521536,26496.921325,0.7199500, 67.7558,354.5220, 55.5652,334.6984
13181.44119632,26497.921338,0.7200632, 67.7455,354.3416, 55.5118,338.3961
13181.93986135,26498.488689,0.7200904, 67.7419,354.2803, 55.4948,339.6272
13182.93720883,26500.664199,0.7201281, 67.7337,354.1566, 55.4600,342.0944
13183.93456511,26504.751066,0.7201494, 67.7257,354.0321, 55.4234,344.5612
13184.93193378,26512.034203,0.7201763, 67.7187,353.9080, 55.3837,347.0324
13186.42799477,26531.845891,0.7203029, 67.7109,353.7254, 55.3203,350.7361
13187.42537883,26547.242957,0.7204456, 67.7072,353.6069, 55.2841,353.2007
13188.42276242,26546.580569,0.7204627, 67.7031,353.4903, 55.2625,355.6463
13189.42014475,26504.662001,0.7200669, 67.6970,353.3731, 55.2442,358.0748
13189.91884138,26469.916755,0.7197267, 67.6929,353.3131, 55.2251,359.2935
13190.91623728,26412.481562,0.7192016, 67.6852,353.1898, 55.1530,  1.7387
13192.41235848,26426.309930,0.7195541, 67.6762,353.0005, 55.0437,  5.3967
13192.91106744,26443.897743,0.7198036, 67.6732,352.9375, 55.0224,  6.6022
13194.40723372,26486.404144,0.7203612, 67.6635,352.7486, 54.9862, 10.2163
13195.40467457,26500.598288,0.7205229, 67.6558,352.6229, 54.9673, 12.6107
13195.90340254,26504.822601,0.7205595, 67.6516,352.5603, 54.9570, 13.8114
13196.90087276,26509.548255,0.7205708, 67.6439,352.4354, 54.9331, 16.2198
13198.39711243,26511.937795,0.7205064, 67.6341,352.2507, 54.8891, 19.8493
13198.89584114,26512.184981,0.7204776, 67.6313,352.1901, 54.8724, 21.0438
13199.89334251,26512.249561,0.7204193, 67.6270,352.0704, 54.8364, 23.4602
13201.38959671,26511.943267,0.7203553, 67.6225,351.8943, 54.7777, 27.0731
13201.88834529,26511.808764,0.7203449, 67.6213,351.8364, 54.7573, 28.2710
13202.88585780,26511.539465,0.7203404, 67.6193,351.7214, 54.7160, 30.6710
13203.88336779,26511.291107,0.7203593, 67.6172,351.6068, 54.6748, 33.0588
13204.88088923,26511.076225,0.7203985, 67.6146,351.4921, 54.6345, 35.4436
13206.37720038,26510.831087,0.7204814, 67.6088,351.3182, 54.5773, 39.0201
13206.87595039,26510.734772,0.7205119, 67.6063,351.2596, 54.5594, 40.1914
13207.87351275,26510.602044,0.7205667, 67.6003,351.1408, 54.5252, 42.5711
13208.87109045,26510.495452,0.7206050, 67.5931,351.0200, 54.4931, 44.9516
13209.86868269,26510.423369,0.7206161, 67.5850,350.8974, 54.4624, 47.3343
13210.86629143,26510.391177,0.7205938, 67.5766,350.7737, 54.4318, 49.7227
13211.86390978,26510.409140,0.7205395, 67.5689,350.6500, 54.3997, 52.1142
13212.86153434,26510.483350,0.7204641, 67.5625,350.5275, 54.3649, 54.5082
13213.85916618,26510.606886,0.7203863, 67.5580,350.4073, 54.3265, 56.9061
13214.85680075,26510.759533,0.7203271, 67.5554,350.2898, 54.2847, 59.3035
13214.85681026,26510.759203,0.7203271, 67.5554,350.2898, 54.2847, 59.3104
13215.85443718,26510.914422,0.7203029, 67.5540,350.1745, 54.2408, 61.6974
13217.35089692,26511.140886,0.7203409, 67.5519,350.0035, 54.1751, 65.2775
13217.84972966,26511.141802,0.7203707, 67.5508,349.9464, 54.1538, 66.4748
13218.84739526,26511.197109,0.7204419, 67.5473,349.8309, 54.1137, 68.8621
13219.84507446,26511.220667,0.7205144, 67.5421,349.7133, 54.0768, 71.2489
13220.84277398,26511.225832,0.7205712, 67.5353,349.5935, 54.0425, 73.6418
13221.84048877,26511.227006,0.7206007, 67.5277,349.4719, 54.0100, 76.0391
13223.33708310,26511.291017,0.7205858, 67.5161,349.2879, 53.9619, 79.6437
13223.83593184,26511.268683,0.7205674, 67.5127,349.2266, 53.9451, 80.8322
13224.83367689,26511.322809,0.7205153, 67.5067,349.1048, 53.9104, 83.2428
13226.33029005,26511.485180,0.7204215, 67.5004,348.9251, 53.8543, 86.8535
13227.32803530,26511.589023,0.7203655, 67.4982,348.8078, 53.8139, 89.2607
13228.32578967,26511.706567,0.7203248, 67.4970,348.6923, 53.7717, 91.6717
13229.32356407,26511.828947,0.7203049, 67.4966,348.5782, 53.7285, 94.0935
13230.32134496,26511.950113,0.7203075, 67.4964,348.4650, 53.6850, 96.5151
13232.31692885,26512.167742,0.7203718, 67.4949,348.2389, 53.6003,101.3568
13232.81582066,26512.184790,0.7203969, 67.4941,348.1820, 53.5799,102.5602
13233.81363926,26512.261522,0.7204498, 67.4915,348.0671, 53.5409,104.9877
13235.31039243,26512.357108,0.7205206, 67.4854,347.8919, 53.4866,108.6365
13236.30822306,26512.368974,0.7205485, 67.4800,347.7729, 53.4525,111.0595
13237.30609676,26512.353659,0.7205510, 67.4740,347.6524, 53.4193,113.5109
13238.30398342,26512.317879,0.7205238, 67.4679,347.5310, 53.3858,115.9706
13239.30188182,26512.276446,0.7204694, 67.4627,347.4098, 53.3507,118.4400
13239.80083276,26512.246366,0.7204354, 67.4606,347.3496, 53.3319,119.6768
13241.29769558,26512.266416,0.7203308, 67.4571,347.1721, 53.2710,123.3988
13243.29352387,26512.448949,0.7202837, 67.4579,346.9441, 53.1792,128.3730
13243.79247363,26512.510628,0.7202992, 67.4583,346.8880, 53.1555,129.6098
13244.79040571,26512.646123,0.7203585, 67.4585,346.7759, 53.1098,132.1029
13245.28937660,26512.708001,0.7203984, 67.4579,346.7194, 53.0883,133.3506
13245.78835383,26512.754711,0.7204425, 67.4569,346.6625, 53.0671,134.6013
13246.78631654,26512.816993,0.7205299, 67.4534,346.5469, 53.0278,137.1044
13248.78229760,26512.801741,0.7206465, 67.4424,346.3093, 52.9569,142.1403
13249.78028694,26512.746761,0.7206603, 67.4364,346.1886, 52.9228,144.6564
13250.77830169,26512.679928,0.7206469, 67.4311,346.0680, 52.8880,147.1926
13251.27730197,26512.635924,0.7206322, 67.4290,346.0080, 52.8700,148.4565
13251.77630967,26512.612152,0.7206146, 67.4271,345.9482, 52.8513,149.7265
13253.27339023,26512.513406,0.7205544, 67.4239,345.7715, 52.7923,153.5826
13253.77242009,26512.504515,0.7205369, 67.4236,345.7135, 52.7714,154.8714
13254.77047970,26512.470974,0.7205117, 67.4238,345.5989, 52.7283,157.4505
13256.26758543,26512.429949,0.7205105, 67.4257,345.4298, 52.6616,161.3329
13257.76469759,26512.443640,0.7205604, 67.4279,345.2624, 52.5945,165.2196
13258.26373625,26512.423957,0.7205871, 67.4286,345.2067, 52.5726,166.5157
13259.76088820,26512.440192,0.7206898, 67.4289,345.0386, 52.5088,170.4281
13260.75900132,26512.426788,0.7207672, 67.4279,344.9252, 52.4688,173.0437
13260.75900756,26512.426759,0.7207672, 67.4279,344.9252, 52.4688,173.0482
13262.25622018,26512.351261,0.7208754, 67.4242,344.7523, 52.4125,177.0023
13263.25439040,26512.289537,0.7209301, 67.4205,344.6350, 52.3770,179.6604
13264.25256583,26512.200380,0.7209627, 67.4161,344.5163, 52.3426,182.3252
13264.75167418,26512.170132,0.7209694, 67.4137,344.4566, 52.3254,183.6741
13266.24899225,26511.925359,0.7209522, 67.4077,344.2771, 52.2725,187.7256
13267.24721471,26511.741159,0.7209185, 67.4050,344.1583, 52.2345,190.4440
13268.24544539,26511.536053,0.7208836, 67.4041,344.0412, 52.1934,193.1773
13268.74456407,26511.459460,0.7208717, 67.4042,343.9835, 52.1716,194.5495
13269.74280189,26511.258600,0.7208718, 67.4058,343.8698, 52.1258,197.2997
13271.73930550,26510.954941,0.7210026, 67.4095,343.6462, 52.0322,202.8330
13272.73758340,26510.855848,0.7211211, 67.4093,343.5334, 51.9886,205.6207
13273.73587657,26510.769900,0.7212473, 67.4067,343.4183, 51.9487,208.4207
13274.73419294,26510.671571,0.7213583, 67.4021,343.3006, 51.9123,211.2405
13275.73252159,26510.542247,0.7214394, 67.3964,343.1807, 51.8781,214.0749
13276.73087103,26510.373755,0.7214864, 67.3906,343.0598, 51.8446,216.9328
13277.72923668,26510.169410,0.7215043, 67.3857,342.9390, 51.8102,219.8125
13278.72761262,26509.932493,0.7215030, 67.3821,342.8191, 51.7740,222.7107
13279.72600888,26509.673540,0.7214944, 67.3802,342.7007, 51.7356,225.6351
13280.72439994,26509.398149,0.7214895, 67.3797,342.5840, 51.6950,228.5667
13281.22360543,26509.224710,0.7214918, 67.3801,342.5263, 51.6739,230.0437
13282.22201972,26508.936287,0.7215085, 67.3813,342.4121, 51.6308,233.0073
13282.72123341,26508.822562,0.7215241, 67.3821,342.3554, 51.6090,234.4973
13284.21888063,26508.354251,0.7216059, 67.3851,342.1866, 51.5430,238.9846
13285.21732789,26508.067766,0.7216860, 67.3866,342.0742, 51.4997,241.9972
13286.71502240,26507.682623,0.7218327, 67.3871,341.9044, 51.4377,246.5470
13287.71350464,26507.413851,0.7219381, 67.3860,341.7897, 51.3986,249.6035
13288.71201030,26507.147628,0.7220391, 67.3837,341.6733, 51.3616,252.6852
13289.71053598,26506.886077,0.7221273, 67.3802,341.5553, 51.3264,255.7905
13290.70908257,26506.624446,0.7221955, 67.3758,341.4358, 51.2924,258.9216
13291.70764418,26506.357705,0.7222393, 67.3710,341.3152, 51.2588,262.0756
13292.70623386,26506.080732,0.7222581, 67.3664,341.1940, 51.2248,265.2634
13293.70483194,26505.783260,0.7222563, 67.3626,341.0732, 51.1892,268.4723
13294.70343994,26505.456057,0.7222439, 67.3601,340.9533, 51.1512,271.7042
13295.70205287,26505.090360,0.7222359, 67.3592,340.8352, 51.1103,274.9555
13296.70067443,26504.682542,0.7222500, 67.3598,340.7191, 51.0667,278.2277
13297.69930645,26504.235215,0.7223015, 67.3613,340.6046, 51.0214,281.5199
13298.69794512,26503.765582,0.7223966, 67.3625,340.4906, 50.9763,284.8265
13299.69660285,26503.295917,0.7225277, 67.3621,340.3756, 50.9334,288.1538
13300.69528052,26502.853299,0.7226740, 67.3591,340.2582, 50.8941,291.5018
13301.69398006,26502.443745,0.7228094, 67.3537,340.1378, 50.8586,294.8727
13302.69268900,26502.057687,0.7229137, 67.3465,340.0149, 50.8259,298.2602
13303.69142329,26501.674188,0.7229784, 67.3389,339.8904, 50.7942,301.6783
13304.69016822,26501.267967,0.7230074, 67.3319,339.7656, 50.7618,305.1183
13305.68892900,26500.815939,0.7230119, 67.3264,339.6418, 50.7276,308.5847
13306.68770570,26500.302604,0.7230055, 67.3226,339.5196, 50.6911,312.0772
13307.68649176,26499.717479,0.7230006, 67.3205,339.3991, 50.6523,315.5901
13308.68528727,26499.050188,0.7230065, 67.3198,339.2803, 50.6117,319.1223
13309.68407922,26498.297745,0.7230290, 67.3199,339.1628, 50.5699,322.6631
13310.68288945,26497.463187,0.7230704, 67.3204,339.0460, 50.5275,326.2268
13311.68170209,26496.575971,0.7231298, 67.3207,338.9294, 50.4853,329.8010
13312.68051951,26495.722621,0.7232040, 67.3206,338.8124, 50.4435,333.3867
13313.67938111,26495.157806,0.7232883, 67.3196,338.6942, 50.4023,337.0120
13314.67823415,26495.565546,0.7233809, 67.3175,338.5745, 50.3611,340.6392
13315.67710342,26498.700547,0.7234906, 67.3145,338.4530, 50.3186,344.2876
13316.67598537,26508.680943,0.7236568, 67.3108,338.3297, 50.2739,347.9567
13317.67488374,26531.459281,0.7239541, 67.3064,338.2054, 50.2315,351.6482
13318.67380311,26552.062228,0.7242499, 67.2997,338.0806, 50.2158,355.3514
13319.67273585,26488.377949,0.7236339, 67.2873,337.9521, 50.2209,359.0578
13320.67168454,26402.940954,0.7227562, 67.2742,337.8145, 50.1409,  2.8274
13321.67063509,26433.672441,0.7231311, 67.2690,337.6772, 50.0644,  6.6011
13322.66959060,26476.943051,0.7235796, 67.2684,337.5477, 50.0353, 10.3628
13323.66854743,26496.011126,0.7237547, 67.2690,337.4243, 50.0100, 14.1363
13325.66646225,26503.362026,0.7238893, 67.2694,337.1858, 49.9386, 21.7199
13326.66543004,26503.092484,0.7239818, 67.2677,337.0669, 49.8991, 25.5270
13327.66440860,26502.388770,0.7240957, 67.2635,336.9463, 49.8614, 29.3424
13328.66339693,26501.640014,0.7242102, 67.2565,336.8229, 49.8266, 33.1646
13329.66239743,26500.973402,0.7243029, 67.2474,336.6966, 49.7946, 36.9964
13330.66141858,26500.425469,0.7243596, 67.2371,336.5683, 49.7642, 40.8460
13331.66044121,26499.997069,0.7243789, 67.2271,336.4394, 49.7335, 44.7012
13332.65947137,26499.675082,0.7243698, 67.2184,336.3111, 49.7012, 48.5674
13333.65850478,26499.439379,0.7243468, 67.2115,336.1843, 49.6665, 52.4410
13334.65753960,26499.273443,0.7243241, 67.2065,336.0596, 49.6294, 56.3193
13335.65657501,26499.162117,0.7243129, 67.2029,335.9368, 49.5903, 60.2000
13336.65560819,26499.093738,0.7243200, 67.2004,335.8156, 49.5500, 64.0789
13337.65463916,26499.058623,0.7243483, 67.1982,335.6954, 49.5093, 67.9544
13338.65366569,26499.050784,0.7243972, 67.1959,335.5756, 49.4690, 71.8232
13339.65269187,26499.063114,0.7244632, 67.1930,335.4555, 49.4298, 75.6868
13340.65171972,26499.090362,0.7245409, 67.1891,335.3348, 49.3922, 79.5458
13341.65074703,26499.127514,0.7246229, 67.1839,335.2128, 49.3565, 83.3977
13342.64978113,26499.169934,0.7247007, 67.1774,335.0892, 49.3229, 87.2477
13343.64882210,26499.216250,0.7247655, 67.1695,334.9640, 49.2912, 91.0960
13344.64786903,26499.266719,0.7248097, 67.1607,334.8372, 49.2609, 94.9423
13345.64692077,26499.324834,0.7248281, 67.1514,334.7092, 49.2311, 98.7867
13346.64597444,26499.397059,0.7248201, 67.1422,334.5807, 49.2010,102.6280
13347.64502514,26499.490196,0.7247900, 67.1339,334.4526, 49.1693,106.4634
13348.64407319,26499.619344,0.7247479, 67.1270,334.3256, 49.1354,110.2933
13349.64310933,26499.790703,0.7247080, 67.1217,334.2003, 49.0989,114.1104
13350.64213596,26500.005113,0.7246854, 67.1180,334.0769, 49.0599,117.9151
13351.64115032,26500.263426,0.7246925, 67.1151,333.9552, 49.0195,121.7032
13352.64015703,26500.551351,0.7247349, 67.1122,333.8343, 48.9789,125.4756
13353.63915820,26500.849945,0.7248091, 67.1081,333.7130, 48.9399,129.2316
13354.63815724,26501.136834,0.7249018, 67.1019,333.5901, 48.9037,132.9724
13355.13766824,26501.193378,0.7249484, 67.0982,333.5279, 48.8871,134.8456
13355.63715517,26501.393281,0.7249938, 67.0934,333.4649, 48.8709,136.6986
13356.63615158,26501.610768,0.7250657, 67.0830,333.3371, 48.8411,140.4112
13357.63514864,26501.794766,0.7251043, 67.0716,333.2074, 48.8131,144.1137
13358.63414087,26501.958871,0.7251067, 67.0605,333.0768, 48.7852,147.8040
13359.63312708,26502.125901,0.7250797, 67.0507,332.9468, 48.7559,151.4826
13360.63210539,26502.309191,0.7250364, 67.0428,332.8182, 48.7243,155.1484
13361.63107271,26502.514643,0.7249912, 67.0369,332.6916, 48.6902,158.7984
13362.13054163,26502.564325,0.7249709, 67.0348,332.6291, 48.6723,160.6094
13362.63001847,26502.745864,0.7249560, 67.0327,332.5671, 48.6540,162.4240
13363.62895566,26502.998985,0.7249384, 67.0296,332.4443, 48.6164,166.0331
13364.62788189,26503.268023,0.7249418, 67.0270,332.3228, 48.5784,169.6229
13365.62678768,26503.547295,0.7249652, 67.0244,332.2018, 48.5406,173.1856
13366.62568114,26503.832189,0.7250053, 67.0213,332.0808, 48.5039,176.7264
13367.62456478,26504.118589,0.7250564, 67.0172,331.9592, 48.4686,180.2469
13368.62344256,26504.402465,0.7251115, 67.0120,331.8365, 48.4351,183.7500
13369.62231306,26504.680369,0.7251629, 67.0056,331.7125, 48.4035,187.2352
13370.62116845,26504.948510,0.7252024, 66.9980,331.5871, 48.3736,190.6975
13371.62002368,26505.202079,0.7252229, 66.9895,331.4602, 48.3450,194.1488
13372.11944613,26505.297767,0.7252235, 66.9852,331.3963, 48.3309,195.8671
13373.61771171,26505.647805,0.7251900, 66.9720,331.2040, 48.2885,201.0086
13374.61653910,26505.835277,0.7251392, 66.9643,331.0761, 48.2585,204.4159
13375.11594997,26505.909302,0.7251078, 66.9611,331.0124, 48.2426,206.1154
13376.61414747,26506.149805,0.7250172, 66.9540,330.8244, 48.1909,211.1798
13377.61292055,26506.294341,0.7249768, 66.9515,330.7015, 48.1530,214.5295
13378.11229936,26506.370242,0.7249673, 66.9507,330.6407, 48.1333,216.1957
13379.61040922,26506.620124,0.7249963, 66.9484,330.4601, 48.0737,221.1599
13380.60912988,26506.819591,0.7250554, 66.9455,330.3394, 48.0355,224.4405
13381.60783705,26507.045511,0.7251309, 66.9406,330.2172, 47.9999,227.6987
13382.60653540,26507.289624,0.7252038, 66.9335,330.0929, 47.9674,230.9386
13383.10588241,26507.433638,0.7252328, 66.9292,330.0298, 47.9522,232.5530
13383.60522040,26507.537886,0.7252563, 66.9246,329.9663, 47.9376,234.1587
13384.60390141,26507.774822,0.7252773, 66.9149,329.8381, 47.9092,237.3680
13385.60257273,26507.987531,0.7252650, 66.9055,329.7093, 47.8809,240.5645
13386.10189991,26508.110316,0.7252475, 66.9012,329.6449, 47.8663,242.1547
13387.59987501,26508.315419,0.7251723, 66.8914,329.4542, 47.8192,246.9153
13388.59849206,26508.434496,0.7251178, 66.8874,329.3293, 47.7848,250.0598
13389.59709155,26508.532959,0.7250740, 66.8852,329.2065, 47.7482,253.1863
13390.09638199,26508.613913,0.7250583, 66.8845,329.1457, 47.7294,254.7403
13390.59567335,26508.617867,0.7250489, 66.8842,329.0854, 47.7102,256.2936
13391.59423388,26508.696637,0.7250457, 66.8838,328.9656, 47.6715,259.3783
13392.09350341,26508.774794,0.7250517, 66.8835,328.9058, 47.6522,260.9097
13393.09203738,26508.855177,0.7250789, 66.8829,328.7866, 47.6140,263.9629
13394.09055731,26508.937726,0.7251208, 66.8815,328.6671, 47.5770,266.9975
13395.08904840,26509.023870,0.7251707, 66.8791,328.5468, 47.5415,270.0028
13396.08754112,26509.113329,0.7252214, 66.8755,328.4254, 47.5077,273.0013
13397.08600235,26509.207330,0.7252655, 66.8707,328.3027, 47.4755,275.9698
13397.58523895,26509.210108,0.7252832, 66.8681,328.2408, 47.4598,277.4562
13398.58370235,26509.308020,0.7253044, 66.8619,328.1161, 47.4295,280.4174
13399.58214062,26509.406016,0.7253037, 66.8552,327.9904, 47.3997,283.3561
13400.08136137,26509.499058,0.7252940, 66.8518,327.9273, 47.3849,284.8252
13401.07979163,26509.584895,0.7252583, 66.8456,327.8011, 47.3543,287.7543
13402.07819656,26509.648617,0.7252046, 66.8405,327.6755, 47.3220,290.6643
13403.57577599,26509.627770,0.7251165, 66.8362,327.4899, 47.2682,295.0090
13404.57412638,26509.576680,0.7250761, 66.8357,327.3687, 47.2290,297.8783
13405.57245913,26509.467213,0.7250689, 66.8364,327.2494, 47.1879,300.7320
13406.57077224,26509.308856,0.7251021, 66.8372,327.1310, 47.1464,303.5662
13407.06992073,26509.256762,0.7251324, 66.8371,327.0717, 47.1263,304.9745
13408.06821067,26509.059018,0.7252132, 66.8357,326.9523, 47.0875,307.7807
13409.06648674,26508.858502,0.7253027, 66.8318,326.8308, 47.0518,310.5690
13410.06475175,26508.660295,0.7253797, 66.8257,326.7068, 47.0192,313.3428
13411.06300154,26508.456783,0.7254282, 66.8181,326.5808, 46.9887,316.1013
13411.56213502,26508.316097,0.7254397, 66.8143,326.5173, 46.9736,317.4861
13412.56035259,26508.074616,0.7254367, 66.8068,326.3900, 46.9436,320.2190
13413.05946870,26507.959330,0.7254241, 66.8034,326.3264, 46.9284,321.5905
13415.05588812,26507.209984,0.7253357, 66.7951,326.0756, 46.8611,327.0467
13416.55315500,26506.444489,0.7252730, 66.7940,325.8922, 46.8042,331.1045
13417.55129849,26505.906032,0.7252508, 66.7950,325.7720, 46.7642,333.7828
13418.54941997,26505.442210,0.7252497, 66.7967,325.6529, 46.7230,336.4425
13419.54752737,26505.268627,0.7252708, 66.7985,325.5341, 46.6811,339.0889
13420.04656634,26505.392260,0.7252892, 66.7993,325.4748, 46.6603,340.3999
13421.54367818,26508.018162,0.7253839, 66.8008,325.2956, 46.5959,344.3257
13422.54173615,26513.527727,0.7254910, 66.8008,325.1750, 46.5521,346.9281
13423.04076039,26518.447078,0.7255667, 66.8004,325.1142, 46.5300,348.2253
13424.03880350,26534.368166,0.7257846, 66.7990,324.9919, 46.4868,350.8151
13426.03484999,26570.142442,0.7262885, 66.7909,324.7448, 46.4399,355.9432
13427.03286027,26532.583103,0.7259426, 66.7820,324.6184, 46.4407,358.4813
13427.53186021,26494.676896,0.7255515, 66.7763,324.5534, 46.4298,359.7519
13428.52985277,26428.073091,0.7248579, 66.7663,324.4198, 46.3678,  2.3095
13429.52782969,26423.974536,0.7248358, 66.7606,324.2854, 46.2929,  4.8615
13430.52578813,26454.621633,0.7251639, 66.7595,324.1546, 46.2436,  7.3862
13431.52372460,26482.898279,0.7254473, 66.7611,324.0285, 46.2111,  9.8886
13432.52163717,26500.157593,0.7256248, 66.7642,323.9064, 46.1809, 12.3753
13433.51953173,26509.205883,0.7257515, 66.7674,323.7868, 46.1482, 14.8513
13434.51740804,26513.558855,0.7258711, 66.7693,323.6678, 46.1138, 17.3140
13435.01634587,26514.720411,0.7259327, 66.7693,323.6079, 46.0966, 18.5445
13436.01420507,26515.900205,0.7260562, 66.7672,323.4868, 46.0635, 20.9913
13437.01205623,26516.229072,0.7261654, 66.7622,323.3632, 46.0327, 23.4303
13438.00990173,26516.158786,0.7262449, 66.7552,323.2373, 46.0035, 25.8654
13439.00774824,26515.914148,0.7262881, 66.7477,323.1100, 45.9748, 28.3038
13439.00775122,26515.913928,0.7262881, 66.7477,323.1100, 45.9748, 28.3060
13440.00557923,26515.605448,0.7262991, 66.7409,322.9827, 45.9452, 30.7356
13441.50230211,26515.117474,0.7262806, 66.7341,322.7939, 45.8970, 34.3765
13442.00119963,26514.965281,0.7262720, 66.7328,322.7317, 45.8797, 35.5859
13442.99898729,26514.660310,0.7262606, 66.7317,322.6089, 45.8435, 38.0026
13443.99674246,26514.368188,0.7262646, 66.7321,322.4879, 45.8056, 40.3999
13444.99449177,26514.083456,0.7262897, 66.7334,322.3683, 45.7668, 42.7963
13445.99223390,26513.802688,0.7263373, 66.7351,322.2495, 45.7278, 45.1900
13446.49108425,26513.648222,0.7263692, 66.7359,322.1902, 45.7084, 46.3724
13447.48878435,26513.367395,0.7264460, 66.7368,322.0715, 45.6705, 48.7388
13447.98763455,26513.242853,0.7264895, 66.7369,322.0118, 45.6521, 49.9230
13448.98532446,26512.958140,0.7265826, 66.7362,321.8920, 45.6164, 52.2852
13449.98300011,26512.669530,0.7266774, 66.7343,321.7709, 45.5825, 54.6399
13450.98067004,26512.377168,0.7267666, 66.7311,321.6484, 45.5502, 56.9942
13451.97833292,26512.083168,0.7268436, 66.7268,321.5246, 45.5193, 59.3482
13452.97599077,26511.788983,0.7269036, 66.7217,321.3996, 45.4893, 61.7047
13453.97364044,26511.498873,0.7269438, 66.7163,321.2738, 45.4596, 64.0627
13455.47009113,26511.058619,0.7269675, 66.7088,321.0844, 45.4140, 67.5991
13455.96890380,26510.949766,0.7269670, 66.7066,321.0213, 45.3983, 68.7801
13456.96651747,26510.703187,0.7269602, 66.7034,320.8959, 45.3652, 71.1417
13457.96411631,26510.483351,0.7269543, 66.7017,320.7718, 45.3299, 73.5040
13458.96169688,26510.291467,0.7269632, 66.7016,320.6493, 45.2922, 75.8641
13459.95925815,26510.118504,0.7270011, 66.7026,320.5283, 45.2527, 78.2203
13460.95680639,26509.942668,0.7270775, 66.7037,320.4082, 45.2127, 80.5753
13461.95433838,26509.733061,0.7271913, 66.7034,320.2877, 45.1740, 82.9249
13463.45063033,26509.276448,0.7273976, 66.6981,320.1033, 45.1215, 86.4547
13463.94938717,26509.127576,0.7274630, 66.6947,320.0404, 45.1059, 87.6295
13464.94690127,26508.747477,0.7275735, 66.6865,319.9125, 45.0766, 89.9852
13466.44316483,26508.138034,0.7276688, 66.6731,319.7176, 45.0346, 93.5339
13467.44066067,26507.779780,0.7276901, 66.6655,319.5875, 45.0056, 95.9068
13468.43815255,26507.456043,0.7276931, 66.6601,319.4588, 44.9744, 98.2910
13469.43562934,26507.163367,0.7276932, 66.6568,319.3320, 44.9410,100.6778
13469.93436039,26507.058510,0.7276955, 66.6558,319.2692, 44.9235,101.8708
13470.93181704,26506.797566,0.7277126, 66.6551,319.1451, 44.8873,104.2616
13472.42796964,26506.384961,0.7277753, 66.6556,318.9613, 44.8315,107.8444
13473.42538854,26506.131596,0.7278416, 66.6559,318.8394, 44.7945,110.2337
13474.42279015,26505.871457,0.7279242, 66.6555,318.7174, 44.7584,112.6196
13475.42018413,26505.600263,0.7280175, 66.6541,318.5947, 44.7237,115.0092
13476.41756607,26505.315828,0.7281148, 66.6513,318.4709, 44.6905,117.3992
13477.41494461,26505.016671,0.7282087, 66.6472,318.3457, 44.6591,119.7963
13477.91363103,26504.907471,0.7282517, 66.6446,318.2825, 44.6440,120.9968
13479.40968614,26504.376277,0.7283606, 66.6356,318.0913, 44.6002,124.6108
13480.40706151,26504.039521,0.7284095, 66.6287,317.9624, 44.5719,127.0387
13481.40442149,26503.696936,0.7284379, 66.6218,317.8328, 44.5435,129.4682
13482.40177361,26503.353965,0.7284479, 66.6154,317.7030, 44.5143,131.9054
13483.39911605,26503.017095,0.7284445, 66.6100,317.5737, 44.4837,134.3494
13484.39644461,26502.695087,0.7284360, 66.6059,317.4453, 44.4511,136.7973
13485.39376014,26502.395827,0.7284333, 66.6033,317.3181, 44.4164,139.2493
13486.39105593,26502.128328,0.7284486, 66.6020,317.1924, 44.3797,141.6994
13487.38833545,26501.897837,0.7284926, 66.6013,317.0677, 44.3417,144.1485
13487.88696999,26501.861081,0.7285269, 66.6007,317.0055, 44.3229,145.3729
13489.38285659,26501.525065,0.7286783, 66.5972,316.8186, 44.2675,149.0444
13489.88149012,26501.504553,0.7287387, 66.5945,316.7552, 44.2506,150.2750
13491.37736263,26501.132826,0.7289161, 66.5827,316.5618, 44.2040,153.9562
13492.37461206,26500.877106,0.7290029, 66.5719,316.4294, 44.1765,156.4215
13492.87323522,26500.803665,0.7290317, 66.5660,316.3623, 44.1636,157.6570
13494.36909834,26500.283622,0.7290640, 66.5506,316.1610, 44.1228,161.3760
13495.36632776,26499.995266,0.7290551, 66.5426,316.0279, 44.0934,163.8612
13496.36354669,26499.736579,0.7290407, 66.5372,315.8966, 44.0615,166.3498
13497.36075186,26499.512614,0.7290345, 66.5337,315.7673, 44.0275,168.8378
13498.35794753,26499.320750,0.7290450, 66.5317,315.6398, 43.9921,171.3268
13499.35512740,26499.155441,0.7290755, 66.5302,315.5133, 43.9562,173.8107
13499.85371147,26499.140984,0.7290978, 66.5292,315.4502, 43.9388,175.0504
13501.34945167,26498.883858,0.7291891, 66.5262,315.2612, 43.8858,178.7675
13502.34659898,26498.768910,0.7292628, 66.5227,315.1345, 43.8525,181.2411
13503.84229879,26498.658868,0.7293759, 66.5149,314.9422, 43.8060,184.9428
13504.34086497,26498.564197,0.7294111, 66.5118,314.8776, 43.7905,186.1783
13505.33798743,26498.470376,0.7294724, 66.5044,314.7473, 43.7618,188.6447
13506.33511191,26498.379668,0.7295177, 66.4961,314.6156, 43.7341,191.1165
13507.33223183,26498.290534,0.7295434, 66.4872,314.4830, 43.7069,193.5893
13508.32934720,26498.202532,0.7295488, 66.4784,314.3499, 43.6796,196.0635
13508.32935539,26498.202510,0.7295488, 66.4784,314.3499, 43.6796,196.0694
13509.32645441,26498.115953,0.7295360, 66.4702,314.2167, 43.6515,198.5365
13510.32355859,26498.032967,0.7295105, 66.4631,314.0840, 43.6220,201.0120
13511.32064712,26497.955575,0.7294808, 66.4574,313.9523, 43.5907,203.4802
13512.31772131,26497.889831,0.7294573, 66.4532,313.8219, 43.5573,205.9411
13512.81625562,26497.859219,0.7294510, 66.4516,313.7572, 43.5406,207.1701
13514.31182672,26497.820000,0.7294708, 66.4480,313.5650, 43.4858,210.8340
13514.81034582,26497.805060,0.7294918, 66.4468,313.5012, 43.4682,212.0509
13516.30588169,26497.888917,0.7295983, 66.4411,313.3094, 43.4143,215.6797
13516.80439416,26497.905489,0.7296432, 66.4382,313.2448, 43.3983,216.8869
13518.29991562,26498.132153,0.7297792, 66.4247,313.0477, 43.3519,220.4880
13519.29692729,26498.294779,0.7298449, 66.4129,312.9131, 43.3249,222.8806
13520.29394226,26498.457923,0.7298754, 66.4001,312.7769, 43.2992,225.2723
13520.79244707,26498.482378,0.7298762, 66.3941,312.7085, 43.2869,226.4654
13522.28795012,26498.730697,0.7298407, 66.3784,312.5043, 43.2454,230.0329
13522.78644950,26498.727525,0.7298212, 66.3747,312.4371, 43.2312,231.2196
13523.78343336,26498.836064,0.7297855, 66.3688,312.3042, 43.1998,233.5785
13525.27887702,26499.088222,0.7297596, 66.3633,312.1085, 43.1489,237.0811
13525.77735439,26499.087745,0.7297603, 66.3623,312.0441, 43.1321,238.2418
13526.77429118,26499.245257,0.7297790, 66.3600,311.9159, 43.0976,240.5424
13527.77121783,26499.426302,0.7298159, 66.3573,311.7879, 43.0637,242.8249
13528.76813450,26499.629552,0.7298655, 66.3537,311.6597, 43.0311,245.0889
13529.76504377,26499.853271,0.7299212, 66.3489,311.5307, 43.0000,247.3360
13530.76194563,26500.094151,0.7299759, 66.3428,311.4006, 42.9706,249.5662
13532.25728877,26500.564436,0.7300434, 66.3310,311.2034, 42.9290,252.8833
13532.75572870,26500.616238,0.7300577, 66.3270,311.1371, 42.9160,253.9785
13533.75261812,26500.890218,0.7300749, 66.3179,311.0038, 42.8902,256.1678
13534.74950371,26501.166844,0.7300724, 66.3087,310.8699, 42.8646,258.3449
13535.74638406,26501.439975,0.7300508, 66.2998,310.7358, 42.8386,260.5095
13536.74325751,26501.702895,0.7300137, 66.2919,310.6020, 42.8116,262.6610
13538.73696874,26502.176651,0.7299239, 66.2808,310.3375, 42.7524,266.9139
13539.73380466,26502.380825,0.7298924, 66.2777,310.2074, 42.7199,269.0130
13540.73062422,26502.564790,0.7298836, 66.2757,310.0788, 42.6860,271.0899
13541.72743033,26502.736751,0.7299039, 66.2741,309.9510, 42.6515,273.1455
13542.72422119,26502.908681,0.7299533, 66.2717,309.8233, 42.6175,275.1769
13543.72101184,26503.094780,0.7300240, 66.2675,309.6948, 42.5853,277.1944
13544.71778666,26503.306854,0.7301017, 66.2608,309.5645, 42.5555,279.1869
13545.71455944,26503.550699,0.7301688, 66.2516,309.4320, 42.5283,281.1653
13546.71132562,26503.823048,0.7302101, 66.2408,309.2976, 42.5030,283.1284
13547.70809607,26504.106680,0.7302180, 66.2297,309.1620, 42.4784,285.0860
13548.70485524,26504.379656,0.7301955, 66.2198,309.0265, 42.4530,287.0285
13550.69835628,26504.817637,0.7301102, 66.2074,308.7599, 42.3958,290.8805
13551.69508083,26504.971156,0.7300779, 66.2050,308.6298, 42.3640,292.7757
13552.69179846,26505.089077,0.7300662, 66.2041,308.5015, 42.3308,294.6559
13553.68849958,26505.184492,0.7300780, 66.2039,308.3743, 42.2972,296.5132
13554.68517970,26505.268852,0.7301106, 66.2034,308.2476, 42.2641,298.3438
13555.68185114,26505.349797,0.7301580, 66.2021,308.1207, 42.2321,300.1564
13557.67517339,26505.513982,0.7302681, 66.1959,307.8647, 42.1725,303.7337
13558.67182449,26505.597723,0.7303167, 66.1908,307.7351, 42.1449,305.5001
13559.66846571,26505.680712,0.7303534, 66.1848,307.6045, 42.1183,307.2506
13560.66510230,26505.760542,0.7303740, 66.1782,307.4730, 42.0925,308.9901
13561.66173752,26505.832507,0.7303765, 66.1713,307.3408, 42.0669,310.7220
13562.65836503,26505.892534,0.7303607, 66.1647,307.2085, 42.0409,312.4427
13563.65498455,26505.933159,0.7303298, 66.1591,307.0764, 42.0138,314.1529
13564.65159272,26505.944551,0.7302898, 66.1549,306.9452, 41.9851,315.8507
13565.64818212,26505.916433,0.7302501, 66.1524,306.8152, 41.9544,317.5309
13566.64476255,26505.837308,0.7302222, 66.1516,306.6868, 41.9216,319.2001
13567.64132640,26505.701994,0.7302171, 66.1522,306.5598, 41.8873,320.8519
13568.63787338,26505.509595,0.7302423, 66.1533,306.4339, 41.8522,322.4845
13569.63440709,26505.268539,0.7302982, 66.1536,306.3080, 41.8175,324.0995
13570.63092976,26504.993052,0.7303767, 66.1522,306.1814, 41.7844,325.6975
13571.62744586,26504.696571,0.7304631, 66.1483,306.0530, 41.7536,327.2823
13572.62396510,26504.389342,0.7305395, 66.1419,305.9226, 41.7253,328.8620
13573.62046284,26504.078757,0.7305915, 66.1339,305.7902, 41.6986,330.4208
13574.61695813,26503.758010,0.7306119, 66.1256,305.6567, 41.6725,331.9745
13575.61345291,26503.419361,0.7306028, 66.1182,305.5230, 41.6456,333.5260
13576.60993779,26503.060347,0.7305743, 66.1129,305.3904, 41.6168,335.0691
13577.60640959,26502.688684,0.7305407, 66.1102,305.2594, 41.5856,336.6012
13578.60286623,26502.329363,0.7305158, 66.1099,305.1303, 41.5521,338.1199
13579.59930688,26502.036329,0.7305102, 66.1113,305.0029, 41.5169,339.6232
13580.59572976,26501.900046,0.7305290, 66.1136,304.8767, 41.4806,341.1088
13581.59213934,26502.058742,0.7305723, 66.1158,304.7510, 41.4441,342.5792
13582.58853396,26502.721239,0.7306367, 66.1173,304.6251, 41.4078,344.0331
13583.58491880,26504.196382,0.7307179, 66.1176,304.4985, 41.3722,345.4747
13584.58129617,26506.930729,0.7308127, 66.1167,304.3708, 41.3370,346.9063
13585.57766468,26511.529806,0.7309209, 66.1144,304.2419, 41.3023,348.3280
13586.57402637,26518.756311,0.7310459, 66.1112,304.1120, 41.2679,349.7421
13587.57037099,26529.291857,0.7311932, 66.1074,303.9813, 41.2342,351.1419
13588.56671698,26543.466513,0.7313667, 66.1032,303.8500, 41.2023,352.5409
13589.56305431,26559.885107,0.7315554, 66.0990,303.7187, 41.1745,353.9310
13590.55937945,26574.047886,0.7317161, 66.0949,303.5877, 41.1533,355.3080
13591.55569358,26577.755747,0.7317664, 66.0911,303.4572, 41.1395,356.6722
13592.55199367,26562.246599,0.7316166, 66.0877,303.3273, 41.1283,358.0234
13593.54827481,26526.077639,0.7312563, 66.0847,303.1975, 41.1094,359.3632
13594.54453940,26480.250222,0.7308127, 66.0826,303.0675, 41.0735,  0.6981
13595.54079065,26442.064491,0.7304831, 66.0815,302.9372, 41.0210,  2.0289
13596.53702669,26422.601440,0.7303901, 66.0806,302.8064, 40.9619,  3.3479
13597.53324532,26421.621186,0.7305211, 66.0791,302.6749, 40.9073,  4.6468
13598.52944852,26432.361913,0.7307830, 66.0757,302.5422, 40.8628,  5.9247
13599.52564701,26447.821294,0.7310782, 66.0700,302.4081, 40.8287,  7.1909
13600.52183905,26463.334936,0.7313405, 66.0628,302.2727, 40.8022,  8.4477
13601.51802633,26476.726724,0.7315409, 66.0551,302.1367, 40.7798,  9.6999
13602.51420469,26487.367879,0.7316777, 66.0484,302.0012, 40.7583, 10.9469
13603.51037252,26495.430728,0.7317654, 66.0436,301.8670, 40.7355, 12.1886
13604.50652604,26501.357530,0.7318241, 66.0412,301.7346, 40.7105, 13.4222
13605.50266392,26505.632873,0.7318731, 66.0410,301.6043, 40.6830, 14.6456
13606.49878398,26508.674571,0.7319271, 66.0423,301.4758, 40.6537, 15.8560
13607.49488415,26510.813562,0.7319944, 66.0444,301.3486, 40.6232, 17.0508
13608.49096835,26512.305233,0.7320774, 66.0462,301.2219, 40.5925, 18.2319
13609.48703630,26513.331156,0.7321738, 66.0472,301.0951, 40.5624, 19.3987
13610.48309090,26514.024119,0.7322779, 66.0469,300.9677, 40.5334, 20.5535
13611.47913402,26514.479515,0.7323828, 66.0449,300.8392, 40.5057, 21.6980
13612.47516388,26514.764973,0.7324815, 66.0414,300.7095, 40.4793, 22.8320
13613.47118386,26514.930188,0.7325684, 66.0365,300.5786, 40.4540, 23.9586
13614.46719601,26515.008884,0.7326394, 66.0308,300.4467, 40.4294, 25.0805
13615.46319677,26515.026756,0.7326929, 66.0246,300.3140, 40.4051, 26.1962
13616.45918492,26515.002420,0.7327291, 66.0185,300.1809, 40.3806, 27.3056
13617.45516519,26514.948767,0.7327505, 66.0129,300.0478, 40.3553, 28.4129
13618.45113095,26514.875020,0.7327618, 66.0084,299.9152, 40.3289, 29.5140
13619.44708032,26514.787260,0.7327700, 66.0053,299.7833, 40.3010, 30.6077
13620.44301030,26514.687175,0.7327838, 66.0037,299.6525, 40.2714, 31.6919
13621.43892026,26514.571712,0.7328133, 66.0035,299.5229, 40.2402, 32.7657
13622.43481108,26514.434421,0.7328680, 66.0041,299.3944, 40.2079, 33.8289
13623.43068332,26514.265692,0.7329535, 66.0045,299.2662, 40.1755, 34.8808
13624.42653710,26514.059341,0.7330681, 66.0035,299.1376, 40.1440, 35.9204
13625.42238034,26513.817663,0.7332002, 65.9998,299.0074, 40.1147, 36.9533
13626.41821296,26513.552947,0.7333305, 65.9929,298.8749, 40.0881, 37.9804
13627.41403337,26513.286635,0.7334390, 65.9834,298.7399, 40.0638, 39.0025
13628.40984631,26513.035117,0.7335134, 65.9729,298.6033, 40.0408, 40.0256
13629.40564365,26512.807309,0.7335541, 65.9632,298.4662, 40.0174, 41.0458
13630.40143194,26512.598430,0.7335715, 65.9555,298.3298, 39.9926, 42.0685
13631.39720599,26512.397784,0.7335812, 65.9506,298.1951, 39.9658, 43.0897
13632.39296224,26512.194854,0.7335971, 65.9481,298.0621, 39.9372, 44.1059
13633.38869914,26511.981171,0.7336291, 65.9473,297.9307, 39.9073, 45.1149
13634.38441431,26511.750472,0.7336814, 65.9474,297.8004, 39.8769, 46.1142
13635.38010995,26511.499772,0.7337534, 65.9474,297.6706, 39.8467, 47.1050
13636.37578857,26511.228512,0.7338410, 65.9466,297.5405, 39.8175, 48.0891
13637.37144277,26510.938496,0.7339378, 65.9444,297.4098, 39.7896, 49.0615
13638.36709173,26510.631773,0.7340363, 65.9408,297.2780, 39.7631, 50.0369
13639.36272918,26510.311166,0.7341294, 65.9356,297.1449, 39.7381, 51.0117
13640.35833474,26509.984014,0.7342109, 65.9291,297.0106, 39.7144, 51.9723
13641.35394249,26509.654211,0.7342766, 65.9217,296.8751, 39.6914, 52.9443
13642.34953912,26509.325579,0.7343241, 65.9138,296.7389, 39.6687, 53.9194
13643.34512831,26509.002990,0.7343539, 65.9061,296.6022, 39.6459, 54.9009
13644.34070389,26508.690205,0.7343682, 65.8990,296.4655, 39.6224, 55.8852
13645.33625094,26508.391109,0.7343719, 65.8929,296.3291, 39.5978, 56.8619
13646.33178797,26508.106031,0.7343712, 65.8882,296.1935, 39.5719, 57.8445
13647.32730379,26507.835332,0.7343740, 65.8850,296.0588, 39.5443, 58.8247
13648.32279865,26507.576353,0.7343889, 65.8831,295.9252, 39.5154, 59.8023
13649.81600390,26507.166607,0.7344514, 65.8818,295.7266, 39.4700, 61.2632
13650.31372679,26507.063198,0.7344847, 65.8813,295.6605, 39.4547, 61.7470
13651.30916526,26506.781598,0.7345721, 65.8793,295.5282, 39.4247, 62.7159
13652.30458852,26506.462286,0.7346793, 65.8751,295.3947, 39.3962, 63.6829
13653.79768901,26505.868173,0.7348435, 65.8633,295.1907, 39.3578, 65.1263
13654.29540048,26505.704209,0.7348886, 65.8578,295.1213, 39.3461, 65.6215
13655.29077369,26505.303421,0.7349552, 65.8459,294.9812, 39.3238, 66.5851
13656.28614728,26504.927257,0.7349856, 65.8342,294.8401, 39.3015, 67.5634
13657.28151303,26504.594199,0.7349873, 65.8245,294.6995, 39.2779, 68.5510
13658.77453511,26504.121943,0.7349720, 65.8155,294.4916, 39.2386, 70.0395
13659.27219611,26504.044741,0.7349694, 65.8137,294.4232, 39.2245, 70.5330
13660.26751267,26503.798536,0.7349781, 65.8118,294.2878, 39.1952, 71.5235
13661.26281000,26503.552460,0.7350073, 65.8108,294.1537, 39.1654, 72.5098
13662.25807482,26503.298143,0.7350564, 65.8099,294.0202, 39.1358, 73.4812
13663.25332933,26503.031219,0.7351205, 65.8081,293.8865, 39.1070, 74.4535
13663.25333068,26503.031199,0.7351205, 65.8081,293.8865, 39.1070, 74.4545
13664.24856264,26502.751314,0.7351929, 65.8051,293.7521, 39.0796, 75.4188
13665.24378994,26502.459803,0.7352664, 65.8005,293.6168, 39.0535, 76.3884
13666.23901126,26502.160331,0.7353341, 65.7944,293.4803, 39.0288, 77.3628
13667.23420879,26501.856476,0.7353904, 65.7870,293.3426, 39.0051, 78.3297
13668.72700303,26501.330324,0.7354453, 65.7747,293.1344, 38.9708, 79.7976
13669.72218372,26501.037334,0.7354595, 65.7661,292.9947, 38.9481, 80.7789
13670.21977406,26500.970983,0.7354600, 65.7618,292.9245, 38.9369, 81.2741
13671.21493661,26500.702986,0.7354508, 65.7540,292.7847, 38.9134, 82.2593
13672.70766393,26500.268133,0.7354198, 65.7448,292.5760, 38.8756, 83.7456
13673.70279523,26500.062083,0.7353970, 65.7404,292.4379, 38.8489, 84.7353
13674.69791012,26499.883439,0.7353817, 65.7374,292.3008, 38.8207, 85.7228
13675.69300609,26499.729570,0.7353813, 65.7356,292.1647, 38.7913, 86.7054
13676.68808739,26499.595461,0.7354017, 65.7344,292.0295, 38.7611, 87.6847
13677.68315282,26499.470707,0.7354459, 65.7329,291.8946, 38.7308, 88.6587
13678.67820521,26499.340576,0.7355120, 65.7301,291.7593, 38.7013, 89.6284
13679.67324729,26499.189853,0.7355921, 65.7250,291.6229, 38.6732, 90.5952
13680.66828272,26499.006718,0.7356728, 65.7172,291.4846, 38.6472, 91.5619
13681.66331857,26498.793307,0.7357377, 65.7068,291.3442, 38.6230, 92.5346
13682.65833393,26498.569596,0.7357740, 65.6951,291.2019, 38.6000, 93.4993
13683.65335396,26498.367047,0.7357779, 65.6839,291.0589, 38.5768, 94.4751
13684.64836287,26498.215022,0.7357571, 65.6748,290.9165, 38.5521, 95.4507
13685.64337355,26498.125198,0.7357277, 65.6688,290.7757, 38.5252, 96.4338
13686.63835732,26498.090382,0.7357064, 65.6657,290.6370, 38.4963, 97.4016
13687.63333062,26498.091779,0.7357045, 65.6646,290.5002, 38.4659, 98.3636
13688.62829361,26498.110283,0.7357256, 65.6642,290.3645, 38.4353, 99.3178
13689.62324332,26498.132701,0.7357669, 65.6634,290.2293, 38.4052,100.2609
13690.61818420,26498.152970,0.7358217, 65.6615,290.0938, 38.3762,101.1954
13691.11564284,26498.161044,0.7358512, 65.6600,290.0257, 38.3630,101.6531
13691.61311945,26498.170139,0.7358819, 65.6581,289.9575, 38.3487,102.1233
13692.60804346,26498.186122,0.7359400, 65.6531,289.8202, 38.3226,103.0406
13693.60296705,26498.203982,0.7359895, 65.6467,289.6818, 38.2977,103.9553
13694.59790216,26498.227624,0.7360260, 65.6393,289.5425, 38.2738,104.8760
13695.59282167,26498.261359,0.7360467, 65.6312,289.4023, 38.2504,105.7832
13696.58774422,26498.310517,0.7360508, 65.6231,289.2617, 38.2270,106.6903
13697.58266668,26498.380034,0.7360399, 65.6154,289.1209, 38.2033,107.5948
13698.57758675,26498.474507,0.7360174, 65.6088,288.9805, 38.1788,108.4946
13699.57250255,26498.598550,0.7359887, 65.6035,288.8407, 38.1531,109.3877
13700.56742142,26498.755857,0.7359610, 65.5997,288.7019, 38.1261,110.2785
13701.56231418,26498.947453,0.7359416, 65.5975,288.5642, 38.0977,111.1446
13702.55721910,26499.171892,0.7359377, 65.5964,288.4276, 38.0683,112.0124
13703.55210101,26499.423271,0.7359546, 65.5959,288.2919, 38.0383,112.8551
13704.54698704,26499.692180,0.7359943, 65.5952,288.1565, 38.0084,113.6909
13705.54187299,26499.965982,0.7360544, 65.5932,288.0210, 37.9792,114.5159
13706.53676323,26500.229393,0.7361277, 65.5893,287.8845, 37.9514,115.3328
13707.53165170,26500.469144,0.7362028, 65.5828,287.7466, 37.9255,116.1374
13708.52654492,26500.679005,0.7362666, 65.5741,287.6069, 37.9014,116.9352
13709.52144542,26500.864362,0.7363078, 65.5641,287.4657, 37.8784,117.7292
13710.51635410,26501.042610,0.7363216, 65.5541,287.3236, 37.8557,118.5212
13711.51126800,26501.238758,0.7363120, 65.5458,287.1817, 37.8320,119.3092
13712.00872640,26501.259761,0.7363010, 65.5429,287.1112, 37.8197,119.7009
13713.00364746,26501.518497,0.7362804, 65.5390,286.9715, 37.7932,120.4811
13713.99857285,26501.821586,0.7362716, 65.5377,286.8337, 37.7649,121.2537
13714.99349323,26502.153918,0.7362848, 65.5383,286.6977, 37.7356,122.0100
13715.98841285,26502.494887,0.7363225, 65.5394,286.5628, 37.7062,122.7519
13716.48587232,26502.746693,0.7363506, 65.5394,286.4955, 37.6917,123.1175
13716.98333361,26502.826876,0.7363806, 65.5397,286.4281, 37.6776,123.4802
13717.97825838,26503.139652,0.7364510, 65.5388,286.2930, 37.6505,124.1971
13718.97319100,26503.429105,0.7365244, 65.5361,286.1571, 37.6249,124.9062
13719.96813643,26503.696398,0.7365929, 65.5318,286.0201, 37.6008,125.6119
13720.96308951,26503.944733,0.7366503, 65.5262,285.8820, 37.5780,126.3115
13721.95805780,26504.178073,0.7366931, 65.5198,285.7432, 37.5559,127.0115
13722.95303715,26504.400638,0.7367197, 65.5132,285.6037, 37.5341,127.7096
13723.94802993,26504.616688,0.7367309, 65.5068,285.4640, 37.5122,128.4083
13724.94305013,26504.830110,0.7367293, 65.5012,285.3245, 37.4897,129.1182
13725.93805195,26505.046311,0.7367194, 65.4969,285.1855, 37.4662,129.8063
13726.93306934,26505.270241,0.7367073, 65.4942,285.0473, 37.4415,130.4973
13727.92811419,26505.505869,0.7367001, 65.4931,284.9101, 37.4155,131.1995
13728.92318350,26505.755099,0.7367054, 65.4934,284.7741, 37.3883,131.9102
13729.91823311,26506.017895,0.7367293, 65.4947,284.6391, 37.3602,132.5968
13730.41573789,26506.179174,0.7367505, 65.4954,284.5719, 37.3462,132.9218
13730.91325982,26506.289057,0.7367757, 65.4962,284.5047, 37.3318,133.2564
13731.41079117,26506.446381,0.7368082, 65.4966,284.4377, 37.3179,133.5952
13731.90834400,26506.559102,0.7368440, 65.4969,284.3705, 37.3037,133.9467
13732.40587945,26506.706796,0.7368857, 65.4966,284.3033, 37.2902,134.2831
13732.90342277,26506.816601,0.7369290, 65.4960,284.2357, 37.2767,134.6224
13732.90342707,26506.816573,0.7369290, 65.4960,284.2357, 37.2767,134.6255
13733.40096586,26506.948265,0.7369757, 65.4947,284.1680, 37.2639,134.9591
13733.89850121,26507.049202,0.7370211, 65.4929,284.0998, 37.2511,135.2877
13734.89360369,26507.246422,0.7371083, 65.4874,283.9625, 37.2272,135.9614
13735.39116387,26507.333446,0.7371472, 65.4839,283.8933, 37.2160,136.3019
13735.88871007,26507.406813,0.7371794, 65.4802,283.8236, 37.2047,136.6305
13736.38627323,26507.472923,0.7372072, 65.4762,283.7538, 37.1939,136.9700
13736.88384532,26507.537035,0.7372272, 65.4723,283.6836, 37.1828,137.3146
13737.38142717,26507.589158,0.7372427, 65.4685,283.6135, 37.1719,137.6651
13737.38142782,26507.589155,0.7372427, 65.4685,283.6135, 37.1719,137.6656
13737.87901132,26507.652672,0.7372513, 65.4651,283.5433, 37.1605,138.0161
13738.37659405,26507.700836,0.7372570, 65.4622,283.4733, 37.1491,138.3649
13738.87417584,26507.773461,0.7372584, 65.4599,283.4035, 37.1371,138.7119
13739.86937128,26507.914827,0.7372607, 65.4575,283.2649, 37.1119,139.4250
13739.86937961,26507.914789,0.7372607, 65.4575,283.2649, 37.1119,139.4310
13740.86456123,26508.085506,0.7372719, 65.4577,283.1281, 37.0849,140.1278
13741.36216106,26508.159389,0.7372850, 65.4587,283.0605, 37.0710,140.4799
13741.85974306,26508.282113,0.7373025, 65.4599,282.9930, 37.0567,140.8170
13741.85974501,26508.282102,0.7373025, 65.4599,282.9930, 37.0567,140.8184
13742.35734787,26508.360644,0.7373276, 65.4614,282.9259, 37.0425,141.1684
13742.85494760,26508.491534,0.7373574, 65.4628,282.8589, 37.0281,141.5139
13743.35255652,26508.566875,0.7373942, 65.4642,282.7921, 37.0141,141.8636
13743.85018567,26508.697373,0.7374345, 65.4652,282.7252, 37.0001,142.2258
13744.34779901,26508.763043,0.7374798, 65.4660,282.6583, 36.9866,142.5742
13744.84542260,26508.887186,0.7375265, 65.4662,282.5912, 36.9733,142.9280
13745.84068298,26509.052822,0.7376240, 65.4653,282.4562, 36.9480,143.6389
13746.33830609,26509.088364,0.7376723, 65.4643,282.3884, 36.9359,143.9865
13746.83594148,26509.191063,0.7377176, 65.4626,282.3202, 36.9241,144.3414
13747.33358694,26509.211627,0.7377612, 65.4607,282.2518, 36.9127,144.7021
13747.83122692,26509.306400,0.7378003, 65.4583,282.1830, 36.9015,145.0577
13748.32887664,26509.313154,0.7378366, 65.4559,282.1141, 36.8905,145.4190
13748.82654673,26509.399612,0.7378677, 65.4531,282.0448, 36.8797,145.7942
13749.32419722,26509.396531,0.7378956, 65.4504,281.9756, 36.8689,146.1541
13749.82186777,26509.478657,0.7379183, 65.4474,281.9060, 36.8581,146.5278
13750.31953492,26509.468330,0.7379380, 65.4448,281.8366, 36.8473,146.8983
13750.81720582,26509.547643,0.7379531, 65.4421,281.7670, 36.8364,147.2708
13751.31487884,26509.532887,0.7379658, 65.4398,281.6975, 36.8253,147.6442
13751.31488358,26509.532870,0.7379658, 65.4398,281.6975, 36.8253,147.6476
13751.81256815,26509.611723,0.7379748, 65.4374,281.6280, 36.8141,148.0288
13752.31025948,26509.594740,0.7379827, 65.4357,281.5587, 36.8025,148.4142
13752.80795077,26509.675311,0.7379882, 65.4340,281.4894, 36.7908,148.7992
13753.30564019,26509.658381,0.7379941, 65.4330,281.4204, 36.7787,149.1820
13754.30102959,26509.727422,0.7380065, 65.4319,281.2831, 36.7536,149.9534
13755.29644445,26509.805342,0.7380270, 65.4323,281.1466, 36.7273,150.7404
13755.79414911,26509.899686,0.7380422, 65.4329,281.0788, 36.7139,151.1306
13756.29186441,26509.895214,0.7380628, 65.4340,281.0112, 36.7000,151.5275
13757.78499009,26510.102660,0.7381553, 65.4371,280.8093, 36.6580,152.6969
13758.28273948,26510.107336,0.7381980, 65.4381,280.7422, 36.6439,153.1138
13758.78048495,26510.214863,0.7382451, 65.4385,280.6749, 36.6302,153.5267
13759.27819634,26510.219821,0.7382972, 65.4388,280.6075, 36.6165,153.9135
13759.77592160,26510.324523,0.7383517, 65.4382,280.5399, 36.6033,154.3093
13760.27366010,26510.323744,0.7384088, 65.4372,280.4720, 36.5903,154.7135
13761.26913558,26510.407222,0.7385212, 65.4331,280.3351, 36.5657,155.5181
13761.76688268,26510.488205,0.7385734, 65.4301,280.2660, 36.5542,155.9262
13762.26464435,26510.462483,0.7386220, 65.4268,280.1965, 36.5427,156.3444
13763.26016098,26510.488906,0.7387017, 65.4191,280.0566, 36.5206,157.1754
13764.25571340,26510.493533,0.7387570, 65.4115,279.9159, 36.4987,158.0324
13765.25127045,26510.489755,0.7387916, 65.4052,279.7753, 36.4762,158.8934
13765.74904992,26510.534735,0.7388036, 65.4027,279.7053, 36.4646,159.3247
13766.24685986,26510.493341,0.7388151, 65.4012,279.6355, 36.4522,159.7780
13766.74464234,26510.544740,0.7388262, 65.4001,279.5661, 36.4399,160.2112
13767.24243829,26510.515151,0.7388398, 65.3999,279.4970, 36.4267,160.6537
13768.23803792,26510.560159,0.7388772, 65.4008,279.3600, 36.3999,161.5426
13768.73583689,26510.629739,0.7389030, 65.4017,279.2920, 36.3864,161.9853
13769.23365241,26510.624546,0.7389350, 65.4030,279.2242, 36.3723,162.4389
13770.22924984,26510.704456,0.7390152, 65.4054,279.0890, 36.3448,163.3185
13771.22485812,26510.787617,0.7391143, 65.4069,278.9537, 36.3180,164.2013
13771.72266912,26510.860363,0.7391683, 65.4069,278.8859, 36.3053,164.6461
13772.22050523,26510.863457,0.7392248, 65.4066,278.8178, 36.2926,165.1080
13772.71832073,26510.926932,0.7392809, 65.4056,278.7495, 36.2807,165.5541
13773.21614300,26510.923278,0.7393371, 65.4043,278.6808, 36.2687,166.0044
13774.21180717,26510.966414,0.7394426, 65.4000,278.5426, 36.2462,166.9176
13774.21182529,26510.966323,0.7394426, 65.4000,278.5426, 36.2462,166.9307
13774.70964400,26511.008664,0.7394901, 65.3971,278.4730, 36.2357,167.3771
13775.20749778,26510.992424,0.7395344, 65.3941,278.4031, 36.2249,167.8486
13776.20319599,26511.004397,0.7396090, 65.3874,278.2626, 36.2042,168.7848
13777.19891557,26511.005352,0.7396657, 65.3805,278.1216, 36.1837,169.7367
13778.19465256,26510.998906,0.7397065, 65.3740,277.9803, 36.1628,170.7019
13779.19039180,26510.989547,0.7397355, 65.3686,277.8393, 36.1414,171.6696
13780.18614386,26510.979947,0.7397580, 65.3645,277.6987, 36.1189,172.6473
13781.18192694,26510.972021,0.7397807, 65.3619,277.5589, 36.0954,173.6479
13782.17771451,26510.969597,0.7398104, 65.3609,277.4200, 36.0709,174.6516
13783.17350534,26510.973623,0.7398537, 65.3611,277.2819, 36.0454,175.6568
13784.16930369,26510.985820,0.7399160, 65.3619,277.1445, 36.0194,176.6661
13785.16509665,26511.008938,0.7399999, 65.3625,277.0073, 35.9933,177.6693
13786.16090528,26511.038310,0.7401037, 65.3618,276.8699, 35.9679,178.6816
13787.15672710,26511.069688,0.7402205, 65.3590,276.7315, 35.9436,179.7012
13787.65464313,26511.080063,0.7402801, 65.3565,276.6618, 35.9322,180.2143
13788.15256818,26511.094451,0.7403390, 65.3534,276.5916, 35.9210,180.7338
13789.14841641,26511.102129,0.7404457, 65.3453,276.4501, 35.8999,181.7719
13789.14842346,26511.102093,0.7404457, 65.3453,276.4501, 35.8999,181.7770
13790.14428443,26511.085992,0.7405302, 65.3356,276.3071, 35.8800,182.8264
13791.14016717,26511.045813,0.7405882, 65.3259,276.1634, 35.8602,183.8947
13792.13606364,26510.987217,0.7406240, 65.3177,276.0197, 35.8399,184.9767
13793.13197405,26510.921638,0.7406478, 65.3120,275.8768, 35.8183,186.0719
13793.62993333,26510.877167,0.7406590, 65.3103,275.8060, 35.8070,186.6234
13794.12789778,26510.858792,0.7406723, 65.3091,275.7353, 35.7953,187.1789
13795.12382268,26510.804352,0.7407087, 65.3084,275.5951, 35.7712,188.2876
13796.11975778,26510.759744,0.7407640, 65.3091,275.4560, 35.7465,189.4035
13797.11569961,26510.722340,0.7408398, 65.3099,275.3174, 35.7218,190.5236
13798.11162843,26510.686640,0.7409327, 65.3098,275.1788, 35.6980,191.6336
13798.60960737,26510.649802,0.7409835, 65.3093,275.1093, 35.6865,192.1991
13799.10757222,26510.644707,0.7410360, 65.3081,275.0395, 35.6754,192.7546
13799.60555526,26510.602814,0.7410888, 65.3065,274.9695, 35.6646,193.3235
13800.10353664,26510.591826,0.7411411, 65.3043,274.8991, 35.6542,193.8917
13801.09952540,26510.523380,0.7412393, 65.2985,274.7574, 35.6344,195.0489
13802.09552606,26510.436000,0.7413240, 65.2911,274.6145, 35.6157,196.2187
13803.09154472,26510.327115,0.7413910, 65.2828,274.4707, 35.5977,197.4068
13804.08753846,26510.200479,0.7414393, 65.2743,274.3262, 35.5798,198.5832
13805.08356548,26510.054642,0.7414705, 65.2662,274.1816, 35.5616,199.7907
13806.07961527,26509.892206,0.7414889, 65.2592,274.0371, 35.5427,201.0222
13807.07566415,26509.716752,0.7415001, 65.2537,273.8932, 35.5229,202.2607
13808.07172699,26509.526149,0.7415106, 65.2499,273.7500, 35.5021,203.5169
13809.06779949,26509.327743,0.7415271, 65.2476,273.6077, 35.4802,204.7875
13809.56583806,26509.207656,0.7415398, 65.2471,273.5369, 35.4688,205.4272
13810.06384272,26509.120591,0.7415559, 65.2467,273.4662, 35.4574,206.0440
13810.06385923,26509.120547,0.7415559, 65.2467,273.4662, 35.4574,206.0559
13811.05992745,26508.906136,0.7416019, 65.2465,273.3254, 35.4340,207.3372
13812.05601848,26508.687418,0.7416677, 65.2463,273.1848, 35.4105,208.6416
13813.05211594,26508.469040,0.7417524, 65.2450,273.0440, 35.3874,209.9572
13814.04820340,26508.253036,0.7418507, 65.2418,272.9023, 35.3653,211.2726
13815.04430580,26508.037701,0.7419523, 65.2359,272.7593, 35.3444,212.6071
13815.54236609,26507.912174,0.7420008, 65.2320,272.6873, 35.3344,213.2846
13816.04040633,26507.818806,0.7420445, 65.2274,272.6147, 35.3249,213.9503
13816.53847368,26507.688983,0.7420835, 65.2223,272.5419, 35.3155,214.6387
13817.03652529,26507.588807,0.7421152, 65.2170,272.4686, 35.3065,215.3188
13817.53459723,26507.450428,0.7421408, 65.2116,272.3952, 35.2973,216.0171
13818.03266318,26507.338751,0.7421586, 65.2063,272.3216, 35.2882,216.7146
13819.02882265,26507.062024,0.7421773, 65.1971,272.1747, 35.2692,218.1404
13819.52690748,26506.897066,0.7421810, 65.1935,272.1015, 35.2592,218.8622
13820.02498484,26506.760987,0.7421819, 65.1906,272.0286, 35.2489,219.5819
13821.02114850,26506.444304,0.7421864, 65.1873,271.8840, 35.2270,221.0371
13822.01732867,26506.122384,0.7422032, 65.1865,271.7408, 35.2039,222.5151
13823.01351223,26505.803031,0.7422393, 65.1872,271.5987, 35.1801,224.0054
13824.00967488,26505.489849,0.7422959, 65.1882,271.4571, 35.1564,225.4896
13824.50775948,26505.315195,0.7423314, 65.1884,271.3864, 35.1447,226.2376
13825.00585679,26505.185318,0.7423690, 65.1882,271.3154, 35.1334,226.9970
13825.50396003,26505.013173,0.7424102, 65.1876,271.2444, 35.1222,227.7634
13826.00204989,26504.888126,0.7424513, 65.1865,271.1730, 35.1114,228.5225
13826.99825080,26504.594702,0.7425345, 65.1828,271.0295, 35.0907,230.0645
13827.49636029,26504.423348,0.7425745, 65.1802,270.9574, 35.0808,230.8465
13827.99447506,26504.304343,0.7426105, 65.1771,270.8848, 35.0711,231.6354
13828.49258867,26504.130490,0.7426445, 65.1737,270.8122, 35.0617,232.4269
13828.99070280,26504.011836,0.7426731, 65.1698,270.7390, 35.0524,233.2221
13829.48882341,26503.833537,0.7426987, 65.1659,270.6659, 35.0432,234.0257
13829.98694115,26503.715021,0.7427183, 65.1616,270.5923, 35.0341,234.8306
13830.98316794,26503.413393,0.7427451, 65.1532,270.4451, 35.0159,236.4456
13830.98318603,26503.413318,0.7427451, 65.1532,270.4451, 35.0159,236.4587
13831.48131987,26503.223960,0.7427526, 65.1492,270.3715, 35.0066,237.2867
13831.97942674,26503.103947,0.7427550, 65.1453,270.2977, 34.9972,238.0988
13831.97943280,26503.103924,0.7427551, 65.1453,270.2977, 34.9972,238.1032
13832.47757377,26502.907725,0.7427556, 65.1419,270.2242, 34.9876,238.9440
13832.97570118,26502.786438,0.7427523, 65.1386,270.1505, 34.9778,239.7784
13833.47384139,26502.583197,0.7427485, 65.1359,270.0773, 34.9677,240.6261
13833.97196392,26502.461133,0.7427425, 65.1334,270.0040, 34.9574,241.4643
13833.97196612,26502.461126,0.7427425, 65.1334,270.0040, 34.9574,241.4659
13834.96825310,26502.128971,0.7427322, 65.1300,269.8582, 34.9358,243.1833
13835.46640107,26501.912714,0.7427297, 65.1290,269.7858, 34.9247,244.0504
13835.96453053,26501.791175,0.7427283, 65.1282,269.7134, 34.9133,244.9070
13836.46268046,26501.569620,0.7427312, 65.1281,269.6414, 34.9017,245.7818
13836.96080949,26501.450380,0.7427366, 65.1279,269.5693, 34.8898,246.6441
13837.45897041,26501.224916,0.7427474, 65.1282,269.4977, 34.8779,247.5327
13837.95710006,26501.108905,0.7427615, 65.1283,269.4260, 34.8659,248.4010
13837.95710229,26501.108896,0.7427615, 65.1283,269.4260, 34.8659,248.4027
13838.95339066,26500.769663,0.7428054, 65.1288,269.2828, 34.8417,250.1687
13839.45154528,26500.542012,0.7428348, 65.1289,269.2114, 34.8297,251.0634
13839.94966602,26500.440803,0.7428672, 65.1284,269.1395, 34.8179,251.9356
13840.94600764,26500.126452,0.7429426, 65.1262,268.9955, 34.7948,253.7605
13841.44416597,26499.907367,0.7429835, 65.1244,268.9233, 34.7837,254.6682
13841.94229840,26499.831053,0.7430232, 65.1216,268.8504, 34.7728,255.5594
13842.44046232,26499.620424,0.7430625, 65.1185,268.7774, 34.7622,256.4768
13842.93861700,26499.559348,0.7430978, 65.1145,268.7037, 34.7520,257.3901
13843.43678698,26499.357724,0.7431297, 65.1103,268.6300, 34.7418,258.3183
13843.93493788,26499.310587,0.7431549, 65.1052,268.5557, 34.7320,259.2356
13844.43313795,26499.114623,0.7431748, 65.1005,268.4814, 34.7221,260.1927
13844.93129836,26499.074791,0.7431869, 65.0953,268.4067, 34.7123,261.1241
13844.93130141,26499.074771,0.7431869, 65.0953,268.4067, 34.7123,261.1263
13845.42947812,26498.877030,0.7431936, 65.0908,268.3323, 34.7022,262.0739
13845.92762687,26498.836446,0.7431937, 65.0863,268.2576, 34.6920,263.0043
13846.42581180,26498.628699,0.7431904, 65.0830,268.1835, 34.6813,263.9652
13846.92398096,26498.579838,0.7431838, 65.0800,268.1094, 34.6705,264.9171
13847.92035955,26498.297181,0.7431718, 65.0771,267.9626, 34.6474,266.8600
13848.41855176,26498.061661,0.7431701, 65.0771,267.8900, 34.6350,267.8377
13848.91671531,26497.992913,0.7431723, 65.0772,267.8174, 34.6229,268.7960
13849.91312947,26497.678572,0.7431943, 65.0793,267.6735, 34.5978,270.7821
13850.90947881,26497.371078,0.7432396, 65.0817,267.5302, 34.5727,272.7275
13851.90584671,26497.080357,0.7433034, 65.0832,267.3868, 34.5484,274.6923
13851.90586433,26497.080177,0.7433034, 65.0832,267.3868, 34.5484,274.7051
13852.90225556,26496.812497,0.7433773, 65.0829,267.2426, 34.5252,276.6931
13853.89865391,26496.569098,0.7434519, 65.0804,267.0973, 34.5033,278.6933
13854.39685396,26496.370781,0.7434871, 65.0786,267.0244, 34.4923,279.6975
13854.89498100,26496.347513,0.7435190, 65.0758,266.9509, 34.4824,280.6499
13855.89141732,26496.141388,0.7435725, 65.0697,266.8035, 34.4624,282.6944
13856.88780761,26495.947566,0.7436090, 65.0627,266.6552, 34.4427,284.7146
13857.88423231,26495.759679,0.7436277, 65.0555,266.5065, 34.4229,286.7693
13858.88066446,26495.573785,0.7436307, 65.0489,266.3578, 34.4028,288.8385
13858.88068715,26495.573326,0.7436307, 65.0489,266.3578, 34.4028,288.8550
13859.87710111,26495.385209,0.7436218, 65.0434,266.2094, 34.3819,290.9198
13860.87357948,26495.190433,0.7436067, 65.0396,266.0617, 34.3600,293.0391
13861.87004099,26494.988090,0.7435921, 65.0376,265.9148, 34.3371,295.1528
13862.86648212,26494.778322,0.7435847, 65.0373,265.7689, 34.3132,297.2571
13863.86294122,26494.559678,0.7435903, 65.0385,265.6238, 34.2886,299.3781
13864.85940458,26494.336924,0.7436131, 65.0405,265.4794, 34.2636,301.5046
13865.85588307,26494.111747,0.7436548, 65.0425,265.3353, 34.2385,303.6432
13865.85589792,26494.111115,0.7436548, 65.0425,265.3353, 34.2385,303.6540
13866.35412089,26493.977358,0.7436829, 65.0433,265.2633, 34.2253,304.7117
13866.85234424,26493.889700,0.7437141, 65.0437,265.1910, 34.2138,305.7694
13867.84881274,26493.673983,0.7437865, 65.0433,265.0461, 34.1898,307.9005
13868.84528744,26493.469565,0.7438648, 65.0406,264.9002, 34.1668,310.0355
13869.84178731,26493.275474,0.7439393, 65.0355,264.7530, 34.1449,312.1886
13870.83827067,26493.092624,0.7440002, 65.0283,264.6045, 34.1239,314.3302
13871.83478047,26492.909793,0.7440397, 65.0201,264.4551, 34.1031,316.4921
13872.83128935,26492.712308,0.7440557, 65.0123,264.3054, 34.0821,318.6545
13873.82780060,26492.474427,0.7440533, 65.0065,264.1562, 34.0601,320.8191
13874.32611000,26492.357021,0.7440495, 65.0046,264.0821, 34.0479,321.9395
13874.82437663,26492.157726,0.7440443, 65.0040,264.0084, 34.0368,323.0290
13875.82091648,26491.754340,0.7440440, 65.0048,263.8622, 34.0121,325.2084
13876.81742429,26491.252128,0.7440643, 65.0081,263.7175, 33.9868,327.3573
13877.31569616,26491.001697,0.7440849, 65.0099,263.6454, 33.9734,328.4406
13877.81395084,26490.636659,0.7441100, 65.0122,263.5735, 33.9615,329.5100
13878.81050836,26489.898885,0.7441772, 65.0157,263.4294, 33.9370,331.6744
13879.80705285,26489.047317,0.7442563, 65.0172,263.2844, 33.9139,333.8185
13880.80360354,26488.068878,0.7443355, 65.0162,263.1383, 33.8921,335.9569
13881.80016209,26486.965487,0.7444042, 65.0130,262.9907, 33.8713,338.0919
13882.79672762,26485.785212,0.7444553, 65.0081,262.8419, 33.8511,340.2238
13883.79330798,26484.673055,0.7444859, 65.0024,262.6921, 33.8305,342.3593
13884.78989548,26484.027575,0.7444986, 64.9966,262.5417, 33.8086,344.4935
13885.78641798,26484.714755,0.7445039, 64.9918,262.3911, 33.7843,346.5745
13886.78302935,26488.650260,0.7445239, 64.9887,262.2406, 33.7562,348.7146
13887.77964706,26499.468825,0.7446034, 64.9878,262.0909, 33.7235,350.8544
13888.77622639,26521.801046,0.7448033, 64.9893,261.9424, 33.6887,352.9599
13889.27453876,26539.096241,0.7449714, 64.9903,261.8688, 33.6725,354.0245
13890.27116836,26574.782192,0.7453504, 64.9936,261.7231, 33.6556,356.1438
13890.76947262,26583.083686,0.7454606, 64.9950,261.6508, 33.6573,357.1868
13892.26442811,26509.536935,0.7448484, 64.9933,261.4314, 33.6659,  0.3202
13892.76270390,26468.403202,0.7444873, 64.9912,261.3560, 33.6505,  1.3380
13893.75932837,26413.224911,0.7440631, 64.9882,261.2027, 33.5930,  3.4274
13894.25763807,26408.691501,0.7440898, 64.9876,261.1256, 33.5637,  4.4637
13894.75595241,26413.217524,0.7442089, 64.9866,261.0484, 33.5396,  5.4994
13895.75258533,26437.281137,0.7445805, 64.9853,260.8952, 33.5085,  7.5538
13896.74922590,26461.123024,0.7449221, 64.9826,260.7432, 33.4920,  9.5974
13897.74587534,26478.118694,0.7451681, 64.9783,260.5919, 33.4808, 11.6383
13898.74253429,26488.925268,0.7453275, 64.9729,260.4410, 33.4700, 13.6809
13899.73920743,26495.515755,0.7454228, 64.9674,260.2906, 33.4577, 15.7303
13900.73588369,26499.463247,0.7454755, 64.9634,260.1412, 33.4430, 17.7788
13901.23421385,26500.709052,0.7454909, 64.9626,260.0669, 33.4345, 18.7954
13902.72918886,26503.203479,0.7455348, 64.9637,259.8469, 33.4063, 21.8281
13903.72586380,26504.036221,0.7455777, 64.9681,259.7023, 33.3852, 23.8587
13904.72254040,26504.517580,0.7456451, 64.9739,259.5588, 33.3634, 25.8812
13905.71922389,26504.784452,0.7457387, 64.9794,259.4155, 33.3417, 27.8988
13906.71589379,26504.919708,0.7458515, 64.9831,259.2717, 33.3210, 29.8970
13907.71258720,26504.973395,0.7459719, 64.9841,259.1267, 33.3015, 31.9043
13908.70927024,26504.976595,0.7460875, 64.9822,258.9803, 33.2833, 33.8983
13909.70598253,26504.946948,0.7461888, 64.9781,258.8326, 33.2659, 35.9098
13910.70270467,26504.897627,0.7462708, 64.9726,258.6840, 33.2488, 37.9265
13911.69943683,26504.837093,0.7463329, 64.9668,258.5350, 33.2316, 39.9498
13912.19780513,26504.807232,0.7463564, 64.9640,258.4603, 33.2226, 40.9631
13913.69291463,26504.709424,0.7464105, 64.9576,258.2374, 33.1955, 44.0064
13914.68961764,26504.649318,0.7464374, 64.9554,258.0895, 33.1761, 46.0088
13915.68638707,26504.592644,0.7464653, 64.9551,257.9426, 33.1558, 48.0591
13916.68313916,26504.537651,0.7465009, 64.9566,257.7966, 33.1347, 50.0960
13917.67988141,26504.479878,0.7465500, 64.9596,257.6515, 33.1130, 52.1247
13919.17501770,26504.423441,0.7466567, 64.9652,257.4347, 33.0800, 55.1817
13919.67338843,26504.352391,0.7467026, 64.9672,257.3627, 33.0691, 56.1938
13920.67014514,26504.266679,0.7468061, 64.9700,257.2181, 33.0477, 58.2287
13921.66691404,26504.160489,0.7469222, 64.9710,257.0729, 33.0270, 60.2719
13922.66366516,26504.023960,0.7470430, 64.9696,256.9266, 33.0072, 62.3033
13923.66043689,26503.858240,0.7471592, 64.9658,256.7791, 32.9883, 64.3524
13924.65722877,26503.666008,0.7472620, 64.9600,256.6304, 32.9700, 66.4208
13925.65402881,26503.457686,0.7473456, 64.9532,256.4808, 32.9519, 68.5018
13926.65083218,26503.244485,0.7474086, 64.9465,256.3310, 32.9335, 70.5931
13927.64764573,26503.038349,0.7474549, 64.9414,256.1815, 32.9143, 72.6999
13928.64445820,26502.849434,0.7474928, 64.9388,256.0329, 32.8941, 74.8139
13929.64125662,26502.682302,0.7475338, 64.9390,255.8857, 32.8728, 76.9246
13930.63807262,26502.531917,0.7475893, 64.9419,255.7397, 32.8506, 79.0535
13931.63488838,26502.385252,0.7476676, 64.9464,255.5947, 32.8281, 81.1863
13932.63169715,26502.223397,0.7477713, 64.9509,255.4500, 32.8060, 83.3178
13933.62851294,26502.024428,0.7478961, 64.9538,255.3048, 32.7850, 85.4585
13934.62532152,26501.776228,0.7480318, 64.9541,255.1584, 32.7652, 87.5998
13935.62215552,26501.472696,0.7481658, 64.9513,255.0103, 32.7469, 89.7678
13936.61899850,26501.124605,0.7482866, 64.9457,254.8607, 32.7296, 91.9531
13937.61584906,26500.743617,0.7483868, 64.9384,254.7098, 32.7128, 94.1571
13938.61270898,26500.346730,0.7484643, 64.9304,254.5582, 32.6959, 96.3829
13939.60957698,26499.947636,0.7485213, 64.9229,254.4064, 32.6787, 98.6303
13940.60645111,26499.556368,0.7485635, 64.9167,254.2550, 32.6607,100.8981
13941.60333235,26499.177369,0.7485980, 64.9125,254.1043, 32.6418,103.1867
13942.60021774,26498.810289,0.7486324, 64.9102,253.9545, 32.6220,105.4936
13943.59709294,26498.453210,0.7486736, 64.9099,253.8055, 32.6016,107.8076
13944.59398207,26498.099486,0.7487274, 64.9109,253.6573, 32.5807,110.1458
13945.59087271,26497.739895,0.7487977, 64.9127,253.5097, 32.5597,112.4989
13946.58776418,26497.364736,0.7488859, 64.9144,253.3621, 32.5389,114.8666
13947.58466049,26496.957544,0.7489903, 64.9149,253.2142, 32.5187,117.2526
13948.58155579,26496.503008,0.7491061, 64.9135,253.0655, 32.4993,119.6542
13949.57845786,26495.989717,0.7492250, 64.9096,252.9156, 32.4810,122.0792
13950.57537009,26495.409621,0.7493377, 64.9031,252.7643, 32.4636,124.5330
13951.57227950,26494.768977,0.7494350, 64.8945,252.6117, 32.4469,127.0093
13952.56919893,26494.079913,0.7495109, 64.8849,252.4582, 32.4304,129.5198
13953.56613596,26493.364258,0.7495647, 64.8758,252.3045, 32.4135,132.0721
13954.56307791,26492.639748,0.7496009, 64.8683,252.1511, 32.3960,134.6576
13955.56002119,26491.922860,0.7496285, 64.8635,251.9987, 32.3775,137.2735
13956.55696279,26491.214183,0.7496587, 64.8617,251.8476, 32.3582,139.9169
13957.55391450,26490.506571,0.7497017, 64.8623,251.6977, 32.3382,142.5956
13958.55086540,26489.784239,0.7497646, 64.8644,251.5486, 32.3182,145.3014
13959.54781745,26489.021037,0.7498495, 64.8665,251.3997, 32.2987,148.0364
13960.54477223,26488.189817,0.7499528, 64.8672,251.2503, 32.2802,150.8041
13961.54172335,26487.268508,0.7500664, 64.8655,251.0998, 32.2630,153.6032
13962.53868536,26486.239619,0.7501792, 64.8608,250.9478, 32.2472,156.4488
13963.53565841,26485.111009,0.7502803, 64.8534,250.7942, 32.2324,159.3462
13964.53264327,26483.871688,0.7503611, 64.8440,250.6392, 32.2181,162.3008
13965.52962820,26482.537514,0.7504180, 64.8338,250.4834, 32.2039,165.3089
13966.52663080,26481.142722,0.7504525, 64.8242,250.3273, 32.1892,168.3867
13967.52362382,26479.718736,0.7504699, 64.8161,250.1717, 32.1736,171.5161
13968.52063886,26478.260706,0.7504780, 64.8101,250.0168, 32.1570,174.7211
13969.01914823,26477.508974,0.7504813, 64.8081,249.9399, 32.1482,176.3475
13970.51468036,26475.267823,0.7504984, 64.8052,249.7101, 32.1211,181.3204
13971.01320174,26474.487030,0.7505098, 64.8052,249.6341, 32.1116,183.0162
13971.51170554,26473.720008,0.7505241, 64.8054,249.5581, 32.1022,184.7147
13972.50873316,26472.132136,0.7505658, 64.8065,249.4066, 32.0832,188.1732
13973.50576386,26470.474058,0.7506242, 64.8075,249.2551, 32.0643,191.6981
13974.50277746,26468.732100,0.7506974, 64.8075,249.1032, 32.0458,195.2783
13975.49980077,26466.870601,0.7507801, 64.8055,248.9505, 32.0280,198.9378
13976.49683972,26464.878415,0.7508647, 64.8012,248.7966, 32.0110,202.6870
13977.49389133,26462.750891,0.7509419, 64.7942,248.6414, 31.9946,206.5307
13977.99238328,26461.619043,0.7509755, 64.7899,248.5633, 31.9866,208.4622
13978.49094443,26460.498612,0.7510027, 64.7852,248.4848, 31.9785,210.4676
13979.48797322,26458.151793,0.7510412, 64.7752,248.3275, 31.9623,214.4847
13980.48503904,26455.734745,0.7510564, 64.7658,248.1700, 31.9455,218.6304
13981.48211124,26453.286591,0.7510533, 64.7583,248.0130, 31.9276,222.8842
13982.47919046,26450.844730,0.7510422, 64.7538,247.8572, 31.9085,227.2452
13983.47627625,26448.359321,0.7510344, 64.7524,247.7027, 31.8884,231.7121
13983.97480620,26447.048899,0.7510360, 64.7530,247.6261, 31.8782,233.9739
13984.97189828,26444.507141,0.7510519, 64.7551,247.4732, 31.8573,238.5957
13985.47042946,26443.304715,0.7510674, 64.7563,247.3968, 31.8470,240.9330
13986.46751830,26440.660880,0.7511148, 64.7589,247.2442, 31.8268,245.7044
13987.46460070,26437.912540,0.7511787, 64.7600,247.0910, 31.8075,250.5777
13988.46168527,26435.037976,0.7512507, 64.7587,246.9366, 31.7894,255.5653
13989.45877977,26431.991752,0.7513204, 64.7544,246.7807, 31.7724,260.6810
13990.45588747,26428.799214,0.7513785, 64.7476,246.6233, 31.7562,265.9357
13991.45300660,26425.452720,0.7514175, 64.7387,246.4646, 31.7402,271.3359
13992.45013632,26421.959608,0.7514336, 64.7290,246.3052, 31.7241,276.8888
13993.44727694,26418.372213,0.7514282, 64.7195,246.1456, 31.7075,282.5984
13994.44441913,26414.718144,0.7514058, 64.7115,245.9863, 31.6899,288.4596
13995.44157176,26411.009243,0.7513741, 64.7056,245.8278, 31.6714,294.4781
13996.43872541,26407.236992,0.7513413, 64.7020,245.6703, 31.6521,300.6447
13997.43588496,26403.392249,0.7513151, 64.7007,245.5138, 31.6323,306.9601
13998.43303710,26399.364683,0.7513005, 64.7009,245.3579, 31.6125,313.4113
13999.43020023,26394.960616,0.7512988, 64.7020,245.2023, 31.5931,320.0113
14000.42736349,26389.882295,0.7513068, 64.7029,245.0463, 31.5747,326.7530
14001.42451580,26383.456805,0.7513131, 64.7028,244.8893, 31.5576,333.6324
14002.42168974,26374.721009,0.7512940, 64.7014,244.7301, 31.5406,340.6811
14003.41886655,26367.877329,0.7512542, 64.6998,244.5669, 31.5134,347.9025
14004.41603429,26439.392074,0.7519399, 64.7017,244.4016, 31.4589,355.3227
14005.41322474,26291.518140,0.7506843, 64.6781,244.2284, 31.4818,  2.9154
14006.41041459,26337.015901,0.7512876, 64.6661,244.0397, 31.4221, 10.7240
14007.40762304,26360.454934,0.7514952, 64.6603,243.8734, 31.4323, 18.7348
14008.40484772,26358.551242,0.7514538, 64.6540,243.7130, 31.4252, 26.9956
14009.40205796,26353.153973,0.7513853, 64.6498,243.5550, 31.4110, 35.4748
14010.39928674,26347.339044,0.7513225, 64.6489,243.3990, 31.3939, 44.1938
14011.39650265,26341.512489,0.7512770, 64.6510,243.2447, 31.3754, 53.1282
14012.39370036,26335.648764,0.7512549, 64.6553,243.0917, 31.3567, 62.2763
14013.39091664,26329.568803,0.7512559, 64.6599,242.9391, 31.3382, 71.6723
14014.38813256,26323.117409,0.7512739, 64.6633,242.7863, 31.3205, 81.3176
14015.38535768,26316.039374,0.7512975, 64.6643,242.6324, 31.3037, 91.2423
14016.38259434,26308.278347,0.7513156, 64.6624,242.4772, 31.2878,101.4788
14017.37983847,26299.842406,0.7513180, 64.6578,242.3205, 31.2725,112.0552
14018.37709322,26290.799265,0.7512980, 64.6512,242.1626, 31.2575,123.0033
14019.37435466,26281.370962,0.7512537, 64.6438,242.0040, 31.2424,134.3443
14020.37163166,26271.619276,0.7511860, 64.6369,241.8452, 31.2269,146.1022
14021.36891165,26261.693721,0.7511006, 64.6316,241.6868, 31.2108,158.2794
14022.36620210,26251.773363,0.7510061, 64.6287,241.5293, 31.1939,170.8853
14023.36348923,26241.867278,0.7509114, 64.6288,241.3730, 31.1760,183.9096
14024.36078305,26231.883963,0.7508241, 64.6317,241.2179, 31.1573,197.3608
14025.35807882,26221.744511,0.7507502, 64.6367,241.0637, 31.1377,211.2397
14026.35537552,26211.335209,0.7506924, 64.6427,240.9099, 31.1176,225.5553
14027.35267563,26200.446746,0.7506494, 64.6487,240.7561, 31.0976,240.3250
14028.34996538,26188.833082,0.7506161, 64.6534,240.6015, 31.0780,255.5662
14029.34727314,26176.252278,0.7505852, 64.6561,240.4458, 31.0594,271.3370
14030.34459206,26162.461076,0.7505477, 64.6564,240.2887, 31.0418,287.6788
14031.34191927,26147.048116,0.7504922, 64.6541,240.1299, 31.0253,304.6437
14032.33924607,26128.978155,0.7504004, 64.6495,239.9688, 31.0109,322.2824
14033.33659009,26102.986850,0.7501880, 64.6440,239.8023, 30.9984,340.6584
14034.33391966,26139.131410,0.7504898, 64.6450,239.6259, 30.9952,359.8208
14035.33127496,26068.877165,0.7499374, 64.6315,239.4178, 30.9337, 19.8140
14036.32860386,26051.983768,0.7497349, 64.6316,239.2580, 30.9263, 40.6160
14037.32596474,26031.538515,0.7495404, 64.6333,239.1016, 30.9078, 62.2976
14038.32332206,26011.025248,0.7493653, 64.6383,238.9471, 30.8876, 84.8425
14039.32067985,25989.798668,0.7492077, 64.6458,238.7941, 30.8668,108.2839
14040.31802960,25966.943822,0.7490624, 64.6539,238.6416, 30.8464,132.6742
14041.31539630,25941.474311,0.7489161, 64.6606,238.4884, 30.8276,158.1329
14042.31276801,25912.181801,0.7487473, 64.6647,238.3339, 30.8109,184.8000
14043.31014175,25877.488321,0.7485274, 64.6659,238.1775, 30.7953,212.8932
14044.30752611,25836.468754,0.7482350, 64.6643,238.0190, 30.7796,242.7059
14045.30491031,25788.773612,0.7478598, 64.6604,237.8585, 30.7642,274.5492
14046.30231971,25734.132491,0.7473994, 64.6553,237.6959, 30.7507,308.7516
14047.29971727,25661.165259,0.7466686, 64.6523,237.5219, 30.7370,345.5650
14048.29714600,25583.993411,0.7459635, 64.6470,237.2989, 30.6990, 25.3369
14049.29457428,25516.117051,0.7452663, 64.6473,237.1387, 30.6864, 68.1892
14050.29199617,25446.111599,0.7445888, 64.6484,236.9809, 30.6666,114.2659
14051.28943540,25373.715098,0.7438955, 64.6519,236.8240, 30.6466,163.7428
14052.28686586,25296.959218,0.7431715, 64.6576,236.6678, 30.6275,216.8160
14053.28431003,25212.438127,0.7423869, 64.6638,236.5105, 30.6087,273.8604
14054.28174467,25108.476602,0.7414092, 64.6684,236.3451, 30.6011,335.4149
14055.27918543,24941.259208,0.7397063, 64.6744,236.1165, 30.5627, 42.5813
14055.27919738,24941.258842,0.7397062, 64.6744,236.1165, 30.5627, 42.5908
14056.27662858,24783.312215,0.7381427, 64.6773,235.9581, 30.5442,116.7981
14057.27409212,24581.101357,0.7361174, 64.6767,235.7983, 30.5277,200.3516
14058.27155982,24321.336563,0.7334334, 64.6734,235.6341, 30.5156,296.5981
14059.26903705,23811.044703,0.7277398, 64.6705,235.3914, 30.4906, 50.6242
14060.26651562,23381.421064,0.7228274, 64.6630,235.2258, 30.4730,188.9299
14061.26401404,22967.525998,0.7178023, 64.6675,235.0304, 30.4513,357.4891
14062.26146418,22091.521569,0.7067393, 64.6482,234.8056, 30.4340,206.6404
14062.26151104,22091.521370,0.7067393, 64.6482,234.8056, 30.4340,206.6850
14063.25898332,21247.695331,0.6950870, 64.6431,234.5505, 30.4133,102.3451
14064.25645600,20396.224059,0.6823917, 64.6365,234.2911, 30.3928, 53.7286
14065.25396960,19542.850210,0.6685385, 64.6315,234.0279, 30.3706, 71.0082
14066.25147441,18674.859709,0.6531982, 64.6265,233.7600, 30.3450,166.9360
14067.24898868,17614.163949,0.6323021, 64.6232,233.4497, 30.3694,  0.0242
14068.24649064,16511.828107,0.6079898, 64.6029,233.0899, 30.3264,325.6786
14069.24401282,14916.527311,0.5659774, 64.5838,232.6097, 30.2775,113.4651
14070.24152898,13365.589519,0.5157142, 64.5517,232.0777, 30.2540,161.5638
14071.23905340,11679.244007,0.4460965, 64.5008,231.3776, 30.2443,233.3687
14072.23659795,9765.795460,0.3373535, 64.4254,230.3234, 30.2335,177.1786
14073.23415485,7388.956713,0.1245922, 64.2398,228.4484, 30.6028,107.9756
