Time(day),a(km),e,i(deg),n(deg),w(deg),m(deg)
0.00000000,42179.878044,0.0001082,  3.9148, 73.1847,244.4206,115.5021
2.99349720,42178.195025,0.0001694,  3.9227, 73.2615,243.2803,116.6534
6.98457570,42178.720530,0.0002042,  3.9291, 73.2026,273.3884, 86.6443
9.97774740,42179.217433,0.0002060,  3.9387, 73.1320,287.3326, 72.7729
10.97548799,42179.198183,0.0002031,  3.9426, 73.1240,289.6451, 70.4785
10.97548800,42179.198183,0.0002031,  3.9426, 73.1240,289.6451, 70.4785
10.97549769,42179.198231,0.0002031,  3.9426, 73.1240,289.6455, 70.4816
13.96860375,42178.477509,0.0001859,  3.9535, 73.1580,288.4751, 71.6119
14.96623031,42178.062490,0.0001808,  3.9562, 73.1821,284.8319, 75.2026
18.95749758,42176.675991,0.0002131,  3.9617, 73.2347,266.9752, 93.1684
19.95520622,42176.662986,0.0002326,  3.9627, 73.2209,266.9118, 93.2486
21.95053833,42177.198975,0.0002652,  3.9664, 73.1652,273.3063, 86.8906
23.94618807,42178.008328,0.0002721,  3.9734, 73.1090,283.5802, 76.7777
26.93940944,42177.467600,0.0002326,  3.9865, 73.1223,286.8772, 73.5462
28.93499185,42176.028604,0.0002380,  3.9922, 73.1851,277.9360, 82.5138
32.92585224,42175.462803,0.0003236,  3.9957, 73.1994,286.4029, 74.1044
33.92349536,42175.726403,0.0003375,  3.9969, 73.1731,290.8720, 69.6583
34.92112178,42175.988812,0.0003471,  3.9988, 73.1435,294.9021, 65.6508
35.91875031,42176.195969,0.0003530,  4.0012, 73.1160,298.3132, 62.2635
36.91639008,42176.315647,0.0003555,  4.0041, 73.0944,301.0652, 59.5354
39.90944776,42176.026747,0.0003462,  4.0136, 73.0844,305.4546, 55.2222
39.90959598,42176.028040,0.0003462,  4.0136, 73.0844,305.4610, 55.2692
40.90733257,42175.717814,0.0003383,  4.0164, 73.0988,305.5205, 55.2376
44.89819310,42174.039582,0.0003152,  4.0218, 73.1671,297.1013, 63.7291
49.88613506,42174.551706,0.0003922,  4.0267, 73.0524,297.6665, 63.2461
50.88366022,42174.943945,0.0004007,  4.0298, 73.0200,301.2603, 59.6622
52.87889167,42175.109552,0.0003901,  4.0372, 72.9906,306.9912, 53.9875
56.86952991,42172.815244,0.0003637,  4.0473, 73.0593,301.7894, 59.2440
56.86965359,42172.816671,0.0003636,  4.0473, 73.0593,301.7975, 59.2806
57.86726489,42172.427430,0.0003828,  4.0479, 73.0688,300.8684, 60.2133
57.86730963,42172.427673,0.0003828,  4.0479, 73.0688,300.8705, 60.2274
57.86761038,42172.429320,0.0003827,  4.0479, 73.0688,300.8842, 60.3222
61.85747284,42172.934568,0.0004734,  4.0500, 72.9746,309.5269, 51.6321
62.85490763,42173.192824,0.0004857,  4.0518, 72.9365,312.2713, 48.8855
65.84749876,42173.396093,0.0004952,  4.0600, 72.8601,318.2636, 42.9650
65.84756242,42173.396048,0.0004951,  4.0600, 72.8601,318.2644, 42.9872
67.84269962,42172.973009,0.0004832,  4.0656, 72.8547,320.2291, 41.0596
68.84034813,42172.618206,0.0004728,  4.0678, 72.8625,320.5066, 40.8201
69.83796305,42172.196914,0.0004606,  4.0695, 72.8730,320.1905, 41.1598
70.83552670,42171.746950,0.0004484,  4.0705, 72.8822,319.1903, 42.1666
71.83308945,42171.323176,0.0004390,  4.0711, 72.8854,317.5304, 43.8393
74.82557441,42170.887960,0.0004560,  4.0718, 72.8253,312.6293, 48.7790
75.82300931,42171.164673,0.0004764,  4.0729, 72.7822,312.9909, 48.4351
76.82043450,42171.593411,0.0004976,  4.0749, 72.7347,314.6881, 46.7591
79.81277407,42172.373695,0.0005172,  4.0850, 72.6330,322.6635, 38.8455
80.81031649,42172.091858,0.0005043,  4.0887, 72.6258,324.2214, 37.3195
82.80538723,42170.900549,0.0004754,  4.0945, 72.6416,323.6398, 37.9307
83.80286814,42170.280662,0.0004726,  4.0961, 72.6519,322.1150, 39.4481
87.79272009,42169.796302,0.0005527,  4.0982, 72.5851,322.2991, 39.3242
90.78485059,42170.589380,0.0006076,  4.1036, 72.4487,328.3291, 33.3552
91.78220679,42170.719581,0.0006151,  4.1066, 72.4106,330.1920, 31.5026
92.77974913,42170.730070,0.0006175,  4.1099, 72.3816,331.8279, 29.9371
96.76955825,42169.698128,0.0005866,  4.1212, 72.3509,335.6329, 26.2104
96.76955857,42169.698130,0.0005866,  4.1212, 72.3509,335.6329, 26.2105
99.76188270,42168.461683,0.0005441,  4.1248, 72.3407,334.1669, 27.7165
101.75661261,42168.161608,0.0005426,  4.1261, 72.2852,331.4748, 30.4323
103.75123516,42168.745868,0.0005793,  4.1295, 72.1866,331.2633, 30.6790
103.75123979,42168.745779,0.0005793,  4.1295, 72.1866,331.2633, 30.6807
104.74853817,42169.244395,0.0006022,  4.1326, 72.1337,332.8453, 29.1194
105.74585933,42169.660027,0.0006185,  4.1365, 72.0885,335.1871, 26.8018
106.74316411,42169.814980,0.0006228,  4.1409, 72.0567,337.6889, 24.3072
109.73533267,42168.472973,0.0005795,  4.1526, 72.0435,340.9651, 21.0687
110.73274873,42167.830245,0.0005685,  4.1550, 72.0501,340.1705, 21.8746
112.72753467,42167.050611,0.0005806,  4.1577, 72.0412,338.1428, 23.9316
113.72488178,42166.991312,0.0006011,  4.1586, 72.0185,337.8807, 24.2117
114.72218442,42167.114881,0.0006258,  4.1596, 71.9836,338.3233, 23.7851
120.70581585,42168.043411,0.0007078,  4.1772, 71.7470,346.8175, 15.3988
121.70309928,42167.859571,0.0007036,  4.1810, 71.7334,348.0918, 14.1274
123.69778148,42167.208091,0.0006824,  4.1875, 71.7276,350.0878, 12.1603
126.68978474,42165.969946,0.0006315,  4.1933, 71.7230,350.8050, 11.4794
127.68688408,42165.662939,0.0006172,  4.1945, 71.7077,350.1676, 12.0588
128.68416278,42165.508709,0.0006100,  4.1958, 71.6810,349.1865, 13.0590
130.67862145,42165.851659,0.0006275,  4.1997, 71.5956,347.6726, 14.6128
132.67313048,42166.813543,0.0006731,  4.2071, 71.4987,349.4952, 12.8701
133.67035032,42167.130112,0.0006878,  4.2120, 71.4639,351.6453, 10.7382
134.66759760,42167.094160,0.0006882,  4.2172, 71.4450,353.9623,  8.4351
136.66218347,42166.008480,0.0006531,  4.2263, 71.4504,356.7814,  5.6361
138.65680682,42164.714836,0.0006242,  4.2320, 71.4706,355.8191,  6.6170
141.64858945,42164.319054,0.0006620,  4.2365, 71.4284,353.6887,  8.7990
144.64020048,42165.026799,0.0007262,  4.2438, 71.3115,355.8616,  6.7101
145.63743112,42165.210550,0.0007401,  4.2475, 71.2750,357.1157,  5.4963
148.62906468,42165.111084,0.0007501,  4.2600, 71.2170,  1.1304,  1.5413
148.62908110,42165.111114,0.0007501,  4.2600, 71.2170,  1.1305,  1.5472
149.62632244,42164.848974,0.0007431,  4.2639, 71.2159,  2.3933,  0.2996
153.61521832,42163.252046,0.0006781,  4.2746, 71.2400,  5.7285,356.9784
157.60383267,42162.783393,0.0006394,  4.2814, 71.1622,  3.6952,359.0386
157.60389254,42162.782809,0.0006394,  4.2814, 71.1622,  3.6965,359.0590
160.59533632,42164.032888,0.0006960,  4.2930, 71.0503,  4.8857,357.9589
162.58960920,42163.974226,0.0007045,  4.3036, 71.0304,  9.2244,353.6286
164.58402098,42162.602209,0.0006620,  4.3122, 71.0640, 12.0032,350.8569
166.57840995,42161.404258,0.0006324,  4.3170, 71.0956, 10.7138,352.1465
168.57268969,42161.217583,0.0006517,  4.3199, 71.0804,  8.5278,354.3437
169.56978432,42161.396643,0.0006720,  4.3216, 71.0556,  8.1631,354.7181
171.56395432,42161.896218,0.0007121,  4.3267, 70.9925,  8.9628,353.9520
173.55811766,42162.199438,0.0007374,  4.3340, 70.9410, 10.9848,351.9595
176.54928641,42161.836598,0.0007381,  4.3460, 70.9277, 14.8951,348.0149
177.54676558,42161.508446,0.0007286,  4.3495, 70.9392, 16.2541,346.7833
183.53017409,42159.498082,0.0006209,  4.3603, 70.9717, 19.9271,343.3944
184.52695440,42159.553756,0.0006141,  4.3619, 70.9490, 19.1708,344.0657
186.52091096,42160.184117,0.0006310,  4.3673, 70.8877, 17.9147,345.3170
188.51492312,42160.914705,0.0006682,  4.3758, 70.8418, 19.5442,343.6976
189.51199066,42160.910557,0.0006763,  4.3807, 70.8384, 21.6162,341.6364
191.50620346,42159.802700,0.0006493,  4.3893, 70.8741, 25.9781,337.2836
192.50333449,42159.001142,0.0006232,  4.3923, 70.9016, 26.9340,336.3309
194.49762692,42157.979325,0.0005924,  4.3955, 70.9353, 25.2257,338.0774
195.49468345,42157.904995,0.0005967,  4.3964, 70.9320, 23.6076,339.7039
196.49175837,42158.047454,0.0006110,  4.3975, 70.9158, 22.3626,340.9790
197.48877098,42158.302390,0.0006298,  4.3991, 70.8911, 21.7596,341.6005
199.48273272,42158.807794,0.0006642,  4.4040, 70.8370, 22.2754,341.1115
201.47673358,42158.985915,0.0006829,  4.4108, 70.8039, 24.2073,339.2085
208.45611771,42156.785079,0.0006072,  4.4277, 70.8803, 34.1684,329.3283
210.45019029,42156.322250,0.0005659,  4.4290, 70.8736, 34.9557,328.5846
211.44715715,42156.326285,0.0005524,  4.4298, 70.8556, 34.4515,329.1021
211.44776105,42156.325350,0.0005525,  4.4298, 70.8556, 34.4703,329.3015
212.44398769,42156.506792,0.0005475,  4.4313, 70.8300, 33.5262,330.0010
215.43472686,42157.576998,0.0005820,  4.4400, 70.7516, 32.5888,330.9638
217.42865868,42157.528288,0.0005992,  4.4481, 70.7465, 36.3121,327.2586
219.42268280,42156.249667,0.0005688,  4.4546, 70.7884, 41.0545,322.5224
222.41364232,42154.732028,0.0005112,  4.4579, 70.8316, 39.7505,323.8252
227.39803625,42155.841228,0.0005719,  4.4650, 70.7088, 34.9890,328.6190
230.38873944,42155.762296,0.0005857,  4.4742, 70.6785, 38.4937,325.1400
231.38564433,42155.510107,0.0005818,  4.4769, 70.6848, 40.1795,323.4499
232.38258872,42155.170671,0.0005737,  4.4791, 70.6964, 42.0560,321.5788
240.35772881,42153.854927,0.0004475,  4.4854, 70.6364, 47.8363,315.8650
241.35451643,42154.254225,0.0004541,  4.4876, 70.6022, 46.5660,317.1391
243.34813656,42154.846345,0.0004812,  4.4941, 70.5533, 46.8277,316.8884
244.34498323,42154.795923,0.0004902,  4.4977, 70.5459, 48.7260,314.9942
249.32938796,42152.114606,0.0004123,  4.5071, 70.5957, 56.6727,307.0435
256.30683555,42153.411576,0.0004574,  4.5179, 70.3935, 47.5454,316.2245
258.30033978,42153.137639,0.0004598,  4.5237, 70.3760, 50.8093,312.9329
261.29089429,42152.095912,0.0004348,  4.5291, 70.3869, 58.1577,305.6175
267.27142211,42151.477309,0.0003278,  4.5327, 70.2667, 64.1084,299.6764
268.26787010,42151.909607,0.0003270,  4.5348, 70.2237, 61.6144,302.0894
271.25798369,42152.689718,0.0003601,  4.5450, 70.1343, 60.7836,302.9276
272.25474289,42152.432995,0.0003648,  4.5486, 70.1273, 63.6789,300.0341
274.24830480,42151.277717,0.0003463,  4.5540, 70.1373, 70.9387,292.7693
276.24185485,42150.242785,0.0003028,  4.5564, 70.1404, 74.0135,289.6901
278.23532438,42150.167184,0.0002710,  4.5573, 70.0981, 68.0425,295.6743
280.22864260,42150.820641,0.0002769,  4.5598, 70.0149, 59.1332,304.5902
280.22865215,42150.820487,0.0002769,  4.5598, 70.0149, 59.1340,304.5928
285.21204027,42151.446091,0.0003162,  4.5753, 69.8602, 59.2434,304.5140
288.20224038,42150.539384,0.0003020,  4.5828, 69.8497, 68.8000,294.9635
292.18904759,42149.440581,0.0002394,  4.5867, 69.7971, 84.2180,279.5477
297.17249782,42151.101091,0.0001990,  4.5992, 69.5882, 71.6582,292.2550
298.16864226,42151.277392,0.0002124,  4.6036, 69.5619, 71.6609,292.0748
302.15534157,42149.452491,0.0002014,  4.6175, 69.5542, 91.6960,271.9991
302.15534285,42149.452500,0.0002014,  4.6175, 69.5542, 91.6959,271.9996
304.14838371,42148.789462,0.0001572,  4.6203, 69.5397, 94.9615,268.6100
306.14154403,42149.057513,0.0001238,  4.6228, 69.4799, 80.9418,282.5969
306.14180208,42149.054002,0.0001238,  4.6228, 69.4799, 80.9859,282.6460
306.14180336,42149.053984,0.0001238,  4.6228, 69.4799, 80.9862,282.6462
307.13836642,42149.404316,0.0001224,  4.6248, 69.4374, 70.1728,293.4520
310.12808803,42150.309573,0.0001512,  4.6347, 69.3163, 55.5461,308.0730
312.12130866,42150.315597,0.0001622,  4.6429, 69.2741, 58.9648,304.6448
316.10754157,42149.174484,0.0001464,  4.6551, 69.2635, 81.2723,282.1720
316.10776648,42149.175631,0.0001465,  4.6551, 69.2635, 81.2651,282.2604
320.09477447,42148.384545,0.0000983,  4.6612, 69.2041,116.0983,247.5893
324.08093977,42149.935302,0.0000419,  4.6738, 69.0478, 82.9198,280.7353
329.06395225,42148.642570,0.0000744,  4.6960, 69.0269,124.0232,239.5486
332.05382715,42147.851918,0.0000373,  4.7017, 69.0162,190.3348,173.2024
335.04346362,42148.754856,0.0000474,  4.7084, 68.9211,312.1783, 51.3304
336.03997729,42149.095354,0.0000605,  4.7119, 68.8863,326.8164, 36.6777
337.03652450,42149.346119,0.0000697,  4.7159, 68.8570,336.2974, 27.1899
339.02968483,42149.464571,0.0000729,  4.7247, 68.8243,348.4328, 15.0417
341.02292850,42149.091660,0.0000564,  4.7327, 68.8248,355.1058,  8.3538
345.00946494,42147.837856,0.0000246,  4.7426, 68.8474,247.1194,116.3017
347.00262604,42147.577334,0.0000644,  4.7457, 68.8264,239.6899,123.7039
348.99570848,42147.936131,0.0000972,  4.7499, 68.7746,254.6555,108.7146
349.99219156,42148.364104,0.0001076,  4.7530, 68.7424,265.0701, 98.2748
349.99220028,42148.364011,0.0001076,  4.7530, 68.7424,265.0689, 98.2792
356.96840445,42147.503955,0.0001013,  4.7828, 68.7328,258.6670,104.6023
359.95817321,42147.204147,0.0001693,  4.7875, 68.7286,275.6618, 87.5513
361.95127617,42147.927976,0.0001965,  4.7917, 68.6781,291.3808, 71.8193
364.94086864,42148.746781,0.0002093,  4.8024, 68.6129,305.9219, 57.2355
372.91380607,42147.096465,0.0001808,  4.8240, 68.6716,287.5080, 75.5505
375.90349194,42147.266266,0.0002293,  4.8278, 68.6334,283.2548, 79.7593
379.88967097,42148.907564,0.0002663,  4.8408, 68.5504,298.7226, 64.2477
386.86597711,42146.638058,0.0003064,  4.8591, 68.6315,291.0343, 71.7942
388.85903375,42147.410948,0.0003508,  4.8616, 68.5896,299.7883, 62.9975
390.85208714,42148.193363,0.0003716,  4.8666, 68.5400,307.2874, 55.4672
393.84181064,42148.485937,0.0003686,  4.8766, 68.5146,313.1390, 49.5756
395.83506288,42148.111550,0.0003527,  4.8822, 68.5338,313.4591, 49.2281
399.82158353,42147.039142,0.0003320,  4.8870, 68.5764,305.8736, 56.7484
401.81472646,42146.981570,0.0003511,  4.8878, 68.5606,302.0968, 60.4824
406.79740725,42148.835243,0.0004231,  4.8975, 68.4461,309.9535, 52.5327
413.77374461,42146.820386,0.0004317,  4.9130, 68.4951,306.6493, 55.6877
417.75991656,42148.519149,0.0005291,  4.9175, 68.3866,317.0764, 45.1855
425.73266222,42148.027274,0.0004882,  4.9352, 68.3520,322.7796, 39.2983
428.72255133,42147.758776,0.0004885,  4.9357, 68.3251,318.7012, 43.3436
430.71570075,42148.293992,0.0005183,  4.9369, 68.2692,318.0835, 43.9347
433.70532438,42149.712663,0.0005657,  4.9434, 68.1732,322.7627, 39.1934
435.69857458,42150.028722,0.0005632,  4.9500, 68.1419,326.5526, 35.3903
437.69183012,42149.301897,0.0005351,  4.9558, 68.1477,327.1311, 34.7588
443.67152236,42149.150838,0.0006401,  4.9608, 68.0711,326.0140, 35.7425
447.65780344,42150.560793,0.0006842,  4.9718, 67.9405,333.9227, 27.7614
454.63437545,42149.419674,0.0006141,  4.9841, 67.8985,335.2280, 26.3204
454.63446238,42149.419565,0.0006141,  4.9841, 67.8985,335.2303, 26.3495
457.62426305,42149.933306,0.0006328,  4.9861, 67.8130,333.1990, 28.3148
459.61742015,42150.952535,0.0006705,  4.9901, 67.7331,334.5119, 26.9642
461.61063307,42151.826275,0.0006951,  4.9968, 67.6677,337.8757, 23.5689
461.61063308,42151.826275,0.0006951,  4.9968, 67.6677,337.8757, 23.5689
463.60391319,42151.771887,0.0006829,  5.0042, 67.6394,340.8598, 20.5385
472.57368039,42152.105453,0.0007845,  5.0206, 67.4658,342.2406, 18.9196
477.55696340,42152.485330,0.0007803,  5.0385, 67.3662,349.0664, 11.9804
479.55037895,42152.027465,0.0007501,  5.0430, 67.3611,350.0295, 10.9648
482.54046582,42151.689175,0.0007139,  5.0466, 67.3251,349.2389, 11.6802
484.53386735,42152.098315,0.0007182,  5.0492, 67.2656,348.0556, 12.8467
486.52712189,42153.093032,0.0007502,  5.0539, 67.1874,348.2380, 12.6117
515.72340754,42154.373156,0.0007058,  5.1391, 66.6801,  3.9799,101.2456
519.41928490,42155.874690,0.0007873,  5.1560, 66.6643,  8.3849,351.5123
520.41618380,42155.348848,0.0007662,  5.1590, 66.6760,  8.4210,351.4603
524.40353054,42155.497809,0.0007925,  5.1658, 66.6485,  5.1482,354.6346
526.39709490,42156.539646,0.0008426,  5.1709, 66.5878,  5.8887,353.8495
529.38753711,42157.463358,0.0008786,  5.1828, 66.5216,  9.4091,350.2714
536.36586086,42156.404578,0.0007804,  5.2023, 66.5462, 15.7675,343.7772
538.35941054,42156.609804,0.0007562,  5.2049, 66.5236, 15.2817,344.1460
540.35309890,42157.368948,0.0007591,  5.2088, 66.4779, 14.3492,345.0312
545.33745367,42158.840523,0.0007996,  5.2283, 66.4072, 18.8959,340.3622
547.33138801,42157.790730,0.0007558,  5.2355, 66.4381, 21.2816,337.9268
553.31492210,42158.640501,0.0007896,  5.2453, 66.3990, 16.9573,342.8108
553.31492274,42158.640497,0.0007896,  5.2453, 66.3990, 16.9573,342.8110
561.28866830,42158.967317,0.0007795,  5.2704, 66.3759, 26.1924,332.7048
565.27653367,42158.805153,0.0007053,  5.2741, 66.3780, 27.6411,331.1249
566.27350972,42159.079035,0.0006966,  5.2751, 66.3624, 27.1819,331.5677
566.27350983,42159.079035,0.0006966,  5.2751, 66.3624, 27.1819,331.5677
571.25826726,42161.224499,0.0007327,  5.2881, 66.2691, 27.5700,331.0598
572.25528047,42161.222344,0.0007342,  5.2920, 66.2685, 29.2429,329.3649
572.25536376,42161.223310,0.0007343,  5.2920, 66.2685, 29.2424,329.3955
573.25240943,42160.908276,0.0007241,  5.2956, 66.2778, 31.1704,327.4454
575.24658269,42159.792535,0.0006759,  5.3008, 66.3134, 33.6091,324.9665
581.22851367,42161.343679,0.0007102,  5.3077, 66.2495, 27.2826,331.0864
581.22851368,42161.343678,0.0007102,  5.3077, 66.2495, 27.2826,331.0864
581.22870855,42161.342313,0.0007102,  5.3077, 66.2495, 27.2864,331.1529
586.21391865,42161.858776,0.0007265,  5.3228, 66.2092, 33.3494,324.9896
588.20780359,42161.413645,0.0006961,  5.3264, 66.2290, 36.3234,321.8564
594.19052498,42161.820065,0.0005957,  5.3294, 66.1893, 38.0382,320.1063
596.18461102,42162.807473,0.0006009,  5.3326, 66.1385, 36.6703,321.4365
601.16994658,42163.167938,0.0006090,  5.3473, 66.0977, 42.6568,315.2986
604.16132067,42161.939027,0.0005376,  5.3512, 66.1266, 43.8692,313.9763
608.14964237,42163.806793,0.0005759,  5.3540, 66.0355, 35.5004,322.2428
610.14379295,42164.633364,0.0006085,  5.3594, 65.9789, 36.3959,321.3039
616.12686935,42164.011198,0.0005648,  5.3727, 65.9605, 46.2342,311.3804
616.12687985,42164.011255,0.0005648,  5.3727, 65.9605, 46.2343,311.3841
619.11806887,42163.937175,0.0005038,  5.3734, 65.9370, 48.8912,308.5478
624.10368387,42166.036563,0.0004788,  5.3791, 65.7952, 44.6200,312.7101
626.09815752,42166.593170,0.0004938,  5.3850, 65.7512, 45.8323,311.5195
628.09248670,42166.231683,0.0004863,  5.3910, 65.7387, 50.0427,307.2414
630.08707031,42165.315962,0.0004460,  5.3951, 65.7466, 53.8268,303.4511
634.07604361,42165.886045,0.0004042,  5.3975, 65.6860, 43.7459,313.4978
634.07605985,42165.885763,0.0004042,  5.3975, 65.6860, 43.7470,313.5025
636.07063354,42167.161139,0.0004447,  5.4012, 65.6071, 39.7746,317.5351
647.03987584,42167.206252,0.0003546,  5.4234, 65.4488, 55.3383,301.6229
647.03987593,42167.206251,0.0003546,  5.4234, 65.4488, 55.3383,301.6229
650.03148693,42168.547516,0.0003292,  5.4276, 65.3469, 49.9093,306.9859
652.02591157,42169.493071,0.0003422,  5.4333, 65.2801, 47.5573,309.2967
652.02591284,42169.493057,0.0003422,  5.4333, 65.2801, 47.5574,309.2971
656.01507319,42169.063285,0.0003320,  5.4471, 65.2285, 55.9467,300.8418
659.00721542,42168.199117,0.0002656,  5.4523, 65.2184, 56.3920,300.3918
661.00175344,42168.840311,0.0002546,  5.4542, 65.1705, 44.6978,312.0339
662.99602495,42170.099854,0.0002914,  5.4584, 65.0912, 35.9957,320.6177
662.99602641,42170.099829,0.0002914,  5.4584, 65.0912, 35.9958,320.6181
664.99058391,42170.948943,0.0003265,  5.4657, 65.0197, 36.0737,320.5179
670.97464109,42170.156481,0.0002778,  5.4848, 64.9654, 51.1502,305.3232
672.96932482,42170.084058,0.0002370,  5.4874, 64.9418, 53.6936,302.7308
680.94795307,42172.787294,0.0002191,  5.5093, 64.7208, 38.7345,317.5453
681.94533203,42172.566905,0.0002137,  5.5136, 64.7131, 42.3053,313.9507
685.93499936,42171.187921,0.0001371,  5.5249, 64.7148, 42.0215,314.1373
686.82340752,42172.089069,0.0001274,  5.5260, 64.7048, 18.2508,298.5460
686.93234623,42171.299308,0.0001308,  5.5263, 64.7030, 30.9921,325.1237
686.93242244,42171.298946,0.0001308,  5.5263, 64.7030, 31.0013,325.1420
687.92979783,42171.659158,0.0001416,  5.5278, 64.6815, 19.5569,336.5626
692.91651384,42173.894022,0.0002410,  5.5445, 64.5301, 14.1013,341.8815
698.90139093,42172.817610,0.0001602,  5.5646, 64.5202, 24.6103,331.2967
698.90144729,42172.818028,0.0001603,  5.5646, 64.5202, 24.6125,331.3149
700.89638220,42172.873938,0.0001281,  5.5676, 64.5019, 16.5332,339.3613
708.87585707,42175.232915,0.0001735,  5.5933, 64.3444,359.2774,356.4430
709.87323530,42174.829203,0.0001571,  5.5976, 64.3491,  0.4655,355.1837
710.87076303,42174.314841,0.0001375,  5.6012, 64.3591,357.8997,357.7245
712.86595947,42173.622356,0.0001274,  5.6060, 64.3765,338.9658, 16.6539
717.85345606,42175.527726,0.0002619,  5.6162, 64.2900,335.6211, 19.9175
722.84105180,42175.818394,0.0002599,  5.6366, 64.2472,346.4297,  9.0102
723.83863884,42175.532061,0.0002440,  5.6397, 64.2570,345.9925,  9.4294
728.82673108,42175.168503,0.0002129,  5.6477, 64.2650,327.7555, 27.6479
734.81218272,42177.429888,0.0002951,  5.6635, 64.1631,329.4857, 25.8851
746.78350142,42178.020466,0.0004278,  5.6930, 64.1173,330.4164, 24.7423
751.77181827,42177.237970,0.0003840,  5.7081, 64.1377,333.1669, 21.9256
752.76951760,42177.005346,0.0003734,  5.7095, 64.1476,331.5545, 23.5267
757.75786870,42177.588455,0.0004030,  5.7130, 64.1182,323.0552, 31.9774
758.75549586,42178.025741,0.0004214,  5.7144, 64.0985,323.2759, 31.7433
758.75550926,42178.025635,0.0004214,  5.7144, 64.0985,323.2761, 31.7479
761.74844129,42179.184252,0.0004623,  5.7217, 64.0459,327.4674, 27.5264
762.74612127,42179.269915,0.0004630,  5.7249, 64.0385,329.1036, 25.8817
764.74151169,42178.693334,0.0004420,  5.7312, 64.0468,330.1914, 24.7608
764.74153578,42178.693743,0.0004420,  5.7312, 64.0468,330.1925, 24.7684
766.73698001,42177.634718,0.0004267,  5.7353, 64.0735,326.3169, 28.6024
766.73698096,42177.634730,0.0004267,  5.7353, 64.0735,326.3170, 28.6027
773.72089369,42179.847514,0.0006052,  5.7442, 63.9708,332.1130, 22.7673
776.71409120,42179.713313,0.0005924,  5.7533, 63.9502,336.1277, 18.7437
781.70289430,42178.716922,0.0005444,  5.7590, 63.9653,333.6082, 21.2211
782.70055442,42178.799527,0.0005474,  5.7590, 63.9557,332.4152, 22.3782
782.70083112,42178.798630,0.0005474,  5.7590, 63.9557,332.4241, 22.4692
791.68006992,42180.770991,0.0006252,  5.7745, 63.7945,337.2237, 17.5104
792.67786644,42180.310325,0.0006119,  5.7769, 63.7979,337.1570, 17.5710
796.66899471,42179.493274,0.0006508,  5.7802, 63.7927,332.5488, 22.1307
803.65332445,42181.697147,0.0007707,  5.7957, 63.6186,343.1943, 11.5027
804.65113609,42181.430863,0.0007580,  5.7983, 63.6156,343.9211, 10.7732
805.64898105,42181.139935,0.0007439,  5.8002, 63.6151,344.2673, 10.4326
810.63801046,42180.821824,0.0007146,  5.8032, 63.5663,341.9712, 12.7143
811.63572981,42181.126730,0.0007252,  5.8037, 63.5403,341.5180, 13.1476
817.62238108,42182.906214,0.0007953,  5.8166, 63.3785,345.8627,  8.8109
818.62022281,42182.679947,0.0007880,  5.8197, 63.3681,346.7984,  7.8826
822.61158913,42181.131628,0.0007603,  5.8273, 63.3563,345.3926,  9.2709
830.59397168,42183.482588,0.0009256,  5.8458, 63.1365,352.2901,  2.3816
831.59187568,42183.197947,0.0009130,  5.8492, 63.1287,353.3524,  1.3392
831.59187572,42183.197947,0.0009130,  5.8492, 63.1287,353.3524,  1.3392
838.57689277,42182.534037,0.0008508,  5.8592, 63.0432,353.1802,  1.5430
845.56172039,42184.094540,0.0009137,  5.8787, 62.8594,357.4935,357.2863
846.55953570,42183.711650,0.0009016,  5.8821, 62.8530,358.2624,356.4984
852.54707310,42183.018673,0.0009311,  5.8930, 62.7887,355.9588,358.9187
852.54707630,42183.018626,0.0009311,  5.8930, 62.7887,355.9589,358.9198
859.53194015,42183.956405,0.0010044,  5.9186, 62.6301,  4.2454,350.6452
860.52981791,42183.575055,0.0009854,  5.9215, 62.6299,  5.0013,349.8818
861.52764152,42183.253342,0.0009664,  5.9237, 62.6286,  5.4437,349.4126
867.51485152,42183.849444,0.0009428,  5.9334, 62.5234,  4.4557,350.4293
868.51268610,42184.250647,0.0009565,  5.9361, 62.4947,  4.6148,350.2752
875.49802979,42183.296971,0.0009389,  5.9613, 62.4212,  9.8936,345.0888
883.48112621,42184.755343,0.0010613,  5.9807, 62.2805,  9.8602,345.2048
891.46477920,42182.797052,0.0009566,  6.0044, 62.2657, 16.4529,338.7880
892.46276963,42182.899663,0.0009484,  6.0058, 62.2525, 16.1907,339.0949
892.46277249,42182.899658,0.0009484,  6.0058, 62.2525, 16.1907,339.0959
900.44603334,42184.039573,0.0009824,  6.0298, 62.1312, 19.4002,336.0470
900.44606081,42184.040008,0.0009824,  6.0298, 62.1312, 19.4001,336.0570
913.41911241,42183.460579,0.0010293,  6.0648, 62.0441, 23.1039,332.6098
913.41913049,42183.460820,0.0010293,  6.0648, 62.0441, 23.1038,332.6164
913.41954145,42183.466291,0.0010295,  6.0648, 62.0441, 23.1029,332.7655
917.41082790,42181.932785,0.0009492,  6.0734, 62.0746, 26.8471,328.9041
920.40451626,42181.981960,0.0009074,  6.0762, 62.0535, 26.5543,329.2346
920.40452763,42181.981926,0.0009074,  6.0762, 62.0535, 26.5545,329.2385
920.40453734,42181.981897,0.0009074,  6.0762, 62.0535, 26.5546,329.2418
929.38590169,42181.941907,0.0009021,  6.1000, 61.9801, 30.9779,325.0984
932.37961810,42180.775720,0.0008516,  6.1039, 62.0021, 29.8857,326.2102
932.37962587,42180.775734,0.0008516,  6.1039, 62.0021, 29.8859,326.2128
936.37086776,42182.180642,0.0009224,  6.1091, 61.9325, 26.8963,329.1992
936.37138637,42182.176972,0.0009224,  6.1091, 61.9325, 26.9035,329.3791
944.35370766,42180.508180,0.0008798,  6.1293, 61.9207, 36.0760,320.0681
944.35370767,42180.508180,0.0008798,  6.1293, 61.9207, 36.0760,320.0681
948.34530229,42180.554521,0.0008171,  6.1310, 61.8862, 35.8759,320.3923
948.34530292,42180.554516,0.0008171,  6.1310, 61.8862, 35.8759,320.3925
950.34103982,42181.159095,0.0008182,  6.1335, 61.8464, 35.0123,321.3263
953.33663581,42181.675221,0.0008372,  6.1407, 61.7993, 35.9074,321.2523
953.33667616,42181.675281,0.0008372,  6.1407, 61.7993, 35.9076,321.2667
953.33686709,42181.675566,0.0008373,  6.1407, 61.7993, 35.9083,321.3348
960.32024876,42179.061563,0.0007426,  6.1521, 61.8109, 38.1714,318.5881
964.31185015,42180.656986,0.0008174,  6.1572, 61.7155, 34.4082,322.5862
964.31185041,42180.656984,0.0008174,  6.1572, 61.7155, 34.4082,322.5863
968.30321793,42180.086371,0.0008308,  6.1690, 61.6769, 39.5741,317.5416
970.29898063,42179.205985,0.0007971,  6.1722, 61.6838, 42.4932,314.6884
974.29039057,42178.482045,0.0007140,  6.1733, 61.6566, 44.4458,312.8718
981.27499678,42179.728298,0.0007109,  6.1842, 61.5076, 43.1558,314.4228
985.26614613,42177.798159,0.0006562,  6.1924, 61.5001, 47.6995,309.9523
992.25052116,42178.906179,0.0006906,  6.2008, 61.3493, 38.9112,318.9761
998.23721158,42177.025523,0.0006498,  6.2157, 61.2993, 48.2846,309.8159
999.23501341,42176.724187,0.0006275,  6.2163, 61.2914, 49.2512,308.8936
1006.21892479,42177.683581,0.0005623,  6.2239, 61.1202, 45.2926,313.0635
1006.23502466,42177.447877,0.0005595,  6.2240, 61.1202, 45.8190,318.3464
1006.23502467,42177.447877,0.0005595,  6.2240, 61.1202, 45.8190,318.3464
1013.20297890,42175.550007,0.0005035,  6.2411, 61.0412, 50.7320,307.8615
1018.19137868,42176.338397,0.0005129,  6.2474, 60.9187, 38.0953,320.6740
1027.17039513,42174.441791,0.0004716,  6.2728, 60.7913, 49.7700,309.2921
1044.91929035,42173.730087,0.0003969,  6.3125, 60.4644, 29.5005,255.0535
1045.92118469,42173.207790,0.0004153,  6.3157, 60.4319, 31.4543,254.7044
1046.12730961,42174.058653,0.0004121,  6.3170, 60.4227, 27.9797,332.5702
1047.31195242,42171.554106,0.0003631,  6.3219, 60.3965, 32.4564, 35.6477
1047.31195244,42171.554106,0.0003631,  6.3219, 60.3965, 32.4564, 35.6477
1064.27847848,42170.860177,0.0003075,  6.3731, 60.1785, 25.8095, 45.7891
1080.30478403,42169.639894,0.0003688,  6.4200, 60.0644, 18.3604, 77.6552
1088.62067275,42168.798219,0.0002454,  6.4371, 59.9620,  3.8294,213.8507
1089.31179360,42167.619721,0.0002848,  6.4393, 59.9559,  0.8339,106.3151
1094.51477470,42167.603482,0.0003285,  6.4554, 59.9697,346.2805,198.8936
1102.19200859,42166.342870,0.0004416,  6.4706, 59.8870,353.3399, 83.0976
1118.49669410,42166.039939,0.0004074,  6.5061, 59.8073,341.6985,220.4777
1127.22231440,42165.273229,0.0005278,  6.5167, 59.7781,352.6362,119.4828
1145.37172398,42162.570703,0.0005868,  6.5483, 59.6046,347.8488,196.6691
1146.06311328,42162.319028,0.0006511,  6.5501, 59.6052,351.9326, 82.1953
1147.48874424,42162.818151,0.0006197,  6.5530, 59.6034,344.0748,244.7540
1149.35717139,42160.864976,0.0006895,  6.5552, 59.6079,346.8675,196.5206
1167.96489429,42159.097016,0.0007370,  6.5780, 59.3484,356.8867, 65.0129
1168.98660551,42159.083602,0.0007420,  6.5796, 59.3218,356.6870, 74.1394
1169.97535499,42158.783127,0.0007566,  6.5817, 59.2981,355.9227, 71.9273
1174.95730016,42159.616386,0.0008331,  6.5938, 59.2340,358.7803, 67.9488
1175.96406643,42159.880833,0.0008389,  6.5954, 59.2302,359.8163, 70.4304
1176.03223644,42159.463061,0.0008349,  6.5954, 59.2302,359.1604, 95.6989
1182.98761980,42157.397085,0.0008760,  6.6030, 59.0878,358.4564, 87.9590
1184.02260326,42157.467853,0.0008911,  6.6066, 59.0595,359.1125,101.0433
1201.02877634,42155.919972,0.0009142,  6.6430, 58.7717,  4.8237,116.4335
1201.98301476,42155.710701,0.0009439,  6.6456, 58.7658,  5.1812,100.6610
1204.16039333,42155.673622,0.0009500,  6.6500, 58.7510,  4.5625,167.5615
1219.81921828,42154.452730,0.0010228,  6.6863, 58.4997, 14.9522, 52.0950
1226.16578545,42154.937336,0.0009529,  6.7029, 58.3512, 15.5040,183.6368
1238.17163975,42152.695798,0.0010874,  6.7331, 58.1947, 19.2169,195.8926
1244.67042763,42153.006102,0.0011502,  6.7555, 58.1652, 23.1238, 19.0694
1245.70094713,42152.742255,0.0011290,  6.7568, 58.1589, 23.8353, 30.5417
1263.05647661,42150.408496,0.0011144,  6.7967, 57.9809, 25.3427,177.4275
1264.14753688,42150.222711,0.0011275,  6.7993, 57.9595, 25.4700,211.3839
1265.09999815,42150.446990,0.0011138,  6.8027, 57.9387, 27.2627,193.6144
1266.32779198,42150.401815,0.0011686,  6.8069, 57.9184, 26.3397,278.0117
1266.98291690,42152.304436,0.0010510,  6.8101, 57.9091, 28.3844,152.5910
1268.00016101,42152.249286,0.0010458,  6.8144, 57.9062, 27.9143,160.4705
1285.43642483,42149.228918,0.0010757,  6.8532, 57.8358, 35.6795,330.4947
1285.98716880,42150.010661,0.0010011,  6.8540, 57.8391, 31.6413,173.4532
1286.25204672,42149.208631,0.0010055,  6.8542, 57.8405, 33.2914,267.4672
1295.05040454,42149.538220,0.0010410,  6.8721, 57.7443, 37.1920,201.5788
1296.56403080,42149.963920,0.0011618,  6.8765, 57.7489, 37.3626, 28.1235
1299.36171523,42147.683414,0.0010717,  6.8807, 57.7654, 41.2294,314.7634
1312.34740132,42147.904279,0.0010040,  6.9013, 57.6636, 44.6768,321.8987
1313.29935086,42147.006690,0.0009662,  6.9022, 57.6671, 44.7386,305.6816
1316.31428019,42147.036412,0.0009511,  6.9031, 57.6495, 42.5840,316.8627
1316.84028533,42146.905861,0.0010215,  6.9034, 57.6402, 41.7246,147.7284
1317.57199168,42149.214247,0.0010098,  6.9035, 57.6272, 46.3041, 47.4627
1319.85775727,42148.009775,0.0009987,  6.9085, 57.5777, 44.9932,154.4562
1320.51628837,42147.470218,0.0010003,  6.9099, 57.5701, 43.5306, 33.7965
1321.82444367,42148.981750,0.0009557,  6.9142, 57.5515, 45.9708,143.8937
1324.41059497,42148.996674,0.0010657,  6.9207, 57.5531, 46.3476,357.6615
1325.45035488,42149.167522,0.0010639,  6.9220, 57.5570, 47.9697, 11.6076
1326.79645965,42146.729773,0.0009891,  6.9227, 57.5566, 45.4107,140.3959
1328.46844211,42148.788931,0.0010098,  6.9226, 57.5450, 52.0010, 17.7554
1330.78897190,42147.027169,0.0009600,  6.9237, 57.5048, 50.6750,137.3204
1334.66905709,42148.300706,0.0008887,  6.9298, 57.4282, 53.9984, 95.6154
1336.42465492,42147.757556,0.0009130,  6.9341, 57.4128, 50.7172, 13.0586
1338.45122773,42148.321769,0.0009236,  6.9380, 57.4048, 51.3568, 24.4550
1339.80728174,42147.846452,0.0008263,  6.9397, 57.4023, 49.7143,155.9302
1341.59098906,42147.780332,0.0009147,  6.9404, 57.3956, 51.2947, 78.6497
1343.32230548,42146.495024,0.0008486,  6.9405, 57.3758, 52.6541,342.6909
1345.58302968,42149.387962,0.0008997,  6.9420, 57.3185, 55.2728, 76.7297
1348.54546393,42147.593600,0.0008626,  6.9495, 57.2537, 52.6043, 69.5403
1349.40601433,42147.284568,0.0008955,  6.9525, 57.2451, 50.3400, 22.6539
1350.21835528,42148.188747,0.0009203,  6.9550, 57.2364, 49.9885,316.4457
1350.46284332,42147.366633,0.0008999,  6.9553, 57.2376, 51.3748, 43.3694
1356.41800282,42148.559213,0.0008731,  6.9605, 57.1908, 60.0545, 25.8302
1357.50477214,42148.977056,0.0008593,  6.9611, 57.1650, 61.5110, 56.9544
1364.64755989,42148.137514,0.0007193,  6.9757, 57.0225, 60.5412,118.1542
1368.39082777,42148.824470,0.0007809,  6.9812, 56.9997, 58.6716, 32.1676
1369.53369124,42147.708849,0.0007626,  6.9818, 56.9850, 57.1504, 86.5180
1370.40897832,42149.368987,0.0007754,  6.9820, 56.9706, 60.2359, 39.6151
1375.18205706,42148.056191,0.0007401,  6.9919, 56.8408, 50.7275,333.3420
1376.39788220,42146.940428,0.0007106,  6.9958, 56.8205, 55.4304, 47.8354
1377.32667916,42147.347789,0.0007422,  6.9994, 56.8105, 54.2936, 24.4722
1380.37426105,42148.387688,0.0007620,  7.0063, 56.7924, 59.0338, 40.5715
1382.43232771,42148.776754,0.0007432,  7.0081, 56.7675, 62.8102, 60.2145
1390.47029993,42148.841722,0.0005857,  7.0244, 56.5833, 66.6250, 79.9814
1396.46911462,42148.022653,0.0005829,  7.0376, 56.5319, 58.4040, 95.0656
1397.38309319,42149.248031,0.0006069,  7.0384, 56.5186, 60.4699, 63.1456
1398.62079767,42147.468026,0.0005861,  7.0402, 56.4954, 54.5071,156.1965
1401.32150623,42148.549551,0.0005488,  7.0459, 56.4203, 59.6171, 46.6686
1405.02111620,42150.004199,0.0006411,  7.0620, 56.3556, 51.0339,311.6199
1405.05882398,42150.111642,0.0006431,  7.0623, 56.3559, 50.8903,325.3821
1406.35364856,42147.911819,0.0005753,  7.0660, 56.3543, 54.2911, 69.6740
1407.09727038,42149.668202,0.0006282,  7.0683, 56.3527, 55.3700,337.1935
1408.34465482,42148.807379,0.0005905,  7.0702, 56.3464, 58.2795, 64.8424
1410.04518092,42148.538144,0.0005493,  7.0727, 56.3272, 58.8957,318.4738
1411.41521861,42149.574560,0.0005491,  7.0745, 56.3001, 64.2476, 88.0019
1412.44101860,42149.745914,0.0005291,  7.0764, 56.2771, 65.5568, 97.2319
1414.31462386,42149.520024,0.0004879,  7.0806, 56.2342, 65.4373, 54.1388
1415.50399151,42150.132755,0.0004662,  7.0848, 56.2086, 66.9425,122.2509
1416.12971275,42148.608525,0.0004727,  7.0870, 56.2004, 54.7557,  0.4534
1418.48697619,42150.559950,0.0004075,  7.0952, 56.1678, 64.5469,122.1313
1419.49844516,42150.519531,0.0003938,  7.0985, 56.1623, 62.1876,129.8334
1420.34438976,42148.714663,0.0004225,  7.1007, 56.1609, 54.7608, 82.8119
1420.97752528,42150.173944,0.0004944,  7.1025, 56.1574, 52.6390,313.6222
1421.12359133,42150.456808,0.0005008,  7.1031, 56.1599, 52.1990,  6.8135
1422.29499848,42148.919737,0.0004513,  7.1053, 56.1571, 51.3677, 70.7504
1423.96564717,42149.296501,0.0004452,  7.1081, 56.1461, 50.6184,314.9352
1425.43518963,42149.243040,0.0004489,  7.1102, 56.1279, 48.7234,127.6275
1426.44728907,42149.462878,0.0004572,  7.1119, 56.1093, 49.1397,132.7866
1427.06378937,42149.033832,0.0004359,  7.1131, 56.0996, 45.6270,358.9829
1429.02748613,42149.885923,0.0004716,  7.1193, 56.0530, 39.1887,354.7247
1430.03693551,42150.305866,0.0004948,  7.1235, 56.0336, 38.4787,  0.0519
1430.99848761,42151.429777,0.0005336,  7.1280, 56.0199, 38.6077,347.2360
1432.01992213,42151.575749,0.0005457,  7.1326, 56.0154, 40.3452,354.4293
1432.49756143,42152.000453,0.0003793,  7.1346, 56.0147, 49.5508,157.7414
1433.45660343,42151.393366,0.0003879,  7.1378, 56.0169, 45.4292,148.2536
1439.90912651,42150.667399,0.0004170,  7.1495, 55.9748, 42.6502,321.5892
1443.89558763,42152.191113,0.0004462,  7.1610, 55.9125, 36.9584,327.1629
1445.88888690,42152.203599,0.0004507,  7.1676, 55.9015, 37.6212,326.4429
1449.87555782,42150.967907,0.0004064,  7.1771, 55.9099, 36.9300,326.9992
1451.86886117,42150.726751,0.0003940,  7.1796, 55.9056, 31.6385,332.2103
1452.86549849,42150.878597,0.0004010,  7.1807, 55.8966, 28.2435,335.5648
1453.86213113,42151.212787,0.0004180,  7.1821, 55.8829, 25.1800,338.5900
1455.85537916,42152.224292,0.0004719,  7.1866, 55.8473, 22.0108,341.6835
1457.84866744,42153.053707,0.0005222,  7.1937, 55.8188, 23.4290,340.1966
1458.84533189,42153.138073,0.0005341,  7.1977, 55.8138, 25.4073,338.1813
1459.84201245,42152.943471,0.0005331,  7.2015, 55.8158, 27.7819,335.7672
1460.83873448,42152.530347,0.0005194,  7.2047, 55.8229, 30.1117,333.4062
1461.83543603,42152.031315,0.0004964,  7.2071, 55.8314, 31.8985,331.5772
1463.82884421,42151.366226,0.0004442,  7.2096, 55.8388, 32.1365,331.2607
1467.81555247,42152.471116,0.0004304,  7.2142, 55.7952, 22.8366,340.4140
1469.80889870,42153.364695,0.0004592,  7.2187, 55.7667, 20.5072,342.6730
1470.80561068,42153.661235,0.0004718,  7.2213, 55.7562, 20.3552,342.7996
1471.80232412,42153.805061,0.0004801,  7.2240, 55.7494, 20.6454,342.4800
1473.79577109,42153.601611,0.0004801,  7.2292, 55.7471, 21.6147,341.4449
1474.79253689,42153.302363,0.0004726,  7.2314, 55.7504, 21.7633,341.2719
1478.77952130,42152.305783,0.0004522,  7.2358, 55.7600, 15.5577,347.3367
1482.76634132,42153.737751,0.0005500,  7.2396, 55.7086,  9.6476,353.0865
1484.75976410,42154.616723,0.0006029,  7.2447, 55.6779, 11.6108,351.0503
1485.75649080,42154.792403,0.0006169,  7.2479, 55.6697, 13.3662,349.2560
1486.75323638,42154.726008,0.0006194,  7.2511, 55.6679, 15.3220,347.2605
1489.74353262,42153.557060,0.0005670,  7.2571, 55.6842, 19.3335,343.1188
1495.72402176,42154.675243,0.0005550,  7.2608, 55.6258, 10.8919,351.3153
1495.72402510,42154.675209,0.0005550,  7.2608, 55.6258, 10.8920,351.3164
1499.71105376,42155.774941,0.0006071,  7.2689, 55.5760, 11.8674,350.1928
1509.67901786,42155.799677,0.0006930,  7.2776, 55.5059,  5.6075,356.0672
1510.67578175,42156.346671,0.0007252,  7.2794, 55.4841,  6.3845,355.2485
1511.67255080,42156.776443,0.0007509,  7.2818, 55.4648,  7.6814,353.9090
1518.65026859,42155.571165,0.0006918,  7.2939, 55.4326, 14.3101,346.9617
1520.64390806,42155.946146,0.0006841,  7.2941, 55.4041, 11.7780,349.4093
1523.63393912,42157.537625,0.0007336,  7.2971, 55.3380,  9.6367,351.2891
1523.63433095,42157.531735,0.0007335,  7.2971, 55.3380,  9.6436,351.4237
1527.62166125,42158.317690,0.0007765,  7.3053, 55.2748, 11.8723,349.0390
1531.60916369,42157.273858,0.0007566,  7.3109, 55.2526, 12.0912,348.6614
1537.59033745,42159.014849,0.0008867,  7.3151, 55.1428,  8.7580,351.7532
1539.58403823,42159.837819,0.0009380,  7.3205, 55.0965, 11.3488,349.0777
1548.55615845,42159.246218,0.0008666,  7.3344, 54.9949, 15.2430,344.7917
1553.54066840,42161.372742,0.0009445,  7.3445, 54.8780, 15.7930,344.0495
1557.52853498,42160.682838,0.0009357,  7.3537, 54.8358, 18.0282,341.6833
1558.52553724,42160.417117,0.0009292,  7.3552, 54.8286, 17.9619,341.7216
1560.51948964,42160.196917,0.0009294,  7.3572, 54.8084, 16.8896,342.7189
1564.50725354,42161.863715,0.0010293,  7.3621, 54.7181, 15.0967,344.3430
1567.49810430,42163.025217,0.0011073,  7.3721, 54.6479, 18.5427,340.7766
1567.49810883,42163.025207,0.0011073,  7.3721, 54.6479, 18.5427,340.7783
1571.48609547,42161.810983,0.0010605,  7.3837, 54.6226, 23.7697,335.3699
1573.48011284,42161.586226,0.0010242,  7.3861, 54.6032, 23.9898,335.0630
1578.46503707,42163.765114,0.0010578,  7.3946, 54.4922, 22.3106,336.5298
1578.46510968,42163.764170,0.0010578,  7.3946, 54.4922, 22.3112,336.5554
1579.46208652,42164.144851,0.0010731,  7.3974, 54.4705, 22.6798,336.1395
1581.45612715,42164.384264,0.0010898,  7.4037, 54.4377, 24.0433,334.6995
1584.44730623,42163.736740,0.0010766,  7.4121, 54.4132, 25.9544,332.6803
1588.43556974,42163.264831,0.0010628,  7.4185, 54.3825, 25.1604,333.3104
1599.40343626,42164.402955,0.0011587,  7.4498, 54.2395, 32.5502,325.4746
1600.40052550,42164.324971,0.0011377,  7.4512, 54.2332, 32.7677,325.2041
1600.40055634,42164.325093,0.0011378,  7.4512, 54.2332, 32.7679,325.2150
1602.39476324,42164.853621,0.0011187,  7.4538, 54.2057, 32.1875,325.7116
1610.37175821,42166.744409,0.0011701,  7.4759, 54.0894, 34.3681,323.2374
1618.34916420,42166.916955,0.0011685,  7.4898, 54.0358, 33.3803,323.9211
1619.34633896,42167.469044,0.0011947,  7.4921, 54.0163, 33.2147,324.0553
1620.34349207,42167.989600,0.0012235,  7.4952, 53.9969, 33.4792,323.7506
1628.32120237,42166.827946,0.0011742,  7.5180, 53.9752, 42.3105,314.5883
1630.31563496,42167.653090,0.0011575,  7.5205, 53.9507, 41.6085,315.2133
1632.31007601,42168.736200,0.0011701,  7.5244, 53.9179, 41.0356,315.7191
1643.28003746,42168.392366,0.0011381,  7.5473, 53.8739, 44.5296,311.8310
1644.27739455,42168.711364,0.0011432,  7.5482, 53.8644, 43.8878,312.4642
1646.27191704,42169.662338,0.0011748,  7.5508, 53.8353, 42.8580,313.4148
1649.26373483,42170.782835,0.0012431,  7.5592, 53.7932, 43.9777,312.1817
1650.26103937,42170.739274,0.0012564,  7.5627, 53.7886, 45.2825,310.8394
1652.25569456,42169.958503,0.0012481,  7.5687, 53.7960, 48.6866,307.3541
1657.24235967,42169.796919,0.0011383,  7.5737, 53.7889, 51.6218,304.2161
1658.23969276,42170.386028,0.0011350,  7.5748, 53.7742, 51.1194,304.6889
1659.23701046,42170.963316,0.0011387,  7.5762, 53.7584, 50.7404,305.0337
1662.22900675,42171.860211,0.0011596,  7.5827, 53.7212, 51.3230,304.3509
1667.21589435,42170.777047,0.0011245,  7.5923, 53.7160, 54.9185,300.5873
1668.21329935,42170.611071,0.0011097,  7.5931, 53.7171, 55.1056,300.3688
1670.20807252,42170.728026,0.0010886,  7.5938, 53.7108, 54.4382,300.9633
1672.20282594,42171.457199,0.0010927,  7.5945, 53.6888, 52.9113,302.4207
1674.19755159,42172.458965,0.0011239,  7.5968, 53.6554, 51.8416,303.4189
1675.19491873,42172.878137,0.0011447,  7.5989, 53.6388, 51.8687,303.3565
1679.18451395,42172.606834,0.0011862,  7.6094, 53.6155, 56.5251,298.5509
1683.17423092,42171.666940,0.0010972,  7.6127, 53.6169, 61.3946,293.5192
1685.16905552,42172.660545,0.0010645,  7.6133, 53.5890, 60.6822,294.1595
1685.16907423,42172.660272,0.0010645,  7.6133, 53.5890, 60.6827,294.1659
1696.14100954,42173.167270,0.0010135,  7.6287, 53.4892, 64.0570,290.4340
1697.13854778,42173.269906,0.0010000,  7.6288, 53.4818, 63.6127,290.8671
1697.13855619,42173.269850,0.0010000,  7.6288, 53.4818, 63.6128,290.8700
1698.13605436,42173.543022,0.0009918,  7.6288, 53.4704, 62.7977,291.6622
1699.13351656,42173.962932,0.0009910,  7.6289, 53.4548, 61.7603,292.6668
1700.13099926,42174.473661,0.0009981,  7.6295, 53.4356, 60.7271,293.6773
1702.12593989,42175.447100,0.0010306,  7.6322, 53.3934, 59.5879,294.7645
1705.11844703,42175.707903,0.0010775,  7.6396, 53.3517, 61.7703,292.5117
1712.10100984,42175.151733,0.0009653,  7.6461, 53.3013, 69.0263,285.0023
1718.08605644,42177.073404,0.0009637,  7.6561, 53.1861, 68.4087,285.4435
1722.07631068,42176.040812,0.0009206,  7.6623, 53.1569, 71.5116,282.2338
1723.07400461,42175.935587,0.0009030,  7.6630, 53.1494, 71.6522,282.1095
1726.06667547,42176.573832,0.0008648,  7.6640, 53.1074, 69.2633,284.4097
1727.06422051,42177.073484,0.0008653,  7.6647, 53.0855, 67.8304,285.8147
1730.05685517,42178.465620,0.0009097,  7.6701, 53.0126, 65.3789,288.1867
1732.05197347,42178.504165,0.0009417,  7.6761, 52.9795, 66.9703,286.5340
1733.04955613,42178.211874,0.0009479,  7.6789, 52.9707, 68.5767,284.8958
1738.03754882,42177.263715,0.0008663,  7.6854, 52.9306, 75.6840,277.6270
1741.03032267,42178.908346,0.0008197,  7.6886, 52.8627, 73.7991,279.4400
1743.02549383,42179.765433,0.0008217,  7.6930, 52.8151, 72.6776,280.5116
1745.02070989,42179.792185,0.0008265,  7.6984, 52.7795, 73.4411,279.7002
1746.01837355,42179.563914,0.0008237,  7.7010, 52.7670, 74.3166,278.8140
1747.01601321,42179.263813,0.0008163,  7.7034, 52.7572, 75.2856,277.8215
1748.01366109,42178.959572,0.0008045,  7.7055, 52.7491, 76.1723,276.9111
1753.00197914,42178.968278,0.0007240,  7.7115, 52.6930, 74.6730,278.3139
1753.99961185,42179.403585,0.0007184,  7.7126, 52.6721, 72.8726,280.0900
1763.97625365,42179.368869,0.0007553,  7.7390, 52.5309, 78.5765,274.1502
1765.97162170,42179.852666,0.0007077,  7.7413, 52.5018, 79.1194,273.5609
1773.95314644,42181.412364,0.0006749,  7.7623, 52.3608, 76.9636,275.5677
1774.95088127,42181.074920,0.0006648,  7.7650, 52.3549, 77.9160,274.5976
1776.94636904,42180.573572,0.0006339,  7.7694, 52.3451, 78.9264,273.5521
1777.94411328,42180.490961,0.0006160,  7.7710, 52.3388, 78.6585,273.8021
1779.93958698,42180.754337,0.0005849,  7.7736, 52.3179, 76.1148,276.3095
1780.93731295,42181.094475,0.0005767,  7.7750, 52.3023, 73.9134,278.4928
1781.93503249,42181.537986,0.0005763,  7.7767, 52.2834, 71.3904,280.9980
1782.93283282,42182.024447,0.0005847,  7.7790, 52.2623, 68.9783,283.4234
1783.93054967,42182.466442,0.0006011,  7.7819, 52.2410, 67.1757,285.2093
1785.92600787,42182.802909,0.0006432,  7.7894, 52.2077, 66.8291,285.5213
1787.92151214,42182.114403,0.0006650,  7.7974, 52.1970, 70.7227,281.5838
1787.92152158,42182.114556,0.0006650,  7.7974, 52.1970, 70.7224,281.5875
1787.92152197,42182.114562,0.0006650,  7.7974, 52.1970, 70.7224,281.5877
1789.91706986,42181.110946,0.0006459,  7.8030, 52.1993, 75.8545,276.4079
1793.90816568,42181.683877,0.0005568,  7.8091, 52.1658, 77.0411,275.1519
1794.90592050,42182.232389,0.0005453,  7.8110, 52.1483, 75.3056,276.8724
1795.90368510,42182.736948,0.0005412,  7.8133, 52.1301, 73.5356,278.6319
1796.90144659,42183.105591,0.0005427,  7.8161, 52.1130, 72.1801,279.9749
1797.89923796,42183.282452,0.0005468,  7.8192, 52.0984, 71.4949,280.6561
1798.89701873,42183.255134,0.0005504,  7.8224, 52.0871, 71.5106,280.6288
1799.89482947,42183.052294,0.0005511,  7.8256, 52.0793, 72.0830,280.0513
1800.89264177,42182.731868,0.0005474,  7.8288, 52.0750, 72.9683,279.1574
1801.89047830,42182.366052,0.0005391,  7.8316, 52.0732, 73.8818,278.2404
1801.89048833,42182.366220,0.0005391,  7.8316, 52.0732, 73.8814,278.2444
1804.88397157,42181.619674,0.0004948,  7.8377, 52.0718, 74.1572,277.9378
1808.87527454,42182.370842,0.0004627,  7.8428, 52.0407, 64.5679,287.5005
1810.87088263,42183.205802,0.0004891,  7.8469, 52.0094, 59.1099,292.9432
1811.86868411,42183.532886,0.0005109,  7.8499, 51.9940, 57.7559,294.2883
1812.86654417,42183.680592,0.0005335,  7.8533, 51.9819, 57.6864,294.3669
1813.86437497,42183.575083,0.0005523,  7.8571, 51.9749, 58.9131,293.1330
1816.85792970,42182.055441,0.0005498,  7.8667, 51.9842, 67.1631,284.8467
1818.85366136,42181.516152,0.0005022,  7.8697, 51.9896, 70.5445,281.4449
1819.85151297,42181.719178,0.0004775,  7.8707, 51.9848, 70.0371,281.9437
1823.84285905,42183.645012,0.0004558,  7.8771, 51.9332, 60.9548,291.0078
1824.84071386,42183.847405,0.0004634,  7.8796, 51.9211, 59.8810,292.0841
1825.83855664,42183.844823,0.0004698,  7.8823, 51.9121, 59.6390,292.3211
1828.83218282,42182.972015,0.0004646,  7.8901, 51.9042, 61.4068,290.5522
1841.80464474,42183.674655,0.0005431,  7.9107, 51.8271, 45.9518,306.0211
1847.79209719,42182.108365,0.0004476,  7.9189, 51.8343, 52.1864,299.7826
1850.78574381,42183.737136,0.0004631,  7.9220, 51.7916, 44.1064,307.8798
1853.77944556,42183.898991,0.0004942,  7.9281, 51.7584, 43.4596,308.5610
1853.77949422,42183.899323,0.0004942,  7.9281, 51.7584, 43.4593,308.5789
1856.77324745,42182.831476,0.0004840,  7.9336, 51.7509, 44.8416,307.2226
1859.76701681,42182.123168,0.0004627,  7.9360, 51.7494, 41.5533,310.5320
1859.76701809,42182.123168,0.0004627,  7.9360, 51.7494, 41.5533,310.5324
1862.76068900,42182.609602,0.0004890,  7.9364, 51.7261, 33.9731,318.1174
1863.75858355,42182.966871,0.0005120,  7.9368, 51.7118, 32.0126,320.0880
1865.75435863,42183.665530,0.0005676,  7.9389, 51.6784, 30.4683,321.6537
1866.75228825,42183.880941,0.0005940,  7.9407, 51.6626, 30.9220,321.2256
1867.75020180,42183.931217,0.0006155,  7.9429, 51.6496, 32.0812,320.0839
1870.74394664,42182.909268,0.0006268,  7.9498, 51.6367, 38.1554,314.0367
1871.74188151,42182.348556,0.0006103,  7.9512, 51.6383, 40.1121,312.0886
1873.73773671,42181.707979,0.0005637,  7.9523, 51.6356, 41.2296,310.9861
1876.73147301,42182.936916,0.0005522,  7.9529, 51.5943, 35.0622,317.1983
1879.72513721,42184.043119,0.0006046,  7.9573, 51.5384, 32.8929,319.4125
1883.71680745,42182.869089,0.0006110,  7.9647, 51.5011, 35.3439,317.0339
1887.70853937,42181.978383,0.0005996,  7.9674, 51.4783, 32.1582,320.2973
1893.69595664,42183.626534,0.0007404,  7.9716, 51.3714, 27.3516,325.2361
1895.69176019,42183.595707,0.0007797,  7.9763, 51.3387, 30.0207,322.6133
1896.68967083,42183.287662,0.0007863,  7.9788, 51.3287, 31.8245,320.8299
1898.68550669,42182.290009,0.0007705,  7.9827, 51.3189, 35.3775,317.3119
1899.68342505,42181.802954,0.0007514,  7.9839, 51.3151, 36.5876,316.1175
1903.67503260,42182.269414,0.0007094,  7.9857, 51.2614, 33.6267,319.1560
1905.67075800,42183.356247,0.0007453,  7.9884, 51.2147, 31.6657,321.1550
1908.66445036,42183.376232,0.0007849,  7.9952, 51.1587, 33.1984,319.7125
1912.65614125,42181.764214,0.0007697,  8.0028, 51.1217, 34.9415,318.0938
1915.64985156,42181.427273,0.0007746,  8.0051, 51.0905, 32.5991,320.5135
1916.64774912,42181.593771,0.0007889,  8.0056, 51.0745, 31.4809,321.6619
1918.64350062,42182.227498,0.0008378,  8.0074, 51.0330, 29.8668,323.3323
1921.63711306,42182.989704,0.0009262,  8.0138, 50.9647, 31.0537,322.2389
1922.63499140,42182.915150,0.0009458,  8.0168, 50.9473, 32.4222,320.9009
1923.63287868,42182.628108,0.0009560,  8.0199, 50.9345, 34.0766,319.2763
1923.63288224,42182.628123,0.0009560,  8.0199, 50.9345, 34.0766,319.2776
1931.61606705,42181.604740,0.0008874,  8.0325, 50.8411, 37.1901,316.4301
1931.61607473,42181.604598,0.0008874,  8.0325, 50.8411, 37.1903,316.4327
1933.61179683,42182.457185,0.0009230,  8.0368, 50.7947, 36.4451,317.2517
1935.60755544,42182.399084,0.0009493,  8.0426, 50.7579, 37.6350,316.1452
1936.60542096,42182.044924,0.0009526,  8.0455, 50.7449, 38.5407,315.2721
1939.59907870,42180.677211,0.0009368,  8.0528, 50.7205, 40.2901,313.6305
1942.59276087,42180.084177,0.0009297,  8.0570, 50.6946, 39.2478,314.7944
1943.59063331,42180.157711,0.0009377,  8.0580, 50.6812, 38.4620,315.6190
1944.58849546,42180.354877,0.0009526,  8.0592, 50.6647, 37.6591,316.4609
1946.58419265,42180.978829,0.0010009,  8.0624, 50.6239, 36.6409,317.5584
1953.56916827,42179.604362,0.0010842,  8.0838, 50.5395, 44.7976,309.6682
1955.56480616,42178.880261,0.0010435,  8.0871, 50.5299, 46.3930,308.1126
1957.56048937,42179.183687,0.0010196,  8.0896, 50.5038, 45.7833,308.7984
1959.55613352,42180.094989,0.0010320,  8.0933, 50.4652, 44.4809,310.1822
1961.55182076,42180.635428,0.0010627,  8.0987, 50.4278, 44.4481,310.3186
1965.54326952,42179.313980,0.0010748,  8.1110, 50.3901, 47.5806,307.3976
1969.53466616,42177.992000,0.0010469,  8.1185, 50.3739, 48.0528,307.1069
1972.52814660,42178.304717,0.0010693,  8.1223, 50.3400, 46.2012,309.1007
1981.50839717,42176.853991,0.0011736,  8.1477, 50.2619, 53.9420,301.7592
1989.49063781,42178.012945,0.0011466,  8.1624, 50.1747, 53.9757,302.0924
1999.46844189,42175.437121,0.0011161,  8.1805, 50.1369, 56.3476,300.2281
2000.46605801,42175.665325,0.0011281,  8.1817, 50.1246, 55.7560,300.8253
2001.46376598,42175.927547,0.0011456,  8.1833, 50.1107, 55.3194,301.3038
2011.44112063,42173.472745,0.0011592,  8.2046, 50.0738, 64.9886,292.1118
2013.43652479,42174.293264,0.0011403,  8.2065, 50.0497, 64.0461,293.1547
2023.41353120,42172.407652,0.0011312,  8.2247, 49.9972, 68.0131,289.7218
2025.40886899,42172.252793,0.0011150,  8.2255, 49.9887, 67.4320,290.3970
2026.40653839,42172.360186,0.0011139,  8.2259, 49.9802, 66.8385,291.0441
2036.38301784,42170.947266,0.0012115,  8.2429, 49.9126, 72.7079,285.6938
2037.38064363,42170.465389,0.0011879,  8.2434, 49.9132, 74.1927,284.2495
2039.37590486,42170.538653,0.0011366,  8.2438, 49.8989, 75.0606,283.4847
2050.34947898,42169.536482,0.0011000,  8.2585, 49.8060, 78.0689,281.0681
2060.32499969,42170.082942,0.0011448,  8.2675, 49.6839, 75.8303,283.8572
2061.32252386,42169.671374,0.0011575,  8.2696, 49.6790, 77.1395,282.5939
2063.31761018,42168.432635,0.0011587,  8.2724, 49.6768, 80.7524,279.0803
2073.29253542,42168.744870,0.0010664,  8.2830, 49.5456, 84.1392,276.2059
2073.29256860,42168.745018,0.0010664,  8.2830, 49.5456, 84.1391,276.2181
2082.26981684,42166.911983,0.0009731,  8.2890, 49.4537, 85.1925,275.6618
2083.26729464,42167.175604,0.0009765,  8.2899, 49.4334, 84.2528,276.6760
2087.25693122,42167.470903,0.0010329,  8.2976, 49.3629, 83.6129,277.5219
2088.25434497,42167.145865,0.0010473,  8.2999, 49.3531, 84.6477,276.5360
2091.24660081,42165.462624,0.0010519,  8.3046, 49.3368, 89.8883,271.4384
2093.24139991,42164.800129,0.0010114,  8.3056, 49.3174, 92.9608,268.4581
2094.23878130,42164.935526,0.0009843,  8.3060, 49.3007, 93.4931,267.9742
2096.23351097,42165.931766,0.0009457,  8.3082, 49.2571, 92.3954,269.1736
2099.22559130,42166.647464,0.0009507,  8.3149, 49.1970, 91.1878,270.5423
2099.22565798,42166.647095,0.0009507,  8.3149, 49.1970, 91.1883,270.5659
2100.22302603,42166.345518,0.0009548,  8.3174, 49.1835, 91.8206,269.9874
2101.22039510,42165.876897,0.0009544,  8.3197, 49.1729, 92.7666,269.0938
2102.21777166,42165.344964,0.0009488,  8.3217, 49.1644, 93.8086,268.1059
2104.21251930,42164.405661,0.0009240,  8.3245, 49.1487, 95.4968,266.5255
2106.20724210,42163.915870,0.0008896,  8.3262, 49.1279, 95.9378,266.1926
2108.20192318,42163.970002,0.0008590,  8.3275, 49.0969, 94.7745,267.4643
2110.19655856,42164.431097,0.0008467,  8.3297, 49.0561, 92.4253,269.9213
2112.19117043,42164.919999,0.0008603,  8.3338, 49.0129, 90.2916,272.1641
2117.17769850,42163.668039,0.0009254,  8.3473, 48.9533, 93.8936,268.8132
2119.17229884,42162.570824,0.0009127,  8.3503, 48.9409, 97.8670,264.9302
2120.16958604,42162.264215,0.0008939,  8.3513, 48.9305, 99.5059,263.3370
2121.16685879,42162.237171,0.0008693,  8.3523, 48.9157,100.5163,262.3725
2122.16411819,42162.500989,0.0008436,  8.3535, 48.8969,100.7025,262.2332
2123.16136793,42162.975216,0.0008221,  8.3551, 48.8753,100.1010,262.8830
2123.16164933,42162.969721,0.0008222,  8.3551, 48.8753,100.1097,262.9759
2124.15861029,42163.500719,0.0008093,  8.3573, 48.8531, 99.0516,263.9813
2127.15036543,42163.868378,0.0008145,  8.3661, 48.8003, 97.8360,265.3539
2129.14488655,42162.945270,0.0008148,  8.3718, 48.7817, 99.6702,263.6218
2131.13941874,42161.904239,0.0007945,  8.3761, 48.7692,101.7194,261.6763
2132.13667716,42161.521243,0.0007782,  8.3777, 48.7622,102.3364,261.1105
2134.13116683,42161.159665,0.0007412,  8.3802, 48.7425,102.2478,261.3010
2136.12562153,42161.319955,0.0007103,  8.3826, 48.7126,100.2345,263.4190
2138.12002696,42161.815894,0.0006998,  8.3863, 48.6750, 96.9307,266.8240
2140.11441157,42162.237413,0.0007170,  8.3919, 48.6386, 94.1915,269.6628
2141.11160640,42162.249682,0.0007333,  8.3952, 48.6245, 93.7345,270.1691
2149.08916605,42159.543615,0.0007092,  8.4130, 48.5715,105.3618,258.9095
2149.08933989,42159.542155,0.0007092,  8.4130, 48.5715,105.3639,258.9702
2150.08630928,42159.912584,0.0006858,  8.4147, 48.5546,104.9268,259.3872
2161.05500845,42158.216342,0.0006021,  8.4418, 48.4631,105.4164,259.4352
2163.04924687,42158.237296,0.0005679,  8.4443, 48.4442,103.0539,261.8873
2164.04636112,42158.406573,0.0005565,  8.4458, 48.4313,101.0479,263.9419
2166.04056709,42158.894511,0.0005529,  8.4499, 48.4020, 96.3522,268.7351
2175.01447704,42156.287988,0.0005980,  8.4720, 48.3670,104.8862,260.5987
2177.00855906,42156.648250,0.0005488,  8.4745, 48.3466,105.0897,260.4624
2187.97616845,42155.138766,0.0004726,  8.4976, 48.2896,102.1374,263.9121
2188.97317750,42155.025720,0.0004551,  8.4983, 48.2855,100.8892,265.1940
2189.97016062,42155.043622,0.0004402,  8.4991, 48.2787, 98.7970,267.3144
2200.93717329,42153.625686,0.0005106,  8.5195, 48.2234, 94.4858,272.0749
2211.90362753,42153.542570,0.0004285,  8.5354, 48.1469, 88.4178,278.5476
2211.90362798,42153.542578,0.0004285,  8.5354, 48.1469, 88.4178,278.5478
2220.87593316,42152.890252,0.0003971,  8.5405, 48.0859, 69.1920,298.1165
2221.87281017,42153.095010,0.0004178,  8.5421, 48.0731, 67.2871,300.0552
2231.84162757,42150.937691,0.0003978,  8.5530, 48.0192, 77.1580,290.5041
2231.84163788,42150.937554,0.0003978,  8.5530, 48.0192, 77.1586,290.5072
2232.83846347,42151.523477,0.0003954,  8.5539, 48.0025, 73.2741,294.4196
2233.03316318,42151.590665,0.0004365,  8.5538, 48.0006, 80.8822,357.1366
2243.80369457,42149.862407,0.0004065,  8.5657, 47.9121, 63.8994,304.1510
2259.75219609,42149.381011,0.0004851,  8.5808, 47.7188, 60.2576,308.2136
2260.74893005,42150.043280,0.0004976,  8.5822, 47.6978, 57.4364,311.0591
2261.74566760,42150.578617,0.0005179,  8.5841, 47.6782, 55.7790,312.7430
2262.74240016,42150.828802,0.0005375,  8.5862, 47.6615, 55.4292,313.1164
2262.74261932,42150.826617,0.0005375,  8.5862, 47.6615, 55.4337,313.1911
2264.73589031,42150.443604,0.0005566,  8.5905, 47.6378, 56.9571,311.6382
2268.72290495,42148.701695,0.0005364,  8.5953, 47.6076, 57.9270,310.7678
2269.71964973,42148.487652,0.0005329,  8.5958, 47.5976, 56.7544,311.9654
2271.71310657,42148.480428,0.0005420,  8.5964, 47.5702, 53.2307,315.5364
2277.69330703,42149.883301,0.0006805,  8.6048, 47.4576, 49.1811,319.7186
2279.68671026,42149.666229,0.0007145,  8.6095, 47.4337, 52.1127,316.8257
2280.68340664,42149.313397,0.0007203,  8.6116, 47.4261, 54.0712,314.8808
2283.67350774,42147.848109,0.0006871,  8.6153, 47.4057, 59.4972,309.4955
2283.67358260,42147.848266,0.0006871,  8.6153, 47.4057, 59.4981,309.5216
2284.67018941,42147.585776,0.0006656,  8.6159, 47.3940, 60.0462,308.9574
2285.66685547,42147.636038,0.0006477,  8.6166, 47.3780, 59.4346,309.5786
2286.66351188,42148.027779,0.0006403,  8.6176, 47.3582, 57.7934,311.2307
2287.66016092,42148.660082,0.0006473,  8.6192, 47.3363, 55.7910,313.2449
2288.65680837,42149.322137,0.0006659,  8.6214, 47.3145, 54.2855,314.7633
2291.64678666,42149.739556,0.0007176,  8.6296, 47.2667, 55.1332,313.9587
2294.63681602,42148.357827,0.0007085,  8.6360, 47.2428, 57.5783,311.5549
2296.63015777,42147.727079,0.0006968,  8.6384, 47.2259, 57.0421,312.1157
2297.62681956,42147.622299,0.0006965,  8.6393, 47.2145, 56.1384,313.0318
2297.62719161,42147.620692,0.0006965,  8.6393, 47.2145, 56.1464,313.1582
2299.62011573,42147.818027,0.0007132,  8.6411, 47.1844, 53.7580,315.4354
2300.61673800,42148.075756,0.0007307,  8.6423, 47.1662, 52.6443,316.5554
2301.61335862,42148.393321,0.0007533,  8.6439, 47.1467, 51.8132,317.3942
2304.60323698,42149.198379,0.0008333,  8.6510, 47.0920, 52.0396,317.1979
2305.59986967,42149.242563,0.0008558,  8.6539, 47.0785, 53.0921,316.1543
2308.58979549,42148.388255,0.0008813,  8.6617, 47.0564, 58.1486,311.1171
2310.58306080,42147.439983,0.0008576,  8.6649, 47.0461, 61.4443,307.8208
2310.58314505,42147.440488,0.0008576,  8.6649, 47.0461, 61.4444,307.8511
2311.57969389,42147.135366,0.0008382,  8.6660, 47.0375, 62.3729,306.8947
2313.57290995,42147.333997,0.0008070,  8.6684, 47.0088, 61.8630,307.4025
2319.55252835,42149.102143,0.0008767,  8.6845, 46.9173, 60.5444,308.7334
2320.54913695,42148.631165,0.0008752,  8.6872, 46.9118, 61.6294,307.6444
2322.54236933,42147.692660,0.0008595,  8.6913, 46.9035, 62.8891,306.3785
2323.53899116,42147.389862,0.0008517,  8.6928, 46.8981, 62.8698,306.3975
2327.52541345,42147.603158,0.0008654,  8.6977, 46.8549, 59.9692,309.2957
2330.51516773,42148.578754,0.0009301,  8.7037, 46.8071, 58.5383,310.7210
2335.49814191,42148.267544,0.0010183,  8.7182, 46.7677, 64.0916,305.1419
2338.48795362,42146.959016,0.0009824,  8.7231, 46.7616, 68.7954,300.4080
2340.48111486,42147.028131,0.0009463,  8.7253, 46.7429, 69.3099,299.8683
2350.44692247,42147.372186,0.0009730,  8.7488, 46.6639, 71.3619,297.7009
2355.42983936,42147.732754,0.0009738,  8.7541, 46.6269, 68.8547,300.1436
2356.42639975,42148.074149,0.0009896,  8.7556, 46.6141, 68.2484,300.7341
2366.39220533,42146.911562,0.0010633,  8.7757, 46.5717, 78.2690,290.5276
2367.38871392,42147.035058,0.0010429,  8.7764, 46.5643, 78.6182,290.1324
2378.35101973,42147.514778,0.0010371,  8.7959, 46.4999, 81.4502,287.0436
2389.31334780,42149.169924,0.0011395,  8.8101, 46.4157, 80.8398,287.3725
2389.31336138,42149.170103,0.0011395,  8.8101, 46.4157, 80.8396,287.3775
2398.28252636,42149.802346,0.0010628,  8.8182, 46.3634, 87.2240,280.6746
2399.27913259,42150.128301,0.0010731,  8.8202, 46.3527, 87.1636,280.7158
2410.24166347,42149.290064,0.0010277,  8.8290, 46.2919, 90.2786,277.2303
2412.23488785,42150.030692,0.0010461,  8.8307, 46.2641, 89.0852,278.3777
2427.18382156,42151.770085,0.0010573,  8.8470, 46.1253, 97.8620,268.9815
2432.16715240,42150.229893,0.0010445,  8.8531, 46.0963,102.4787,264.2337
2432.16753687,42150.231716,0.0010446,  8.8531, 46.0963,102.4756,264.3756
2441.13663556,42152.418761,0.0010154,  8.8581, 45.9736, 99.0251,267.2757
2441.13663837,42152.418741,0.0010154,  8.8581, 45.9736, 99.0252,267.2766
2447.11648036,42151.227245,0.0010818,  8.8665, 45.9272,105.9604,260.0591
2450.10673940,42151.545504,0.0010210,  8.8672, 45.8911,109.7832,256.2060
2458.07965760,42152.923353,0.0009967,  8.8812, 45.7786,111.4403,254.0687
2460.07282844,42152.529373,0.0009694,  8.8829, 45.7630,113.0215,252.3230
2463.06278126,42153.056924,0.0009200,  8.8842, 45.7242,112.6344,252.5414
2473.02960097,42154.366841,0.0009841,  8.9011, 45.5793,112.2571,252.4294
2473.02964804,42154.367117,0.0009841,  8.9011, 45.5793,112.2566,252.4469
2480.00650862,42156.307151,0.0008830,  8.9096, 45.4792,117.8474,246.4597
2480.00657213,42156.305949,0.0008830,  8.9096, 45.4792,117.8492,246.4809
2483.99341761,42156.178038,0.0009034,  8.9206, 45.4268,119.0212,245.0899
2483.99342002,42156.178062,0.0009034,  8.9206, 45.4268,119.0211,245.0908
2485.98690160,42155.399703,0.0008906,  8.9246, 45.4142,121.5786,242.4230
2489.97436355,42155.693476,0.0008179,  8.9289, 45.3732,122.5748,241.3863
2489.97439826,42155.693124,0.0008179,  8.9289, 45.3732,122.5751,241.3985
2498.94509853,42157.455366,0.0008416,  8.9483, 45.2454,118.1399,245.3312
2500.93855399,42156.792709,0.0008610,  8.9524, 45.2364,121.3544,241.9590
2501.93534820,42156.534309,0.0008612,  8.9538, 45.2312,123.2970,239.9593
2504.92557514,42157.130091,0.0008111,  8.9574, 45.1985,127.5397,235.4955
2504.92588001,42157.126039,0.0008112,  8.9574, 45.1985,127.5430,235.6023
2505.92234561,42157.856893,0.0007852,  8.9591, 45.1817,127.5319,235.4438
2514.89381198,42157.763230,0.0007382,  8.9820, 45.1039,131.1789,231.3452
2517.88430358,42158.497175,0.0006740,  8.9856, 45.0772,130.3758,231.9758
2517.88431508,42158.497106,0.0006740,  8.9856, 45.0772,130.3758,231.9799
2518.88114789,42158.901545,0.0006571,  8.9870, 45.0643,129.1639,233.1373
2521.87165579,42160.013304,0.0006396,  8.9931, 45.0226,124.5160,237.6231
2521.87166865,42160.013289,0.0006396,  8.9931, 45.0226,124.5160,237.6277
2524.86223371,42160.186735,0.0006732,  9.0016, 44.9955,122.6461,239.3326
2530.84354743,42158.978650,0.0006989,  9.0125, 44.9816,132.4523,229.1761
2530.84362908,42158.978616,0.0006989,  9.0125, 44.9816,132.4511,229.2067
2531.84042276,42159.390693,0.0006774,  9.0136, 44.9724,133.6065,227.9606
2537.82172670,42161.470936,0.0006221,  9.0279, 44.9105,131.0015,230.2122
2549.78495736,42162.383185,0.0004871,  9.0462, 44.8471,125.9971,234.5367
2551.77887056,42162.447249,0.0005107,  9.0510, 44.8346,123.7634,236.6592
2564.73984315,42163.771284,0.0004661,  9.0704, 44.7739,130.5965,229.1251
2574.71025355,42164.020269,0.0003399,  9.0792, 44.7368,126.3832,232.7998
2574.71026407,42164.020207,0.0003399,  9.0792, 44.7368,126.3832,232.8037
2580.69243347,42164.438624,0.0004011,  9.0886, 44.6919,115.4488,243.3563
2581.68972474,42164.084436,0.0004158,  9.0899, 44.6920,117.4928,241.3304
2587.67205999,42165.146149,0.0003464,  9.0920, 44.6616,126.8016,231.6105
2592.65738043,42165.987599,0.0003472,  9.0998, 44.6098,118.5630,239.5263
2592.65745610,42165.988530,0.0003472,  9.0998, 44.6098,118.5588,239.5577
2593.65457107,42165.546331,0.0003494,  9.1013, 44.6067,120.2961,237.7628
2595.64901236,42164.946358,0.0003333,  9.1031, 44.6031,123.3933,234.6190
2601.63158282,42166.641863,0.0002526,  9.1037, 44.5502,102.9188,254.6916
2610.60605806,42166.428885,0.0003695,  9.1141, 44.4685,100.8473,256.3099
2610.60609319,42166.428990,0.0003695,  9.1141, 44.4685,100.8465,256.3234
2614.59472819,42167.792899,0.0002995,  9.1145, 44.4284,102.2186,254.6988
2616.58903961,42169.306987,0.0002965,  9.1166, 44.3930, 92.5345,264.2663
2631.54723913,42170.573758,0.0003744,  9.1316, 44.2136, 68.8893,287.1151
2637.53079646,42169.685028,0.0004484,  9.1413, 44.1526, 80.1531,275.5467
2639.52542256,42169.530582,0.0004251,  9.1425, 44.1370, 84.0356,271.5810
2651.49293418,42171.084644,0.0004177,  9.1612, 43.9836, 77.5095,277.4897
2651.49297438,42171.084423,0.0004177,  9.1612, 43.9836, 77.5104,277.5033
2664.45829110,42172.692535,0.0006006,  9.1818, 43.8102, 74.3713,279.9857
2665.45566544,42172.487443,0.0005945,  9.1832, 43.8041, 76.3347,277.9698
2667.45036270,42172.663255,0.0005678,  9.1851, 43.7867, 78.2727,275.9077
2669.44515489,42173.939216,0.0005467,  9.1872, 43.7571, 75.7515,278.3459
2670.44245234,42174.773798,0.0005518,  9.1888, 43.7387, 73.5252,280.4980
2670.44245236,42174.773798,0.0005518,  9.1888, 43.7387, 73.5252,280.4980
2671.43981898,42175.405339,0.0005681,  9.1911, 43.7203, 72.0441,281.9299
2674.43195540,42174.821454,0.0006109,  9.2000, 43.6818, 75.4147,278.4030
2677.42417144,42173.636454,0.0005872,  9.2069, 43.6674, 78.7210,274.9305
2684.40616092,42175.805230,0.0006410,  9.2159, 43.5872, 69.3025,284.0258
2689.39337676,42175.755189,0.0007425,  9.2283, 43.5299, 73.8682,279.2318
2690.39084888,42175.458222,0.0007507,  9.2307, 43.5252, 75.7923,277.2616
2692.38579985,42174.932536,0.0007491,  9.2344, 43.5189, 79.5718,273.3840
2692.38580013,42174.932539,0.0007491,  9.2344, 43.5189, 79.5718,273.3841
2699.36807445,42177.828075,0.0007248,  9.2451, 43.4447, 78.3412,274.2620
2700.36556573,42177.752735,0.0007426,  9.2481, 43.4332, 79.0282,273.5315
2712.33586800,42178.037702,0.0007776,  9.2693, 43.3560, 78.0862,273.9402
2714.33094962,42178.161843,0.0008221,  9.2738, 43.3353, 78.9591,272.9860
2716.32606207,42177.801256,0.0008585,  9.2788, 43.3235, 81.5139,270.3477
2720.31636889,42176.780673,0.0008677,  9.2858, 43.3203, 88.4424,263.2428
2721.31395658,42176.876689,0.0008554,  9.2866, 43.3179, 89.5585,262.0840
2731.28979171,42177.734743,0.0008597,  9.3047, 43.2503, 93.7119,257.4902
2735.28033907,42178.311975,0.0008126,  9.3082, 43.2451, 92.5643,258.4862
2742.26380666,42179.826147,0.0009126,  9.3169, 43.1808, 89.7386,261.0828
2748.24986437,42178.516051,0.0009467,  9.3250, 43.1746, 98.8887,251.7285
2749.24757958,42178.812977,0.0009312,  9.3253, 43.1711, 99.7551,250.8397
2751.24281325,42180.053483,0.0009013,  9.3259, 43.1547, 99.6333,250.8530
2751.24285501,42180.052868,0.0009013,  9.3259, 43.1547, 99.6340,250.8674
2756.23132068,42180.591077,0.0009365,  9.3339, 43.1071,100.4914,249.8787
2756.23137209,42180.591864,0.0009365,  9.3339, 43.1071,100.4902,249.8985
2766.20865167,42181.348493,0.0008865,  9.3407, 43.0593,100.3971,249.7379
2767.20620215,42181.526678,0.0009018,  9.3417, 43.0474, 99.9942,250.0559
2767.20628861,42181.526393,0.0009018,  9.3417, 43.0474, 99.9944,250.0869
2772.19490775,42180.761107,0.0009900,  9.3489, 43.0121,103.6680,246.2666
2776.18587471,42180.307239,0.0009821,  9.3508, 43.0034,109.9584,239.8429
2780.17681781,42182.768703,0.0009287,  9.3519, 42.9569,109.6312,240.0551
2783.16997022,42182.331516,0.0009609,  9.3567, 42.9231,110.9103,238.6684
2785.16550498,42181.285438,0.0009681,  9.3599, 42.9139,113.7450,235.7798
2791.15232304,42182.157597,0.0008831,  9.3614, 42.8771,114.2644,235.1671
2796.14136814,42183.109058,0.0009235,  9.3651, 42.8060,111.2956,238.1039
2798.13689859,42182.730002,0.0009589,  9.3681, 42.7857,112.4732,236.8711
2799.13461342,42182.422130,0.0009752,  9.3695, 42.7787,113.5827,235.7114
2806.11929522,42183.448230,0.0009299,  9.3723, 42.7205,121.4910,227.6777
2810.11022202,42183.891297,0.0009430,  9.3783, 42.6577,121.3477,227.6616
2811.10826723,42183.297714,0.0009538,  9.3803, 42.6483,122.6298,226.4453
2812.10617466,42182.750250,0.0009572,  9.3821, 42.6415,124.1069,224.9810
2819.09139619,42183.679837,0.0008526,  9.3860, 42.5749,125.3770,223.7617
2823.08247904,42184.289406,0.0008719,  9.3906, 42.5072,122.5196,226.5088
2825.07806775,42183.927087,0.0009036,  9.3942, 42.4809,123.0441,225.9380
2830.06741416,42182.662676,0.0009511,  9.4008, 42.4421,129.6221,219.3420
2830.06741431,42182.662675,0.0009511,  9.4008, 42.4421,129.6221,219.3421
2831.06529799,42182.837722,0.0009411,  9.4012, 42.4326,131.1507,217.8144
2832.06317586,42183.302814,0.0009223,  9.4017, 42.4201,132.2919,216.6745
2834.05886673,42184.751244,0.0008773,  9.4033, 42.3862,132.5994,216.3565
2837.05239768,42184.957721,0.0008841,  9.4097, 42.3344,131.9325,217.0117
2840.04601781,42183.143736,0.0009075,  9.4170, 42.3089,136.0963,212.8393
2843.03970632,42183.089471,0.0008563,  9.4207, 42.2887,139.0027,209.9414
2849.02698323,42184.703774,0.0007811,  9.4272, 42.1988,134.7973,214.1868
2851.02275392,42184.544953,0.0008005,  9.4316, 42.1686,133.8400,215.1647
2851.02277014,42184.545035,0.0008005,  9.4316, 42.1686,133.8399,215.1707
2852.02064783,42184.305733,0.0008150,  9.4339, 42.1565,133.9367,215.0786
2856.01227413,42183.000916,0.0008679,  9.4421, 42.1268,137.8869,211.1679
2858.00808468,42182.873284,0.0008675,  9.4445, 42.1135,141.0972,207.9723
2859.00598640,42183.151529,0.0008551,  9.4454, 42.1038,142.5641,206.5139
2861.00176230,42184.352819,0.0008112,  9.4476, 42.0758,144.0651,205.0298
2862.99752499,42185.276070,0.0007827,  9.4517, 42.0421,143.1715,205.9449
2864.99332070,42184.498421,0.0008049,  9.4578, 42.0165,143.2384,205.9057
2871.97870634,42183.192995,0.0007334,  9.4713, 41.9788,150.7346,198.4883
2874.97252838,42183.995971,0.0006818,  9.4753, 41.9395,147.9660,201.3535
2878.96418019,42183.687422,0.0006977,  9.4846, 41.8908,144.5274,204.8865
2881.95797165,42182.579962,0.0007412,  9.4919, 41.8750,146.0722,203.4136
2882.95590814,42182.240949,0.0007523,  9.4938, 41.8726,147.3511,202.1580
2884.95178083,42181.951771,0.0007586,  9.4966, 41.8667,150.5319,199.0241
2885.94970162,42182.101978,0.0007511,  9.4976, 41.8613,152.1613,197.4150
2886.94761807,42182.472811,0.0007358,  9.4986, 41.8533,153.5659,196.0321
2887.94552997,42183.014648,0.0007146,  9.4998, 41.8427,154.5094,195.1119
2887.94553502,42183.014595,0.0007146,  9.4998, 41.8427,154.5094,195.1138
2889.94134153,42184.018435,0.0006748,  9.5033, 41.8169,154.3882,195.2835
2890.93924501,42184.076620,0.0006695,  9.5059, 41.8046,153.6791,196.0179
2892.93507242,42182.962524,0.0006941,  9.5120, 41.7896,153.8150,195.9317
2896.92680475,42181.173271,0.0006871,  9.5209, 41.7901,160.7796,189.0633
2896.92681344,42181.173297,0.0006871,  9.5209, 41.7901,160.7793,189.0666
2897.92474668,42181.363330,0.0006605,  9.5220, 41.7882,161.8755,187.9980
2898.92267507,42181.664745,0.0006311,  9.5228, 41.7834,162.2876,187.6155
2898.92272791,42181.664520,0.0006311,  9.5228, 41.7834,162.2866,187.6356
2901.91644442,42182.483725,0.0005603,  9.5260, 41.7562,159.8007,190.2054
2902.91435985,42182.592120,0.0005487,  9.5276, 41.7452,158.2167,191.8249
2903.91227515,42182.588294,0.0005439,  9.5295, 41.7348,156.6020,193.4755
2905.90811514,42182.236000,0.0005531,  9.5339, 41.7185,154.1155,196.0350
2906.90605577,42181.906735,0.0005648,  9.5362, 41.7135,153.5586,196.6335
2911.89572884,42180.253658,0.0006190,  9.5443, 41.7104,158.5116,191.8601
2922.87283273,42179.449837,0.0005656,  9.5614, 41.6531,166.5187,184.2907
2923.87073469,42179.230036,0.0005547,  9.5626, 41.6557,168.8366,182.0021
2923.87075665,42179.230133,0.0005547,  9.5626, 41.6557,168.8357,182.0109
2927.86233566,42180.187840,0.0004413,  9.5643, 41.6423,171.9523,179.0358
2927.86235906,42180.187665,0.0004413,  9.5643, 41.6423,171.9517,179.0449
2937.84134211,42178.445983,0.0004455,  9.5771, 41.5854,160.5056,190.9607
2938.83928145,42178.217064,0.0004522,  9.5776, 41.5853,162.4883,189.0374
2938.83928158,42178.217064,0.0004522,  9.5776, 41.5853,162.4883,189.0374
2941.83296981,42178.812559,0.0004254,  9.5779, 41.5719,168.9943,182.6795
2946.82228585,42179.617081,0.0003618,  9.5832, 41.5204,166.2429,185.6752
2948.81804608,42178.237215,0.0003856,  9.5869, 41.5132,167.1751,184.8460
2948.81804752,42178.237235,0.0003856,  9.5869, 41.5132,167.1750,184.8466
2956.80097499,42178.425648,0.0002307,  9.5897, 41.4732,173.4692,178.9677
2957.79881828,42178.524531,0.0002145,  9.5904, 41.4604,168.4133,184.0815
2958.79669449,42178.500915,0.0002074,  9.5914, 41.4482,162.6885,189.8770
2959.79455661,42178.359149,0.0002087,  9.5927, 41.4372,157.3454,195.2858
2966.77930129,42176.042560,0.0002843,  9.5989, 41.4016,157.5065,195.4616
2966.77949980,42176.041278,0.0002843,  9.5989, 41.4016,157.4941,195.5456
2967.77705933,42176.131709,0.0002783,  9.5988, 41.3953,160.7586,192.2386
2967.77733574,42176.128157,0.0002784,  9.5988, 41.3953,160.7435,192.3534
2979.75099420,42175.101753,0.0001924,  9.6094, 41.2848,166.8935,186.8935
2986.73544138,42176.297769,0.0001181,  9.6126, 41.1903,103.9173,250.3178
2991.72432791,42174.564581,0.0001991,  9.6197, 41.1424,111.1398,243.4362
2995.71535426,42174.028734,0.0001828,  9.6212, 41.1111,124.8545,229.9707
2997.71081715,42175.054079,0.0001465,  9.6220, 41.0812,118.2534,236.6990
3001.70167193,42175.181116,0.0001789,  9.6288, 41.0175,100.9815,254.2267
3002.69939247,42174.454539,0.0001886,  9.6310, 41.0082,105.1875,250.0837
3010.68110056,42173.729604,0.0001598,  9.6383, 40.9325, 73.3103,282.4841
3019.66020950,42171.936929,0.0003122,  9.6535, 40.8196, 84.8450,271.5714
3022.65316813,42171.408931,0.0002897,  9.6561, 40.7957, 91.1743,265.4256
3022.65318472,42171.408757,0.0002897,  9.6561, 40.7957, 91.1751,265.4309
3029.63652861,42172.263626,0.0003264,  9.6686, 40.6941, 82.9005,274.1489
3036.61993831,42170.638270,0.0002958,  9.6792, 40.6460, 76.3285,281.1980
3037.61757059,42170.900401,0.0003137,  9.6802, 40.6319, 72.6418,284.9674
3048.59107593,42168.606771,0.0004630,  9.7014, 40.5233, 86.7944,271.6185
3049.58861754,42168.491387,0.0004534,  9.7024, 40.5169, 88.1748,270.2961
3051.58374821,42168.909377,0.0004306,  9.7042, 40.4972, 87.8452,270.7691
3053.57879908,42169.950544,0.0004293,  9.7072, 40.4690, 83.6415,275.1022
3053.57881869,42169.950317,0.0004293,  9.7072, 40.4690, 83.6422,275.1086
3055.57375277,42170.238857,0.0004629,  9.7123, 40.4421, 82.3086,276.5369
3055.57385901,42170.239550,0.0004629,  9.7123, 40.4421, 82.3064,276.5775
3056.57139201,42169.719595,0.0004790,  9.7154, 40.4332, 84.2675,274.6853
3059.56400309,42167.399392,0.0004702,  9.7233, 40.4259, 91.8695,267.2793
3060.56154359,42167.062636,0.0004551,  9.7249, 40.4252, 92.1492,267.0662
3062.55660482,42167.154179,0.0004365,  9.7269, 40.4171, 88.4450,270.9078
3063.55413289,42167.400195,0.0004396,  9.7278, 40.4090, 85.5680,273.8594
3064.55164254,42167.666412,0.0004511,  9.7288, 40.3985, 82.9066,276.5931
3066.54664340,42168.040453,0.0004913,  9.7316, 40.3739, 79.7674,279.8799
3076.52159954,42165.286675,0.0006001,  9.7503, 40.3169, 94.5771,265.8133
3080.51137568,42166.341009,0.0005635,  9.7540, 40.2838, 94.0407,266.6139
3081.50883957,42166.779160,0.0005685,  9.7558, 40.2719, 92.7272,268.0088
3082.50624545,42166.963851,0.0005822,  9.7581, 40.2611, 92.1046,268.6928
3083.50368018,42166.737288,0.0005998,  9.7607, 40.2529, 92.7464,268.1219
3084.50111527,42166.097666,0.0006142,  9.7635, 40.2484, 94.6361,266.3008
3085.49855433,42165.230354,0.0006197,  9.7661, 40.2476, 97.1868,263.8170
3088.49086267,42163.620537,0.0005825,  9.7709, 40.2530,101.2023,259.9950
3088.49087097,42163.620576,0.0005826,  9.7709, 40.2530,101.2022,259.9982
3089.48830151,42163.670326,0.0005681,  9.7716, 40.2516,100.1208,261.1478
3094.47532637,42164.727124,0.0006098,  9.7760, 40.2096, 91.8280,269.8002
3103.45184623,42161.993613,0.0007149,  9.7893, 40.1763,104.1020,258.1851
3106.44390590,42162.318362,0.0006806,  9.7903, 40.1600,106.3793,256.1104
3109.43585048,42163.507585,0.0006737,  9.7936, 40.1289,104.2820,258.3987
3109.43585378,42163.507576,0.0006737,  9.7936, 40.1289,104.2820,258.3999
3110.43316730,42163.503744,0.0006866,  9.7955, 40.1201,104.2075,258.5398
3120.40632449,42161.261498,0.0006576,  9.8050, 40.0894,106.5969,256.8145
3122.40088943,42161.477128,0.0006896,  9.8070, 40.0678,104.7880,258.7674
3126.39001446,42160.542724,0.0007653,  9.8128, 40.0409,107.5292,256.3155
3132.37362924,42158.770967,0.0007747,  9.8153, 40.0245,117.6311,246.6283
3134.36809627,42159.430772,0.0007465,  9.8154, 40.0052,118.3032,246.0912
3134.36816775,42159.429695,0.0007465,  9.8154, 40.0052,118.3045,246.1157
3140.35121228,42158.935119,0.0007791,  9.8234, 39.9519,120.0282,244.7057
3142.34575440,42157.600525,0.0007724,  9.8254, 39.9511,123.7533,241.1460
3142.34601430,42157.602380,0.0007725,  9.8254, 39.9511,123.7470,241.2461
3152.31753475,42158.217734,0.0007659,  9.8302, 39.8578,118.3624,247.2042
3153.31466301,42157.895042,0.0007839,  9.8315, 39.8504,119.2363,246.3861
3153.31479399,42157.895659,0.0007839,  9.8315, 39.8504,119.2346,246.4350
3154.31182480,42157.499689,0.0008002,  9.8326, 39.8448,120.4758,245.2139
3163.28601986,42157.475952,0.0007625,  9.8351, 39.7652,130.1140,236.1562
3173.25690322,42155.132961,0.0007296,  9.8446, 39.6848,136.9464,229.9225
3174.25394647,42155.470696,0.0007145,  9.8447, 39.6707,135.7057,231.2192
3174.25394718,42155.470683,0.0007145,  9.8447, 39.6707,135.7057,231.2194
3175.25100006,42155.784050,0.0007074,  9.8452, 39.6551,134.2035,232.7846
3176.24804816,42156.009592,0.0007086,  9.8461, 39.6389,132.7858,234.2659
3176.24805752,42156.009465,0.0007086,  9.8461, 39.6389,132.7860,234.2691
3188.21250898,42153.959916,0.0007960,  9.8575, 39.5158,143.0135,224.7820
3190.20634400,42155.025212,0.0007590,  9.8592, 39.4825,143.3552,224.5034
3192.20025698,42155.591599,0.0007515,  9.8629, 39.4504,142.3162,225.6403
3202.16991363,42153.538098,0.0006878,  9.8751, 39.3573,149.0102,219.4593
3203.16694579,42153.815806,0.0006787,  9.8763, 39.3405,147.6142,220.9450
3203.16695172,42153.815719,0.0006787,  9.8763, 39.3405,147.6143,220.9471
3204.16388254,42153.994100,0.0006773,  9.8779, 39.3239,146.2588,222.3572
3205.16079867,42154.046050,0.0006830,  9.8798, 39.3085,145.1941,223.4716
3205.16081174,42154.045949,0.0006830,  9.8798, 39.3085,145.1942,223.4762
3214.13319430,42151.644430,0.0007788,  9.8934, 39.2288,153.4623,215.6885
3215.13015223,42151.787581,0.0007687,  9.8941, 39.2168,155.1170,214.1027
3217.12399106,42152.729862,0.0007301,  9.8964, 39.1865,156.9028,212.4368
3226.09577376,42150.755749,0.0007170,  9.9154, 39.1125,163.9949,205.7030
3227.09263570,42150.912143,0.0006925,  9.9162, 39.1038,164.6795,205.0613
3228.08949248,42151.193415,0.0006668,  9.9170, 39.0925,164.6758,205.1100
3236.06424984,42151.421524,0.0006530,  9.9333, 39.0002,158.3017,211.8599
3237.06109109,42151.040012,0.0006683,  9.9353, 38.9957,159.0270,211.1778
3238.05793669,42150.647251,0.0006826,  9.9371, 38.9920,160.1416,210.1074
3245.03568916,42151.117579,0.0006518,  9.9455, 38.9344,170.5756,199.9655
3246.03242408,42151.644431,0.0006326,  9.9478, 38.9214,170.3951,200.1648
3246.03244336,42151.644253,0.0006326,  9.9478, 38.9214,170.3954,200.1715
3246.03245434,42151.644151,0.0006326,  9.9478, 38.9214,170.3956,200.1753
3254.00673844,42148.996092,0.0006322,  9.9647, 38.8953,178.6106,192.2031
3255.00353995,42149.262890,0.0006042,  9.9656, 38.8883,179.3558,191.5002
3264.97117890,42149.055705,0.0005679,  9.9841, 38.8168,172.4531,198.7509
3266.96469022,42148.379112,0.0005923,  9.9864, 38.8150,175.0939,196.1674
3275.93522399,42149.821206,0.0005236,  9.9992, 38.7527,182.8669,188.6308
3276.93192642,42149.119449,0.0005406, 10.0017, 38.7528,183.0680,188.4436
3284.90559502,42148.550162,0.0004315, 10.0088, 38.7338,194.6952,176.9663
3286.89896218,42148.870333,0.0003980, 10.0118, 38.7156,191.2502,180.4527
3286.89896840,42148.870349,0.0003980, 10.0118, 38.7156,191.2501,180.4551
3287.89564695,42148.848129,0.0003924, 10.0136, 38.7086,189.1740,182.5491
3290.88572843,42148.148794,0.0004115, 10.0186, 38.6989,185.1416,186.6431
3299.85578824,42148.143134,0.0004246, 10.0231, 38.6610,199.0220,172.8881
3300.85247971,42148.611780,0.0004048, 10.0244, 38.6508,199.6852,172.2530
3308.82563303,42146.295603,0.0004099, 10.0335, 38.6373,208.8243,163.1333
3309.82227225,42146.655992,0.0003817, 10.0333, 38.6312,211.9789,159.9829
3310.81890053,42147.099961,0.0003489, 10.0333, 38.6222,214.1876,157.7783
3319.78856890,42146.916547,0.0002690, 10.0422, 38.5575,197.8446,174.1703
3320.78519582,42146.604663,0.0002826, 10.0425, 38.5552,198.3344,173.6796
3324.77167531,42146.618524,0.0003035, 10.0417, 38.5304,208.4370,163.5740
3325.76827608,42147.057705,0.0002936, 10.0418, 38.5189,211.8356,160.1728
3327.76145951,42148.111260,0.0002590, 10.0431, 38.4930,216.9684,155.0322
3328.75805512,42148.468339,0.0002410, 10.0444, 38.4810,217.5111,154.4870
3329.75464911,42148.544285,0.0002289, 10.0459, 38.4710,216.2163,155.7770
3330.75124747,42148.286264,0.0002269, 10.0476, 38.4639,213.7573,158.2298
3332.74445706,42147.082345,0.0002507, 10.0503, 38.4581,211.6838,160.2850
3337.72743991,42146.896011,0.0002268, 10.0505, 38.4335,236.5453,135.3588
3339.72059054,42147.822659,0.0001678, 10.0512, 38.4058,247.6643,124.2178
3342.71031938,42148.298981,0.0000921, 10.0547, 38.3666,248.3133,123.5380
3342.71032031,42148.298979,0.0000921, 10.0547, 38.3666,248.3133,123.5384
3343.70690853,42148.192468,0.0000777, 10.0562, 38.3569,240.3275,131.5148
3346.69668262,42147.425140,0.0000841, 10.0595, 38.3374,209.5748,162.2317
3350.68302617,42146.816098,0.0001283, 10.0600, 38.3100,214.7735,156.9688
3350.68303311,42146.816039,0.0001283, 10.0600, 38.3100,214.7723,156.9725
3351.67959809,42147.054957,0.0001306, 10.0599, 38.2985,221.2685,150.4555
3356.66239138,42149.298885,0.0000722, 10.0647, 38.2244,256.6728,114.9532
3357.65894509,42149.151217,0.0000605, 10.0666, 38.2138,251.3543,120.2464
3357.65895169,42149.151239,0.0000605, 10.0666, 38.2138,251.3546,120.2485
3358.65551279,42148.716450,0.0000589, 10.0685, 38.2061,239.0288,132.5480
3360.64866571,42147.576408,0.0000824, 10.0713, 38.1971,229.5707,141.9549
3365.63149392,42148.219274,0.0001024, 10.0727, 38.1533,299.2817, 72.1024
3370.61428442,42149.437210,0.0001161, 10.0798, 38.0785, 16.0154,355.2451
3380.57998738,42149.265369,0.0000629, 10.0892, 37.9827, 28.7308,342.2297
3381.57653328,42149.913922,0.0000822, 10.0905, 37.9661, 23.7351,347.1900
3390.54561377,42148.853509,0.0000916, 10.1063, 37.8896, 32.7965,337.7724
3390.54563178,42148.853347,0.0000916, 10.1063, 37.8896, 32.8002,337.7752
3399.51475552,42150.835996,0.0002753, 10.1208, 37.7769, 52.8668,317.3544
3400.51135736,42150.582456,0.0002740, 10.1228, 37.7708, 57.2314,312.9533
3409.48063691,42152.061440,0.0002420, 10.1333, 37.6873, 58.4365,311.3497
3409.48065586,42152.061188,0.0002420, 10.1333, 37.6873, 58.4374,311.3556
3410.47723083,42152.522967,0.0002605, 10.1356, 37.6737, 58.1635,311.5823
3412.47039756,42152.348938,0.0002831, 10.1412, 37.6548, 64.2122,305.4353
3421.43979654,42152.320586,0.0003122, 10.1541, 37.6031, 56.0536,313.1121
3423.43302699,42152.874055,0.0003650, 10.1581, 37.5781, 58.8363,310.2407
3427.41951024,42152.439039,0.0004123, 10.1674, 37.5502, 71.0971,297.7808
3429.41278423,42151.932740,0.0004082, 10.1707, 37.5452, 77.1475,291.6268
3439.37907845,42154.325619,0.0004073, 10.1846, 37.4674, 79.7276,288.4871
3440.37574135,42153.836121,0.0004137, 10.1873, 37.4642, 83.0315,285.1300
3449.34561985,42154.406016,0.0004232, 10.1979, 37.4321, 76.5762,291.0166
3450.34229340,42154.638211,0.0004483, 10.1996, 37.4220, 77.0300,290.5103
3451.33907915,42154.727193,0.0004708, 10.2016, 37.4134, 78.3792,289.1470
3461.30610160,42154.155240,0.0004786, 10.2131, 37.3822, 97.9774,268.9858
3462.30277759,42154.662544,0.0004705, 10.2136, 37.3737, 97.5115,269.3843
3472.26964848,42154.314719,0.0004567, 10.2277, 37.3411,105.7745,260.3725
3473.26648970,42154.795751,0.0004457, 10.2277, 37.3377,103.0538,263.0662
3490.21128731,42157.271744,0.0005423, 10.2393, 37.2387,112.5769,252.4461
3498.18552882,42156.383530,0.0005649, 10.2492, 37.1996,121.9274,242.5300
3500.17916232,42156.906265,0.0005185, 10.2489, 37.1968,121.5242,242.7935
3507.15694982,42159.075363,0.0005868, 10.2533, 37.1268,112.4790,251.4158
3507.15696980,42159.075458,0.0005868, 10.2533, 37.1268,112.4787,251.4233
3509.15052917,42158.666892,0.0006172, 10.2557, 37.1165,115.9156,247.8135
3511.14432028,42158.263308,0.0006322, 10.2570, 37.1103,120.1255,243.5044
3520.11578684,42161.073502,0.0005806, 10.2585, 37.0250,126.5618,236.3964
3520.11581213,42161.073430,0.0005806, 10.2585, 37.0250,126.5619,236.4054
3520.11601244,42161.072855,0.0005806, 10.2585, 37.0250,126.5628,236.4768
3529.08762897,42160.781937,0.0005247, 10.2647, 36.9741,134.3029,227.9742
3531.08143120,42161.825391,0.0005226, 10.2654, 36.9453,128.9495,233.2021
3533.07530297,42162.144281,0.0005560, 10.2679, 36.9174,126.6987,235.3491
3541.05060042,42161.370756,0.0006346, 10.2748, 36.8586,138.9382,222.5227
3542.04753974,42161.704579,0.0006252, 10.2747, 36.8486,140.4437,220.9494
3543.04447029,42162.191943,0.0006122, 10.2747, 36.8364,141.5115,219.8114
3543.04447262,42162.191900,0.0006122, 10.2747, 36.8364,141.5115,219.8123
3551.01995909,42162.872449,0.0006230, 10.2852, 36.7390,146.2402,214.5009
3555.00785931,42163.113136,0.0005636, 10.2876, 36.7193,152.6107,207.8271
3556.00483155,42163.729349,0.0005356, 10.2877, 36.7081,151.7626,208.6014
3556.00484201,42163.729157,0.0005356, 10.2877, 36.7081,151.7626,208.6051
3564.97771306,42164.460851,0.0006025, 10.3011, 36.5998,146.6845,213.0334
3565.97474491,42164.340092,0.0006113, 10.3022, 36.5938,148.5636,211.0863
3566.97177551,42164.330300,0.0006155, 10.3029, 36.5873,150.5191,209.0612
3566.97177787,42164.330293,0.0006155, 10.3029, 36.5873,150.5191,209.0621
3568.96583371,42164.747722,0.0006089, 10.3038, 36.5701,154.2537,205.1861
3569.96285824,42165.192702,0.0005982, 10.3042, 36.5586,155.7833,203.5854
3569.96290985,42165.191905,0.0005982, 10.3042, 36.5586,155.7833,203.6041
3579.93321529,42165.483375,0.0005982, 10.3217, 36.4540,165.1531,193.4705
3580.93028290,42165.641620,0.0005821, 10.3226, 36.4503,167.2351,191.3099
3580.93028519,42165.641606,0.0005821, 10.3226, 36.4503,167.2350,191.3107
3588.90687253,42168.098338,0.0004913, 10.3339, 36.3555,159.3059,198.6588
3590.90115610,42167.599445,0.0005273, 10.3386, 36.3414,160.1299,197.7194
3594.88966702,42167.243732,0.0005663, 10.3445, 36.3234,166.8331,190.7368
3596.88392446,42167.856460,0.0005580, 10.3460, 36.3084,170.6688,186.7592
3605.85814650,42168.249891,0.0005589, 10.3640, 36.2261,177.5286,179.2402
3606.85526602,42168.046557,0.0005610, 10.3659, 36.2266,180.1970,176.4749
3608.84970003,42168.526402,0.0005292, 10.3680, 36.2243,185.2617,171.2859
3617.82433806,42170.068276,0.0004434, 10.3834, 36.1469,177.2479,178.6489
3618.82165541,42169.807875,0.0004597, 10.3855, 36.1448,177.8005,178.0607
3621.81336386,42169.568421,0.0004919, 10.3896, 36.1410,182.4293,173.2258
3631.78577210,42171.159154,0.0004647, 10.4042, 36.0714,191.6852,163.2745
3632.78294428,42170.573883,0.0004839, 10.4065, 36.0727,193.1218,161.7273
3641.75843831,42172.862022,0.0003291, 10.4155, 36.0392,205.0770,149.1052
3642.75575832,42172.752163,0.0003255, 10.4175, 36.0320,202.2655,151.8575
3651.73190673,42172.597050,0.0003941, 10.4271, 36.0151,207.4889,146.0895
3651.73193504,42172.596829,0.0003941, 10.4271, 36.0151,207.4876,146.1010
3662.70268545,42172.597070,0.0004046, 10.4400, 35.9718,221.2376,131.5319
3662.70270644,42172.596959,0.0004046, 10.4400, 35.9718,221.2366,131.5405
3663.70020823,42173.116344,0.0003922, 10.4399, 35.9724,226.4549,126.2918
3672.67672318,42174.361891,0.0002325, 10.4475, 35.9103,226.3572,125.7918
3672.67673452,42174.361992,0.0002324, 10.4475, 35.9103,226.3572,125.7958
3672.67675369,42174.362164,0.0002324, 10.4475, 35.9103,226.3572,125.8027
3685.64341547,42176.253588,0.0002397, 10.4531, 35.8266,243.8043,107.5385
3686.64089585,42175.737906,0.0002456, 10.4547, 35.8223,241.2847,110.0011
3687.63838338,42175.244096,0.0002595, 10.4561, 35.8210,239.9940,111.2322
3688.63586160,42174.953842,0.0002771, 10.4572, 35.8218,241.1797,109.9795
3697.61312663,42177.518030,0.0001799, 10.4602, 35.7524,289.6909, 60.8847
3698.61063882,42177.256715,0.0001623, 10.4617, 35.7446,287.8278, 62.6934
3699.60831542,42176.993905,0.0001506, 10.4630, 35.7387,284.2123, 66.3108
3700.60584220,42176.777514,0.0001455, 10.4640, 35.7343,279.8005, 70.6679
3709.58342210,42179.257175,0.0001998, 10.4648, 35.6571,293.6405, 56.2648
3711.57857717,42179.267196,0.0001855, 10.4670, 35.6296,298.7359, 51.0949
3712.57607265,42178.944844,0.0001746, 10.4686, 35.6185,298.4555, 51.3040
3722.55166657,42180.380752,0.0002731, 10.4751, 35.5416,330.0709, 19.0985
3723.54928142,42180.360281,0.0002631, 10.4766, 35.5265,336.8033, 12.3307
3732.52781192,42179.776276,0.0001820, 10.4866, 35.4537,342.2499,  6.4618
3733.52539614,42180.241252,0.0001937, 10.4867, 35.4426,341.6642,  6.9881
3738.51338034,42181.603173,0.0002325, 10.4910, 35.3683,353.0711,355.3167
3741.50627673,42180.352831,0.0001968, 10.4973, 35.3380,357.8162,350.4261
3742.50392287,42179.998028,0.0001870, 10.4992, 35.3332,355.7047,352.4861
3752.48045823,42181.950214,0.0003468, 10.5105, 35.2330, 17.5031,330.2073
3762.45746483,42182.769927,0.0003002, 10.5228, 35.1551, 22.9503,324.3669
3762.45748610,42182.769743,0.0003002, 10.5228, 35.1551, 22.9508,324.3741
3763.45519900,42183.130508,0.0003119, 10.5239, 35.1407, 23.3923,323.9012
3764.45292604,42183.304728,0.0003217, 10.5254, 35.1260, 24.8596,322.4076
3765.45062747,42183.233148,0.0003268, 10.5273, 35.1120, 27.2256,320.0048
3766.44837962,42182.916803,0.0003253, 10.5297, 35.0998, 30.1605,317.0489
3776.42570094,42183.496367,0.0003960, 10.5445, 35.0387, 27.3979,319.4186
3786.40339139,42182.244114,0.0003846, 10.5635, 34.9731, 52.4484,294.0712
3787.40129481,42182.602914,0.0003807, 10.5641, 34.9671, 51.7379,294.7975
3787.40137668,42182.602386,0.0003807, 10.5641, 34.9671, 51.7406,294.8243
3788.39921033,42183.029474,0.0003808, 10.5648, 34.9591, 50.7876,295.7695
3789.39685254,42183.467038,0.0003851, 10.5655, 34.9492, 49.9184,296.5634
3795.38357940,42182.727645,0.0004074, 10.5771, 34.8904, 59.0840,287.2551
3804.36396123,42184.025112,0.0004642, 10.5880, 34.8582, 51.5626,294.5735
3815.34036981,42183.111519,0.0004569, 10.6045, 34.8151, 72.0341,273.9834
3816.33820632,42183.524425,0.0004548, 10.6048, 34.8079, 71.4061,274.5963
3817.33599399,42183.895466,0.0004566, 10.6054, 34.7991, 70.8587,275.1126
3820.32954288,42184.052437,0.0004774, 10.6092, 34.7695, 72.5259,273.4227
3821.32756328,42183.650656,0.0004830, 10.6112, 34.7620, 74.6677,271.3323
3822.32543024,42183.079085,0.0004835, 10.6135, 34.7572, 77.3935,268.5991
3832.30421053,42183.937522,0.0005098, 10.6227, 34.7302, 71.8228,274.0994
3834.29986480,42183.368007,0.0005476, 10.6263, 34.7145, 76.4461,269.4388
3843.28113566,42183.195441,0.0005017, 10.6333, 34.6944, 89.9338,256.0323
3844.27899523,42183.566076,0.0004981, 10.6333, 34.6860, 89.5378,256.4229
3845.27688740,42183.845223,0.0004985, 10.6336, 34.6763, 89.2544,256.7145
3855.25596875,42182.396673,0.0004433, 10.6439, 34.6425, 98.1417,247.9018
3857.25178801,42183.406688,0.0004528, 10.6431, 34.6297, 90.9854,255.0813
3859.24762128,42183.645631,0.0005024, 10.6441, 34.6076, 88.7786,257.3289
3864.23728917,42181.958456,0.0005755, 10.6511, 34.5753, 99.0705,247.1562
3873.21863415,42183.412907,0.0005101, 10.6514, 34.5201,106.1947,240.2471
3873.21864073,42183.412860,0.0005101, 10.6514, 34.5201,106.1948,240.2494
3876.21237768,42182.756702,0.0005293, 10.6545, 34.4865,108.8678,237.6574
3885.19370554,42182.932997,0.0004445, 10.6587, 34.4461,107.7619,238.9953
3885.19370670,42182.932982,0.0004445, 10.6587, 34.4461,107.7620,238.9957
3887.18955825,42182.894205,0.0004914, 10.6603, 34.4186,105.1444,241.6917
3895.17304865,42180.992571,0.0005417, 10.6681, 34.3675,120.5354,226.6155
3903.15629815,42181.954908,0.0005058, 10.6710, 34.2695,123.8573,223.6170
3904.15420320,42181.452204,0.0005145, 10.6727, 34.2591,125.5191,221.9968
3904.15420694,42181.452234,0.0005145, 10.6727, 34.2591,125.5190,221.9983
3912.13750232,42181.612342,0.0004043, 10.6779, 34.2114,128.4346,219.4117
3914.13327474,42181.840337,0.0004272, 10.6796, 34.1803,121.7663,226.1722
3914.13333341,42181.840156,0.0004272, 10.6796, 34.1803,121.7669,226.1928
3930.09973297,42180.538717,0.0004574, 10.6973, 34.0124,139.6085,209.2335
3931.09760715,42180.049774,0.0004669, 10.6994, 34.0008,140.8661,208.0316
3932.09548500,42179.480334,0.0004762, 10.7017, 33.9917,142.7471,206.2056
3933.09337444,42178.934386,0.0004822, 10.7038, 33.9854,145.1216,203.8881
3939.08066949,42179.529540,0.0003672, 10.7090, 33.9528,151.1502,198.1936
3951.05505744,42177.725432,0.0004336, 10.7283, 33.8484,154.3410,195.7656
3952.05293407,42178.021019,0.0004207, 10.7289, 33.8386,155.8099,194.3729
3962.03136232,42175.932190,0.0004221, 10.7475, 33.7459,167.3766,183.5065
3963.02923721,42175.860713,0.0004106, 10.7489, 33.7452,170.4533,180.5074
3963.02923733,42175.860712,0.0004106, 10.7489, 33.7452,170.4533,180.5075
3965.02491627,42176.353669,0.0003607, 10.7503, 33.7389,174.8890,176.2094
3965.02491926,42176.353644,0.0003607, 10.7503, 33.7389,174.8889,176.2105
3968.01835685,42177.324353,0.0002786, 10.7529, 33.7083,169.0749,182.2333
3969.01616285,42177.304876,0.0002731, 10.7547, 33.6954,163.9538,187.4275
3970.01397078,42177.046185,0.0002821, 10.7572, 33.6838,159.6748,191.7805
3973.00741540,42175.497121,0.0003422, 10.7654, 33.6661,158.8335,192.8421
3974.00529660,42175.041525,0.0003572, 10.7676, 33.6650,161.1809,190.5895
3974.42306880,42174.344665,0.0003438, 10.7682, 33.6645,167.4041,335.1213
3979.99211538,42175.297569,0.0003380, 10.7733, 33.6424,176.8667,175.3448
3980.98991911,42175.573833,0.0003252, 10.7742, 33.6325,178.3833,173.9130
3982.98548719,42175.815726,0.0003054, 10.7769, 33.6104,179.5229,172.9358
3983.98326642,42175.659457,0.0003026, 10.7789, 33.5999,179.3016,173.2381
3983.98334424,42175.660298,0.0003026, 10.7789, 33.5999,179.3021,173.2657
3990.96776644,42172.870300,0.0003350, 10.7927, 33.5867,194.6405,158.4485
3992.96330777,42173.515088,0.0002834, 10.7935, 33.5819,202.0757,151.1694
4001.94299819,42171.716974,0.0002490, 10.8090, 33.5322,183.9272,170.0364
4002.94075218,42171.461011,0.0002593, 10.8101, 33.5337,187.0175,167.0292
4003.93854895,42171.376203,0.0002643, 10.8107, 33.5341,190.5882,163.5593
4004.93623008,42171.448342,0.0002644, 10.8111, 33.5328,194.3770,159.8327
4012.91793490,42171.847641,0.0002128, 10.8184, 33.4740,208.8141,146.0885
4013.91562665,42171.230624,0.0002222, 10.8205, 33.4705,207.9158,147.0680
4013.91569048,42171.231786,0.0002221, 10.8205, 33.4705,207.9168,147.0900
4014.91333222,42170.554332,0.0002365, 10.8225, 33.4701,208.3111,146.7565
4019.90181240,42170.097051,0.0002419, 10.8257, 33.4785,235.3487,120.1220
4023.89244368,42170.913352,0.0001361, 10.8278, 33.4449,256.3925, 99.4133
4023.89245329,42170.913380,0.0001361, 10.8278, 33.4449,256.3927, 99.4166
4026.88541840,42169.725940,0.0000984, 10.8333, 33.4277,236.0535,120.0140
4026.88542280,42169.725995,0.0000984, 10.8333, 33.4277,236.0539,120.0153
4026.88551048,42169.727095,0.0000983, 10.8333, 33.4277,236.0615,120.0393
4027.88309969,42169.206619,0.0001061, 10.8349, 33.4269,228.1507,128.0102
4028.88076438,42168.748239,0.0001193, 10.8362, 33.4275,224.5060,131.7419
4029.87842807,42168.410803,0.0001335, 10.8369, 33.4286,224.5686,131.7667
4030.87608794,42168.230708,0.0001460, 10.8372, 33.4289,227.1817,129.2415
4031.87374167,42168.216213,0.0001558, 10.8372, 33.4278,231.4386,125.0730
4032.87138830,42168.348192,0.0001624, 10.8369, 33.4245,236.7168,119.8841
4041.84992483,42167.901398,0.0001452, 10.8431, 33.3527,260.7030, 96.7138
4051.82569601,42167.841392,0.0001965, 10.8469, 33.3045,322.3576, 35.9084
4054.81833628,42166.511241,0.0001423, 10.8517, 33.2858,328.8902, 29.6344
4063.79616323,42166.397469,0.0001979, 10.8522, 33.2302,319.8019, 39.5354
4063.79616639,42166.397424,0.0001978, 10.8522, 33.2302,319.8018, 39.5367
4072.77354913,42163.648885,0.0002075, 10.8614, 33.1647,320.1276, 39.9901
4072.77357371,42163.648672,0.0002075, 10.8614, 33.1647,320.1286, 39.9980
4080.75310734,42164.586417,0.0003184, 10.8662, 33.0807,  0.6317,  0.1648
4087.73518216,42162.811832,0.0002647, 10.8712, 33.0410,358.4001,  3.0256
4089.72985210,42163.346610,0.0002904, 10.8711, 33.0168,357.0913,  4.4643
4089.72994958,42163.344842,0.0002903, 10.8711, 33.0168,357.0933,  4.4974
4094.71678561,42163.559460,0.0003317, 10.8765, 32.9452,  4.4359,357.5788
4103.69306844,42162.168224,0.0004125, 10.8846, 32.8846,  2.4617,  0.3109
4103.69309830,42162.167676,0.0004124, 10.8846, 32.8846,  2.4620,  0.3214
4104.69046622,42162.567333,0.0004459, 10.8854, 32.8691,  6.2474,356.6362
4106.68520971,42162.617619,0.0004778, 10.8892, 32.8390, 15.0615,348.0309
4106.68521122,42162.617616,0.0004778, 10.8892, 32.8390, 15.0615,348.0315
4109.67719044,42161.200761,0.0004489, 10.8964, 32.8145, 24.6304,338.7190
4116.65841982,42160.529144,0.0004125, 10.9017, 32.7658, 23.0748,340.8895
4125.63392079,42159.020323,0.0004298, 10.9175, 32.6694, 30.9691,333.7962
4126.63110469,42158.604719,0.0004209, 10.9189, 32.6673, 30.2920,334.5252
4126.63113847,42158.604809,0.0004209, 10.9189, 32.6673, 30.2929,334.5365
4137.60064754,42158.198316,0.0005746, 10.9364, 32.5769, 42.4836,323.2427
4137.60065823,42158.198437,0.0005746, 10.9364, 32.5769, 42.4835,323.2466
4138.59790662,42157.719601,0.0005582, 10.9382, 32.5755, 43.9925,321.8284
4139.59515193,42157.383263,0.0005429, 10.9394, 32.5738, 44.7976,321.1145
4149.56707968,42158.029720,0.0005666, 10.9518, 32.4803, 45.7758,321.0128
4150.56421512,42157.557480,0.0005630, 10.9543, 32.4741, 47.4262,319.4343
4151.56133735,42156.979193,0.0005539, 10.9567, 32.4706, 48.9581,317.9679
4152.55846553,42156.394233,0.0005411, 10.9587, 32.4693, 50.0434,316.9487
4161.53260149,42156.964162,0.0006680, 10.9690, 32.4148, 48.3894,319.2753
4161.53264919,42156.964363,0.0006680, 10.9691, 32.4148, 48.3891,319.2928
4164.52395088,42155.639616,0.0006759, 10.9771, 32.4027, 56.5525,311.3466
4171.50372715,42154.767413,0.0006005, 10.9830, 32.3844, 60.5238,307.9349
4180.47734290,42153.232031,0.0006041, 10.9983, 32.3303, 67.5998,301.5669
4180.47742529,42153.233198,0.0006041, 10.9983, 32.3303, 67.5987,301.5977
4181.47443894,42152.827957,0.0005886, 10.9993, 32.3325, 67.8868,301.3645
4188.45362707,42154.144774,0.0006907, 11.0038, 32.2918, 62.7235,307.0276
4197.42666384,42151.627910,0.0006506, 11.0145, 32.2775, 77.2734,293.0973
4197.42666515,42151.627904,0.0006506, 11.0145, 32.2775, 77.2735,293.0977
4201.41455318,42152.724226,0.0006452, 11.0162, 32.2420, 75.9012,294.7556
4207.39630158,42150.926072,0.0006467, 11.0255, 32.2150, 83.0326,288.0322
4208.39323867,42150.414171,0.0006302, 11.0263, 32.2174, 84.2064,286.9137
4210.38712213,42150.090845,0.0005981, 11.0263, 32.2193, 83.5033,287.7339
4213.37793073,42151.143558,0.0006205, 11.0257, 32.2003, 77.6261,293.8087
4216.36856251,42151.660654,0.0006998, 11.0293, 32.1700, 78.1379,293.4551
4216.36858983,42151.660733,0.0006998, 11.0293, 32.1700, 78.1378,293.4650
4216.36859575,42151.660750,0.0006998, 11.0293, 32.1700, 78.1378,293.4671
4219.35931126,42150.534409,0.0007293, 11.0346, 32.1601, 84.6001,287.1841
4220.35622403,42150.036532,0.0007239, 11.0356, 32.1608, 86.9071,284.9369
4223.34696648,42149.227543,0.0006830, 11.0358, 32.1591, 91.6459,280.3857
4224.34383933,42149.293325,0.0006678, 11.0354, 32.1543, 92.2110,279.8738
4225.34073964,42149.502793,0.0006550, 11.0349, 32.1471, 92.3043,279.8470
4226.33759621,42149.806512,0.0006457, 11.0347, 32.1377, 92.0530,280.1522
4227.33450514,42150.142669,0.0006406, 11.0348, 32.1269, 91.6381,280.6426
4229.32819019,42150.664795,0.0006422, 11.0361, 32.1040, 91.1027,281.2860
4229.32822504,42150.664570,0.0006422, 11.0361, 32.1040, 91.1033,281.2980
4231.32185857,42150.631372,0.0006523, 11.0387, 32.0849, 92.0641,280.4273
4236.30611451,42148.299507,0.0006214, 11.0438, 32.0740, 99.9492,272.8015
4237.30305687,42148.127838,0.0006008, 11.0435, 32.0734,100.1043,272.7294
4241.29033028,42149.586207,0.0005999, 11.0423, 32.0402, 91.7208,281.3020
4244.28069743,42149.857466,0.0006736, 11.0465, 32.0065, 92.2452,280.9101
4248.26792976,42148.226735,0.0006915, 11.0515, 31.9935,100.9565,272.3826
4249.26470601,42147.915841,0.0006811, 11.0516, 31.9914,102.9231,270.4501
4255.24540750,42148.945029,0.0006058, 11.0504, 31.9353,105.4999,268.1484
4256.24208817,42149.239055,0.0006036, 11.0512, 31.9215,105.1287,268.5359
4265.21250316,42147.091871,0.0005562, 11.0595, 31.8641,114.6203,259.2480
4266.20924163,42147.358402,0.0005351, 11.0590, 31.8570,113.1150,260.7851
4267.20601132,42147.849064,0.0005236, 11.0587, 31.8462,110.2105,263.7367
4276.17654276,42147.324948,0.0006265, 11.0708, 31.7656,114.1018,260.1517
4277.17351491,42147.140586,0.0006157, 11.0709, 31.7607,116.0492,258.3250
4277.17354437,42147.140489,0.0006157, 11.0709, 31.7607,116.0493,258.3356
4279.16695117,42147.251689,0.0005861, 11.0707, 31.7442,118.6023,255.8367
4279.16695185,42147.251681,0.0005861, 11.0707, 31.7442,118.6024,255.8369
4279.16696072,42147.251568,0.0005861, 11.0707, 31.7442,118.6026,255.8399
4280.16365606,42147.522974,0.0005703, 11.0706, 31.7324,119.0997,255.3711
4284.15039310,42148.884211,0.0005353, 11.0738, 31.6739,117.9102,256.6757
4285.14706575,42148.986759,0.0005362, 11.0754, 31.6604,117.8991,256.7121
4290.13050751,42147.364674,0.0005378, 11.0839, 31.6243,125.3067,249.4299
4292.12386186,42146.854226,0.0005044, 11.0850, 31.6175,128.4571,246.3108
4295.11369771,42147.903024,0.0004407, 11.0853, 31.5890,122.9019,251.8572
4299.10023719,42148.989819,0.0005051, 11.0932, 31.5342,114.3784,260.4275
4300.09697781,42148.658792,0.0005244, 11.0959, 31.5274,116.1870,258.6635
4304.08355824,42147.201340,0.0005312, 11.1018, 31.5145,126.6287,248.2470
4305.08020194,42147.145036,0.0005195, 11.1022, 31.5087,128.6638,246.2197
4307.07351057,42147.499058,0.0004885, 11.1028, 31.4901,131.1939,243.7198
4313.05327925,42149.146215,0.0004381, 11.1115, 31.4106,130.1302,244.8490
4320.02960305,42147.228008,0.0003981, 11.1226, 31.3796,142.4834,232.4798
4324.01596079,42149.040438,0.0003274, 11.1260, 31.3372,128.9986,245.9266
4325.01254582,42149.392956,0.0003414, 11.1284, 31.3242,124.5778,250.3397
4328.00233594,42148.839554,0.0004071, 11.1373, 31.3043,125.7846,249.1050
4328.00233754,42148.839570,0.0004071, 11.1373, 31.3043,125.7846,249.1057
4333.98201046,42147.822140,0.0003819, 11.1442, 31.2892,142.5005,232.3324
4335.97519292,42148.568913,0.0003483, 11.1458, 31.2687,143.7288,231.0834
4344.94452595,42148.032252,0.0003219, 11.1635, 31.2092,151.0654,223.6225
4345.94113526,42147.793848,0.0003106, 11.1645, 31.2095,154.1247,220.5451
4346.93772715,42147.752205,0.0002920, 11.1651, 31.2086,156.5295,218.1162
4347.93430909,42147.928579,0.0002667, 11.1654, 31.2054,157.5858,217.0333
4354.91030187,42149.629751,0.0002542, 11.1777, 31.1506,127.8028,246.6279
4355.90689059,42149.171165,0.0002712, 11.1802, 31.1514,131.4584,242.9427
4357.90007945,42148.309534,0.0002835, 11.1833, 31.1569,140.8949,233.4445
4359.89329355,42148.108452,0.0002691, 11.1844, 31.1572,149.1426,225.1458
4362.88303684,42149.035079,0.0002204, 11.1854, 31.1389,155.1878,219.0116
4362.88312973,42149.034444,0.0002204, 11.1854, 31.1389,155.1871,219.0458
4366.86935571,42150.291594,0.0001749, 11.1909, 31.1016,150.5124,223.5770
4375.83866411,42148.933349,0.0001146, 11.2008, 31.0906,179.7861,193.9748
4376.83522346,42149.414212,0.0000820, 11.2009, 31.0838,177.3831,196.3307
4376.83522659,42149.414190,0.0000820, 11.2009, 31.0838,177.3828,196.3322
4381.81804973,42150.565290,0.0001107, 11.2089, 31.0449,102.6459,270.8443
4383.81122631,42149.746393,0.0001333, 11.2128, 31.0471,119.0103,254.3860
4388.79425042,42149.406132,0.0000923, 11.2137, 31.0466,156.2503,216.9272
4394.77383817,42151.336983,0.0000308, 11.2181, 30.9934,102.6450,270.2905
4396.76701711,42150.897232,0.0000364, 11.2213, 30.9847,111.4637,261.3716
4404.73967318,42151.120277,0.0001013, 11.2227, 30.9658,348.8745, 23.4690
4404.73973739,42151.119606,0.0001013, 11.2227, 30.9658,348.8773, 23.4894
4405.73640065,42151.620918,0.0001269, 11.2233, 30.9545,  1.6010, 10.7384
4406.73287764,42151.967365,0.0001471, 11.2245, 30.9434, 12.2710,359.9734
4415.70231707,42150.892503,0.0000894, 11.2314, 30.9168, 27.8483,343.8428
4416.69899611,42151.320479,0.0000989, 11.2309, 30.9083, 18.7408,352.9159
4423.67524734,42152.849243,0.0001691, 11.2365, 30.8353, 19.7386,351.4953
4424.67187450,42152.516841,0.0001627, 11.2378, 30.8310, 20.6702,350.5009
4425.66849955,42152.136093,0.0001541, 11.2388, 30.8286, 19.8698,351.2344
4435.63470288,42154.250159,0.0003409, 11.2427, 30.7504, 23.6833,346.7136
4436.63131170,42154.018264,0.0003365, 11.2447, 30.7438, 27.7393,342.5775
4438.62455194,42153.314996,0.0003100, 11.2475, 30.7382, 32.8862,337.2674
4438.62467228,42153.315723,0.0003100, 11.2475, 30.7382, 32.8902,337.3069
4446.59775726,42155.124686,0.0003243, 11.2479, 30.6716, 22.2837,347.3001
4446.59780746,42155.123914,0.0003243, 11.2479, 30.6716, 22.2852,347.3167
4447.59445656,42155.459035,0.0003383, 11.2489, 30.6571, 22.9681,346.5648
4448.59120035,42155.629080,0.0003483, 11.2503, 30.6437, 24.1653,345.3311
4458.55793582,42155.543096,0.0004069, 11.2581, 30.5754, 19.9217,348.8143
4458.55796693,42155.542489,0.0004069, 11.2581, 30.5754, 19.9228,348.8245
4465.53469519,42156.149759,0.0005016, 11.2704, 30.5012, 38.9363,329.2410
4467.52805589,42155.706401,0.0004713, 11.2724, 30.4961, 40.3711,327.6206
4467.52809716,42155.706375,0.0004714, 11.2724, 30.4961, 40.3723,327.6343
4474.50502682,42158.252554,0.0005081, 11.2756, 30.4183, 35.5478,331.8938
4483.47582364,42157.308511,0.0005016, 11.2898, 30.3519, 39.2628,327.5102
4494.44021921,42158.452660,0.0006432, 11.3078, 30.2636, 51.4725,314.3730
4495.43709213,42158.461009,0.0006296, 11.3086, 30.2613, 51.6545,314.1332
4496.43385532,42158.675189,0.0006209, 11.3090, 30.2566, 51.2851,314.4064
4505.40506399,42160.784082,0.0006712, 11.3217, 30.1592, 52.7976,312.1655
4506.40165195,42160.468562,0.0006658, 11.3240, 30.1542, 53.9667,310.8273
4507.39850181,42160.165059,0.0006574, 11.3260, 30.1512, 54.8593,309.8567
4517.36682133,42162.465715,0.0008032, 11.3383, 30.0824, 54.5486,309.2747
4518.36369161,42162.153242,0.0008126, 11.3414, 30.0771, 57.1702,306.5701
4518.36369773,42162.153330,0.0008126, 11.3414, 30.0771, 57.1701,306.5724
4521.35430070,42160.920114,0.0007784, 11.3483, 30.0796, 63.3512,300.1117
4530.32628431,42163.551778,0.0007688, 11.3567, 30.0168, 63.4852,299.2080
4531.32330679,42163.434452,0.0007730, 11.3588, 30.0087, 64.5083,298.1448
4531.32335847,42163.435104,0.0007730, 11.3588, 30.0087, 64.5074,298.1644
4533.31713762,42162.866971,0.0007693, 11.3633, 29.9991, 66.9696,295.5152
4542.28947282,42164.416674,0.0007986, 11.3706, 29.9683, 64.2295,297.4409
4542.28950332,42164.416596,0.0007986, 11.3706, 29.9683, 64.2297,297.4517
4552.25910747,42164.068501,0.0008075, 11.3853, 29.9463, 76.6662,284.0975
4553.25628508,42164.628495,0.0008039, 11.3854, 29.9393, 76.1860,284.5623
4562.22929814,42164.667973,0.0008110, 11.3975, 29.8821, 81.9254,278.0618
4563.22638432,42164.538635,0.0007985, 11.3984, 29.8832, 82.5515,277.3670
4564.22316820,42164.581162,0.0007855, 11.3988, 29.8842, 82.6290,277.1101
4577.18467192,42165.633432,0.0008735, 11.4102, 29.8350, 88.8735,269.6697
4588.15274045,42167.599754,0.0008364, 11.4165, 29.7583, 93.0293,264.6096
4589.14992885,42167.337379,0.0008283, 11.4176, 29.7569, 94.2292,263.3475
4602.11250993,42168.799552,0.0008905, 11.4257, 29.6832, 96.1340,260.2469
4608.09555301,42170.346521,0.0008054, 11.4250, 29.6631,100.5179,255.3341
4608.09567160,42170.344330,0.0008055, 11.4250, 29.6631,100.5211,255.3737
4609.09276707,42170.874156,0.0008003, 11.4249, 29.6510,100.1379,255.6459
4618.06750757,42170.188011,0.0007801, 11.4341, 29.5792,107.2667,247.7501
4620.06195067,42170.708881,0.0007439, 11.4338, 29.5730,107.0740,247.7659
4629.03694372,42171.905563,0.0008351, 11.4418, 29.4843,105.5316,248.5142
4641.00413814,42174.024516,0.0007484, 11.4489, 29.3755,112.7891,240.2342
4642.00152086,42173.730166,0.0007486, 11.4507, 29.3670,114.0517,238.9213
4642.99883333,42173.463766,0.0007452, 11.4523, 29.3605,115.3938,237.5000
4642.99884295,42173.463811,0.0007453, 11.4523, 29.3605,115.3937,237.5036
4650.97734945,42175.668546,0.0006490, 11.4555, 29.3021,111.5757,240.6430
4650.97735064,42175.668534,0.0006490, 11.4555, 29.3021,111.5757,240.6434
4652.97197334,42175.922930,0.0006915, 11.4588, 29.2721,109.5476,242.5044
4660.95075923,42175.403048,0.0006911, 11.4706, 29.2307,121.0755,230.2882
4661.94823903,42175.985437,0.0006732, 11.4706, 29.2204,121.0849,230.2402
4671.92206718,42175.854089,0.0006386, 11.4865, 29.1152,127.3955,223.1488
4671.92209845,42175.854188,0.0006386, 11.4865, 29.1152,127.3949,223.1607
4673.91682374,42176.125019,0.0006032, 11.4884, 29.1086,128.8824,221.4730
4674.91424926,42176.488084,0.0005807, 11.4888, 29.1038,128.6521,221.6252
4674.91425437,42176.488041,0.0005807, 11.4888, 29.1038,128.6521,221.6271
4683.89105122,42176.844525,0.0006386, 11.5047, 29.0210,123.3125,226.2422
4688.87835502,42178.096517,0.0005662, 11.5093, 29.0078,129.9205,219.2308
4689.87596877,42178.622470,0.0005500, 11.5098, 28.9975,129.6691,219.4621
4697.85579045,42177.930346,0.0005361, 11.5251, 28.9214,134.2660,214.2780
4705.83595312,42179.980943,0.0004057, 11.5324, 28.8839,128.3338,219.6350
4706.83347868,42180.148039,0.0004151, 11.5340, 28.8719,124.8679,223.0336
4715.81140439,42179.578339,0.0004388, 11.5508, 28.8536,136.3895,210.8409
4725.78734034,42179.256391,0.0003939, 11.5663, 28.7854,140.8420,205.7910
4726.78508652,42179.245673,0.0003808, 11.5677, 28.7860,142.4626,204.1533
4735.76345495,42181.196288,0.0003057, 11.5747, 28.7371,118.9148,227.0734
4735.76351677,42181.197125,0.0003057, 11.5747, 28.7371,118.9110,227.0995
4745.74002276,42182.098256,0.0002526, 11.5848, 28.7236,130.2842,215.1045
4746.73788917,42182.154353,0.0002501, 11.5857, 28.7136,128.6012,216.8097
4748.73311484,42181.747240,0.0002549, 11.5885, 28.6956,127.9766,217.2920
4749.73093434,42181.406614,0.0002578, 11.5902, 28.6891,128.9706,216.2979
4751.72634160,42180.769845,0.0002563, 11.5937, 28.6824,132.5782,212.5982
4752.72403780,42180.586137,0.0002491, 11.5951, 28.6818,134.6385,210.4851
4759.70790691,42182.471612,0.0001410, 11.5957, 28.6630,104.0509,240.6944
4761.70330207,42182.732096,0.0001811, 11.5970, 28.6419, 89.9175,254.7315
4765.69418491,42181.264090,0.0002522, 11.6047, 28.6222,101.0385,243.4217
4768.68758700,42181.210725,0.0002154, 11.6069, 28.6311,110.3873,233.9849
4773.67610930,42183.518895,0.0001728, 11.6055, 28.5961, 88.1880,255.9095
4782.65600236,42182.099819,0.0001453, 11.6145, 28.5465, 83.7860,259.9870
4787.64502013,42183.900609,0.0002287, 11.6125, 28.5085, 49.1183,294.5354
4793.63164471,42182.237230,0.0003018, 11.6218, 28.4619, 69.3925,274.0389
4802.61204139,42184.302082,0.0003040, 11.6231, 28.3939, 56.1807,287.0636
4803.60975509,42183.937591,0.0003078, 11.6246, 28.3820, 57.8170,285.3724
4808.59898748,42182.751756,0.0002885, 11.6314, 28.3510, 59.0511,284.0721
4812.59036720,42183.946751,0.0003272, 11.6310, 28.3291, 45.2364,297.8240
4813.58817923,42184.335961,0.0003576, 11.6307, 28.3178, 43.3842,299.6540
4814.58598834,42184.612498,0.0003916, 11.6308, 28.3041, 43.2306,299.7869
4814.58599809,42184.612420,0.0003916, 11.6308, 28.3041, 43.2308,299.7902
4815.58381490,42184.705607,0.0004243, 11.6316, 28.2891, 44.6144,298.3899
4816.58163927,42184.580172,0.0004514, 11.6330, 28.2744, 47.1363,295.8540
4817.57947048,42184.251164,0.0004700, 11.6350, 28.2617, 50.3154,292.6614
4819.57515671,42183.290320,0.0004782, 11.6397, 28.2462, 56.7543,286.1943
4820.57300997,42182.883737,0.0004703, 11.6417, 28.2432, 59.1509,283.7821
4821.57087468,42182.672382,0.0004580, 11.6431, 28.2420, 60.5149,282.4046
4823.56661503,42183.031067,0.0004348, 11.6441, 28.2380, 59.5120,283.3857
4823.56665642,42183.030534,0.0004348, 11.6441, 28.2380, 59.5138,283.3987
4824.56452659,42183.532797,0.0004312, 11.6439, 28.2323, 57.5477,285.3578
4825.56240159,42184.100351,0.0004353, 11.6437, 28.2234, 55.4055,287.4985
4826.56026436,42184.585512,0.0004458, 11.6436, 28.2113, 53.7835,289.1183
4827.55812877,42184.868300,0.0004593, 11.6440, 28.1972, 53.0925,289.8103
4830.55179509,42184.323323,0.0004877, 11.6480, 28.1536, 55.7611,287.1748
4835.54119836,42182.809398,0.0004722, 11.6573, 28.1157, 59.4021,283.5431
4844.52212335,42184.150939,0.0006419, 11.6642, 28.0282, 54.5778,288.4094
4844.52213418,42184.151056,0.0006419, 11.6642, 28.0282, 54.5775,288.4135
4845.52000146,42183.658404,0.0006568, 11.6670, 28.0177, 57.3587,285.6345
4846.51789630,42183.087562,0.0006606, 11.6699, 28.0111, 60.1299,282.8717
4854.50110766,42184.135374,0.0006281, 11.6780, 27.9707, 60.8639,282.2213
4855.49903496,42184.214050,0.0006401, 11.6791, 27.9567, 60.9627,282.1543
4856.49693714,42184.058038,0.0006508, 11.6806, 27.9426, 61.6531,281.4875
4857.49484377,42183.715438,0.0006585, 11.6826, 27.9295, 62.7670,280.3983
4858.49275624,42183.267558,0.0006623, 11.6849, 27.9181, 64.0817,279.1091
4859.49066706,42182.801814,0.0006622, 11.6874, 27.9091, 65.3768,277.8371
4860.48859199,42182.391781,0.0006588, 11.6898, 27.9023, 66.4642,276.7761
4861.48651561,42182.086841,0.0006532, 11.6920, 27.8975, 67.2011,276.0634
4862.48444349,42181.912807,0.0006468, 11.6938, 27.8941, 67.4904,275.7990
4863.48237650,42181.876143,0.0006411, 11.6953, 27.8915, 67.2808,276.0348
4864.48030704,42181.969270,0.0006379, 11.6963, 27.8888, 66.5747,276.7666
4865.47823504,42182.173694,0.0006392, 11.6970, 27.8852, 65.4450,277.9224
4866.47615987,42182.459870,0.0006468, 11.6973, 27.8799, 64.0561,279.3384
4867.47407663,42182.784602,0.0006623, 11.6976, 27.8723, 62.6704,280.7507
4868.47200791,42183.088078,0.0006857, 11.6980, 27.8622, 61.6186,281.8374
4869.46988995,42183.295415,0.0007157, 11.6988, 27.8500, 61.2214,282.2544
4871.46569181,42183.124030,0.0007797, 11.7025, 27.8239, 63.0645,280.4679
4871.46570168,42183.124150,0.0007797, 11.7025, 27.8239, 63.0643,280.4717
4872.46362167,42182.682316,0.0008035, 11.7053, 27.8136, 65.1616,278.4078
4875.45738399,42180.977822,0.0008084, 11.7141, 27.8058, 72.0508,271.5988
4877.45325498,42180.894507,0.0007780, 11.7170, 27.8095, 73.6546,270.0521
4878.45118675,42181.258078,0.0007660, 11.7175, 27.8084, 73.3343,270.4035
4880.44703402,42182.217939,0.0007611, 11.7181, 27.7965, 71.8683,271.9390
4888.43040527,42180.518054,0.0007961, 11.7322, 27.7243, 77.1263,267.0164
4889.42835061,42180.269793,0.0007890, 11.7342, 27.7225, 77.7593,266.4300
4900.40553437,42180.510854,0.0009209, 11.7467, 27.6560, 76.6340,268.0808
4902.40149241,42179.232047,0.0009320, 11.7524, 27.6552, 81.0972,263.7494
4902.40155004,42179.232887,0.0009320, 11.7524, 27.6552, 81.0958,263.7715
4903.39948255,42178.829395,0.0009208, 11.7544, 27.6593, 82.8787,262.0338
4905.39536122,42179.024041,0.0008854, 11.7560, 27.6657, 84.2056,260.8057
4908.38917304,42180.427156,0.0008664, 11.7563, 27.6520, 82.7654,262.4250
4914.37650521,42178.966018,0.0008994, 11.7654, 27.6000, 86.6870,258.8158
4915.37458515,42178.547364,0.0008959, 11.7674, 27.5971, 87.7457,257.8758
4917.37046283,42178.054011,0.0008801, 11.7704, 27.5959, 89.1496,256.6053
4919.36633491,42178.096993,0.0008611, 11.7717, 27.5960, 89.1001,256.7883
4922.36000795,42178.796400,0.0008590, 11.7715, 27.5849, 86.6003,259.4568
4924.35580938,42179.177728,0.0008913, 11.7720, 27.5668, 85.0260,261.1660
4926.35160218,42178.994570,0.0009438, 11.7747, 27.5461, 85.3875,260.9433
4934.33483239,42177.479144,0.0009306, 11.7847, 27.5441, 94.9376,251.9210
4939.32436154,42177.871245,0.0009431, 11.7873, 27.4967, 95.2286,252.0514
4942.31802629,42176.451721,0.0009491, 11.7924, 27.4789, 98.4518,249.0670
4944.31374942,42175.834497,0.0009350, 11.7948, 27.4760,100.2411,247.4138
4949.30317607,42176.386919,0.0008890, 11.7945, 27.4631, 98.9328,249.1277
4950.30104221,42176.637739,0.0008933, 11.7942, 27.4546, 97.9086,250.2353
4951.29889457,42176.820218,0.0009050, 11.7942, 27.4440, 97.0135,251.2119
4952.29674259,42176.882442,0.0009234, 11.7947, 27.4324, 96.4673,251.8405
4953.29458348,42176.781368,0.0009464, 11.7958, 27.4209, 96.4384,251.9504
4957.28598879,42174.824360,0.0010175, 11.8035, 27.4010,101.6834,247.0297
4957.28599024,42174.824369,0.0010175, 11.8035, 27.4010,101.6834,247.0302
4960.27956673,42174.334404,0.0009804, 11.8049, 27.4077,106.0248,242.9256
4963.27308888,42175.852424,0.0009331, 11.8032, 27.3888,105.5299,243.6751
4964.27101847,42176.100169,0.0009324, 11.8033, 27.3768,105.2448,244.0867
4965.26873918,42176.066436,0.0009371, 11.8040, 27.3641,105.3362,244.0488
4967.26439058,42175.353099,0.0009507, 11.8066, 27.3418,106.6724,242.8969
4968.26221494,42174.850229,0.0009549, 11.8082, 27.3335,107.7078,241.9524
4970.25787544,42173.934039,0.0009526, 11.8111, 27.3230,109.9177,239.9258
4970.25795440,42173.934290,0.0009526, 11.8111, 27.3230,109.9168,239.9552
4971.25581208,42173.618205,0.0009454, 11.8122, 27.3202,110.8804,239.0925
4972.25352982,42173.433324,0.0009344, 11.8128, 27.3180,111.6177,238.4059
4974.24918991,42173.472297,0.0009058, 11.8128, 27.3126,112.0610,238.1494
4975.24701543,42173.664169,0.0008918, 11.8124, 27.3076,111.6547,238.6511
4976.24486636,42173.922930,0.0008815, 11.8118, 27.3004,110.8495,239.5645
4977.24266612,42174.195685,0.0008772, 11.8113, 27.2906,109.7742,240.7333
4978.24045527,42174.422831,0.0008807, 11.8111, 27.2785,108.6392,241.9614
4980.23601871,42174.512720,0.0009101, 11.8123, 27.2515,107.2093,243.5797
4981.23379495,42174.300751,0.0009319, 11.8138, 27.2390,107.2872,243.5951
4982.23157349,42173.911065,0.0009540, 11.8158, 27.2290,107.9739,243.0016
4983.22935489,42173.382377,0.0009731, 11.8179, 27.2224,109.2034,241.8640
4983.22935608,42173.382385,0.0009731, 11.8179, 27.2224,109.2034,241.8645
4987.22050200,42171.867051,0.0009695, 11.8222, 27.2191,115.7527,235.6752
4987.22050695,42171.866997,0.0009695, 11.8222, 27.2191,115.7527,235.6769
4988.21827170,42172.127577,0.0009487, 11.8217, 27.2161,116.6043,234.9117
4989.21604201,42172.618895,0.0009269, 11.8211, 27.2095,116.8380,234.7716
4990.21380576,42173.167876,0.0009095, 11.8207, 27.1991,116.5908,235.1157
4991.21155782,42173.583770,0.0009000, 11.8207, 27.1859,116.1760,235.6279
4992.20930478,42173.738427,0.0008987, 11.8212, 27.1714,115.9377,235.9652
4992.20930819,42173.738392,0.0008987, 11.8212, 27.1714,115.9378,235.9664
4993.20708658,42173.606097,0.0009031, 11.8224, 27.1570,116.0839,235.9322
4994.20479532,42173.246107,0.0009098, 11.8239, 27.1441,116.6459,235.4573
4994.20479841,42173.246115,0.0009098, 11.8239, 27.1441,116.6459,235.4584
4995.20253777,42172.756265,0.0009159, 11.8257, 27.1331,117.5352,234.6667
4995.20254287,42172.756293,0.0009159, 11.8257, 27.1331,117.5351,234.6686
4996.20029150,42172.233447,0.0009193, 11.8275, 27.1244,118.6178,233.6859
4997.19804581,42171.752101,0.0009189, 11.8292, 27.1179,119.7652,232.6396
4998.19579791,42171.362722,0.0009141, 11.8306, 27.1130,120.8650,231.6397
4999.19354546,42171.094651,0.0009050, 11.8317, 27.1091,121.8146,230.7885
4999.19354598,42171.094650,0.0009050, 11.8317, 27.1091,121.8146,230.7887
5000.19131577,42170.960700,0.0008920, 11.8323, 27.1054,122.5199,230.1907
5000.19132632,42170.960629,0.0008920, 11.8323, 27.1054,122.5199,230.1946
5001.18904894,42170.963395,0.0008760, 11.8325, 27.1011,122.8840,229.9224
5002.18680151,42171.089689,0.0008586, 11.8323, 27.0954,122.8229,230.0889
5003.18452987,42171.312391,0.0008422, 11.8320, 27.0875,122.2857,230.7260
5006.17766879,42172.045498,0.0008267, 11.8321, 27.0499,118.6889,234.6276
5007.17536486,42172.096457,0.0008383, 11.8332, 27.0348,117.6492,235.7685
5011.16614299,42170.560011,0.0009148, 11.8419, 26.9942,119.6183,234.1971
5013.16154612,42169.560911,0.0009238, 11.8452, 26.9909,123.1068,230.9022
5015.15693795,42169.436256,0.0008984, 11.8459, 26.9867,125.9974,228.2052
5016.15462256,42169.772451,0.0008773, 11.8457, 26.9804,126.7321,227.5692
5017.15229380,42170.260221,0.0008560, 11.8456, 26.9705,126.9069,227.4936
5018.14995642,42170.737920,0.0008393, 11.8458, 26.9576,126.6598,227.8417
5019.14761543,42171.047068,0.0008300, 11.8465, 26.9428,126.2778,228.3275
5021.14292654,42170.867960,0.0008326, 11.8495, 26.9133,126.2606,228.5554
5022.14058228,42170.442488,0.0008390, 11.8517, 26.9009,126.8670,228.0546
5024.13590471,42169.385375,0.0008470, 11.8562, 26.8832,128.9477,226.1862
5025.13356633,42168.919615,0.0008453, 11.8581, 26.8775,130.1447,225.0943
5026.13123114,42168.562467,0.0008389, 11.8598, 26.8731,131.2770,224.0680
5029.12416354,42168.279517,0.0007946, 11.8621, 26.8602,133.2375,222.4102
5029.12420649,42168.279165,0.0007946, 11.8621, 26.8602,133.2374,222.4257
5031.11944551,42168.663147,0.0007563, 11.8624, 26.8442,132.3800,223.4801
5033.11471420,42169.180343,0.0007342, 11.8633, 26.8191,129.5767,226.5054
5035.10988225,42169.303641,0.0007481, 11.8664, 26.7899,126.7025,229.5758
5036.10748364,42169.066899,0.0007671, 11.8689, 26.7773,126.1687,230.2145
5036.10750815,42169.067043,0.0007671, 11.8689, 26.7773,126.1685,230.2235
5038.10270983,42168.033538,0.0008088, 11.8747, 26.7623,127.5959,228.9997
5039.10031653,42167.410454,0.0008226, 11.8773, 26.7601,129.2409,227.4551
5042.09313575,42166.499063,0.0008115, 11.8811, 26.7583,134.5815,222.4154
5044.08831234,42167.094101,0.0007711, 11.8815, 26.7461,136.2805,220.9209
5045.08588709,42167.548534,0.0007508, 11.8819, 26.7352,136.3233,220.9830
5046.08345596,42167.923138,0.0007355, 11.8828, 26.7221,136.0058,221.4075
5049.07613889,42167.714340,0.0007302, 11.8885, 26.6828,135.6393,222.0983
5050.07370097,42167.238465,0.0007360, 11.8911, 26.6731,136.2890,221.5569
5052.06883612,42166.167946,0.0007420, 11.8960, 26.6610,138.4957,219.5679
5056.05910046,42165.159727,0.0007005, 11.9017, 26.6501,142.5502,215.9476
5057.05663842,42165.224064,0.0006804, 11.9022, 26.6457,142.7531,215.8477
5058.05417735,42165.387232,0.0006590, 11.9026, 26.6393,142.4039,216.3033
5060.04918302,42165.869755,0.0006228, 11.9036, 26.6198,139.8238,219.0807
5060.04920953,42165.869600,0.0006228, 11.9036, 26.6198,139.8239,219.0902
5062.04419052,42166.177991,0.0006160, 11.9065, 26.5946,135.6993,223.4149
5064.03923632,42165.765026,0.0006477, 11.9119, 26.5740,133.4191,225.9209
5067.03176289,42163.908335,0.0007027, 11.9204, 26.5696,137.2713,222.3753
5070.02427867,42163.306362,0.0006809, 11.9233, 26.5729,143.1300,216.8194
5072.01924534,42164.054864,0.0006374, 11.9239, 26.5605,144.4007,215.7565
5073.01671460,42164.459833,0.0006184, 11.9246, 26.5501,144.1622,216.1009
5074.01417440,42164.720236,0.0006053, 11.9259, 26.5385,143.6247,216.7442
5077.00660133,42164.185670,0.0006033, 11.9322, 26.5083,143.1193,217.5912
5078.00402387,42163.677253,0.0006083, 11.9347, 26.5024,143.8290,216.9752
5083.98880927,42161.801529,0.0005614, 11.9434, 26.4936,150.2089,211.2460
5086.98111563,42162.302779,0.0004965, 11.9441, 26.4760,147.7535,214.0245
5089.97331510,42162.743107,0.0004762, 11.9479, 26.4449,139.7791,222.3094
5091.96814368,42162.216626,0.0005093, 11.9532, 26.4309,136.8801,225.4274
5092.96554359,42161.622831,0.0005320, 11.9560, 26.4296,137.5046,224.9036
5093.96294267,42160.915773,0.0005513, 11.9585, 26.4321,139.3568,223.1487
5093.96294643,42160.915843,0.0005513, 11.9585, 26.4321,139.3566,223.1503
5095.95775741,42159.841617,0.0005617, 11.9611, 26.4414,144.7013,218.0022
5096.95515611,42159.750352,0.0005499, 11.9613, 26.4436,147.0795,215.7233
5096.95515622,42159.750352,0.0005499, 11.9613, 26.4436,147.0795,215.7234
5097.95254646,42159.975329,0.0005296, 11.9612, 26.4422,148.6948,214.2093
5098.94992506,42160.399968,0.0005057, 11.9611, 26.4370,149.3603,213.6465
5100.94465626,42161.218592,0.0004661, 11.9621, 26.4186,148.2612,214.9559
5101.94201382,42161.373374,0.0004561, 11.9634, 26.4082,147.1958,216.1281
5102.93936808,42161.296030,0.0004530, 11.9651, 26.3986,146.3514,217.0791
5102.93937029,42161.296041,0.0004530, 11.9651, 26.3986,146.3514,217.0800
5103.93672593,42161.008504,0.0004549, 11.9671, 26.3907,146.0170,217.5215
5104.93408565,42160.568671,0.0004592, 11.9692, 26.3851,146.2938,217.3526
5106.92881113,42159.533550,0.0004648, 11.9730, 26.3802,148.3542,215.5075
5107.92617180,42159.078802,0.0004622, 11.9743, 26.3801,149.7824,214.1856
5109.92088799,42158.520254,0.0004414, 11.9758, 26.3807,152.3577,211.8233
5111.91558136,42158.489784,0.0004023, 11.9757, 26.3771,153.0380,211.3561
5113.91023354,42158.839773,0.0003575, 11.9753, 26.3652,150.0040,214.6013
5117.89940668,42159.386035,0.0003359, 11.9788, 26.3258,134.3119,230.7011
5119.89398850,42158.771119,0.0003736, 11.9834, 26.3150,131.4720,233.7436
5120.89128202,42158.165617,0.0003946, 11.9856, 26.3152,132.8214,232.4927
5123.88316294,42156.514313,0.0004119, 11.9882, 26.3268,142.5125,223.0883
5124.88044580,42156.531892,0.0003954, 11.9877, 26.3272,145.1838,220.5133
5125.87771846,42156.877791,0.0003715, 11.9871, 26.3233,146.4723,219.3229
5127.87223685,42157.888293,0.0003257, 11.9869, 26.3053,144.3110,221.6874
5128.86948287,42158.203828,0.0003133, 11.9877, 26.2939,141.8234,224.2775
5129.86673427,42158.271835,0.0003093, 11.9889, 26.2830,139.5486,226.6586
5130.86398230,42158.098787,0.0003114, 11.9905, 26.2736,138.1185,228.1938
5131.86123241,42157.739396,0.0003162, 11.9922, 26.2663,137.7267,228.6912
5132.85848110,42157.268645,0.0003211, 11.9939, 26.2613,138.2367,228.2853
5133.85573158,42156.762572,0.0003238, 11.9953, 26.2581,139.3712,227.2547
5134.85298207,42156.287954,0.0003228, 11.9965, 26.2565,140.8166,225.9129
5135.85023182,42155.896967,0.0003170, 11.9972, 26.2555,142.2540,224.5790
5136.84747396,42155.624811,0.0003062, 11.9974, 26.2545,143.3495,223.5852
5137.84471288,42155.488510,0.0002908, 11.9973, 26.2526,143.7295,223.3076
5138.84194320,42155.486911,0.0002719, 11.9969, 26.2491,142.9693,224.1697
5139.83915891,42155.602041,0.0002519, 11.9963, 26.2434,140.6081,226.6307
5140.83636506,42155.802257,0.0002340, 11.9958, 26.2354,136.2846,231.0540
5141.83356111,42156.045803,0.0002220, 11.9956, 26.2252,130.0528,237.3853
5143.82793450,42156.467314,0.0002267, 11.9964, 26.2011,115.8955,251.7431
5144.82510672,42156.543621,0.0002427, 11.9976, 26.1893,110.8556,256.8801
5145.82227064,42156.467929,0.0002637, 11.9993, 26.1792,108.2389,259.5909
5146.81944838,42156.208656,0.0002858, 12.0013, 26.1720,107.9691,259.9583
5147.81662898,42155.761714,0.0003053, 12.0033, 26.1682,109.6609,258.3628
5149.81099254,42154.536553,0.0003257, 12.0060, 26.1696,116.7949,251.4154
5150.80817050,42154.018095,0.0003222, 12.0063, 26.1717,120.8942,247.4069
5151.80534094,42153.775663,0.0003087, 12.0059, 26.1718,124.1883,244.2030
5156.79104755,42155.693510,0.0002406, 12.0057, 26.1221,111.1478,257.7138
5157.78817473,42155.690548,0.0002490, 12.0072, 26.1098,108.6363,260.3229
5158.78530458,42155.442328,0.0002586, 12.0089, 26.0996,108.0211,261.0362
5159.78243739,42155.030349,0.0002662, 12.0106, 26.0916,108.7102,260.4453
5160.77957190,42154.543724,0.0002703, 12.0122, 26.0859,110.0591,259.1943
5161.77670818,42154.059586,0.0002702, 12.0135, 26.0818,111.5237,257.8275
5162.77384334,42153.636482,0.0002659, 12.0144, 26.0786,112.6540,256.7946
5163.77097503,42153.315330,0.0002579, 12.0148, 26.0757,113.0218,256.5235
5164.76810025,42153.120980,0.0002473, 12.0148, 26.0720,112.1884,257.4527
5165.76521776,42153.063294,0.0002361, 12.0146, 26.0670,109.7282,260.0080
5167.75942490,42153.318824,0.0002244, 12.0136, 26.0506, 99.4004,270.5251
5168.75651198,42153.573300,0.0002303, 12.0134, 26.0390, 92.7455,277.2737
5170.75066621,42154.094269,0.0002686, 12.0141, 26.0112, 82.6351,287.5728
5173.74182828,42154.108207,0.0003461, 12.0192, 25.9740, 81.5025,288.9701
5175.73592422,42153.288866,0.0003754, 12.0233, 25.9631, 86.8416,283.7955
5176.73302660,42152.718628,0.0003783, 12.0248, 25.9618, 90.2065,280.5294
5177.73009100,42152.172562,0.0003729, 12.0255, 25.9615, 93.4399,277.3801
5178.72715046,42151.786359,0.0003600, 12.0256, 25.9604, 95.9240,274.9792
5179.72420087,42151.681769,0.0003422, 12.0253, 25.9566, 96.9143,274.0717
5180.72124024,42151.908899,0.0003243, 12.0248, 25.9490, 95.7800,275.2893
5181.71826948,42152.401859,0.0003129, 12.0246, 25.9376, 92.5550,278.5990
5182.71529194,42152.988742,0.0003125, 12.0250, 25.9235, 88.3828,282.8583
5183.71230800,42153.465324,0.0003225, 12.0260, 25.9082, 84.9351,286.3939
5184.70932325,42153.686455,0.0003377, 12.0276, 25.8936, 83.1962,288.2219
5185.70633984,42153.614453,0.0003524, 12.0296, 25.8808, 83.1272,288.3804
5187.70037977,42152.852353,0.0003691, 12.0339, 25.8628, 85.7115,285.9741
5188.69740265,42152.359014,0.0003701, 12.0357, 25.8570, 87.2451,284.5287
5189.69442676,42151.900580,0.0003673, 12.0371, 25.8526, 88.3931,283.4688
5191.68846669,42151.274607,0.0003557, 12.0386, 25.8444, 88.4688,283.5675
5192.68547867,42151.152932,0.0003505, 12.0388, 25.8390, 87.0600,285.0629
5194.67947481,42151.303281,0.0003527, 12.0387, 25.8226, 81.5434,290.7500
5194.67951113,42151.302768,0.0003527, 12.0387, 25.8226, 81.5458,290.7608
5195.67645195,42151.539644,0.0003643, 12.0387, 25.8111, 78.1828,294.1930
5198.66735739,42152.364432,0.0004397, 12.0413, 25.7676, 72.2328,300.3959
5199.66426877,42152.474518,0.0004694, 12.0434, 25.7537, 72.4991,300.1955
5200.66128562,42152.412643,0.0004956, 12.0458, 25.7421, 73.7657,299.0319
5201.65823361,42152.162232,0.0005155, 12.0484, 25.7336, 75.7773,297.0965
5202.65518885,42151.742864,0.0005276, 12.0509, 25.7285, 78.2557,294.6944
5203.65214645,42151.215081,0.0005313, 12.0529, 25.7262, 80.9085,292.1166
5204.64910384,42150.673619,0.0005270, 12.0543, 25.7253, 83.4176,289.6811
5205.64605760,42150.233640,0.0005160, 12.0550, 25.7241, 85.4256,287.7457
5206.64300414,42150.005313,0.0005009, 12.0552, 25.7210, 86.5476,286.6955
5207.63994540,42150.060270,0.0004855, 12.0552, 25.7147, 86.4692,286.8472
5208.63687639,42150.396275,0.0004746, 12.0552, 25.7048, 85.1454,288.2451
5209.63379609,42150.919953,0.0004726, 12.0557, 25.6919, 83.0056,290.4593
5210.63071290,42151.467117,0.0004805, 12.0568, 25.6773, 80.8782,292.6635
5211.62762377,42151.863863,0.0004954, 12.0586, 25.6625, 79.5389,294.0795
5212.62453568,42151.996267,0.0005124, 12.0608, 25.6491, 79.3076,294.3883
5213.62144937,42151.847361,0.0005267, 12.0634, 25.6380, 80.0395,293.7335
5214.61836600,42151.482770,0.0005359, 12.0659, 25.6297, 81.3552,292.4945
5214.61836638,42151.482772,0.0005359, 12.0659, 25.6297, 81.3552,292.4946
5215.61528513,42151.006273,0.0005395, 12.0683, 25.6237, 82.8453,291.0802
5216.61220905,42150.517906,0.0005385, 12.0703, 25.6195, 84.1698,289.8321
5217.60912908,42150.091858,0.0005343, 12.0718, 25.6163, 85.0830,288.9935
5218.60604463,42149.773243,0.0005287, 12.0729, 25.6131, 85.4267,288.7230
5219.60295635,42149.583937,0.0005235, 12.0736, 25.6092, 85.1215,289.1014
5220.59985836,42149.529816,0.0005208, 12.0740, 25.6037, 84.1689,290.1254
5221.59674931,42149.605406,0.0005226, 12.0742, 25.5964, 82.6670,291.6972
5222.59363675,42149.794550,0.0005305, 12.0745, 25.5868, 80.8247,293.6109
5223.59052229,42150.068642,0.0005456, 12.0750, 25.5751, 78.9499,295.5590
5225.58423737,42150.681771,0.0005955, 12.0775, 25.5479, 76.4606,298.1815
5226.58109128,42150.890968,0.0006258, 12.0796, 25.5346, 76.3408,298.3680
5228.57479995,42150.796833,0.0006796, 12.0852, 25.5149, 78.5463,296.2928
5229.57166079,42150.445663,0.0006964, 12.0881, 25.5102, 80.5706,294.3322
5230.56852394,42149.941155,0.0007042, 12.0906, 25.5087, 82.8805,292.0840
5231.56538831,42149.380789,0.0007030, 12.0924, 25.5091, 85.1822,289.8426
5232.56225016,42148.887094,0.0006942, 12.0936, 25.5098, 87.1729,287.9109
5233.55910478,42148.576057,0.0006803, 12.0942, 25.5089, 88.5690,286.5725
5234.55595105,42148.525081,0.0006649, 12.0944, 25.5051, 89.1556,286.0434
5235.55278701,42148.748272,0.0006520, 12.0946, 25.4979, 88.8681,286.3886
5235.55278706,42148.748271,0.0006520, 12.0946, 25.4979, 88.8681,286.3886
5237.54643519,42149.716053,0.0006474, 12.0961, 25.4751, 86.5989,288.7760
5238.54325267,42150.185987,0.0006573, 12.0978, 25.4619, 85.5482,289.8875
5239.54006819,42150.463604,0.0006719, 12.1000, 25.4496, 85.1163,290.3802
5240.53688635,42150.480216,0.0006871, 12.1025, 25.4392, 85.4266,290.1309
5241.53370872,42150.247339,0.0006992, 12.1052, 25.4314, 86.3544,289.2642
5242.53053476,42149.839463,0.0007064, 12.1078, 25.4262, 87.6373,288.0417
5243.52736398,42149.357505,0.0007081, 12.1100, 25.4231, 88.9846,286.7542
5244.52419265,42148.894607,0.0007055, 12.1118, 25.4214, 90.1458,285.6514
5245.52101941,42148.517593,0.0006999, 12.1132, 25.4201, 90.9394,284.9153
5246.51784337,42148.263716,0.0006934, 12.1141, 25.4183, 91.2579,284.6539
5247.51465858,42148.146419,0.0006878, 12.1146, 25.4154, 91.0647,284.9024
5248.51146943,42148.162973,0.0006851, 12.1150, 25.4106, 90.3905,285.6323
5250.50507241,42148.535039,0.0006949, 12.1156, 25.3948, 88.0546,288.0799
5251.50187501,42148.835865,0.0007094, 12.1164, 25.3841, 86.7742,289.4201
5252.49864079,42149.157342,0.0007305, 12.1176, 25.3722, 85.7367,290.5057
5252.49865576,42149.157235,0.0007305, 12.1176, 25.3722, 85.7369,290.5109
5254.49218238,42149.609820,0.0007858, 12.1218, 25.3498, 85.2577,291.0861
5255.48895034,42149.601350,0.0008137, 12.1246, 25.3419, 86.0565,290.3350
5256.48572321,42149.371567,0.0008367, 12.1275, 25.3375, 87.5232,288.9150
5257.48249984,42148.931973,0.0008517, 12.1302, 25.3368, 89.4932,286.9895
5258.47927868,42148.361973,0.0008568, 12.1323, 25.3389, 91.7066,284.8186
5259.47605538,42147.795729,0.0008522, 12.1336, 25.3419, 93.8464,282.7192
5260.47282819,42147.381028,0.0008399, 12.1342, 25.3439, 95.5927,281.0121
5261.46959496,42147.227836,0.0008236, 12.1344, 25.3431, 96.6912,279.9531
5262.46635129,42147.370789,0.0008075, 12.1344, 25.3387, 97.0248,279.6588
5264.45983555,42148.281533,0.0007915, 12.1354, 25.3207, 95.8968,280.8666
5265.45656854,42148.790527,0.0007952, 12.1366, 25.3093, 95.0880,281.7162
5266.45330059,42149.156371,0.0008052, 12.1385, 25.2983, 94.5976,282.2480
5267.45003409,42149.295439,0.0008183, 12.1407, 25.2888, 94.6324,282.2547
5268.44677268,42149.188968,0.0008311, 12.1431, 25.2815, 95.2148,281.7141
5269.44351563,42148.879146,0.0008407, 12.1455, 25.2768, 96.2206,280.7498
5270.44026209,42148.447641,0.0008456, 12.1476, 25.2744, 97.4464,279.5646
5274.42724751,42147.107581,0.0008267, 12.1518, 25.2722,100.6839,276.4808
5276.42071045,42147.175735,0.0008160, 12.1519, 25.2645, 99.9690,277.2676
5277.41743723,42147.379966,0.0008167, 12.1519, 25.2575, 99.1098,278.1643
5278.41417339,42147.661370,0.0008231, 12.1522, 25.2485, 98.0905,279.2265
5279.41086126,42147.983437,0.0008358, 12.1529, 25.2382, 97.0877,280.2565
5280.40755803,42148.299069,0.0008545, 12.1541, 25.2273, 96.2959,281.0797
5281.40424622,42148.550240,0.0008781, 12.1559, 25.2171, 95.9018,281.5020
5282.40092787,42148.670676,0.0009044, 12.1581, 25.2087, 96.0566,281.3717
5284.39431393,42148.299842,0.0009520, 12.1632, 25.2018, 98.2601,279.2168
5285.39100267,42147.800747,0.0009660, 12.1653, 25.2036,100.1723,277.3220
5286.38770670,42147.204716,0.0009699, 12.1667, 25.2075,102.3341,275.1803
5287.38440802,42146.675269,0.0009634, 12.1672, 25.2113,104.4082,273.1242
5288.38110353,42146.378544,0.0009486, 12.1672, 25.2129,106.0425,271.5071
5289.37779369,42146.410924,0.0009298, 12.1668, 25.2108,106.9778,270.5902
5290.37447061,42146.756662,0.0009123, 12.1666, 25.2048,107.1524,270.4333
5291.37113936,42147.299609,0.0009008, 12.1667, 25.1957,106.7402,270.8640
5292.36781818,42147.875694,0.0008975, 12.1675, 25.1849,106.0852,271.5439
5293.36447998,42148.334043,0.0009020, 12.1688, 25.1740,105.5549,272.0942
5294.36114320,42148.577057,0.0009116, 12.1706, 25.1642,105.4082,272.2612
5295.35780806,42148.574936,0.0009232, 12.1726, 25.1565,105.7397,271.9492
5295.35781578,42148.574976,0.0009233, 12.1726, 25.1565,105.7396,271.9520
5296.35448825,42148.357416,0.0009337, 12.1746, 25.1512,106.5019,271.2099
5297.35116270,42147.993157,0.0009409, 12.1764, 25.1482,107.5593,270.1710
5298.34783967,42147.567181,0.0009436, 12.1779, 25.1469,108.7383,269.0096
5299.34451861,42147.160719,0.0009416, 12.1789, 25.1466,109.8639,267.9008
5300.34119593,42146.837656,0.0009357, 12.1795, 25.1464,110.7835,266.9968
5301.33786952,42146.638187,0.0009270, 12.1796, 25.1454,111.3823,266.4126
5302.33453745,42146.578382,0.0009175, 12.1794, 25.1430,111.5942,266.2143
5303.33120049,42146.653929,0.0009090, 12.1791, 25.1385,111.4081,266.4138
5304.32785382,42146.845504,0.0009034, 12.1787, 25.1319,110.8700,266.9638
5305.32449988,42147.123718,0.0009024, 12.1785, 25.1231,110.0778,267.7671
5307.31777643,42147.789485,0.0009174, 12.1793, 25.1016,108.3097,269.5561
5308.31439656,42148.087357,0.0009334, 12.1805, 25.0904,107.6636,270.2067
5309.31103811,42148.292220,0.0009540, 12.1822, 25.0805,107.3871,270.4945
5311.30428402,42148.209416,0.0010004, 12.1863, 25.0688,108.3962,269.4870
5311.30430622,42148.209613,0.0010005, 12.1863, 25.0688,108.3960,269.4953
5312.30094962,42147.859962,0.0010204, 12.1883, 25.0680,109.7621,268.1319
5314.29423562,42146.775479,0.0010372, 12.1904, 25.0734,113.7047,264.1848
5315.29087026,42146.338349,0.0010299, 12.1902, 25.0757,115.7216,262.1608
5316.28750153,42146.199872,0.0010134, 12.1896, 25.0749,117.2829,260.5931
5317.28412356,42146.433942,0.0009923, 12.1890, 25.0699,118.1111,259.7587
5318.28073746,42146.972705,0.0009730, 12.1886, 25.0609,118.1667,259.6980
5319.27734563,42147.638276,0.0009607, 12.1889, 25.0494,117.6916,260.1692
5320.27395009,42148.230640,0.0009577, 12.1898, 25.0371,117.0956,260.7618
5321.27055330,42148.606929,0.0009626, 12.1912, 25.0256,116.7447,261.1090
5323.26377282,42148.581138,0.0009824, 12.1947, 25.0087,117.3763,260.4697
5323.26377514,42148.581150,0.0009824, 12.1947, 25.0087,117.3763,260.4706
5324.26039373,42148.277386,0.0009909, 12.1964, 25.0038,118.2698,259.5728
5325.25701621,42147.891166,0.0009958, 12.1978, 25.0008,119.3611,258.4764
5326.25364082,42147.504947,0.0009961, 12.1987, 24.9989,120.4919,257.3393
5327.25026549,42147.184530,0.0009918, 12.1992, 24.9974,121.5211,256.3029
5329.24351031,42146.901851,0.0009727, 12.1989, 24.9918,122.8026,255.0053
5330.24012381,42146.967551,0.0009609, 12.1984, 24.9865,122.9089,254.8892
5332.23333071,42147.447808,0.0009425, 12.1974, 24.9693,122.0353,255.7411
5333.22992229,42147.797476,0.0009395, 12.1973, 24.9577,121.2152,256.5485
5334.22651176,42148.164245,0.0009422, 12.1976, 24.9450,120.3186,257.4325
5336.21967797,42148.762868,0.0009648, 12.1998, 24.9199,118.9572,258.7639
5337.21626066,42148.901190,0.0009829, 12.2016, 24.9096,118.7854,258.9183
5339.20944525,42148.666486,0.0010237, 12.2054, 24.8978,119.9257,257.7405
5340.20604172,42148.282518,0.0010413, 12.2070, 24.8965,121.2768,256.3666
5341.20264112,42147.788463,0.0010529, 12.2079, 24.8973,123.0522,254.5660
5342.19923868,42147.314283,0.0010557, 12.2081, 24.8983,125.0520,252.5385
5343.19582898,42147.031345,0.0010477, 12.2077, 24.8974,126.9638,250.5965
5345.18899247,42147.519388,0.0010073, 12.2064, 24.8841,129.1497,248.3518
5346.18556195,42148.212511,0.0009863, 12.2063, 24.8718,129.1060,248.3671
5347.18212836,42148.944547,0.0009732, 12.2069, 24.8578,128.5795,248.8666
5348.17869419,42149.499202,0.0009704, 12.2082, 24.8438,128.0204,249.3992
5348.17869435,42149.499200,0.0009704, 12.2082, 24.8438,128.0204,249.3993
5350.17183772,42149.724895,0.0009853, 12.2119, 24.8216,128.0766,249.2899
5351.16842119,42149.475494,0.0009949, 12.2138, 24.8143,128.7880,248.5521
5351.16842141,42149.475495,0.0009949, 12.2138, 24.8143,128.7880,248.5522
5352.16500861,42149.116069,0.0010017, 12.2154, 24.8091,129.7907,247.5217
5353.16159742,42148.741693,0.0010043, 12.2166, 24.8054,130.9163,246.3665
5355.15478425,42148.213991,0.0009949, 12.2177, 24.7988,132.9564,244.2670
5357.14796145,42148.193664,0.0009703, 12.2173, 24.7879,133.9980,243.1628
5357.14796224,42148.193658,0.0009703, 12.2173, 24.7879,133.9980,243.1631
5358.14454244,42148.384223,0.0009559, 12.2168, 24.7794,133.9778,243.1507
5359.14111764,42148.683154,0.0009428, 12.2165, 24.7688,133.5817,243.5138
5361.13424808,42149.456567,0.0009283, 12.2168, 24.7420,131.9592,245.0669
5362.13080809,42149.836395,0.0009297, 12.2176, 24.7274,131.0187,245.9715
5363.12736640,42150.145292,0.0009373, 12.2190, 24.7133,130.2257,246.7273
5364.12392752,42150.337971,0.0009502, 12.2209, 24.7008,129.7447,247.1704
5365.12049029,42150.380112,0.0009670, 12.2230, 24.6907,129.6930,247.1820
5365.12049146,42150.380108,0.0009670, 12.2230, 24.6907,129.6930,247.1824
5366.11706029,42150.254605,0.0009855, 12.2251, 24.6836,130.1346,246.6994
5367.11363543,42149.969513,0.0010035, 12.2270, 24.6796,131.0793,245.7117
5368.11021506,42149.569192,0.0010185, 12.2284, 24.6778,132.4785,244.2676
5369.10679556,42149.142260,0.0010276, 12.2292, 24.6769,134.2200,242.4788
5369.10679599,42149.142262,0.0010276, 12.2292, 24.6769,134.2200,242.4790
5371.09994363,42148.741313,0.0010186, 12.2290, 24.6711,137.8632,238.7349
5371.09994501,42148.741302,0.0010186, 12.2290, 24.6711,137.8632,238.7354
5372.09650808,42149.009733,0.0009999, 12.2285, 24.6631,139.1611,237.3858
5373.09306324,42149.607657,0.0009762, 12.2285, 24.6514,139.7570,236.7387
5374.08960720,42150.380699,0.0009546, 12.2290, 24.6369,139.6304,236.8128
5375.08616665,42151.091275,0.0009415, 12.2303, 24.6215,139.0787,237.3190
5376.08273676,42151.538917,0.0009393, 12.2323, 24.6071,138.5724,237.7832
5377.07930888,42151.648256,0.0009454, 12.2346, 24.5950,138.4798,237.8323
5377.07931552,42151.648218,0.0009454, 12.2346, 24.5950,138.4798,237.8346
5378.07584795,42151.470801,0.0009553, 12.2369, 24.5858,138.9136,237.3399
5379.07242417,42151.127167,0.0009643, 12.2391, 24.5791,139.7702,236.4347
5380.06900165,42150.740138,0.0009696, 12.2409, 24.5744,140.8719,235.2819
5381.06558950,42150.403805,0.0009697, 12.2422, 24.5706,142.0319,234.0726
5381.06564283,42150.404025,0.0009697, 12.2422, 24.5706,142.0312,234.0925
5382.06217575,42150.175188,0.0009644, 12.2431, 24.5669,143.1048,232.9486
5384.05534507,42150.127730,0.0009401, 12.2436, 24.5562,144.5556,231.3941
5384.05535514,42150.127654,0.0009401, 12.2436, 24.5562,144.5556,231.3978
5385.05194601,42150.306979,0.0009236, 12.2436, 24.5480,144.7847,231.1201
5387.04509273,42150.976984,0.0008909, 12.2438, 24.5253,144.0755,231.7233
5388.04164097,42151.396505,0.0008792, 12.2443, 24.5113,143.2076,232.5307
5389.03819928,42151.808505,0.0008731, 12.2454, 24.4965,142.1557,233.5260
5389.03821823,42151.808234,0.0008731, 12.2454, 24.4965,142.1560,233.5326
5390.03477870,42152.158368,0.0008738, 12.2470, 24.4819,141.1117,234.5204
5392.02790919,42152.479562,0.0008944, 12.2516, 24.4576,139.8652,235.6514
5393.02448253,42152.393690,0.0009111, 12.2542, 24.4495,139.9543,235.5024
5394.02106180,42152.149529,0.0009289, 12.2566, 24.4445,140.5849,234.8101
5395.01764702,42151.792370,0.0009452, 12.2585, 24.4420,141.7138,233.6179
5396.01423566,42151.401617,0.0009573, 12.2599, 24.4408,143.2371,232.0296
5398.00742477,42150.957990,0.0009596, 12.2608, 24.4362,146.7919,228.3455
5399.00398339,42151.115700,0.0009470, 12.2608, 24.4298,148.3598,226.7013
5400.00055439,42151.583404,0.0009266, 12.2610, 24.4200,149.4401,225.5516
5402.99025785,42153.611276,0.0008711, 12.2649, 24.3781,149.0928,225.6985
5403.98683432,42153.878667,0.0008703, 12.2674, 24.3654,148.6738,226.0528
5405.98006850,42153.502571,0.0008875, 12.2729, 24.3485,149.2985,225.3182
5406.97659680,42153.093198,0.0008958, 12.2753, 24.3440,150.2916,224.2326
5406.97660131,42153.093243,0.0008958, 12.2753, 24.3440,150.2916,224.2343
5407.97321805,42152.710039,0.0008993, 12.2772, 24.3410,151.4888,222.9738
5408.96983187,42152.433068,0.0008967, 12.2786, 24.3386,152.6955,221.7009
5409.96644039,42152.299384,0.0008882, 12.2796, 24.3356,153.7627,220.5647
5410.96305133,42152.315225,0.0008746, 12.2802, 24.3314,154.5808,219.6786
5411.95965638,42152.468859,0.0008572, 12.2805, 24.3253,155.0693,219.1205
5411.95966389,42152.468815,0.0008572, 12.2805, 24.3253,155.0693,219.1233
5412.95626017,42152.738849,0.0008377, 12.2808, 24.3171,155.1700,218.9508
5413.95285686,42153.096739,0.0008180, 12.2812, 24.3068,154.8505,219.1997
5414.94945022,42153.506801,0.0008005, 12.2819, 24.2947,154.1193,219.8600
5416.94263133,42154.299113,0.0007803, 12.2848, 24.2681,151.7911,222.0447
5417.93922280,42154.573461,0.0007809, 12.2870, 24.2556,150.5754,223.1872
5418.93581899,42154.698159,0.0007891, 12.2896, 24.2452,149.6590,224.0296
5419.93242260,42154.643114,0.0008033, 12.2925, 24.2376,149.2584,224.3551
5420.92903213,42154.412112,0.0008211, 12.2952, 24.2334,149.4897,224.0467
5421.92564870,42154.051356,0.0008392, 12.2976, 24.2319,150.3470,223.1106
5422.92227663,42153.647209,0.0008543, 12.2994, 24.2322,151.7214,221.6581
5423.91890120,42153.311313,0.0008634, 12.3005, 24.2327,153.4343,219.8637
5424.91552924,42153.155799,0.0008644, 12.3011, 24.2317,155.2663,217.9509
5424.91553088,42153.155805,0.0008644, 12.3011, 24.2317,155.2663,217.9515
5426.90875759,42153.654714,0.0008395, 12.3016, 24.2210,158.3301,214.7197
5427.90536473,42154.272025,0.0008174, 12.3021, 24.2109,159.1215,213.8453
5429.89857031,42155.588126,0.0007778, 12.3051, 24.1859,158.9063,213.8954
5432.88843620,42155.748311,0.0007800, 12.3130, 24.1585,158.2288,214.3342
5436.87503589,42154.396362,0.0007920, 12.3207, 24.1522,162.5743,209.6649
5437.87169714,42154.366628,0.0007801, 12.3215, 24.1507,163.6373,208.5215
5438.86835327,42154.486330,0.0007630, 12.3219, 24.1474,164.3969,207.6799
5439.86500375,42154.728882,0.0007424, 12.3222, 24.1421,164.7687,207.2249
5440.86165342,42155.061866,0.0007204, 12.3225, 24.1346,164.6945,207.2166
5441.85829841,42155.450017,0.0006989, 12.3230, 24.1252,164.1457,207.6821
5442.85494120,42155.854671,0.0006801, 12.3239, 24.1144,163.1385,208.6057
5442.85494159,42155.854669,0.0006801, 12.3239, 24.1144,163.1385,208.6059
5444.84822635,42156.532017,0.0006594, 12.3272, 24.0919,160.1881,211.3871
5445.84487349,42156.703098,0.0006606, 12.3295, 24.0824,158.6978,212.7917
5446.84153253,42156.701640,0.0006700, 12.3322, 24.0755,157.6032,213.8015
5447.83819377,42156.509530,0.0006860, 12.3349, 24.0719,157.1725,214.1439
5447.83819473,42156.509544,0.0006860, 12.3349, 24.0719,157.1725,214.1443
5449.83153634,42155.715108,0.0007240, 12.3393, 24.0735,158.6668,212.4669
5450.82821566,42155.320557,0.0007378, 12.3406, 24.0763,160.3669,210.6733
5453.81823792,42155.536035,0.0007242, 12.3412, 24.0730,165.9874,204.7668
5456.80827090,42157.435638,0.0006601, 12.3434, 24.0442,167.2413,203.2480
5460.79502439,42157.389970,0.0006588, 12.3525, 24.0155,166.1866,203.9492
5463.78515217,42156.371525,0.0006684, 12.3572, 24.0156,169.6349,200.2237
5465.77862459,42156.393560,0.0006431, 12.3579, 24.0143,171.9566,197.7304
5466.77540729,42156.619237,0.0006226, 12.3579, 24.0109,172.6069,197.0118
5467.77211038,42156.942249,0.0005992, 12.3578, 24.0052,172.7680,196.7546
5468.76881387,42157.322959,0.0005751, 12.3578, 23.9975,172.3670,197.0606
5469.76540807,42157.722322,0.0005527, 12.3582, 23.9881,171.3796,197.9143
5470.76211634,42158.099989,0.0005340, 12.3590, 23.9777,169.8412,199.3600
5471.75885464,42158.415916,0.0005212, 12.3602, 23.9672,167.8868,201.2319
5472.75553500,42158.627524,0.0005158, 12.3620, 23.9576,165.7660,203.2474
5473.75228569,42158.693604,0.0005189, 12.3641, 23.9500,163.8294,205.1014
5474.74901346,42158.583126,0.0005300, 12.3664, 23.9453,162.4658,206.3700
5475.74574718,42158.294026,0.0005473, 12.3686, 23.9439,161.9891,206.7493
5476.74248662,42157.874277,0.0005675, 12.3704, 23.9455,162.5384,206.1000
5477.73923576,42157.434102,0.0005857, 12.3716, 23.9488,164.0323,204.5056
5478.73598651,42157.129159,0.0005970, 12.3720, 23.9520,166.1917,202.2441
5479.73273472,42157.106796,0.0005976, 12.3718, 23.9531,168.6039,199.7288
5480.72947783,42157.434365,0.0005863, 12.3714, 23.9506,170.8064,197.4232
5483.71967289,42159.471804,0.0005178, 12.3719, 23.9237,172.7555,195.1678
5484.71649188,42159.907081,0.0005028, 12.3732, 23.9127,171.8332,196.0212
5486.70990187,42159.900379,0.0005003, 12.3770, 23.8960,170.0856,197.5414
5488.70346627,42159.185776,0.0005159, 12.3808, 23.8891,170.6158,196.8253
5490.69704230,42158.597366,0.0005202, 12.3829, 23.8885,173.0885,194.1585
5494.68420106,42159.154408,0.0004552, 12.3823, 23.8774,176.8976,189.9552
5495.68099937,42159.548281,0.0004300, 12.3819, 23.8694,176.4346,190.3247
5496.67780211,42159.961856,0.0004057, 12.3817, 23.8595,175.1243,191.5439
5497.67458460,42160.354568,0.0003847, 12.3820, 23.8483,172.9561,193.6141
5498.67136722,42160.688780,0.0003694, 12.3827, 23.8366,170.0658,196.4059
5499.66815205,42160.930040,0.0003614, 12.3838, 23.8253,166.7747,199.5979
5500.66494421,42161.047066,0.0003615, 12.3854, 23.8155,163.5645,202.7093
5501.66174126,42161.014750,0.0003695, 12.3873, 23.8081,160.9716,205.2017
5502.65854651,42160.822502,0.0003841, 12.3892, 23.8036,159.4419,206.6298
5503.65535922,42160.489251,0.0004027, 12.3909, 23.8021,159.2225,206.7456
5504.65217826,42160.082414,0.0004218, 12.3921, 23.8031,160.3203,205.5420
5505.64900761,42159.727506,0.0004367, 12.3926, 23.8052,162.5122,203.2446
5506.64583154,42159.587957,0.0004428, 12.3924, 23.8062,165.3719,200.2760
5508.63946771,42160.383519,0.0004181, 12.3911, 23.7983,170.6322,194.7979
5510.63313211,42161.996922,0.0003663, 12.3910, 23.7759,171.1092,194.1247
5514.62037105,42162.317883,0.0003559, 12.3972, 23.7339,164.6755,200.1267
5515.61740888,42161.933318,0.0003651, 12.3990, 23.7293,165.0681,199.7000
5518.60799269,42161.294649,0.0003648, 12.4015, 23.7224,169.0368,195.4217
5518.60800317,42161.294634,0.0003648, 12.4015, 23.7224,169.0362,195.4260
5519.60488781,42161.381436,0.0003520, 12.4015, 23.7193,170.2201,194.1451
5520.60175768,42161.610286,0.0003337, 12.4011, 23.7144,170.8363,193.4268
5521.59863019,42161.949146,0.0003114, 12.4005, 23.7074,170.5632,193.5995
5522.59538195,42162.358603,0.0002877, 12.4000, 23.6981,169.0746,194.9452
5523.59224730,42162.790415,0.0002654, 12.3997, 23.6867,166.0936,197.8252
5524.58911398,42163.202186,0.0002478, 12.3998, 23.6738,161.5753,202.2435
5524.58911443,42163.202180,0.0002478, 12.3998, 23.6738,161.5753,202.2437
5525.58598058,42163.554496,0.0002375, 12.4003, 23.6601,155.9028,207.8157
5527.57971651,42163.955698,0.0002429, 12.4028, 23.6341,144.7768,218.7380
5528.57659323,42163.962531,0.0002565, 12.4045, 23.6237,141.1445,222.2676
5528.57659327,42163.962531,0.0002565, 12.4045, 23.6237,141.1445,222.2676
5532.56417765,42162.907958,0.0003244, 12.4106, 23.6076,143.3045,219.6840
5533.56108975,42162.708193,0.0003307, 12.4109, 23.6071,146.5481,216.3316
5534.55799797,42162.782008,0.0003266, 12.4106, 23.6048,149.8454,212.9234
5535.55490159,42163.222644,0.0003112, 12.4100, 23.5991,152.3603,210.2974
5536.55183450,42163.989095,0.0002872, 12.4095, 23.5893,153.0685,209.4915
5537.54884193,42164.874499,0.0002626, 12.4096, 23.5761,151.1420,211.3503
5538.54568165,42165.597541,0.0002474, 12.4104, 23.5611,146.9096,215.4561
5540.53949484,42165.887717,0.0002571, 12.4139, 23.5339,139.7753,222.3818
5541.53643445,42165.556540,0.0002716, 12.4162, 23.5241,139.3564,222.7030
5542.53338529,42165.128055,0.0002841, 12.4183, 23.5172,140.4323,221.5293
5542.53342815,42165.128377,0.0002841, 12.4183, 23.5172,140.4305,221.5467
5544.52727899,42164.502191,0.0002918, 12.4215, 23.5091,143.8014,217.9518
5545.52423424,42164.422984,0.0002859, 12.4223, 23.5058,144.9789,216.6702
5545.52423486,42164.422983,0.0002859, 12.4223, 23.5058,144.9789,216.6704
5547.51821117,42164.734801,0.0002598, 12.4226, 23.4961,144.3626,217.1009
5548.51514282,42165.070916,0.0002437, 12.4224, 23.4884,141.8552,219.4957
5549.51200126,42165.477717,0.0002295, 12.4221, 23.4784,137.5298,223.6831
5550.50895121,42165.910048,0.0002206, 12.4220, 23.4663,131.5415,229.5674
5552.50286266,42166.683164,0.0002281, 12.4230, 23.4378,118.2231,242.6831
5555.49373923,42167.101105,0.0002875, 12.4278, 23.3968,109.0748,251.5216
5557.48768914,42166.746041,0.0003294, 12.4322, 23.3800,110.9954,249.3900
5558.48467861,42166.444720,0.0003450, 12.4342, 23.3756,113.3479,246.9310
5559.48167493,42166.143299,0.0003551, 12.4356, 23.3731,116.1809,243.9900
5560.47867517,42165.937752,0.0003582, 12.4365, 23.3713,119.1266,240.9350
5561.47567462,42165.938906,0.0003533, 12.4368, 23.3688,121.7052,238.2453
5562.47267557,42166.240706,0.0003405, 12.4367, 23.3638,123.2668,236.5734
5563.46966910,42166.863568,0.0003225, 12.4365, 23.3553,123.0473,236.6819
5565.46364340,42168.501284,0.0002991, 12.4374, 23.3286,116.5277,242.9824
5566.46074055,42169.009490,0.0003059, 12.4389, 23.3132,112.8951,246.5468
5568.45475070,42168.788343,0.0003410, 12.4438, 23.2876,112.0893,247.1427
5569.45177764,42168.307356,0.0003556, 12.4465, 23.2795,114.1189,245.0095
5570.44881010,42167.841551,0.0003635, 12.4490, 23.2742,116.4643,242.5585
5571.44586759,42167.519867,0.0003643, 12.4510, 23.2707,118.4068,240.5159
5572.44292502,42167.390787,0.0003593, 12.4524, 23.2679,119.5140,239.3066
5573.43996922,42167.448481,0.0003507, 12.4534, 23.2646,119.5421,239.1707
5574.43703365,42167.659757,0.0003410, 12.4538, 23.2599,118.3781,240.2342
5575.43407388,42167.982603,0.0003329, 12.4540, 23.2533,116.0446,242.4591
5575.43409209,42167.982448,0.0003329, 12.4540, 23.2533,116.0449,242.4654
5576.43112692,42168.373675,0.0003288, 12.4542, 23.2444,112.7457,245.6550
5577.42818031,42168.791108,0.0003309, 12.4544, 23.2335,108.8982,249.4007
5579.42228939,42169.543351,0.0003562, 12.4558, 23.2066,101.8762,256.2212
5580.41933875,42169.802554,0.0003777, 12.4571, 23.1923, 99.6722,258.3221
5581.41637236,42169.942275,0.0004023, 12.4590, 23.1786, 98.6288,259.2552
5581.41642756,42169.942360,0.0004023, 12.4590, 23.1786, 98.6285,259.2754
5582.41339909,42169.945121,0.0004276, 12.4613, 23.1664, 98.7001,259.0683
5583.41046643,42169.812029,0.0004515, 12.4638, 23.1566, 99.7162,257.9480
5584.40753778,42169.565978,0.0004719, 12.4664, 23.1496,101.4506,256.1068
5585.40462823,42169.254801,0.0004874, 12.4688, 23.1453,103.6556,253.7976
5586.40171340,42168.949076,0.0004970, 12.4707, 23.1430,106.0740,251.2692
5587.39881027,42168.737041,0.0005000, 12.4721, 23.1418,108.4277,248.8068
5588.39590798,42168.710874,0.0004960, 12.4729, 23.1402,110.4021,246.7223
5589.39301289,42168.944199,0.0004859, 12.4732, 23.1368,111.6393,245.3774
5590.39009437,42169.458253,0.0004722, 12.4733, 23.1305,111.7897,245.1122
5591.38721188,42170.184225,0.0004596, 12.4736, 23.1209,110.6944,246.1078
5593.38138135,42171.531721,0.0004595, 12.4757, 23.0944,106.6805,249.9043
5594.37852616,42171.739931,0.0004746, 12.4778, 23.0807,105.7246,250.7730
5595.37561261,42171.543964,0.0004939, 12.4805, 23.0692,106.2372,250.1490
5597.36985181,42170.543433,0.0005217, 12.4863, 23.0557,110.0357,246.1385
5598.36701533,42170.125482,0.0005248, 12.4888, 23.0531,112.0171,244.0605
5599.36417284,42169.912027,0.0005211, 12.4907, 23.0518,113.4080,242.5681
5600.36132725,42169.914297,0.0005132, 12.4921, 23.0505,113.9771,241.8951
5602.35564729,42170.403985,0.0004961, 12.4934, 23.0440,112.5203,243.1481
5603.35280596,42170.784634,0.0004920, 12.4937, 23.0377,110.7392,244.8282
5604.34996169,42171.191130,0.0004933, 12.4940, 23.0291,108.5814,246.8850
5605.34711811,42171.582885,0.0005009, 12.4945, 23.0185,106.3647,249.0019
5607.34142901,42172.180418,0.0005342, 12.4966, 22.9939,102.9679,252.1986
5608.33858510,42172.324026,0.0005575, 12.4984, 22.9815,102.2211,252.8442
5609.33574506,42172.333578,0.0005827, 12.5006, 22.9704,102.2332,252.7300
5611.33009191,42171.949578,0.0006302, 12.5059, 22.9552,104.3454,250.4131
5614.32167707,42171.048194,0.0006654, 12.5121, 22.9513,110.3127,244.1316
5616.31608462,42171.205340,0.0006542, 12.5135, 22.9505,113.3996,240.8304
5617.31329055,42171.679366,0.0006415, 12.5137, 22.9466,113.9395,240.1851
5618.31048654,42172.351327,0.0006289, 12.5138, 22.9395,113.6595,240.3582
5619.30768368,42173.072317,0.0006214, 12.5143, 22.9295,112.7351,241.1784
5620.30488680,42173.649771,0.0006226, 12.5154, 22.9176,111.6429,242.1699
5621.30208683,42173.918468,0.0006333, 12.5171, 22.9054,110.9935,242.7173
5622.29929567,42173.816508,0.0006504, 12.5195, 22.8946,111.2045,242.4053
5623.29650869,42173.417341,0.0006686, 12.5222, 22.8864,112.2950,241.2116
5624.29374039,42172.891067,0.0006828, 12.5250, 22.8814,113.9518,239.4538
5625.29098819,42172.420592,0.0006899, 12.5275, 22.8793,115.7378,237.5682
5626.28823845,42172.131338,0.0006893, 12.5296, 22.8792,117.2602,235.9437
5627.28549292,42172.067840,0.0006824, 12.5311, 22.8797,118.2482,234.8530
5628.28275537,42172.209431,0.0006721, 12.5320, 22.8795,118.5691,234.4318
5629.28001548,42172.501312,0.0006614, 12.5324, 22.8778,118.2167,234.6835
5629.28001770,42172.501307,0.0006614, 12.5324, 22.8778,118.2167,234.6843
5631.27453547,42173.291229,0.0006497, 12.5326, 22.8676,115.9636,236.7383
5632.27179328,42173.687110,0.0006520, 12.5328, 22.8591,114.4599,238.1439
5633.26906219,42174.032155,0.0006604, 12.5334, 22.8490,113.0073,239.5030
5634.26631923,42174.296902,0.0006747, 12.5343, 22.8380,111.8119,240.6007
5635.26358035,42174.456344,0.0006939, 12.5356, 22.8268,111.0353,241.2801
5638.25539381,42174.159896,0.0007650, 12.5421, 22.8018,111.9955,240.0248
5639.25268036,42173.835252,0.0007864, 12.5444, 22.7987,113.3715,238.5482
5641.24727778,42173.205218,0.0008119, 12.5481, 22.7996,116.9814,234.7338
5642.24459008,42173.110850,0.0008127, 12.5490, 22.8015,118.7722,232.8415
5643.24190591,42173.286876,0.0008055, 12.5493, 22.8022,120.2102,231.3025
5645.23651514,42174.429997,0.0007776, 12.5490, 22.7951,121.2552,230.0519
5646.23381226,42175.160650,0.0007665, 12.5491, 22.7867,120.8614,230.3440
5647.23110976,42175.749599,0.0007635, 12.5497, 22.7760,120.2197,230.8858
5648.22841205,42176.042782,0.0007700, 12.5509, 22.7646,119.7715,231.2363
5649.22571473,42175.986426,0.0007842, 12.5527, 22.7540,119.8621,231.0464
5651.22034804,42175.155614,0.0008175, 12.5573, 22.7401,121.8391,228.8706
5654.21237629,42174.261163,0.0008266, 12.5629, 22.7377,125.9501,224.4610
5657.20445761,42175.013864,0.0007916, 12.5637, 22.7348,126.5057,223.6155
5658.20181881,42175.435195,0.0007823, 12.5635, 22.7297,125.7328,224.2940
5661.19389054,42176.488986,0.0007876, 12.5637, 22.7021,122.4814,227.2647
5669.17298863,42175.395025,0.0009268, 12.5756, 22.6596,127.1378,221.8697
5670.17047415,42175.496913,0.0009237, 12.5758, 22.6609,128.7321,220.2048
5672.16527833,42176.609364,0.0008945, 12.5750, 22.6557,130.5575,218.1817
5673.16267781,42177.398449,0.0008785, 12.5746, 22.6478,130.5582,218.0853
5674.16007419,42178.056440,0.0008698, 12.5746, 22.6370,130.1681,218.3812
5674.16007495,42178.056430,0.0008698, 12.5746, 22.6370,130.1681,218.3815
5676.15476906,42178.369256,0.0008832, 12.5767, 22.6133,129.7760,218.5507
5676.15485817,42178.369493,0.0008832, 12.5767, 22.6133,129.7757,218.5832
5680.14453994,42176.783854,0.0009346, 12.5844, 22.5901,133.8490,214.1344
5681.14199046,42176.657252,0.0009327, 12.5856, 22.5895,135.0463,212.8459
5682.13944839,42176.734723,0.0009241, 12.5862, 22.5891,135.9612,211.8412
5684.13436323,42177.350261,0.0008958, 12.5860, 22.5847,136.5739,211.0489
5693.11149861,42178.712912,0.0009446, 12.5907, 22.4972,132.6114,214.2355
5693.11150111,42178.712925,0.0009446, 12.5907, 22.4972,132.6114,214.2365
5695.10647782,42178.102584,0.0009827, 12.5940, 22.4908,134.7031,211.9695
5696.10397717,42177.892594,0.0009945, 12.5949, 22.4906,136.1753,210.4083
5697.10148084,42177.892621,0.0009977, 12.5953, 22.4908,137.7494,208.7444
5699.09648095,42178.827833,0.0009746, 12.5944, 22.4857,140.2655,206.0470
5700.09397585,42179.650431,0.0009545, 12.5937, 22.4780,140.7442,205.4798
5703.08643468,42180.906343,0.0009405, 12.5949, 22.4395,140.1060,205.8570
5707.07649971,42179.214208,0.0009969, 12.6025, 22.4072,143.4812,202.1488
5708.07405743,42179.065514,0.0009970, 12.6039, 22.4047,144.6900,200.8637
5710.06920381,42179.346879,0.0009770, 12.6049, 22.4000,146.4681,198.9413
5711.06677691,42179.691107,0.0009608, 12.6048, 22.3957,146.8645,198.4732
5712.06431361,42180.097274,0.0009437, 12.6043, 22.3894,146.8805,198.3739
5713.06176462,42180.511637,0.0009284, 12.6038, 22.3806,146.5379,198.6038
5715.05686357,42181.180078,0.0009117, 12.6033, 22.3568,145.1200,199.8717
5715.05686954,42181.180017,0.0009117, 12.6033, 22.3568,145.1200,199.8739
5717.05196171,42181.456584,0.0009192, 12.6045, 22.3289,143.6147,201.2283
5718.04951364,42181.422387,0.0009313, 12.6058, 22.3156,143.1538,201.6143
5718.04951403,42181.422387,0.0009313, 12.6058, 22.3156,143.1538,201.6144
5719.04707155,42181.280646,0.0009474, 12.6074, 22.3037,142.9967,201.6966
5720.04471003,42181.051049,0.0009659, 12.6092, 22.2940,143.1817,201.4628
5721.04220441,42180.763646,0.0009851, 12.6111, 22.2867,143.7148,200.8257
5721.04220711,42180.763661,0.0009851, 12.6111, 22.2867,143.7148,200.8267
5723.03738350,42180.235288,0.0010175, 12.6140, 22.2792,145.7412,198.6492
5726.03015269,42180.798810,0.0010153, 12.6147, 22.2714,149.9110,194.2402
5726.03015705,42180.798732,0.0010153, 12.6147, 22.2714,149.9109,194.2417
5727.02774235,42181.540499,0.0009967, 12.6142, 22.2641,150.8876,193.1861
5729.02289600,42182.971608,0.0009618, 12.6141, 22.2390,151.1739,192.7457
5730.02047303,42183.148147,0.0009609, 12.6151, 22.2237,150.8520,192.9933
5731.01805480,42182.865381,0.0009732, 12.6168, 22.2094,150.7812,192.9902
5733.01323976,42181.705248,0.0010106, 12.6216, 22.1887,152.1302,191.4907
5734.01086452,42181.259469,0.0010223, 12.6239, 22.1830,153.3215,190.2301
5735.00848753,42181.044750,0.0010253, 12.6258, 22.1792,154.5823,188.8966
5737.00375051,42181.252835,0.0010076, 12.6277, 22.1730,156.6945,186.6423
5738.00138815,42181.569117,0.0009908, 12.6280, 22.1683,157.3467,185.9218
5738.99902486,42181.947604,0.0009719, 12.6279, 22.1616,157.6595,185.5420
5739.99666356,42182.334543,0.0009533, 12.6277, 22.1526,157.6218,185.5151
5741.99192851,42182.964311,0.0009259, 12.6277, 22.1281,156.6488,186.3594
5742.98956046,42183.144828,0.0009204, 12.6282, 22.1137,155.8979,187.0472
5743.98719574,42183.211174,0.0009212, 12.6292, 22.0989,155.1441,187.7392
5745.98247538,42183.001346,0.0009402, 12.6325, 22.0715,154.1400,188.6193
5746.98012419,42182.754671,0.0009558, 12.6347, 22.0604,154.0647,188.6325
5747.97779725,42182.455238,0.0009732, 12.6369, 22.0517,154.3254,188.3155
5749.97314464,42181.893470,0.0010055, 12.6407, 22.0413,155.8086,186.7105
5749.97315090,42181.893510,0.0010055, 12.6407, 22.0413,155.8085,186.7128
5750.97082814,42181.762415,0.0010161, 12.6420, 22.0385,156.9533,185.5045
5751.96850981,42181.829193,0.0010203, 12.6428, 22.0358,158.2741,184.1204
5752.96618768,42182.152580,0.0010160, 12.6431, 22.0320,159.6459,182.6838
5753.96386595,42182.734263,0.0010031, 12.6430, 22.0258,160.8885,181.3782
5755.95919929,42184.152881,0.0009649, 12.6432, 22.0035,162.1224,180.0191
5760.94755932,42182.563889,0.0010109, 12.6542, 21.9437,163.1668,178.6717
5765.93617364,42182.909285,0.0009698, 12.6611, 21.9264,168.5210,173.0532
5765.93627034,42182.908734,0.0009698, 12.6611, 21.9264,168.5201,173.0890
5767.93170337,42183.597167,0.0009285, 12.6615, 21.9087,168.6987,172.8090
5767.93170588,42183.597157,0.0009285, 12.6615, 21.9087,168.6987,172.8099
5769.92714094,42184.016168,0.0009001, 12.6627, 21.8834,167.6606,173.7541
5770.92485966,42184.067806,0.0008945, 12.6639, 21.8694,166.8951,174.4741
5770.92486112,42184.067814,0.0008945, 12.6639, 21.8694,166.8951,174.4746
5772.92030887,42183.824025,0.0009024, 12.6677, 21.8431,165.5197,175.7606
5772.92038605,42183.824974,0.0009023, 12.6677, 21.8431,165.5196,175.7886
5773.91804334,42183.552652,0.0009143, 12.6700, 21.8324,165.1583,176.0783
5775.91352822,42182.880411,0.0009457, 12.6750, 21.8180,165.4457,175.7010
5776.91128518,42182.588180,0.0009608, 12.6772, 21.8143,166.1093,174.9935
5777.90904577,42182.411301,0.0009726, 12.6789, 21.8120,167.0721,173.9857
5778.90680993,42182.412836,0.0009789, 12.6801, 21.8102,168.2657,172.7472
5779.90457561,42182.637629,0.0009782, 12.6808, 21.8077,169.5927,171.3759
5779.90457665,42182.637625,0.0009782, 12.6808, 21.8077,169.5926,171.3763
5781.90010054,42183.706304,0.0009547, 12.6814, 21.7961,172.0551,168.8275
5781.90010389,42183.706272,0.0009547, 12.6814, 21.7961,172.0551,168.8287
5781.90010542,42183.706257,0.0009547, 12.6814, 21.7961,172.0551,168.8293
5783.89560153,42184.775911,0.0009205, 12.6826, 21.7732,173.0317,167.7676
5784.89334974,42184.831094,0.0009141, 12.6842, 21.7596,172.8094,167.9500
5784.89335205,42184.831117,0.0009141, 12.6842, 21.7596,172.8094,167.9508
5785.89110277,42184.453871,0.0009205, 12.6865, 21.7468,172.4775,168.2427
5787.88662950,42183.073452,0.0009569, 12.6926, 21.7299,173.0106,167.6288
5790.87999441,42182.355649,0.0009705, 12.6999, 21.7254,176.8765,163.6454
5790.88004804,42182.355840,0.0009705, 12.6999, 21.7254,176.8757,163.6656
5792.87562521,42182.924637,0.0009348, 12.7017, 21.7218,179.1373,161.3266
5793.87342710,42183.280756,0.0009112, 12.7020, 21.7168,179.7560,160.6773
5795.86902184,42183.854546,0.0008658, 12.7027, 21.6999,179.8226,160.5535
5796.86681966,42184.012874,0.0008482, 12.7034, 21.6887,179.3327,161.0178
5797.86461658,42184.063725,0.0008360, 12.7046, 21.6767,178.5956,161.7298
5798.86242698,42184.000294,0.0008299, 12.7062, 21.6646,177.7284,162.5770
5799.86022739,42183.823720,0.0008304, 12.7082, 21.6534,176.8710,163.4100
5800.85803737,42183.546875,0.0008370, 12.7105, 21.6439,176.1689,164.0895
5801.85584546,42183.197521,0.0008484, 12.7131, 21.6366,175.7496,164.4833
5801.85584724,42183.197549,0.0008484, 12.7131, 21.6366,175.7496,164.4839
5803.85149612,42182.481317,0.0008779, 12.7179, 21.6294,176.0630,164.1232
5804.84932590,42182.248446,0.0008908, 12.7197, 21.6287,176.8190,163.3419
5805.84716293,42182.191080,0.0008991, 12.7210, 21.6287,177.9075,162.2295
5806.84500029,42182.354291,0.0009008, 12.7218, 21.6282,179.2248,160.8887
5806.84500135,42182.354288,0.0009008, 12.7218, 21.6282,179.2247,160.8891
5807.84283499,42182.739126,0.0008952, 12.7222, 21.6260,180.6268,159.4635
5807.84283786,42182.739104,0.0008952, 12.7222, 21.6260,180.6267,159.4646
5809.83849024,42183.866289,0.0008657, 12.7226, 21.6134,182.9329,157.1144
5810.83630755,42184.311768,0.0008486, 12.7231, 21.6032,183.4516,156.5750
5815.82543779,42182.360491,0.0008756, 12.7344, 21.5604,183.2539,156.6798
5818.81911590,42182.012802,0.0008775, 12.7401, 21.5624,187.4260,152.4960
5819.81700388,42182.312099,0.0008592, 12.7407, 21.5623,188.8282,151.0894
5820.81487955,42182.671092,0.0008353, 12.7409, 21.5600,189.9040,150.0075
5821.81274621,42183.013711,0.0008089, 12.7409, 21.5551,190.5504,149.3548
5822.81061285,42183.289809,0.0007829, 12.7410, 21.5477,190.7288,149.1728
5823.80847555,42183.471168,0.0007596, 12.7414, 21.5384,190.4564,149.4424
5824.80633431,42183.544150,0.0007408, 12.7421, 21.5279,189.7976,150.0988
5825.80419688,42183.504189,0.0007277, 12.7432, 21.5171,188.8561,151.0398
5826.80205843,42183.353014,0.0007209, 12.7448, 21.5068,187.7689,152.1262
5827.79992393,42183.099392,0.0007206, 12.7467, 21.4978,186.6951,153.1996
5827.79992452,42183.099398,0.0007206, 12.7467, 21.4978,186.6951,153.1998
5829.79567396,42182.377472,0.0007369, 12.7511, 21.4862,185.2368,154.6582
5830.79355580,42181.998348,0.0007503, 12.7532, 21.4841,185.1205,154.7735
5831.79144440,42181.698272,0.0007638, 12.7549, 21.4840,185.5113,154.3819
5832.78933614,42181.558100,0.0007746, 12.7561, 21.4850,186.4002,153.4920
5833.78723047,42181.643744,0.0007797, 12.7567, 21.4859,187.7020,152.1901
5834.78512261,42181.975135,0.0007772, 12.7568, 21.4852,189.2538,150.6389
5835.78301171,42182.499777,0.0007668, 12.7566, 21.4820,190.8222,149.0728
5836.78089270,42183.088792,0.0007505, 12.7564, 21.4756,192.1296,147.7685
5837.77876991,42183.567566,0.0007323, 12.7565, 21.4666,192.9159,146.9874
5838.77664104,42183.776622,0.0007170, 12.7571, 21.4557,193.0442,146.8648
5842.76815072,42181.915304,0.0007350, 12.7650, 21.4227,191.5451,148.3895
5843.76604856,42181.441395,0.0007470, 12.7672, 21.4212,192.2716,147.6705
5845.76186886,42181.240315,0.0007490, 12.7700, 21.4230,195.1981,144.7640
5846.75978827,42181.463000,0.0007360, 12.7704, 21.4235,196.9197,143.0567
5851.74931769,42182.797691,0.0006090, 12.7697, 21.3922,199.8402,140.2274
5852.74733998,42182.794126,0.0005895, 12.7703, 21.3810,198.8168,141.3181
5854.74303850,42182.459062,0.0005691, 12.7727, 21.3598,195.8864,144.2590
5855.74094496,42182.152582,0.0005685, 12.7744, 21.3514,194.3730,145.7971
5856.73885625,42181.784099,0.0005737, 12.7763, 21.3451,193.1076,147.0873
5857.73677601,42181.393259,0.0005835, 12.7780, 21.3413,192.2785,147.9421
5858.73469762,42181.038878,0.0005958, 12.7795, 21.3397,192.0323,148.2126
5859.73262286,42180.799053,0.0006080, 12.7806, 21.3396,192.4517,147.8172
5860.73055003,42180.757624,0.0006169, 12.7811, 21.3400,193.5349,146.7583
5861.72847611,42180.975280,0.0006194, 12.7810, 21.3394,195.1655,145.1526
5862.72639837,42181.445563,0.0006134, 12.7805, 21.3364,197.0899,143.2544
5863.72431183,42182.062363,0.0005993, 12.7799, 21.3303,198.9181,141.4531
5865.72011937,42182.954727,0.0005614, 12.7797, 21.3092,200.5363,139.8941
5866.71801624,42182.905659,0.0005490, 12.7805, 21.2966,199.9239,140.5372
5868.71382262,42181.893017,0.0005524, 12.7839, 21.2753,197.6202,142.9053
5869.71186711,42181.247351,0.0005640, 12.7860, 21.2687,197.0804,143.5249
5870.70980540,42180.722006,0.0005759, 12.7880, 21.2649,197.3445,143.3001
5872.70568818,42180.333665,0.0005837, 12.7907, 21.2626,199.9551,140.7665
5874.70156444,42180.728871,0.0005591, 12.7909, 21.2593,203.7533,137.0469
5874.70157749,42180.728677,0.0005591, 12.7909, 21.2593,203.7527,137.0522
5876.69742440,42181.377208,0.0005090, 12.7899, 21.2474,206.5590,134.3259
5877.69535124,42181.631242,0.0004804, 12.7894, 21.2376,207.0002,133.9310
5878.69325721,42181.784885,0.0004531, 12.7893, 21.2259,206.6085,134.3644
5879.69116698,42181.821643,0.0004294, 12.7896, 21.2130,205.3684,135.6496
5880.68905584,42181.740560,0.0004114, 12.7903, 21.2000,203.3984,137.6585
5882.68488145,42181.269077,0.0003954, 12.7929, 21.1767,198.3353,142.8166
5883.68280623,42180.918253,0.0003973, 12.7946, 21.1676,195.9220,145.2805
5884.68072957,42180.529586,0.0004044, 12.7963, 21.1609,194.0058,147.2450
5886.67659729,42179.828238,0.0004275, 12.7990, 21.1537,192.4717,148.8787
5887.67452873,42179.650516,0.0004387, 12.7997, 21.1520,193.0440,148.3537
5888.67246354,42179.691877,0.0004456, 12.7998, 21.1501,194.4794,146.9671
5888.67246362,42179.691876,0.0004456, 12.7998, 21.1501,194.4794,146.9671
5889.67038795,42180.002152,0.0004453, 12.7995, 21.1466,196.5905,144.9031
5890.66831187,42180.551889,0.0004360, 12.7989, 21.1402,198.9829,142.5609
5891.66622842,42181.194749,0.0004187, 12.7984, 21.1305,201.0185,140.5776
5892.66413673,42181.693546,0.0003978, 12.7983, 21.1177,201.9135,139.7363
5893.66203909,42181.830912,0.0003806, 12.7989, 21.1033,201.1372,140.5672
5894.65994668,42181.537339,0.0003734, 12.8003, 21.0891,198.9691,142.7929
5895.65785847,42180.926402,0.0003781, 12.8023, 21.0769,196.5171,145.3029
5896.65577331,42180.211131,0.0003906, 12.8046, 21.0676,194.8971,146.9797
5897.65369729,42179.589224,0.0004047, 12.8068, 21.0614,194.5583,147.3763
5898.65163388,42179.177233,0.0004146, 12.8087, 21.0576,195.3729,146.6224
5900.64750239,42179.047014,0.0004116, 12.8107, 21.0526,199.0283,143.0871
5901.64543771,42179.241011,0.0003980, 12.8108, 21.0489,201.1448,141.0336
5902.64336751,42179.518792,0.0003776, 12.8106, 21.0432,203.0066,139.2359
5903.64129211,42179.814103,0.0003525, 12.8102, 21.0350,204.2776,138.0307
5904.63921397,42180.070516,0.0003251, 12.8099, 21.0243,204.6134,137.7633
5905.63712786,42180.246147,0.0002981, 12.8098, 21.0116,203.6904,138.7551
5906.63503010,42180.314674,0.0002743, 12.8101, 20.9975,201.2926,141.2200
5907.63294606,42180.265361,0.0002564, 12.8109, 20.9828,197.4566,145.1298
5908.63085300,42180.101010,0.0002462, 12.8122, 20.9686,192.6109,150.0468
5909.62875892,42179.835598,0.0002442, 12.8138, 20.9557,187.5199,155.2087
5910.62667498,42179.491773,0.0002496, 12.8157, 20.9445,182.9958,159.8067
5911.62459018,42179.099311,0.0002603, 12.8176, 20.9354,179.5877,163.2872
5912.62250818,42178.695657,0.0002742, 12.8195, 20.9286,177.5005,165.4465
5913.62043003,42178.327707,0.0002888, 12.8210, 20.9236,176.7034,166.3157
5914.61835233,42178.053644,0.0003018, 12.8222, 20.9200,177.0612,166.0295
5915.61627284,42177.940610,0.0003110, 12.8228, 20.9168,178.3973,164.7643
5916.61418627,42178.052126,0.0003138, 12.8230, 20.9128,180.4803,162.7509
5917.61209767,42178.417517,0.0003084, 12.8228, 20.9067,182.9428,160.3598
5918.60999817,42178.985199,0.0002944, 12.8226, 20.8976,185.1641,158.2100
5919.60789145,42179.587551,0.0002747, 12.8226, 20.8852,186.1662,157.2813
5920.60577777,42179.972617,0.0002562, 12.8232, 20.8705,184.8848,158.6379
5921.60365957,42179.930750,0.0002478, 12.8245, 20.8550,181.2131,162.3853
5922.60154208,42179.437599,0.0002548, 12.8267, 20.8409,176.9389,166.7355
5923.59943037,42178.674664,0.0002731, 12.8293, 20.8296,174.2776,169.4729
5924.59732335,42177.903802,0.0002936, 12.8321, 20.8218,173.8600,169.9657
5925.59522658,42177.323876,0.0003085, 12.8346, 20.8170,175.0707,168.8318
5926.59313945,42177.013093,0.0003139, 12.8365, 20.8140,177.0808,166.9012
5927.59105089,42176.952894,0.0003093, 12.8378, 20.8114,179.2297,164.8321
5928.58896082,42177.076998,0.0002962, 12.8385, 20.8079,181.0079,163.1353
5929.58687278,42177.307794,0.0002768, 12.8387, 20.8025,181.9758,162.2527
5930.58477540,42177.575252,0.0002540, 12.8387, 20.7947,181.6851,162.6290
5931.58267298,42177.822796,0.0002309, 12.8387, 20.7844,179.6702,164.7313
5932.58056413,42178.007487,0.0002109, 12.8389, 20.7720,175.5736,168.9166
5933.57844744,42178.099523,0.0001974, 12.8395, 20.7581,169.4578,175.1211
5934.57632772,42178.081284,0.0001931, 12.8405, 20.7435,162.1598,182.5088
5936.57208612,42177.704599,0.0002117, 12.8439, 20.7157,149.6664,195.1836
5936.57208873,42177.704619,0.0002117, 12.8439, 20.7157,149.6664,195.1846
5938.56789145,42176.972731,0.0002507, 12.8483, 20.6943,144.5338,200.5132
5939.56574232,42176.547162,0.0002710, 12.8506, 20.6869,144.3061,200.8192
5940.56362980,42176.139046,0.0002894, 12.8526, 20.6815,145.0952,200.1205
5941.56151829,42175.798995,0.0003042, 12.8542, 20.6775,146.5735,198.7322
5941.56151854,42175.798997,0.0003042, 12.8542, 20.6775,146.5735,198.7323
5942.55940918,42175.582819,0.0003141, 12.8554, 20.6742,148.4742,196.9223
5943.55729490,42175.545877,0.0003179, 12.8561, 20.6706,150.5383,194.9482
5944.55517306,42175.728815,0.0003145, 12.8564, 20.6655,152.4442,193.1316
5945.55304258,42176.130701,0.0003041, 12.8565, 20.6581,153.7269,191.9383
5946.55090293,42176.673718,0.0002890, 12.8567, 20.6477,153.7521,192.0034
5947.54875501,42177.182570,0.0002751, 12.8573, 20.6346,151.9605,193.8867
5948.54660165,42177.423003,0.0002707, 12.8586, 20.6201,148.6240,197.3161
5949.54444594,42177.221153,0.0002810, 12.8607, 20.6058,145.3975,200.6362
5950.54229245,42176.592299,0.0003034, 12.8634, 20.5937,144.0695,202.0575
5951.54014397,42175.749867,0.0003290, 12.8665, 20.5852,144.9485,201.2711
5951.54014474,42175.749883,0.0003290, 12.8665, 20.5852,144.9485,201.2714
5952.53800433,42174.970869,0.0003488, 12.8696, 20.5802,147.1866,199.1260
5953.53587309,42174.444806,0.0003577, 12.8721, 20.5780,149.7716,196.6353
5954.53374040,42174.221122,0.0003551, 12.8740, 20.5768,151.9360,194.5648
5955.53160846,42174.247668,0.0003435, 12.8752, 20.5752,153.1576,193.4392
5956.52947463,42174.432405,0.0003268, 12.8758, 20.5719,153.0875,193.6077
5957.52733364,42174.686020,0.0003091, 12.8761, 20.5661,151.5292,195.2658
5958.52523240,42174.938482,0.0002944, 12.8764, 20.5577,148.4951,198.4181
5959.52307604,42175.141524,0.0002859, 12.8768, 20.5471,144.3065,202.7088
5960.52092285,42175.262665,0.0002854, 12.8774, 20.5348,139.6057,207.5160
5961.51875744,42175.282160,0.0002931, 12.8786, 20.5216,135.1825,212.0436
5962.51659171,42175.190147,0.0003081, 12.8801, 20.5084,131.6766,215.6554
5963.51442447,42174.986212,0.0003281, 12.8821, 20.4959,129.3971,218.0410
5963.51442649,42174.986231,0.0003281, 12.8821, 20.4959,129.3971,218.0418
5965.51009084,42174.292754,0.0003744, 12.8868, 20.4761,128.3613,219.2885
5965.51009389,42174.292797,0.0003744, 12.8868, 20.4761,128.3611,219.2898
5966.50793039,42173.856755,0.0003967, 12.8892, 20.4694,129.1949,218.5618
5967.50576450,42173.415159,0.0004164, 12.8914, 20.4649,130.6110,217.2495
5968.50359885,42173.019597,0.0004322, 12.8933, 20.4619,132.3900,215.5737
5969.50143820,42172.725796,0.0004431, 12.8947, 20.4598,134.3318,213.7368
5970.49927452,42172.586935,0.0004481, 12.8956, 20.4575,136.2408,211.9325
5971.49710188,42172.643564,0.0004469, 12.8962, 20.4542,137.9003,210.3764
5972.49492412,42172.907620,0.0004399, 12.8964, 20.4488,139.0515,209.3297
5973.49273473,42173.341066,0.0004288, 12.8967, 20.4408,139.4055,209.0798
5974.49053829,42173.836251,0.0004177, 12.8972, 20.4302,138.7508,209.8403
5975.48833019,42174.217924,0.0004125, 12.8982, 20.4177,137.2095,211.4868
5975.48833067,42174.217923,0.0004125, 12.8982, 20.4177,137.2095,211.4870
5976.48612018,42174.292805,0.0004183, 12.9000, 20.4047,135.4776,213.3255
5977.48391518,42173.949015,0.0004361, 12.9024, 20.3929,134.5759,214.3363
5978.48170875,42173.244355,0.0004610, 12.9054, 20.3841,135.1107,213.9084
5978.48170890,42173.244358,0.0004610, 12.9054, 20.3841,135.1107,213.9084
5979.47950643,42172.395965,0.0004846, 12.9085, 20.3789,136.8999,212.2248
5980.47731279,42171.660717,0.0004997, 12.9113, 20.3771,139.2762,209.9546
5981.47512260,42171.204907,0.0005029, 12.9135, 20.3775,141.5207,207.8165
5982.47293736,42171.058626,0.0004951, 12.9150, 20.3781,143.0786,206.3675
5983.47074669,42171.153045,0.0004803, 12.9158, 20.3774,143.6116,205.9442
5984.46854776,42171.383664,0.0004635, 12.9161, 20.3744,143.0000,206.6665
5985.46634205,42171.654856,0.0004493, 12.9163, 20.3687,141.3422,208.4369
5986.46412967,42171.897234,0.0004409, 12.9166, 20.3604,138.9357,210.9578
5987.46190873,42172.067325,0.0004400, 12.9171, 20.3500,136.2088,213.7997
5989.45745452,42172.105623,0.0004601, 12.9193, 20.3267,131.4780,218.7637
5990.45521570,42171.958499,0.0004785, 12.9210, 20.3154,130.0318,220.3242
5991.45298228,42171.703526,0.0005003, 12.9231, 20.3054,129.3352,221.1376
5992.45074593,42171.353400,0.0005236, 12.9253, 20.2973,129.3572,221.2308
5993.44851117,42170.931947,0.0005467, 12.9276, 20.2914,130.0066,220.6963
5994.44627727,42170.475990,0.0005680, 12.9298, 20.2876,131.1598,219.6575
5996.44181761,42169.669935,0.0005995, 12.9330, 20.2847,134.3979,216.6491
5997.43959210,42169.440529,0.0006072, 12.9338, 20.2838,136.1638,215.0001
5999.43510818,42169.563345,0.0006039, 12.9343, 20.2784,139.0931,212.2993
5999.43510948,42169.563336,0.0006039, 12.9343, 20.2784,139.0931,212.2998
6000.43285329,42169.916377,0.0005945, 12.9344, 20.2722,139.8690,211.6381
6001.43059154,42170.376403,0.0005835, 12.9346, 20.2634,139.9793,211.6442
6002.42831010,42170.806509,0.0005756, 12.9352, 20.2525,139.4372,212.2995
6003.42603032,42171.039888,0.0005755, 12.9364, 20.2407,138.5275,213.3258
6005.42146133,42170.469470,0.0006062, 12.9408, 20.2203,137.7785,214.3069
6006.41917966,42169.733173,0.0006300, 12.9435, 20.2143,138.7050,213.4951
6007.41690737,42168.936945,0.0006506, 12.9461, 20.2119,140.3785,211.9371
6008.41463591,42168.293049,0.0006618, 12.9483, 20.2121,142.3509,210.0785
6008.41463688,42168.293062,0.0006618, 12.9483, 20.2121,142.3509,210.0789
6009.41236650,42167.929034,0.0006614, 12.9498, 20.2136,144.1292,208.4146
6010.41009433,42167.857148,0.0006508, 12.9506, 20.2146,145.3129,207.3459
6011.40781836,42168.004878,0.0006342, 12.9509, 20.2136,145.6658,207.1101
6012.40553606,42168.267838,0.0006169, 12.9508, 20.2099,145.1435,207.7515
6013.40324360,42168.550875,0.0006033, 12.9506, 20.2033,143.8895,209.1255
6014.40094456,42168.786001,0.0005963, 12.9507, 20.1943,142.1851,210.9518
6015.39863882,42168.933042,0.0005968, 12.9512, 20.1837,140.3634,212.8962
6016.39632870,42168.972679,0.0006046, 12.9520, 20.1724,138.7203,214.6629
6017.39401669,42168.898772,0.0006183, 12.9533, 20.1613,137.4623,216.0454
6018.39169744,42168.713203,0.0006365, 12.9550, 20.1513,136.6990,216.9314
6019.38938077,42168.424156,0.0006576, 12.9569, 20.1429,136.4636,217.2902
6020.38706409,42168.047229,0.0006800, 12.9588, 20.1366,136.7396,217.1369
6021.38474628,42167.608612,0.0007023, 12.9607, 20.1324,137.4789,216.5192
6022.38242898,42167.148624,0.0007227, 12.9623, 20.1302,138.6096,215.5093
6023.38011611,42166.723120,0.0007397, 12.9635, 20.1293,140.0364,214.2045
6024.37779874,42166.399577,0.0007516, 12.9642, 20.1289,141.6371,212.7245
6025.37547065,42166.245600,0.0007571, 12.9644, 20.1278,143.2587,211.2210
6026.37313322,42166.308613,0.0007554, 12.9642, 20.1249,144.7200,209.8771
6027.37079224,42166.591208,0.0007475, 12.9639, 20.1196,145.8283,208.8885
6028.36844494,42167.032334,0.0007358, 12.9637, 20.1114,146.4217,208.4169
6029.36607972,42167.506896,0.0007246, 12.9638, 20.1009,146.4415,208.5166
6029.36608165,42167.506868,0.0007246, 12.9638, 20.1009,146.4415,208.5173
6029.36609433,42167.506686,0.0007246, 12.9638, 20.1009,146.4416,208.5218
6031.36133639,42167.923118,0.0007229, 12.9659, 20.0772,145.4727,209.7284
6032.35894789,42167.648996,0.0007368, 12.9679, 20.0670,145.2382,210.0795
6032.35895689,42167.649057,0.0007368, 12.9679, 20.0670,145.2381,210.0828
6033.35659257,42167.073007,0.0007576, 12.9701, 20.0596,145.6123,209.8328
6034.35422819,42166.338047,0.0007795, 12.9724, 20.0553,146.6416,208.9253
6035.35186495,42165.630974,0.0007964, 12.9744, 20.0540,148.1350,207.5522
6035.35186975,42165.631029,0.0007964, 12.9744, 20.0540,148.1348,207.5541
6036.34950008,42165.110168,0.0008038, 12.9758, 20.0544,149.7719,206.0340
6038.34476909,42164.858449,0.0007876, 12.9767, 20.0544,152.1724,203.8745
6039.34239186,42165.048168,0.0007697, 12.9763, 20.0514,152.4824,203.6859
6040.34000968,42165.329157,0.0007516, 12.9759, 20.0454,152.1155,204.1769
6041.33761672,42165.613737,0.0007373, 12.9755, 20.0366,151.1917,205.2254
6041.33761865,42165.613712,0.0007373, 12.9755, 20.0366,151.1917,205.2261
6042.33521889,42165.838071,0.0007295, 12.9755, 20.0258,149.9358,206.6081
6043.33281160,42165.964698,0.0007292, 12.9759, 20.0139,148.6080,208.0623
6044.33040113,42165.977295,0.0007359, 12.9768, 20.0018,147.4333,209.3642
6047.32315961,42165.347144,0.0007847, 12.9813, 19.9724,146.0091,211.1699
6048.32073667,42164.955376,0.0008058, 12.9830, 19.9664,146.3416,210.9604
6049.31832273,42164.512371,0.0008269, 12.9844, 19.9625,147.0532,210.3742
6051.31348669,42163.660260,0.0008628, 12.9862, 19.9587,149.4274,208.2467
6051.31349111,42163.660268,0.0008628, 12.9862, 19.9587,149.4273,208.2484
6052.31106621,42163.384826,0.0008737, 12.9863, 19.9570,150.9294,206.8677
6053.30863504,42163.307685,0.0008774, 12.9860, 19.9540,152.4657,205.4527
6054.30619466,42163.474549,0.0008731, 12.9855, 19.9486,153.8476,204.1920
6055.30374417,42163.867817,0.0008619, 12.9850, 19.9403,154.8659,203.2955
6056.30128280,42164.385826,0.0008476, 12.9848, 19.9292,155.3597,202.9240
6059.29385685,42164.998807,0.0008393, 12.9879, 19.8908,154.5842,204.0692
6060.29137756,42164.561887,0.0008559, 12.9899, 19.8812,154.6203,204.1555
6061.28890058,42163.903519,0.0008768, 12.9921, 19.8746,155.2048,203.6924
6062.28642648,42163.194627,0.0008961, 12.9940, 19.8709,156.2822,202.7356
6063.28396083,42162.595473,0.0009087, 12.9954, 19.8692,157.6524,201.4879
6064.28149121,42162.210100,0.0009115, 12.9962, 19.8682,159.0629,200.1986
6065.27901817,42162.070738,0.0009044, 12.9964, 19.8665,160.2679,199.1154
6066.27653912,42162.146968,0.0008895, 12.9961, 19.8628,161.0707,198.4354
6067.27405156,42162.369473,0.0008704, 12.9956, 19.8565,161.3533,198.2766
6068.27155475,42162.654994,0.0008513, 12.9951, 19.8473,161.0997,198.6551
6068.27155484,42162.654992,0.0008513, 12.9951, 19.8473,161.0997,198.6552
6069.26904854,42162.927844,0.0008361, 12.9949, 19.8357,160.4021,199.4784
6070.26653646,42163.131349,0.0008271, 12.9950, 19.8226,159.4343,200.5732
6071.26402002,42163.232011,0.0008253, 12.9957, 19.8089,158.4027,201.7325
6072.26150056,42163.215405,0.0008303, 12.9968, 19.7956,157.4901,202.7733
6073.25897815,42163.082092,0.0008410, 12.9982, 19.7835,156.8257,203.5654
6074.25645556,42162.841621,0.0008560, 12.9998, 19.7731,156.4780,204.0406
6075.25393335,42162.509760,0.0008740, 13.0015, 19.7647,156.4727,204.1730
6076.25140308,42162.108709,0.0008936, 13.0031, 19.7584,156.8084,203.9608
6077.24888147,42161.669455,0.0009134, 13.0044, 19.7538,157.4716,203.4235
6078.24635622,42161.236220,0.0009321, 13.0052, 19.7504,158.4393,202.5801
6079.24381950,42160.869510,0.0009476, 13.0056, 19.7473,159.6731,201.4667
6080.24128578,42160.644746,0.0009577, 13.0056, 19.7435,161.0967,200.1658
6081.23874134,42160.637593,0.0009603, 13.0052, 19.7379,162.5829,198.8009
6082.23618719,42160.891582,0.0009540, 13.0047, 19.7295,163.9404,197.5649
6083.23361928,42161.373870,0.0009401, 13.0044, 19.7181,164.9393,196.6868
6084.23103958,42161.946047,0.0009233, 13.0046, 19.7043,165.3930,196.3540
6084.23104143,42161.946006,0.0009233, 13.0046, 19.7043,165.3930,196.3547
6085.22845362,42162.393577,0.0009107, 13.0056, 19.6894,165.2968,196.5722
6088.22069003,42161.667848,0.0009379, 13.0117, 19.6543,164.8504,197.3851
6089.21810710,42160.949778,0.0009587, 13.0139, 19.6485,165.5782,196.7780
6090.21552947,42160.283198,0.0009752, 13.0157, 19.6451,166.7117,195.7657
6091.21295008,42159.796550,0.0009831, 13.0168, 19.6426,168.0317,194.5660
6091.21295015,42159.796550,0.0009831, 13.0168, 19.6426,168.0317,194.5661
6092.21036767,42159.542591,0.0009810, 13.0174, 19.6399,169.3156,193.4028
6094.20518538,42159.653539,0.0009526, 13.0171, 19.6286,171.0733,191.8891
6096.19996910,42160.176523,0.0009124, 13.0167, 19.6072,171.1533,192.0570
6097.19734844,42160.423735,0.0008965, 13.0169, 19.5934,170.6080,192.7275
6098.19471510,42160.593691,0.0008865, 13.0177, 19.5787,169.8343,193.6244
6099.19208517,42160.657417,0.0008832, 13.0188, 19.5641,168.9948,194.5901
6100.18945158,42160.603632,0.0008866, 13.0204, 19.5504,168.2444,195.4662
6101.18681826,42160.434571,0.0008956, 13.0222, 19.5382,167.6979,196.1386
6102.18418161,42160.162668,0.0009090, 13.0242, 19.5280,167.4210,196.5399
6102.18418443,42160.162670,0.0009090, 13.0242, 19.5280,167.4210,196.5409
6104.17891676,42159.398357,0.0009435, 13.0277, 19.5136,167.7683,196.4422
6105.17628395,42158.966794,0.0009620, 13.0291, 19.5087,168.3882,195.9462
6106.17364669,42158.559485,0.0009795, 13.0299, 19.5045,169.2907,195.1660
6106.17366865,42158.559521,0.0009795, 13.0299, 19.5045,169.2904,195.1742
6108.16835397,42158.065450,0.0010032, 13.0304, 19.4944,171.7986,192.8993
6109.16569179,42158.120549,0.0010048, 13.0302, 19.4866,173.2393,191.5770
6110.16301805,42158.437604,0.0009973, 13.0302, 19.4761,174.5885,190.3457
6113.15494437,42159.965948,0.0009493, 13.0331, 19.4325,175.9362,189.3556
6116.14684917,42158.850654,0.0009816, 13.0410, 19.4014,175.5384,190.1085
6116.14685106,42158.850675,0.0009816, 13.0410, 19.4014,175.5384,190.1092
6117.14415868,42158.090600,0.0010023, 13.0433, 19.3973,176.3709,189.3930
6119.13878172,42157.090231,0.0010192, 13.0462, 19.3923,178.9109,187.0878
6120.13608242,42156.953622,0.0010122, 13.0467, 19.3884,180.1536,185.9614
6121.13338589,42157.016304,0.0009971, 13.0468, 19.3823,181.1446,185.0911
6122.13067633,42157.211278,0.0009768, 13.0469, 19.3736,181.7842,184.5716
6124.12522521,42157.728104,0.0009343, 13.0475, 19.3492,181.8928,184.7032
6125.12249026,42157.938368,0.0009177, 13.0484, 19.3349,181.4430,185.2744
6126.11975097,42158.062833,0.0009068, 13.0498, 19.3205,180.7872,186.0520
6127.11700740,42158.079141,0.0009023, 13.0516, 19.3067,180.0631,186.8973
6128.11426233,42157.978681,0.0009043, 13.0537, 19.2943,179.4019,187.6795
6129.11151151,42157.766342,0.0009118, 13.0560, 19.2837,178.9144,188.2856
6130.10876570,42157.457245,0.0009238, 13.0582, 19.2753,178.6662,188.6534
6131.10602275,42157.075933,0.0009390, 13.0603, 19.2687,178.6962,188.7434
6132.10328094,42156.654660,0.0009558, 13.0621, 19.2637,179.0092,188.5502
6133.10053261,42156.232937,0.0009730, 13.0634, 19.2596,179.6039,188.0728
6134.09778480,42155.858670,0.0009890, 13.0643, 19.2556,180.4678,187.3269
6135.09502696,42155.588603,0.0010019, 13.0649, 19.2509,181.5763,186.3340
6135.09502828,42155.588603,0.0010019, 13.0649, 19.2509,181.5762,186.3344
6137.08948665,42155.603081,0.0010098, 13.0653, 19.2359,184.2771,183.8624
6138.08669608,42155.962835,0.0010012, 13.0657, 19.2247,185.6054,182.6463
6139.08390402,42156.506366,0.0009846, 13.0666, 19.2113,186.6278,181.7392
6140.08109081,42157.067741,0.0009649, 13.0682, 19.1969,187.1080,181.3697
6140.08109304,42157.067711,0.0009649, 13.0682, 19.1969,187.1080,181.3705
6141.07828471,42157.402388,0.0009506, 13.0706, 19.1833,186.9770,181.6156
6143.07267030,42156.772054,0.0009631, 13.0766, 19.1645,186.2037,182.6145
6143.07267168,42156.772072,0.0009631, 13.0766, 19.1645,186.2037,182.6150
6145.06707284,42155.194615,0.0010054, 13.0819, 19.1591,187.3707,181.6694
6146.06427486,42154.622646,0.0010165, 13.0835, 19.1585,188.6699,180.4802
6147.06147918,42154.333090,0.0010157, 13.0845, 19.1569,190.0838,179.1788
6148.05867689,42154.296997,0.0010041, 13.0850, 19.1531,191.3719,178.0040
6149.05586273,42154.439094,0.0009848, 13.0853, 19.1466,192.3756,177.1134
6150.05304004,42154.677532,0.0009614, 13.0856, 19.1375,193.0119,176.5912
6151.05021004,42154.942077,0.0009375, 13.0862, 19.1262,193.2590,176.4592
6151.05021062,42154.942072,0.0009375, 13.0862, 19.1262,193.2590,176.4594
6152.04737159,42155.178624,0.0009158, 13.0872, 19.1137,193.1450,176.6884
6153.04452754,42155.347753,0.0008984, 13.0886, 19.1006,192.7375,177.2110
6154.04168067,42155.422588,0.0008866, 13.0904, 19.0881,192.1355,177.9283
6156.03598164,42155.237947,0.0008817, 13.0950, 19.0671,190.8147,179.4785
6157.03313243,42154.980595,0.0008879, 13.0974, 19.0595,190.3167,180.0904
6158.03028507,42154.633699,0.0008988, 13.0996, 19.0539,190.0392,180.4816
6159.02743553,42154.226271,0.0009129, 13.1016, 19.0500,190.0304,180.6026
6160.02458428,42153.796915,0.0009288, 13.1031, 19.0471,190.3127,180.4315
6161.02173199,42153.391984,0.0009448, 13.1043, 19.0446,190.8876,179.9677
6162.01886914,42153.063384,0.0009592, 13.1050, 19.0415,191.7404,179.2230
6163.01600309,42152.865433,0.0009701, 13.1054, 19.0371,192.8379,178.2343
6164.01312690,42152.848099,0.0009753, 13.1056, 19.0308,194.1202,177.0595
6165.01023818,42153.043678,0.0009731, 13.1060, 19.0221,195.4842,175.8015
6166.00734105,42153.443566,0.0009627, 13.1067, 19.0112,196.7663,174.6257
6167.00443367,42153.969050,0.0009453, 13.1079, 18.9989,197.7426,173.7548
6168.00152006,42154.455189,0.0009258, 13.1099, 18.9864,198.1864,173.4163
6168.00152193,42154.455177,0.0009258, 13.1099, 18.9864,198.1864,173.4170
6171.98988238,42153.058165,0.0009451, 13.1212, 18.9626,197.2909,174.7286
6171.98988555,42153.058233,0.0009451, 13.1212, 18.9626,197.2909,174.7298
6173.98407644,42151.769692,0.0009736, 13.1243, 18.9647,199.5780,172.6435
6176.97532331,42151.826166,0.0009310, 13.1252, 18.9541,203.6152,168.9127
6178.96944858,42152.381014,0.0008783, 13.1263, 18.9344,204.5612,168.1762
6180.96355129,42152.737296,0.0008365, 13.1290, 18.9117,204.0178,168.9303
6181.96059455,42152.770169,0.0008237, 13.1309, 18.9014,203.3864,169.6654
6183.95468937,42152.501426,0.0008164, 13.1352, 18.8859,201.9460,171.3150
6184.95173141,42152.209041,0.0008215, 13.1373, 18.8811,201.3560,172.0063
6185.94877577,42151.835337,0.0008313, 13.1392, 18.8780,200.9793,172.4842
6188.93989685,42150.617892,0.0008749, 13.1421, 18.8733,201.6817,172.0796
6188.93990311,42150.617963,0.0008749, 13.1421, 18.8733,201.6816,172.0820
6189.93692926,42150.356114,0.0008878, 13.1423, 18.8705,202.5677,171.2918
6191.93096419,42150.354586,0.0008980, 13.1423, 18.8587,205.0591,168.9931
6192.92797482,42150.652217,0.0008923, 13.1426, 18.8495,206.4402,167.7103
6193.92496727,42151.102999,0.0008790, 13.1434, 18.8386,207.6795,166.5655
6194.92195666,42151.598898,0.0008605, 13.1447, 18.8271,208.5510,165.7895
6195.91893924,42151.977987,0.0008416, 13.1467, 18.8164,208.8549,165.5797
6196.91592245,42152.068526,0.0008291, 13.1491, 18.8078,208.5540,165.9745
6197.91290430,42151.770343,0.0008287, 13.1517, 18.8024,207.9108,166.7091
6197.91290596,42151.770367,0.0008287, 13.1517, 18.8024,207.9108,166.7097
6198.90989376,42151.129653,0.0008409, 13.1542, 18.8005,207.4351,167.2761
6200.90388237,42149.639278,0.0008769, 13.1573, 18.8031,208.4885,166.4021
6201.90087270,42149.206442,0.0008837, 13.1578, 18.8042,209.9595,165.0196
6203.89482931,42149.218349,0.0008590, 13.1575, 18.7985,213.2554,161.9014
6204.89179428,42149.497880,0.0008330, 13.1574, 18.7910,214.5154,160.7315
6204.89179545,42149.497874,0.0008330, 13.1574, 18.7910,214.5154,160.7320
6207.88265128,42150.334991,0.0007506, 13.1592, 18.7590,215.4670,160.0551
6208.87958957,42150.452232,0.0007307, 13.1607, 18.7484,214.9559,160.6556
6209.87652828,42150.458384,0.0007167, 13.1624, 18.7392,214.1923,161.5086
6211.87041504,42150.137867,0.0007070, 13.1660, 18.7263,212.3895,163.4912
6212.86735604,42149.829140,0.0007109, 13.1675, 18.7226,211.5920,164.3761
6213.86429788,42149.449196,0.0007198, 13.1687, 18.7204,211.0169,165.0379
6215.85816708,42148.638738,0.0007471, 13.1698, 18.7174,210.9046,165.3176
6216.85509853,42148.323419,0.0007614, 13.1697, 18.7148,211.4739,164.8317
6217.85202054,42148.154099,0.0007727, 13.1694, 18.7104,212.4533,163.9342
6218.84893328,42148.181688,0.0007784, 13.1690, 18.7037,213.7641,162.7044
6219.84583645,42148.423380,0.0007765, 13.1688, 18.6945,215.2633,161.2856
6220.84272680,42148.845294,0.0007664, 13.1690, 18.6835,216.7458,159.8818
6221.83961068,42149.354774,0.0007496, 13.1698, 18.6714,217.9558,158.7503
6223.83337068,42150.061001,0.0007120, 13.1731, 18.6495,218.6307,158.2320
6224.83025212,42149.990677,0.0007023, 13.1753, 18.6420,218.0110,158.9291
6225.82713753,42149.582434,0.0007041, 13.1774, 18.6376,217.1578,159.8587
6226.82402719,42148.935540,0.0007160, 13.1791, 18.6360,216.6133,160.4784
6229.81468374,42147.370585,0.0007482, 13.1806, 18.6352,219.3918,157.9152
6229.81468476,42147.370588,0.0007482, 13.1806, 18.6352,219.3918,157.9156
6230.81155965,42147.358526,0.0007392, 13.1802, 18.6312,221.2894,156.0895
6236.79266338,42148.925524,0.0005844, 13.1826, 18.5662,224.8781,152.9395
6237.78950723,42148.916070,0.0005696, 13.1842, 18.5567,223.7776,154.1134
6238.78634179,42148.793745,0.0005611, 13.1858, 18.5490,222.4788,155.4810
6240.78002718,42148.261285,0.0005622, 13.1884, 18.5390,219.9243,158.1752
6241.77686891,42147.895084,0.0005706, 13.1892, 18.5358,218.9804,159.1870
6242.77370741,42147.511227,0.0005830, 13.1895, 18.5328,218.4520,159.7818
6243.77054430,42147.165835,0.0005974, 13.1894, 18.5293,218.4519,159.8479
6244.76736773,42146.928831,0.0006112, 13.1890, 18.5242,219.0401,159.3219
6245.76418881,42146.871351,0.0006212, 13.1884, 18.5170,220.1956,158.2298
6246.76099654,42147.042807,0.0006243, 13.1880, 18.5071,221.7954,156.6909
6247.75779742,42147.440630,0.0006186, 13.1880, 18.4950,223.6028,154.9448
6248.75458866,42147.989260,0.0006042, 13.1885, 18.4815,225.2766,153.3311
6249.75137150,42148.545077,0.0005839, 13.1897, 18.4678,226.4189,152.2473
6250.74815852,42148.936816,0.0005630, 13.1914, 18.4553,226.6966,152.0299
6251.74494379,42149.031317,0.0005478, 13.1934, 18.4452,226.0334,152.7514
6252.74173051,42148.788252,0.0005426, 13.1955, 18.4380,224.7640,154.0773
6253.73852361,42148.277363,0.0005482, 13.1973, 18.4337,223.5389,155.3587
6254.73531680,42147.648723,0.0005609, 13.1987, 18.4313,222.9758,155.9757
6255.73211121,42147.073569,0.0005741, 13.1994, 18.4296,223.3685,155.6361
6256.72889933,42146.687961,0.0005819, 13.1994, 18.4270,224.6623,154.3935
6257.72568232,42146.557654,0.0005800, 13.1991, 18.4224,226.5854,152.5215
6258.72245591,42146.673577,0.0005673, 13.1986, 18.4148,228.7800,150.3775
6259.71923054,42146.970112,0.0005453, 13.1982, 18.4044,230.8811,148.3307
6260.71598839,42147.356212,0.0005170, 13.1982, 18.3917,232.5650,146.6982
6261.71274119,42147.743606,0.0004863, 13.1987, 18.3776,233.5792,145.7358
6262.70950085,42148.064928,0.0004565, 13.1997, 18.3634,233.7742,145.5962
6263.70624625,42148.280285,0.0004305, 13.2011, 18.3500,233.1219,146.2988
6264.70299939,42148.373087,0.0004100, 13.2027, 18.3380,231.7148,147.7584
6265.69974427,42148.344168,0.0003958, 13.2045, 18.3280,229.7478,149.7737
6266.69649551,42148.204480,0.0003884, 13.2062, 18.3198,227.4777,152.0927
6267.69324982,42147.971649,0.0003873, 13.2077, 18.3134,225.1830,154.4360
6268.69000187,42147.668801,0.0003920, 13.2088, 18.3082,223.1306,156.5347
6273.67370564,42146.630265,0.0004500, 13.2090, 18.2757,222.8415,157.0345
6273.67370958,42146.630216,0.0004500, 13.2090, 18.2757,222.8413,157.0361
6275.66712526,42147.477867,0.0004402, 13.2095, 18.2489,227.2394,152.7096
6276.66381369,42148.124311,0.0004215, 13.2107, 18.2339,229.1092,150.8713
6277.66050277,42148.686314,0.0003985, 13.2126, 18.2195,229.8657,150.1470
6278.65719777,42148.970633,0.0003786, 13.2149, 18.2073,229.0313,151.0148
6279.65389673,42148.880442,0.0003686, 13.2173, 18.1982,226.8336,153.2448
6280.65059958,42148.461310,0.0003711, 13.2196, 18.1920,224.3171,155.7921
6281.64730711,42147.868054,0.0003828, 13.2214, 18.1882,222.6520,157.4868
6282.64401664,42147.285635,0.0003969, 13.2225, 18.1854,222.3910,157.7765
6283.64072384,42146.860104,0.0004067, 13.2231, 18.1822,223.4453,156.7496
6286.63080503,42146.956327,0.0003817, 13.2229, 18.1595,230.4513,149.8219
6287.62748513,42147.321419,0.0003568, 13.2231, 18.1468,232.6610,147.6386
6288.62415590,42147.729131,0.0003278, 13.2237, 18.1325,234.1429,146.1820
6290.61750102,42148.401880,0.0002702, 13.2263, 18.1033,233.4945,146.8847
6290.61750136,42148.401876,0.0002702, 13.2263, 18.1033,233.4945,146.8849
6291.61417348,42148.581510,0.0002474, 13.2282, 18.0902,230.9240,149.4818
6293.60752113,42148.568417,0.0002232, 13.2324, 18.0695,222.1619,158.2933
6294.60419539,42148.397669,0.0002228, 13.2343, 18.0620,217.2526,163.2248
6295.60087064,42148.147027,0.0002291, 13.2359, 18.0560,212.9681,167.5301
6297.59422096,42147.531824,0.0002553, 13.2379, 18.0459,207.8867,172.6495
6298.59089295,42147.249569,0.0002711, 13.2383, 18.0403,207.2862,173.2671
6300.58421676,42147.019947,0.0002964, 13.2385, 18.0245,209.4896,171.0925
6301.58086663,42147.201976,0.0003002, 13.2386, 18.0133,211.8544,168.7399
6302.57750532,42147.632344,0.0002947, 13.2392, 17.9999,214.5441,166.0600
6303.57414020,42148.264516,0.0002793, 13.2404, 17.9853,216.8500,163.7642
6304.57076941,42148.946506,0.0002571, 13.2423, 17.9706,217.7031,162.9199
6305.56740208,42149.450254,0.0002358, 13.2448, 17.9575,215.9388,164.6935
6306.56404006,42149.578973,0.0002249, 13.2477, 17.9473,211.4674,169.1740
6307.56068250,42149.287010,0.0002301, 13.2504, 17.9406,206.4098,174.2389
6308.55732663,42148.708345,0.0002471, 13.2528, 17.9367,203.3707,177.2824
6309.55397773,42148.068666,0.0002664, 13.2546, 17.9345,203.0087,177.6485
6310.55062171,42147.565866,0.0002795, 13.2557, 17.9323,204.5474,176.1103
6311.54727212,42147.305633,0.0002822, 13.2562, 17.9287,207.0135,173.6476
6312.54392023,42147.301697,0.0002739, 13.2565, 17.9226,209.6426,171.0228
6312.54392083,42147.301694,0.0002739, 13.2565, 17.9226,209.6426,171.0230
6314.53717455,42147.853723,0.0002323, 13.2570, 17.9025,213.0172,167.6491
6315.53379274,42148.260134,0.0002053, 13.2577, 17.8894,212.5678,168.0990
6316.53041837,42148.658624,0.0001792, 13.2589, 17.8755,209.7454,170.9257
6317.52703449,42148.994442,0.0001581, 13.2606, 17.8618,203.9785,176.6935
6317.52703475,42148.994439,0.0001581, 13.2606, 17.8618,203.9785,176.6936
6318.52365221,42149.229617,0.0001456, 13.2626, 17.8491,195.4897,185.1832
6319.52027110,42149.344003,0.0001439, 13.2649, 17.8380,185.9642,194.7086
6320.51689190,42149.334218,0.0001521, 13.2672, 17.8288,177.7664,202.9049
6321.51351922,42149.211274,0.0001673, 13.2694, 17.8216,172.2192,208.4509
6322.51013792,42148.997375,0.0001863, 13.2714, 17.8161,169.2995,211.3641
6323.50676504,42148.723157,0.0002066, 13.2729, 17.8116,168.4188,212.2397
6324.50339051,42148.425407,0.0002265, 13.2741, 17.8075,168.9805,211.6709
6325.50000917,42148.146592,0.0002445, 13.2748, 17.8031,170.5307,210.1106
6326.49662697,42147.935290,0.0002592, 13.2753, 17.7977,172.7350,207.8957
6327.49324028,42147.845573,0.0002691, 13.2755, 17.7906,175.3114,205.3076
6328.48984429,42147.932439,0.0002727, 13.2758, 17.7815,177.9481,202.6568
6329.48644252,42148.237769,0.0002684, 13.2763, 17.7703,180.2074,200.3826
6331.47961987,42149.430619,0.0002397, 13.2790, 17.7439,180.6729,199.8838
6332.47620375,42150.066311,0.0002255, 13.2814, 17.7312,177.2580,203.2804
6333.47278660,42150.437802,0.0002233, 13.2842, 17.7207,172.0257,208.4924
6334.46937972,42150.376098,0.0002373, 13.2872, 17.7136,167.8341,212.6640
6335.46597574,42149.898171,0.0002618, 13.2900, 17.7100,166.7954,213.6797
6336.46258194,42149.210936,0.0002862, 13.2922, 17.7090,168.5308,211.9211
6337.45918686,42148.581734,0.0003020, 13.2937, 17.7088,171.5681,208.8578
6339.45239405,42148.113832,0.0002963, 13.2949, 17.7041,176.7420,203.6314
6340.44899232,42148.286269,0.0002792, 13.2951, 17.6978,177.3630,202.9853
6343.43874760,42149.461770,0.0002274, 13.2971, 17.6651,167.2886,212.9829
6344.43533152,42149.824070,0.0002238, 13.2987, 17.6526,161.0783,219.1689
6345.43190947,42150.093289,0.0002297, 13.3006, 17.6410,155.2192,225.0008
6346.42849197,42150.247718,0.0002433, 13.3028, 17.6308,150.7050,229.4879
6347.42507899,42150.279877,0.0002621, 13.3050, 17.6225,147.9099,232.2556
6348.42165740,42150.195209,0.0002838, 13.3072, 17.6160,146.7265,233.4060
6349.41825316,42150.011520,0.0003063, 13.3092, 17.6113,146.8434,233.2601
6350.41485155,42149.757148,0.0003282, 13.3108, 17.6079,147.9257,232.1477
6352.40804705,42149.191916,0.0003658, 13.3128, 17.6021,151.8683,228.1398
6352.40805431,42149.192000,0.0003658, 13.3128, 17.6021,151.8679,228.1428
6353.40464698,42148.973005,0.0003794, 13.3132, 17.5982,154.2827,225.6926
6354.40123163,42148.861887,0.0003884, 13.3134, 17.5929,156.7297,223.2075
6355.39781179,42148.905221,0.0003917, 13.3136, 17.5857,158.9910,220.9070
6357.39095810,42149.570257,0.0003805, 13.3145, 17.5655,161.7830,218.0348
6358.38752446,42150.161204,0.0003689, 13.3158, 17.5534,161.5768,218.1995
6359.38408532,42150.799779,0.0003591, 13.3176, 17.5415,159.9793,219.7535
6360.38064982,42151.303525,0.0003579, 13.3200, 17.5310,157.4299,222.2595
6361.37721629,42151.475010,0.0003697, 13.3227, 17.5233,155.2024,224.4416
6362.37379182,42151.212975,0.0003927, 13.3254, 17.5190,154.6290,224.9688
6363.37037469,42150.604190,0.0004190, 13.3278, 17.5180,156.0327,223.5172
6364.36695889,42149.896065,0.0004391, 13.3295, 17.5189,158.7098,220.7888
6364.36696929,42149.896275,0.0004391, 13.3295, 17.5189,158.7092,220.7932
6366.36014970,42149.132934,0.0004411, 13.3307, 17.5189,163.8394,215.5613
6367.35674177,42149.232738,0.0004254, 13.3307, 17.5150,164.7966,214.5561
6368.35331782,42149.563884,0.0004057, 13.3307, 17.5080,164.2179,215.0836
6370.34645745,42150.469132,0.0003774, 13.3317, 17.4872,159.1321,220.0688
6370.34646015,42150.469115,0.0003774, 13.3317, 17.4872,159.1321,220.0698
6371.34303692,42150.873574,0.0003751, 13.3328, 17.4755,155.7042,223.4512
6372.33960969,42151.181672,0.0003813, 13.3344, 17.4644,152.5496,226.5572
6372.33961394,42151.181664,0.0003813, 13.3344, 17.4644,152.5496,226.5588
6373.33619117,42151.373032,0.0003944, 13.3363, 17.4545,150.1134,228.9465
6375.32936193,42151.393090,0.0004334, 13.3402, 17.4401,147.9687,230.9935
6376.32595379,42151.241632,0.0004557, 13.3420, 17.4356,148.1600,230.7519
6377.32254270,42151.012035,0.0004780, 13.3434, 17.4325,149.0210,229.8372
6378.31913478,42150.739109,0.0004990, 13.3445, 17.4302,150.4023,228.4013
6379.31573695,42150.466770,0.0005176, 13.3451, 17.4279,152.1545,226.5967
6380.31232403,42150.244871,0.0005325, 13.3453, 17.4249,154.1288,224.5638
6381.30890876,42150.125400,0.0005428, 13.3452, 17.4206,156.1680,222.4651
6383.30206568,42150.364605,0.0005463, 13.3450, 17.4060,159.7350,218.7761
6384.29863112,42150.760300,0.0005398, 13.3452, 17.3958,160.8570,217.5898
6384.29863169,42150.760295,0.0005398, 13.3452, 17.3958,160.8570,217.5901
6385.29519508,42151.306908,0.0005300, 13.3459, 17.3844,161.2617,217.1209
6386.29175323,42151.917618,0.0005205, 13.3471, 17.3726,160.8391,217.4773
6387.28831486,42152.453400,0.0005164, 13.3489, 17.3616,159.7336,218.5168
6388.28487880,42152.750535,0.0005223, 13.3511, 17.3528,158.4716,219.7116
6389.28145682,42152.684869,0.0005394, 13.3535, 17.3469,157.8192,220.2983
6390.27803783,42152.251649,0.0005640, 13.3556, 17.3442,158.3293,219.7192
6390.27803844,42152.251660,0.0005640, 13.3556, 17.3442,158.3292,219.7194
6392.27121198,42150.982077,0.0006035, 13.3583, 17.3451,162.2945,215.6084
6393.26780105,42150.613437,0.0006052, 13.3586, 17.3453,164.5468,213.2812
6394.26439308,42150.589741,0.0005936, 13.3584, 17.3430,166.1240,211.6311
6395.26097470,42150.869084,0.0005736, 13.3580, 17.3375,166.6256,211.0552
6399.24727394,42152.692351,0.0005271, 13.3598, 17.2941,159.9424,217.4492
6399.24727499,42152.692345,0.0005271, 13.3598, 17.2941,159.9424,217.4496
6400.24385694,42152.935132,0.0005354, 13.3613, 17.2834,158.0984,219.2232
6402.23702830,42153.035987,0.0005683, 13.3647, 17.2669,156.1659,221.0113
6403.23361900,42152.919926,0.0005891, 13.3662, 17.2614,156.1098,220.9930
6404.23021523,42152.722355,0.0006110, 13.3675, 17.2574,156.5870,220.4408
6405.22681708,42152.474840,0.0006326, 13.3684, 17.2543,157.5173,219.4353
6408.21662124,42151.878464,0.0006822, 13.3687, 17.2438,162.0893,214.6290
6408.21662950,42151.878490,0.0006822, 13.3687, 17.2438,162.0891,214.6322
6409.21321947,42151.902299,0.0006892, 13.3682, 17.2375,163.8138,212.8248
6413.19956282,42153.672850,0.0006641, 13.3687, 17.1939,167.4864,208.8229
6415.19272738,42154.576838,0.0006582, 13.3718, 17.1710,166.3491,209.7912
6418.18252114,42153.786908,0.0007134, 13.3775, 17.1553,166.8135,209.0658
6418.18253419,42153.787091,0.0007134, 13.3775, 17.1553,166.8131,209.0708
6420.17576962,42152.775869,0.0007425, 13.3789, 17.1539,170.3276,205.3782
6421.17238033,42152.644379,0.0007381, 13.3787, 17.1516,172.0904,203.5224
6423.16559808,42153.269219,0.0006985, 13.3777, 17.1381,173.6079,201.8226
6426.15540637,42154.811898,0.0006494, 13.3786, 17.1007,170.1492,205.0146
6426.15541214,42154.811830,0.0006494, 13.3786, 17.1007,170.1492,205.0167
6427.15201886,42155.123710,0.0006501, 13.3798, 17.0881,168.5716,206.5064
6429.14524973,42155.320079,0.0006729, 13.3830, 17.0677,166.5038,208.3983
6430.14187148,42155.238594,0.0006910, 13.3846, 17.0602,166.1813,208.6312
6432.13513183,42154.853650,0.0007323, 13.3869, 17.0497,166.8545,207.7765
6433.13176504,42154.619311,0.0007528, 13.3874, 17.0456,167.7469,206.7912
6434.12839562,42154.414070,0.0007714, 13.3876, 17.0413,168.9330,205.5097
6438.11492333,42154.891716,0.0007965, 13.3862, 17.0091,174.7586,199.3024
6439.11154055,42155.459104,0.0007871, 13.3862, 16.9961,175.7613,198.2007
6440.10815758,42156.110548,0.0007748, 13.3868, 16.9821,176.2632,197.6002
6441.10477368,42156.708528,0.0007644, 13.3880, 16.9682,176.2314,197.5326
6442.10140841,42157.103617,0.0007611, 13.3897, 16.9555,175.8243,197.8454
6444.09466209,42156.957602,0.0007844, 13.3937, 16.9376,175.2960,198.1697
6444.09466428,42156.957614,0.0007844, 13.3937, 16.9376,175.2960,198.1705
6446.08795438,42155.965253,0.0008270, 13.3968, 16.9298,176.9246,196.3347
6446.08796948,42155.965376,0.0008270, 13.3968, 16.9298,176.9243,196.3404
6447.08462225,42155.549466,0.0008404, 13.3975, 16.9275,178.4591,194.7001
6449.07792650,42155.501516,0.0008314, 13.3973, 16.9189,181.5501,191.3960
6450.07458039,42155.880151,0.0008108, 13.3968, 16.9105,182.4892,190.3528
6450.07459110,42155.879987,0.0008108, 13.3968, 16.9105,182.4891,190.3569
6454.06117600,42157.874226,0.0007362, 13.3986, 16.8568,180.0477,192.3852
6462.03458404,42157.218423,0.0008524, 13.4084, 16.7926,179.8041,191.8053
6462.03458496,42157.218421,0.0008524, 13.4084, 16.7926,179.8041,191.8057
6466.02133176,42158.280416,0.0008652, 13.4081, 16.7520,185.1635,186.0206
6467.01800882,42158.952047,0.0008526, 13.4087, 16.7374,186.0315,185.0443
6469.01137551,42160.069377,0.0008306, 13.4118, 16.7083,186.2375,184.6247
6471.00474931,42159.994527,0.0008453, 13.4163, 16.6872,185.5704,185.0702
6472.00145365,42159.531453,0.0008660, 13.4185, 16.6809,185.7837,184.7461
6472.99816582,42158.999667,0.0008876, 13.4203, 16.6769,186.5847,183.8328
6472.99817177,42158.999720,0.0008876, 13.4203, 16.6769,186.5846,183.8350
6474.99159970,42158.399573,0.0009089, 13.4221, 16.6702,189.3984,180.7907
6475.98831914,42158.494412,0.0009024, 13.4222, 16.6649,190.9134,179.1617
6476.98503810,42158.832666,0.0008854, 13.4221, 16.6569,192.1620,177.8002
6478.97846798,42159.888572,0.0008357, 13.4223, 16.6329,193.1544,176.5843
6479.97518428,42160.406547,0.0008128, 13.4231, 16.6183,192.7937,176.8354
6480.97189911,42160.813019,0.0007966, 13.4244, 16.6035,191.9979,177.5207
6480.97190654,42160.812937,0.0007966, 13.4244, 16.6035,191.9979,177.5234
6480.97190737,42160.812928,0.0007966, 13.4244, 16.6035,191.9979,177.5237
6481.96863130,42161.068226,0.0007891, 13.4262, 16.5896,190.9881,178.4250
6482.96535850,42161.166000,0.0007902, 13.4283, 16.5773,190.0026,179.3008
6484.95883473,42160.981130,0.0008124, 13.4325, 16.5585,188.7672,180.3158
6484.95883606,42160.981136,0.0008124, 13.4325, 16.5585,188.7672,180.3163
6485.95558454,42160.774860,0.0008294, 13.4342, 16.5517,188.6529,180.3196
6487.94909727,42160.347561,0.0008665, 13.4367, 16.5406,189.3973,179.3518
6488.94585901,42160.210242,0.0008837, 13.4374, 16.5350,190.1940,178.4429
6489.94262061,42160.179510,0.0008980, 13.4377, 16.5284,191.2266,177.2971
6490.93937989,42160.296148,0.0009080, 13.4378, 16.5203,192.4474,175.9621
6491.93613650,42160.592440,0.0009121, 13.4380, 16.5102,193.7856,174.5089
6493.92964155,42161.709665,0.0008994, 13.4390, 16.4845,196.2892,171.7744
6493.92964172,42161.709663,0.0008994, 13.4390, 16.4845,196.2892,171.7744
6494.92639093,42162.381660,0.0008854, 13.4403, 16.4700,197.0696,170.8778
6494.92639619,42162.381585,0.0008854, 13.4403, 16.4700,197.0696,170.8797
6495.92314820,42162.920817,0.0008724, 13.4422, 16.4558,197.3089,170.5244
6497.91666881,42162.986081,0.0008741, 13.4473, 16.4335,196.5957,171.0033
6498.91344068,42162.502487,0.0008924, 13.4500, 16.4270,196.4275,171.0519
6499.91022294,42161.903677,0.0009156, 13.4523, 16.4232,196.8566,170.5022
6500.90701310,42161.415661,0.0009352, 13.4541, 16.4209,197.9067,169.3307
6500.90701412,42161.415672,0.0009352, 13.4541, 16.4209,197.9067,169.3311
6502.90060326,42161.258844,0.0009418, 13.4557, 16.4146,201.0042,165.9903
6503.89739970,42161.580381,0.0009275, 13.4559, 16.4081,202.5047,164.3699
6503.89740795,42161.580325,0.0009275, 13.4559, 16.4081,202.5046,164.3730
6505.89099261,42162.592626,0.0008788, 13.4566, 16.3872,204.3659,162.2742
6505.89099392,42162.592612,0.0008788, 13.4566, 16.3872,204.3659,162.2746
6506.88778584,42163.091282,0.0008532, 13.4575, 16.3740,204.5343,161.9891
6507.88457801,42163.488491,0.0008321, 13.4589, 16.3602,204.2157,162.1906
6508.88138471,42163.744840,0.0008178, 13.4607, 16.3470,203.5346,162.7586
6509.87818909,42163.848106,0.0008117, 13.4629, 16.3351,202.6739,163.5034
6510.87500582,42163.809880,0.0008134, 13.4652, 16.3251,201.8264,164.2365
6511.87182748,42163.660121,0.0008217, 13.4675, 16.3171,201.1505,164.7966
6511.87182769,42163.660123,0.0008217, 13.4675, 16.3171,201.1505,164.7967
6512.86865837,42163.440428,0.0008349, 13.4696, 16.3108,200.7459,165.0858
6514.86233710,42162.976928,0.0008680, 13.4728, 16.3016,200.8800,164.7190
6515.85918402,42162.822311,0.0008845, 13.4737, 16.2972,201.4002,164.0825
6517.85287594,42162.856876,0.0009103, 13.4748, 16.2858,203.1990,162.0477
6518.84971812,42163.101918,0.0009169, 13.4751, 16.2777,204.3919,160.7353
6518.84971850,42163.101916,0.0009169, 13.4751, 16.2777,204.3919,160.7354
6520.84339849,42164.068683,0.0009123, 13.4761, 16.2562,206.9690,157.9191
6521.84023571,42164.694560,0.0009012, 13.4772, 16.2434,208.0551,156.7129
6522.83707466,42165.259182,0.0008873, 13.4789, 16.2304,208.7310,155.9170
6523.83391703,42165.590955,0.0008762, 13.4812, 16.2184,208.8358,155.6919
6526.82448979,42164.476087,0.0009064, 13.4894, 16.1988,207.7390,156.4203
6529.81514722,42163.532083,0.0009492, 13.4937, 16.1964,211.3659,152.4200
6533.80267715,42165.374786,0.0008628, 13.4954, 16.1649,216.6136,146.6802
6535.79645919,42166.011678,0.0008181, 13.4982, 16.1408,216.3682,146.6902
6536.79335569,42166.109360,0.0008055, 13.5003, 16.1300,215.6936,147.2467
6537.79026125,42166.069554,0.0008004, 13.5025, 16.1209,214.8661,147.9567
6538.78717363,42165.919086,0.0008023, 13.5047, 16.1138,214.0541,148.6507
6539.78409714,42165.695871,0.0008100, 13.5068, 16.1084,213.3985,149.1891
6540.78102326,42165.444881,0.0008219, 13.5085, 16.1045,212.9978,149.4706
6541.77795961,42165.214046,0.0008361, 13.5099, 16.1015,212.9054,149.4452
6543.77183578,42164.990008,0.0008647, 13.5115, 16.0951,213.6796,148.4317
6543.77183756,42164.990021,0.0008647, 13.5115, 16.0951,213.6796,148.4323
6544.76877718,42165.066363,0.0008759, 13.5118, 16.0905,214.5026,147.4891
6545.76571718,42165.294565,0.0008834, 13.5119, 16.0842,215.5583,146.3134
6546.76265454,42165.673176,0.0008861, 13.5121, 16.0762,216.7790,144.9721
6546.76265518,42165.673173,0.0008861, 13.5121, 16.0762,216.7790,144.9723
6547.75959063,42166.176581,0.0008834, 13.5125, 16.0664,218.0676,143.5630
6548.75652394,42166.746430,0.0008756, 13.5132, 16.0554,219.2835,142.2258
6549.75345728,42167.285410,0.0008637, 13.5144, 16.0436,220.2393,141.1486
6549.75345893,42167.285403,0.0008637, 13.5144, 16.0436,220.2393,141.1492
6550.75039576,42167.662895,0.0008510, 13.5161, 16.0323,220.7289,140.5383
6552.74428649,42167.470906,0.0008427, 13.5208, 16.0154,220.0344,140.9876
6553.74125171,42166.899942,0.0008550, 13.5233, 16.0115,219.3854,141.5143
6554.73821979,42166.242465,0.0008760, 13.5255, 16.0107,219.2468,141.5263
6556.73217575,42165.633541,0.0009096, 13.5279, 16.0124,221.5600,138.9566
6560.72009813,42167.544023,0.0008356, 13.5283, 15.9892,228.9281,131.0905
6561.71709566,42167.972433,0.0008061, 13.5291, 15.9778,229.5671,130.3372
6562.71407215,42168.238558,0.0007807, 13.5303, 15.9664,229.5940,130.1878
6563.71106351,42168.343464,0.0007617, 13.5320, 15.9559,229.1333,130.5298
6564.70806323,42168.308592,0.0007498, 13.5338, 15.9469,228.3568,131.1882
6565.70506712,42168.165999,0.0007448, 13.5357, 15.9398,227.4470,131.9785
6566.70208055,42167.953963,0.0007460, 13.5375, 15.9345,226.5712,132.7352
6566.70208181,42167.953978,0.0007460, 13.5375, 15.9345,226.5712,132.7356
6567.69910588,42167.714963,0.0007523, 13.5390, 15.9307,225.8663,133.3223
6570.69020410,42167.285193,0.0007858, 13.5413, 15.9224,225.6053,133.2253
6570.69020607,42167.285200,0.0007858, 13.5413, 15.9224,225.6053,133.2260
6571.68724166,42167.370616,0.0007964, 13.5413, 15.9184,226.2298,132.4811
6572.68427708,42167.609309,0.0008041, 13.5411, 15.9129,227.1725,131.4179
6573.68131116,42167.995364,0.0008077, 13.5409, 15.9055,228.3619,130.1081
6574.67834510,42168.496269,0.0008065, 13.5408, 15.8963,229.6911,128.6590
6575.67536478,42169.050996,0.0008005, 13.5410, 15.8856,231.0153,127.2102
6576.67239419,42169.571477,0.0007903, 13.5416, 15.8740,232.1506,125.9539
6577.66943258,42169.953160,0.0007779, 13.5427, 15.8624,232.8921,125.0938
6578.66646638,42170.096291,0.0007664, 13.5443, 15.8518,233.0661,124.7978
6580.66055869,42169.510606,0.0007618, 13.5483, 15.8373,231.8145,125.8036
6581.65762631,42168.932176,0.0007736, 13.5503, 15.8344,231.0976,126.3981
6582.65469890,42168.413616,0.0007918, 13.5518, 15.8340,231.0491,126.3215
6584.64884747,42168.280626,0.0008176, 13.5529, 15.8340,233.9280,123.1859
6585.64593308,42168.733747,0.0008125, 13.5526, 15.8310,236.4453,120.5449
6586.64300849,42169.370851,0.0007941, 13.5521, 15.8246,239.0542,117.8113
6587.64008021,42170.015640,0.0007662, 13.5518, 15.8150,241.2819,115.4601
6589.63422979,42170.867378,0.0007033, 13.5528, 15.7910,243.5019,112.9989
6590.63131662,42171.007690,0.0006770, 13.5541, 15.7792,243.4243,112.9592
6590.63131730,42171.007688,0.0006770, 13.5541, 15.7792,243.4243,112.9595
6591.62840485,42170.987349,0.0006573, 13.5556, 15.7688,242.7520,113.5126
6592.62550251,42170.851298,0.0006448, 13.5573, 15.7603,241.7180,114.4281
6593.62260820,42170.647015,0.0006390, 13.5588, 15.7536,240.5554,115.4722
6594.61972496,42170.420148,0.0006389, 13.5602, 15.7484,239.4617,116.4485
6595.61684999,42170.214099,0.0006433, 13.5612, 15.7444,238.5919,117.2013
6596.61397603,42170.071002,0.0006509, 13.5618, 15.7408,238.0585,117.6161
6596.61397650,42170.071003,0.0006509, 13.5618, 15.7408,238.0585,117.6162
6598.60824563,42170.123940,0.0006695, 13.5619, 15.7323,238.2604,117.1796
6599.60538375,42170.371888,0.0006773, 13.5615, 15.7262,239.0238,116.2997
6600.60251967,42170.770680,0.0006821, 13.5610, 15.7182,240.1688,115.0379
6601.59964834,42171.287433,0.0006826, 13.5606, 15.7083,241.5790,113.5091
6602.59677540,42171.855923,0.0006784, 13.5605, 15.6967,243.0770,111.8925
6603.59389828,42172.383442,0.0006696, 13.5608, 15.6840,244.4330,110.4168
6604.59102455,42172.767758,0.0006576, 13.5615, 15.6709,245.3903,109.3405
6605.58815231,42172.923239,0.0006447, 13.5627, 15.6586,245.7254,108.8855
6606.58529235,42172.809983,0.0006343, 13.5644, 15.6478,245.3403,109.1524
6607.58243477,42172.456887,0.0006297, 13.5662, 15.6394,244.3711,110.0005
6608.57958997,42171.966375,0.0006333, 13.5680, 15.6337,243.2346,111.0161
6609.57674661,42171.495262,0.0006446, 13.5695, 15.6304,242.5197,111.6061
6610.57392166,42171.210105,0.0006596, 13.5705, 15.6286,242.7431,111.2609
6611.57110042,42171.228364,0.0006724, 13.5709, 15.6268,244.1317,109.7497
6613.56543077,42172.156338,0.0006705, 13.5701, 15.6172,249.6303,103.9979
6615.55976146,42173.426095,0.0006247, 13.5695, 15.5954,255.5212, 97.8629
6617.55410345,42174.046360,0.0005615, 13.5710, 15.5678,258.1871, 94.9608
6618.55128333,42174.051360,0.0005341, 13.5724, 15.5551,257.9476, 95.0833
6621.54287112,42173.453008,0.0004920, 13.5773, 15.5282,253.6168, 99.0636
6622.54008359,42173.237133,0.0004905, 13.5785, 15.5224,252.0342,100.5297
6623.53731344,42173.088111,0.0004934, 13.5793, 15.5172,250.7927,101.6588
6624.53453113,42173.041144,0.0004993, 13.5797, 15.5120,250.0329,102.3004
6625.53176510,42173.124610,0.0005067, 13.5798, 15.5062,249.8396,102.3805
6626.52900115,42173.357427,0.0005141, 13.5795, 15.4991,250.2453,101.8621
6627.52622735,42173.741197,0.0005199, 13.5792, 15.4903,251.2241,100.7674
6628.52346392,42174.249613,0.0005227, 13.5788, 15.4796,252.6729, 99.2072
6629.52068507,42174.821568,0.0005211, 13.5787, 15.4671,254.3962, 97.3678
6630.51791461,42175.361072,0.0005146, 13.5789, 15.4533,256.0953, 95.5563
6631.51513698,42175.756683,0.0005034, 13.5797, 15.4388,257.3962, 94.1402
6632.51238094,42175.914246,0.0004895, 13.5809, 15.4247,257.9227, 93.5051
6632.51238892,42175.914230,0.0004895, 13.5809, 15.4247,257.9226, 93.5080
6633.50961941,42175.796011,0.0004760, 13.5825, 15.4121,257.4370, 93.8778
6634.50685615,42175.441595,0.0004668, 13.5845, 15.4016,256.0146, 95.1831
6635.50409631,42174.962855,0.0004649, 13.5865, 15.3936,254.1432, 96.9345
6636.50136982,42174.510060,0.0004711, 13.5882, 15.3881,252.5919, 98.3736
6637.49862445,42174.225321,0.0004828, 13.5896, 15.3843,252.0715, 98.7714
6639.49315551,42174.468193,0.0005043, 13.5906, 15.3767,255.2150, 95.3857
6640.49041890,42174.964302,0.0005055, 13.5904, 15.3702,258.5435, 91.9360
6642.48494661,42176.177129,0.0004789, 13.5900, 15.3485,266.3620, 83.8813
6643.48222986,42176.637388,0.0004531, 13.5904, 15.3342,269.7075, 80.4273
6644.47948957,42176.891986,0.0004228, 13.5913, 15.3193,271.9915, 78.0266
6648.46863255,42176.272077,0.0003263, 13.5987, 15.2731,267.6514, 81.9157
6649.46594823,42176.014739,0.0003184, 13.6004, 15.2661,264.6453, 84.8127
6651.46058085,42175.750278,0.0003191, 13.6025, 15.2543,259.7946, 89.4394
6652.45790420,42175.802205,0.0003245, 13.6030, 15.2481,258.5351, 90.5878
6653.45523802,42175.998860,0.0003311, 13.6032, 15.2409,258.1970, 90.8182
6654.45256733,42176.340601,0.0003373, 13.6032, 15.2322,258.7613, 90.1448
6656.44721399,42177.350298,0.0003427, 13.6033, 15.2094,262.0591, 86.6266
6657.44455344,42177.883401,0.0003392, 13.6037, 15.1956,264.2209, 84.3616
6658.44187440,42178.295208,0.0003303, 13.6045, 15.1810,266.0855, 82.3873
6660.43652886,42178.362437,0.0003011, 13.6078, 15.1529,266.2989, 81.9555
6661.43386096,42177.984218,0.0002880, 13.6100, 15.1414,263.7456, 84.3971
6662.43120990,42177.460781,0.0002825, 13.6124, 15.1326,259.9390, 88.0940
6663.42855890,42176.961346,0.0002865, 13.6146, 15.1264,256.3522, 91.5669
6664.42591521,42176.640925,0.0002977, 13.6164, 15.1221,254.4542, 93.3498
6665.42329068,42176.589782,0.0003109, 13.6177, 15.1186,254.8753, 92.8184
6666.42065443,42176.816516,0.0003211, 13.6184, 15.1145,257.4444, 90.1340
6666.42065596,42176.816509,0.0003211, 13.6184, 15.1145,257.4444, 90.1346
6667.41802635,42177.260216,0.0003251, 13.6186, 15.1085,261.6198, 85.8471
6670.41018045,42178.813386,0.0002898, 13.6193, 15.0754,277.5124, 69.6445
6671.40754632,42179.079336,0.0002644, 13.6204, 15.0610,281.8755, 65.1735
6672.40492077,42179.141713,0.0002352, 13.6220, 15.0467,284.7259, 62.2177
6673.40229622,42179.020140,0.0002052, 13.6240, 15.0337,285.4079, 61.4287
6675.39708084,42178.455693,0.0001561, 13.6285, 15.0137,278.2574, 68.3687
6676.39448985,42178.153328,0.0001429, 13.6306, 15.0066,270.8623, 75.6601
6678.38932414,42177.796115,0.0001410, 13.6337, 14.9955,256.2180, 90.0964
6680.38416962,42177.965426,0.0001553, 13.6352, 14.9840,249.8401, 96.2661
6681.38159881,42178.263504,0.0001624, 13.6355, 14.9765,249.7904, 96.2139
6682.37901828,42178.681739,0.0001673, 13.6358, 14.9674,251.2483, 94.6514
6683.37644303,42179.177928,0.0001691, 13.6361, 14.9566,253.7315, 92.0663
6687.36613327,42180.263018,0.0001339, 13.6408, 14.9039,257.6572, 87.7326
6688.36356934,42179.910413,0.0001228, 13.6431, 14.8925,250.2541, 95.0347
6689.36101874,42179.357700,0.0001222, 13.6457, 14.8838,239.3395,105.8490
6690.35846341,42178.782226,0.0001343, 13.6482, 14.8778,230.3703,114.7120
6691.35591865,42178.375066,0.0001526, 13.6505, 14.8742,226.9484,118.0274
6692.35338317,42178.259869,0.0001685, 13.6521, 14.8719,228.5647,116.3054
6693.35084911,42178.454232,0.0001770, 13.6532, 14.8694,233.5714,111.1925
6694.34830996,42178.884323,0.0001763, 13.6537, 14.8652,240.6392,104.0174
6696.34325082,42179.963507,0.0001508, 13.6542, 14.8491,257.3939, 87.0612
6697.34073247,42180.389305,0.0001289, 13.6547, 14.8374,265.6780, 78.6834
6699.33566399,42180.710474,0.0000746, 13.6572, 14.8113,277.4868, 66.6772
6699.33566878,42180.710509,0.0000746, 13.6572, 14.8113,277.4875, 66.6783
6700.33314542,42180.599327,0.0000457, 13.6592, 14.7991,275.1103, 68.9591
6701.33065047,42180.354956,0.0000231, 13.6615, 14.7886,244.1133, 99.8676
6702.32815811,42180.037869,0.0000301, 13.6638, 14.7802,183.2820,160.6085
6703.32566904,42179.715204,0.0000538, 13.6660, 14.7737,168.5061,175.2924
6704.32318164,42179.449431,0.0000771, 13.6679, 14.7687,167.5019,176.2027
6705.32069870,42179.289833,0.0000969, 13.6695, 14.7645,169.8663,173.7441
6706.31822036,42179.267495,0.0001123, 13.6706, 14.7605,173.2848,170.2320
6707.31572950,42179.393984,0.0001230, 13.6713, 14.7558,177.0070,166.4112
6708.31326382,42179.662307,0.0001291, 13.6717, 14.7501,180.6802,162.6488
6709.31078651,42180.047810,0.0001308, 13.6720, 14.7428,184.0402,159.1961
6710.30831448,42180.508290,0.0001288, 13.6722, 14.7338,186.7357,156.4108
6711.30584171,42180.982997,0.0001240, 13.6726, 14.7233,188.2204,154.8370
6712.30336212,42181.392717,0.0001182, 13.6733, 14.7115,187.7048,155.2618
6713.30088585,42181.646193,0.0001146, 13.6745, 14.6991,184.4427,158.4345
6717.29101183,42180.279576,0.0001773, 13.6831, 14.6614,170.0291,172.4812
6718.28857798,42179.772401,0.0002002, 13.6855, 14.6582,173.0762,169.3452
6719.28613089,42179.540420,0.0002137, 13.6873, 14.6571,177.8225,164.5018
6720.28369371,42179.656831,0.0002140, 13.6886, 14.6563,183.2721,158.9572
6721.28126033,42180.067941,0.0002011, 13.6891, 14.6544,188.4666,153.6696
6722.27882697,42180.635458,0.0001781, 13.6893, 14.6499,192.2818,149.7633
6723.27641457,42181.204154,0.0001502, 13.6893, 14.6425,193.1645,148.7998
6726.26911182,42181.989243,0.0001068, 13.6916, 14.6088,163.7941,177.9149
6727.26668490,42181.881471,0.0001219, 13.6933, 14.5973,152.6155,189.0106
6728.26426703,42181.642959,0.0001458, 13.6953, 14.5874,147.1505,194.3941
6729.26186045,42181.331135,0.0001724, 13.6974, 14.5794,145.8420,195.6228
6730.25947195,42181.007600,0.0001982, 13.6994, 14.5733,146.8905,194.4983
6731.25708942,42180.731066,0.0002211, 13.7012, 14.5687,149.1587,192.1540
6732.25469938,42180.551455,0.0002400, 13.7027, 14.5652,151.9946,189.2374
6737.24279714,42181.662462,0.0002649, 13.7046, 14.5402,164.7980,176.0447
6737.24279830,42181.662449,0.0002649, 13.7046, 14.5402,164.7980,176.0452
6741.23326512,42182.848422,0.0002598, 13.7068, 14.4969,163.9406,176.6022
6741.23327026,42182.848442,0.0002598, 13.7068, 14.4969,163.9405,176.6041
6745.22377415,42181.142503,0.0003388, 13.7147, 14.4660,164.4448,175.7907
6745.22377530,42181.142515,0.0003388, 13.7147, 14.4660,164.4447,175.7912
6746.22142827,42180.787150,0.0003553, 13.7165, 14.4644,167.5854,172.5737
6747.21908350,42180.760700,0.0003592, 13.7178, 14.4642,171.3306,168.7502
6748.21673471,42181.081199,0.0003483, 13.7184, 14.4636,174.9451,165.0554
6750.21204592,42182.265720,0.0002955, 13.7181, 14.4552,178.1297,161.7199
6750.21205161,42182.265635,0.0002955, 13.7181, 14.4552,178.1294,161.7222
6752.20736105,42183.111201,0.0002515, 13.7182, 14.4353,171.2819,168.4300
6754.20267358,42183.102882,0.0002604, 13.7203, 14.4116,160.2804,179.2969
6754.20267873,42183.102895,0.0002604, 13.7203, 14.4116,160.2803,179.2989
6756.19802064,42182.538392,0.0003055, 13.7238, 14.3928,155.6449,183.8049
6759.19108622,42181.723344,0.0003738, 13.7284, 14.3773,158.4337,180.8252
6760.18879601,42181.653302,0.0003893, 13.7292, 14.3739,160.4317,178.7684
6761.18650353,42181.728549,0.0003999, 13.7296, 14.3703,162.5688,176.5714
6763.18191563,42182.294853,0.0004068, 13.7295, 14.3600,166.6236,172.3977
6765.17732062,42183.168439,0.0004002, 13.7289, 14.3433,169.4309,169.4743
6766.17502202,42183.562738,0.0003959, 13.7288, 14.3326,170.0623,168.7867
6767.17272136,42183.831640,0.0003939, 13.7291, 14.3208,170.1196,168.6735
6768.17042185,42183.914833,0.0003963, 13.7298, 14.3087,169.7061,169.0317
6774.15672770,42181.816615,0.0004941, 13.7389, 14.2669,174.2335,164.1671
6774.15674814,42181.816508,0.0004941, 13.7389, 14.2669,174.2326,164.1754
6778.14769174,42183.649581,0.0004158, 13.7386, 14.2505,181.8017,156.3835
6778.14770837,42183.649298,0.0004159, 13.7386, 14.2505,181.8012,156.3900
6782.13864124,42183.904726,0.0003918, 13.7411, 14.2020,169.6805,168.3200
6782.13864816,42183.904745,0.0003918, 13.7411, 14.2020,169.6804,168.3225
6784.13415570,42183.187078,0.0004370, 13.7444, 14.1838,167.2727,170.6444
6784.13416926,42183.187150,0.0004370, 13.7444, 14.1838,167.2725,170.6495
6785.13193489,42182.864128,0.0004604, 13.7459, 14.1774,167.5869,170.2936
6785.13193578,42182.864132,0.0004604, 13.7459, 14.1774,167.5869,170.2939
6786.12970902,42182.632885,0.0004812, 13.7471, 14.1723,168.5470,169.2936
6787.12748867,42182.525563,0.0004981, 13.7479, 14.1678,169.9303,167.8716
6789.12304918,42182.738758,0.0005182, 13.7483, 14.1580,173.3172,164.4079
6789.12305099,42182.738736,0.0005182, 13.7483, 14.1580,173.3171,164.4086
6790.12083105,42183.045710,0.0005213, 13.7480, 14.1515,175.0523,162.6364
6791.11860937,42183.443526,0.0005204, 13.7476, 14.1433,176.6394,161.0133
6792.11638711,42183.874264,0.0005167, 13.7472, 14.1335,177.9436,159.6747
6793.11417230,42184.264197,0.0005120, 13.7469, 14.1220,178.8418,158.7466
6794.11194538,42184.537065,0.0005086, 13.7469, 14.1093,179.2619,158.2937
6795.10971947,42184.629190,0.0005087, 13.7474, 14.0961,179.2260,158.2980
6796.10749197,42184.508020,0.0005143, 13.7482, 14.0829,178.8876,158.6041
6797.10526757,42184.183834,0.0005262, 13.7495, 14.0708,178.5154,158.9441
6798.10304596,42183.713698,0.0005437, 13.7511, 14.0603,178.4216,159.0047
6800.09862809,42182.747377,0.0005845, 13.7544, 14.0461,180.0015,157.3593
6801.09643353,42182.489662,0.0005993, 13.7558, 14.0421,181.8156,155.5137
6802.09423808,42182.503906,0.0006045, 13.7566, 14.0392,184.1534,153.1425
6803.09204644,42182.803983,0.0005971, 13.7568, 14.0359,186.6972,150.5667
6804.08985203,42183.318558,0.0005771, 13.7566, 14.0309,188.9730,148.2597
6805.08765463,42183.904152,0.0005481, 13.7561, 14.0230,190.3986,146.8050
6805.08765735,42183.904106,0.0005481, 13.7561, 14.0230,190.3985,146.8060
6806.08545523,42184.394097,0.0005170, 13.7557, 14.0121,190.4448,146.7326
6807.08325399,42184.661909,0.0004923, 13.7557, 13.9988,188.9384,148.2150
6808.08105937,42184.661714,0.0004803, 13.7564, 13.9845,186.3124,150.8210
6812.07230269,42183.232135,0.0005411, 13.7629, 13.9404,179.5683,157.4836
6813.07016185,42182.932038,0.0005628, 13.7643, 13.9338,179.9503,157.0947
6814.06800733,42182.759522,0.0005815, 13.7653, 13.9280,180.8563,156.1763
6815.06584969,42182.731546,0.0005961, 13.7660, 13.9224,182.1112,154.9078
6816.06369439,42182.848767,0.0006062, 13.7662, 13.9162,183.5780,153.4289
6817.06153995,42183.097151,0.0006118, 13.7661, 13.9090,185.1399,151.8565
6817.06154258,42183.097121,0.0006118, 13.7661, 13.9090,185.1398,151.8575
6817.06154452,42183.097100,0.0006118, 13.7661, 13.9090,185.1398,151.8583
6818.05938699,42183.445899,0.0006132, 13.7659, 13.9002,186.6813,150.3070
6819.05722683,42183.844850,0.0006111, 13.7656, 13.8898,188.0754,148.9042
6820.05506385,42184.225162,0.0006069, 13.7654, 13.8777,189.1869,147.7852
6821.05289798,42184.507605,0.0006024, 13.7655, 13.8642,189.8957,147.0696
6822.05073047,42184.618797,0.0006001, 13.7659, 13.8500,190.1442,146.8150
6823.04856363,42184.513014,0.0006023, 13.7668, 13.8357,189.9907,146.9632
6824.04639816,42184.191381,0.0006106, 13.7682, 13.8222,189.6327,147.3158
6826.04208649,42183.163627,0.0006441, 13.7717, 13.8002,189.4756,147.4640
6829.03565100,42182.256191,0.0006907, 13.7764, 13.7823,193.3390,143.5826
6829.03565672,42182.256179,0.0006907, 13.7764, 13.7823,193.3389,143.5848
6831.03137876,42182.806396,0.0006789, 13.7771, 13.7724,197.8692,139.0448
6831.03138859,42182.806285,0.0006789, 13.7771, 13.7724,197.8690,139.0486
6832.02924650,42183.305423,0.0006570, 13.7770, 13.7647,199.8381,137.0769
6832.02925022,42183.305378,0.0006570, 13.7770, 13.7647,199.8381,137.0783
6834.02495436,42184.118778,0.0005990, 13.7768, 13.7410,201.0809,135.8364
6836.02066236,42184.055342,0.0005650, 13.7788, 13.7116,197.8147,139.1137
6839.01426621,42182.757825,0.0006002, 13.7847, 13.6770,192.6356,144.3199
6839.01427609,42182.757957,0.0006002, 13.7847, 13.6770,192.6356,144.3234
6839.01427711,42182.757971,0.0006002, 13.7847, 13.6770,192.6356,144.3238
6841.01004504,42182.093471,0.0006417, 13.7881, 13.6630,192.7598,144.2224
6842.00793496,42181.977051,0.0006586, 13.7892, 13.6570,193.6266,143.3688
6843.00582614,42182.014099,0.0006714, 13.7898, 13.6507,194.8126,142.1972
6845.99949454,42182.828141,0.0006845, 13.7903, 13.6248,199.0749,137.9866
6845.99949597,42182.828129,0.0006845, 13.7903, 13.6248,199.0748,137.9871
6848.99314160,42183.634203,0.0006730, 13.7913, 13.5858,201.8829,135.2422
6849.99101522,42183.577696,0.0006713, 13.7924, 13.5714,201.9832,135.1627
6853.98254891,42181.638433,0.0007207, 13.8002, 13.5262,201.3157,135.9195
6855.97834687,42181.032289,0.0007532, 13.8039, 13.5155,203.7618,133.5183
6855.97835020,42181.032304,0.0007532, 13.8039, 13.5155,203.7618,133.5195
6857.97415183,42181.388336,0.0007531, 13.8055, 13.5061,208.0365,129.2910
6857.97416031,42181.388290,0.0007531, 13.8055, 13.5061,208.0364,129.2942
6858.97205859,42181.805235,0.0007377, 13.8057, 13.4991,210.2141,127.1420
6859.96995771,42182.240397,0.0007141, 13.8058, 13.4896,211.9729,125.4124
6859.96996239,42182.240370,0.0007141, 13.8058, 13.4896,211.9729,125.4141
6860.96785500,42182.580085,0.0006862, 13.8061, 13.4777,212.9806,124.4366
6861.96574075,42182.735102,0.0006591, 13.8068, 13.4640,213.0049,124.4429
6862.96363642,42182.661575,0.0006383, 13.8081, 13.4497,212.0349,125.4487
6863.96153560,42182.371458,0.0006279, 13.8100, 13.4361,210.3621,127.1588
6864.95943449,42181.9