1 12564U 81061  A 84019.76153559 -.00000070 +00000-0 +00000-0 0 02774
2 12564 001.7619 092.3332 0003508 279.2204 080.2558 01.00316497009781
1 12564U 81061  A 84024.74618177 -.00000073 +00000-0 +00000-0 0 02784
2 12564 001.7850 092.3271 0006403 111.5696 248.2198 01.00317975009834
1 12564U 81061  A 84102.49035376 -.00000072 +00000-0 +99999-4 0 02842
2 12564 001.9697 091.2563 0006988 206.2141 154.2487 01.00329633027068
1 12564U 81061  A 84113.45270839 -.00000069 +00000-0 +99999-4 0 02852
2 12564 001.9959 091.1092 0006986 206.5387 153.6036 01.00329394027177
1 12564U 81061  A 84117.44016746 -.00000070 +00000-0 +99999-4 0 02863
2 12564 002.0108 091.6930 0006194 221.8031 137.9730 01.00329013027217
1 12564U 81061  A 84118.43809155 -.00000074 +00000-0 +99999-4 0 02872
2 12564 002.0175 091.3886 0007865 208.5568 151.9875 01.00328809027220
1 12564U 81061  A 84126.40848641 -.00000063 +00000-0 +99999-4 0 02891
2 12564 002.0451 090.7718 0008956 332.9777 026.8645 01.00328614027308
1 12564U 81061  A 84129.39882986 -.00000064 +00000-0 +99999-4 0 02905
2 12564 002.0454 090.8755 0005368 328.4479 031.3946 01.00327662027336
1 12564U 81061  A 84138.36823150 -.00000061 +00000-0 +99999-4 0 02918
2 12564 002.0622 091.7311 0004240 240.4268 118.2438 01.00326490027427
1 12564U 81061  A 84150.32955292 -.00000062 +00000-0 +99999-4 0 02956
2 12564 002.1032 090.7421 0003855 261.1229 098.7324 01.00325089027544
1 12564U 81061  A 84155.31150013 -.00000056 +00000-0 +99999-4 0 02973
2 12564 002.1148 090.7084 0003392 293.4636 065.7441 01.00323392027597
1 12564U 81061  A 84183.22318948 -.00000059 +00000-0 +99999-4 0 03038
2 12564 002.1255 090.4199 0004190 331.9993 028.0799 01.00317274027872
1 12564U 81061  A 84184.21811135 -.00000053 +00000-0 +99999-4 0 03049
2 12564 002.1268 090.5613 0004243 338.3530 020.8801 01.00315726027880
1 12564U 81061  A 84189.20287685 -.00000054 +00000-0 +99999-4 0 03063
2 12564 002.1534 091.2967 0004645 340.7921 017.9011 01.00314806027937
1 12564U 81061  A 84189.20316972 -.00000055 +00000-0 +99999-4 0 03088
2 12564 002.1377 090.7584 0004322 340.2276 019.1137 01.00314276027935
1 12564U 81061  A 84190.20031681 -.00000056 +00000-0 +99999-4 0 03093
2 12564 002.1552 090.0815 0004521 343.0310 017.0817 01.00313639027946
1 12564U 81061  A 84191.19518408 -.00000050 +00000-0 +99999-4 0 03116
2 12564 002.1677 090.1358 0004543 342.3592 016.9860 01.00313418027957
1 12564U 81061  A 84191.19612883 -.00000053 +00000-0 +99999-4 0 03100
2 12564 002.1560 090.3893 0004358 341.5240 017.9048 01.00313268027951
1 12564U 81061  A 84197.17870975 -.00000057 +00000-0 +99999-4 0 03128
2 12564 002.1870 090.9094 0004916 343.6025 015.8292 01.00312039028019
1 12564U 81061  A 84203.16061831 -.00000058 +00000-0 +99999-4 0 03141
2 12564 002.2141 090.4725 0004794 341.1476 018.9427 01.00309272028079
1 12564U 81061  A 84204.15698718 -.00000056 +00000-0 +99999-4 0 03172
2 12564 002.2078 090.9658 0005077 346.3048 013.0830 01.00308953028085
1 12564U 81061  A 84224.09612629 -.00000055 +00000-0 +00000-0 0 03275
2 12564 002.3127 089.9821 0004119 339.9670 020.5933 01.00301701028289
1 12564U 81061  A 84225.09178597 -.00000051 +00000-0 +00000-0 0 03295
2 12564 002.3180 089.9438 0003871 340.9186 019.2048 01.00301212028290
1 12564U 81061  A 84225.09180018 -.00000051 +00000-0 +00000-0 0 03308
2 12564 002.2976 089.4538 0003503 342.0605 018.5483 01.00301021028292
1 12564U 81061  A 84225.09191157 -.00000052 +00000-0 +00000-0 0 03282
2 12564 002.2976 089.4540 0003503 342.0585 018.5904 01.00301021028290
1 12564U 81061  A 84231.07258301 -.00000047 +00000-0 +00000-0 0 03321
2 12564 002.3209 090.6686 0004981 339.5443 019.4664 01.00299057028355
1 12564U 81061  A 84231.07602132 -.00000059 +00000-0 +00000-0 0 03330
2 12564 002.3051 089.6043 0003671 339.7744 021.5634 01.00301650028350
1 12564U 81061  A 84233.06680514 -.00000048 +00000-0 +00000-0 0 03340
2 12564 002.3131 089.3146 0003844 342.1263 018.3396 01.00299133028379
1 12564U 81061  A 84235.06000861 -.00000046 +00000-0 +00000-0 0 03363
2 12564 002.2865 089.6715 0003949 342.4683 017.3504 01.00298382028399
1 12564U 81061  A 84235.06128744 -.00000050 +00000-0 +00000-0 0 03370
2 12564 002.2889 089.7518 0003929 344.2013 016.0024 01.00299003028396
1 12564U 81061  A 84236.05836455 -.00000050 +00000-0 +00000-0 0 03386
2 12564 002.2807 089.7599 0003929 344.8577 015.3649 01.00298598028401
1 12564U 81061  A 84266.97721490 -.00000073 +00000-0 +00000-0 0 03433
2 12564 002.3808 089.6910 0004319 354.2344 009.3925 01.00283906028711
1 12564U 81061  A 84267.96610198 -.00000048 +00000-0 +00000-0 0 03459
2 12564 002.4047 088.4621 0003273 343.8525 018.0193 01.00282613028725
1 12564U 81061  A 84268.96225016 -.00000046 +00000-0 +00000-0 0 03460
2 12564 002.3924 089.5802 0004821 348.4592 011.9534 01.00283197028736
1 12564U 81061  A 84268.96294118 -.00000047 +00000-0 +00000-0 0 03471
2 12564 002.3932 089.2255 0004583 347.5370 013.4737 01.00282758028737
1 12564U 81061  A 84269.95906396 -.00000044 +00000-0 +00000-0 0 03487
2 12564 002.3957 089.3797 0004335 343.5617 016.9036 01.00281326028742
1 12564U 81061  A 84270.95660741 -.00000044 +00000-0 +00000-0 0 03503
2 12564 002.3994 089.3041 0003957 341.1912 019.4648 01.00279895028752
1 12564U 81061  A 84273.94753638 -.00000042 +00000-0 +00000-0 0 03512
2 12564 002.4119 089.2883 0004068 344.3432 016.1072 01.00279875028787
1 12564U 81061  A 84276.93895965 -.00000043 +00000-0 +00000-0 0 03526
2 12564 002.4188 089.6662 0004086 348.8551 011.1842 01.00281352028810
1 12564U 81061  A 84276.94006148 -.00000045 +00000-0 +00000-0 0 03537
2 12564 002.4404 089.6566 0004555 352.1189 008.3432 01.00278673028815
1 12564U 81061  A 84281.92474040 -.00000041 +00000-0 +00000-0 0 03560
2 12564 002.4285 089.0615 0003983 354.2497 006.3191 01.00277409028861
1 12564U 81061  A 84281.92474042 -.00000041 +00000-0 +00000-0 0 03573
2 12564 002.4204 089.1606 0003984 349.5204 010.9625 01.00278720028867
1 12564U 81061  A 84281.92506841 -.00000042 +00000-0 +00000-0 0 03555
2 12564 002.4356 089.0020 0004431 356.3272 004.4263 01.00276961028864
1 12564U 81061  A 84281.92619021 -.00000046 +00000-0 +00000-0 0 03543
2 12564 002.4361 089.0849 0004401 355.9071 005.1780 01.00278192028868
1 12564U 81061  A 84287.90745908 -.00000039 +00000-0 +00000-0 0 03587
2 12564 002.4318 088.8850 0003966 351.2187 009.3362 01.00275866028925
1 12564U 81061  A 84288.90398761 -.00000036 +00000-0 +00000-0 0 03597
2 12564 002.4261 089.0689 0003137 337.3607 022.7407 01.00276155028939
1 12564U 81061  A 84288.90456567 -.00000038 +00000-0 +00000-0 0 03600
2 12564 002.4254 089.1792 0003192 341.6874 018.5091 01.00275742028935
1 12564U 81061  A 84293.89098124 -.00000037 +00000-0 +00000-0 0 03615
2 12564 002.4438 088.9997 0003357 349.6582 010.7700 01.00271509028983
1 12564U 81061  A 84294.88805098 -.00000037 +00000-0 +00000-0 0 03622
2 12564 002.4462 088.9867 0003356 349.6761 010.6912 01.00271083028996
1 12564U 81061  A 84295.88531330 -.00000036 +00000-0 +00000-0 0 03638
2 12564 002.4552 088.9897 0003393 345.9004 014.4489 01.00269801029008
1 12564U 81061  A 84295.88533719 -.00000037 +00000-0 +00000-0 0 03643
2 12564 002.4387 088.9867 0003107 345.7839 014.5743 01.00271307029006
1 12564U 81061  A 84296.88196483 -.00000034 +00000-0 +00000-0 0 03666
2 12564 002.4436 088.7565 0003705 349.6154 010.7411 01.00271244029012
1 12564U 81061  A 84296.88257636 -.00000036 +00000-0 +00000-0 0 03655
2 12564 002.4459 088.6553 0003587 345.7153 014.9627 01.00270465029016
1 12564U 81061  A 84300.87030972 -.00000031 +00000-0 +00000-0 0 03679
2 12564 002.4619 088.0028 0003211 345.2844 015.5175 01.00268356029056
1 12564U 81061  A 84301.86554288 -.00000024 +00000-0 +00000-0 0 03683
2 12564 002.4645 087.9883 0003211 345.3000 014.7682 01.00267932029061
1 12564U 81061  A 84306.85206258 -.00000023 +00000-0 +00000-0 0 03698
2 12564 002.4758 088.0118 0003212 345.7140 014.2994 01.00265620029118
1 12564U 81061  A 84306.85226377 -.00000024 +00000-0 +00000-0 0 03705
2 12564 002.4757 088.0690 0003075 345.0758 014.9508 01.00265661029110
1 12564U 81061  A 84306.85252174 -.00000025 +00000-0 +00000-0 0 03711
2 12564 002.4739 088.1961 0003384 346.6188 013.3816 01.00265767029111
1 12564U 81061  A 84309.84488702 -.00000026 +00000-0 +00000-0 0 03723
2 12564 002.4846 088.1508 0003661 354.8094 005.3975 01.00265551029143
1 12564U 81061  A 84316.82503920 -.00000021 +00000-0 +00000-0 0 03746
2 12564 002.5101 088.2875 0003056 336.9375 022.6378 01.00262829029219
1 12564U 81061  A 84322.80389283 -.00000002 +00000-0 +00000-0 0 03777
2 12564 002.4907 089.2461 0003676 352.4297 004.2274 01.00258950029275
1 12564U 81061  A 84328.79250572 -.00000015 +00000-0 +00000-0 0 03795
2 12564 002.5220 087.8100 0003332 352.6287 006.9720 01.00256797029337
1 12564U 81061  A 84328.79392457 -.00000020 +00000-0 +00000-0 0 03789
2 12564 002.5174 088.3270 0003390 352.3716 007.2246 01.00256812029332
1 12564U 81061  A 84330.78718019 -.00000014 +00000-0 +00000-0 0 03803
2 12564 002.5455 089.0278 0004040 346.0625 012.2432 01.00255456029350
1 12564U 81061  A 84331.78819101 -.00000025 +00000-0 +00000-0 0 03811
2 12564 002.5472 089.0663 0003893 344.0529 015.5008 01.00254691029369
1 12564U 81061  A 84334.78065305 -.00000026 +00000-0 +00000-0 0 03825
2 12564 002.5593 088.7733 0004416 349.9509 009.9631 01.00254951029392
1 12564U 81061  A 84335.77735339 -.00000023 +00000-0 +00000-0 0 03834
2 12564 002.5502 088.5729 0003302 338.9068 020.9254 01.00254722029408
1 12564U 81061  A 84336.77428125 -.00000021 +00000-0 +00000-0 0 03846
2 12564 002.5476 088.7310 0003350 339.7696 019.7201 01.00254299029413
1 12564U 81061  A 84341.76141101 -.00000020 +00000-0 +00000-0 0 03868
2 12564 002.5532 088.8794 0003893 349.2220 010.0669 01.00250179029464
1 12564U 81061  A 84342.75935493 -.00000022 +00000-0 +00000-0 0 03876
2 12564 002.5532 088.9238 0003691 346.9752 012.4434 01.00251103029473
1 12564U 81061  A 84346.74933847 -.00000021 +00000-0 +00000-0 0 03891
2 12564 002.5630 088.8691 0003798 349.2283 010.2555 01.00248264029516
1 12564U 81061  A 84350.73948366 -.00000021 +00000-0 +00000-0 0 03910
2 12564 002.5973 088.3225 0003409 325.6944 034.3529 01.00247969029558
1 12564U 81061  A 84356.72251324 -.00000012 +00000-0 +00000-0 0 03927
2 12564 002.6134 088.5998 0003162 325.6692 033.3352 01.00241516029615
1 12564U 81061  A 84359.71630068 -.00000017 +00000-0 +00000-0 0 03931
2 12564 002.6151 088.5488 0003572 328.9219 030.5458 01.00244690029649
1 12564U 81061  A 84360.71378260 -.00000016 +00000-0 +00000-0 0 03946
2 12564 002.6212 088.7857 0003629 325.1805 034.0293 01.00243259029659
1 12564U 81061  A 85006.68548620 -.00000018 +00000-0 +00000-0 0 03985
2 12564 002.6605 088.4922 0003007 316.8382 042.9508 01.00239888029775
1 12564U 81061  A 85013.66827638 -.00000014 +00000-0 +00000-0 0 03997
2 12564 002.6463 088.6476 0003165 330.5609 028.9139 01.00234303029842
1 12564U 81061  A 85014.66654039 -.00000016 +00000-0 +00000-0 0 04006
2 12564 002.6489 088.6157 0003157 330.5851 029.1453 01.00233955029851
1 12564U 81061  A 85022.64919752 -.00000021 +00000-0 +00000-0 0 04038
2 12564 002.6799 089.0146 0005114 327.4083 032.4049 01.00233974029933
1 12564U 81061  A 85026.63977803 -.00000020 +00000-0 +00000-0 0 04053
2 12564 002.7043 088.8071 0005717 332.3247 027.6754 01.00231314029975
1 12564U 81061  A 85032.62531871 -.00000018 +00000-0 +00000-0 0 04068
2 12564 002.7307 088.5026 0005695 318.9123 041.2671 01.00231058030037
1 12564U 81061  A 85047.58962290 -.00000012 +00000-0 +00000-0 0 04101
2 12564 002.7297 088.0524 0003916 327.3305 032.8082 01.00225420030187
1 12564U 81061  A 85047.59138340 -.00000018 +00000-0 +00000-0 0 04097
2 12564 002.7074 088.3808 0004749 329.8928 030.5283 01.00225638030180
1 12564U 81061  A 85051.58240355 -.00000017 +00000-0 +00000-0 0 04113
2 12564 002.7358 088.4147 0005644 336.7900 023.5691 01.00223285030220
1 12564U 81061  A 85068.54363360 -.00000013 +00000-0 +00000-0 0 04126
2 12564 002.7856 088.2458 0005697 335.6485 024.5434 01.00219208030394
1 12564U 81061  A 85071.53740941 -.00000014 +00000-0 +00000-0 0 04135
2 12564 002.7920 088.2316 0005827 336.0220 024.3182 01.00218621030426
1 12564U 81061  A 85102.46831353 -.00000010 +00000-0 +00000-0 0 04147
2 12564 002.8913 087.8528 0003431 334.5251 025.9437 01.00215753030732
1 12564U 81061  A 85105.46113478 -.00000006 +00000-0 +00000-0 0 04157
2 12564 002.8986 087.8128 0003431 334.6137 025.4945 01.00214797030761
1 12564U 81061  A 85106.45941557 -.00000008 +00000-0 +00000-0 0 04167
2 12564 002.8964 087.7301 0003779 333.9984 026.3499 01.00214753030773
1 12564U 81061  A 85117.43427582 -.00000003 +00000-0 +00000-0 0 04170
2 12564 002.9259 087.4549 0004469 326.1325 034.0028 01.00214920030884
1 12564U 81061  A 85131.40256143  .00000002 +00000-0 +00000-0 0 04208
2 12564 002.9601 087.2681 0004472 326.5572 033.2221 01.00214591031029
1 12564U 81061  A 85136.39168381  .00000002 +00000-0 +00000-0 0 04218
2 12564 002.9711 087.1570 0006087 328.7079 031.1360 01.00214656031075
1 12564U 81061  A 85137.38930306  .00000003 +00000-0 +00000-0 0 04224
2 12564 002.9762 087.0208 0005096 323.8339 036.0778 01.00214673031089
1 12564U 81061  A 85164.32863660  .00000008 +00000-0 +00000-0 0 04254
2 12564 003.0435 087.0052 0008109 343.5225 015.7069 01.00218252031350
1 12564U 81061  A 85166.32401328  .00000009 +00000-0 +00000-0 0 04267
2 12564 003.0484 086.9831 0008134 343.6938 015.4768 01.00218601031370
1 12564U 81061  A 85193.26281249  .00000010 +00000-0 +00000-0 0 04271
2 12564 003.1142 086.7119 0006806 328.0381 031.0396 01.00224399031644
1 12564U 81061  A 85207.23256013  .00000004 +00000-0 +00000-0 0 04289
2 12564 003.1363 086.4104 0006112 357.5711 002.3427 01.00227552031789
1 12564U 81061  A 85217.20716951  .00000011 +00000-0 +00000-0 0 04322
2 12564 003.1593 086.1694 0006641 010.0075 349.3340 01.00231095031882
1 12564U 81061  A 85223.19398030  .00000009 +00000-0 +00000-0 0 04339
2 12564 003.1552 085.8538 0008747 275.7795 084.1724 01.00228944031944
1 12564U 81061  A 85253.11957073  .00000012 +00000-0 +00000-0 0 04369
2 12564 003.2511 085.7307 0006733 017.1308 342.0696 01.00243602032240
1 12564U 81061  A 85255.11804664  .00000002 +00000-0 +00000-0 0 04378
2 12564 003.2594 085.8408 0007420 138.6205 221.5626 01.00244739032261
1 12564U 81061  A 85256.11647119 -.00000003 +00000-0 +00000-0 0 04382
2 12564 003.2581 085.6444 0007709 357.7832 003.0737 01.00244455032277
1 12564U 81061  A 85285.04129461  .00000000 +00000-0 +00000-0 0 04398
2 12564 003.3336 085.4419 0008666 359.5537 000.7600 01.00256375032560
1 12564U 81061  A 85318.94888110  .00000005 +00000-0 +00000-0 0 04437
2 12564 003.4199 085.2175 0007837 330.8369 028.7959 01.00270135032904
1 12564U 81061A   86041.69165270  .00000001 +00000-0 +00000-0 0 04647
2 12564 003.6366 083.8960 0008162 326.7547 033.3952 01.00306295033781
1 12564U 81061A   86154.32359716 -.00000074 +00000-0 +00000-0 0 04744
2 12564 003.9307 083.0567 0006706 193.5489 166.0862 01.00328912034911
1 12564U 81061A   86169.27358025  .00000008 +00000-0 +00000-0 0 04775
2 12564 003.9693 082.7289 0004710 347.8399 011.8762 01.00329609035060
1 12564U 81061A   86239.04532321  .00000015 +00000-0 +00000-0 0 04836
2 12564 004.1580 081.6178 0006567 020.5445 339.9909 01.00316753035762
1 12564U 81061A   86242.03507257  .00000019 +00000-0 +00000-0 0 04866
2 12564 004.1642 081.6065 0005802 019.4412 340.8058 01.00313916035795
1 12564U 81061A   86242.03512604  .00000019 +00000-0 +00000-0 0 04857
2 12564 004.1642 081.6065 0005802 019.4412 340.8251 01.00313916035790
1 12564U 81061A   86243.03194843  .00000018 +00000-0 +00000-0 0 04870
2 12564 004.1646 081.6071 0006476 017.2879 342.9925 01.00315760035804
1 12564U 81061A   86244.02878900  .00000018 +00000-0 +00000-0 0 04884
2 12564 004.1731 081.6622 0006071 015.7783 344.4371 01.00315465035814
1 12564U 81061A   86244.02899864  .00000017 +00000-0 +00000-0 0 04896
2 12564 004.1701 081.5304 0006187 016.7407 343.6876 01.00315185035819
1 12564U 81061A   86257.98435877  .00000022 +00000-0 +99999-4 0 04913
2 12564 004.1777 081.4952 0006702 017.4905 342.6734 01.00309435035952
1 12564U 81061A   86261.97249633  .00000021 +00000-0 +99999-4 0 04920
2 12564 004.2072 081.3921 0006533 016.1810 344.2811 01.00308356035998
1 12564U 81061A   86264.96277668  .00000022 +00000-0 +99999-4 0 04933
2 12564 004.2051 081.3430 0006267 019.2411 341.1103 01.00308252036025
1 12564U 81061A   86265.96031284  .00000020 +00000-0 +99999-4 0 04945
2 12564 004.2179 081.5844 0006623 016.7122 343.6328 01.00307464036035
1 12564U 81061A   86270.94510728  .00000020 +00000-0 +99999-4 0 04966
2 12564 004.2423 081.6807 0006534 014.5206 345.7933 01.00305944036088
1 12564U 81061A   86271.94201636  .00000021 +00000-0 +99999-4 0 04985
2 12564 004.2356 081.5185 0006147 015.0869 345.3671 01.00304822036092
1 12564U 81061A   86275.92943279  .00000023 +00000-0 +00000-0 0 04997
2 12564 004.2464 081.4727 0006184 014.3534 346.0025 01.00301973036135
1 12564U 81061A   86279.91691376  .00000024 +00000-0 +00000-0 0 05002
2 12564 004.2491 081.3387 0006391 013.2967 347.0645 01.00303303036176
1 12564U 81061A   86283.90429270  .00000027 +00000-0 +00000-0 0 05045
2 12564 004.2618 081.3167 0006318 018.2260 341.9366 01.00298951036213
1 12564U 81061A   86287.89195681  .00000028 +00000-0 +00000-0 0 05066
2 12564 004.2691 081.1248 0007692 016.1363 344.1163 01.00298268036254
1 12564U 81061A   86291.87964973  .00000030 +00000-0 +00000-0 0 05071
2 12564 004.2851 081.2458 0006068 018.6541 341.3301 01.00296478036295
1 12564U 81061A   86291.87991594  .00000030 +00000-0 +00000-0 0 05070
2 12564 004.2851 081.2457 0006068 018.6541 341.3301 01.00296478036294
1 12564U 81061A   86296.86488854  .00000030 +00000-0 +00000-0 0 05096
2 12564 004.2962 081.1737 0005826 019.3294 340.7632 01.00295868036349
1 12564U 81061A   86298.85887374  .00000031 +00000-0 +00000-0 0 05111
2 12564 004.3011 081.2582 0005183 016.5827 343.3869 01.00293521036368
1 12564U 81061A   86298.85913867  .00000031 +00000-0 +00000-0 0 05129
2 12564 004.3011 081.2581 0005183 016.5826 343.3869 01.00293521036366
1 12564U 81061A   86302.84739265  .00000031 +00000-0 +00000-0 0 05133
2 12564 004.3121 081.1837 0005232 016.6826 343.4656 01.00292728036405
1 12564U 81061A   86302.84765759  .00000030 +00000-0 +00000-0 0 05139
2 12564 004.3121 081.1836 0005232 016.6825 343.4656 01.00292728036403
1 12564U 81061A   86303.84429074  .00000032 +00000-0 +00000-0 0 05140
2 12564 004.3162 081.1688 0005423 018.0239 342.0770 01.00291705036417
1 12564U 81061A   86306.83513469  .00000034 +00000-0 +00000-0 0 05157
2 12564 004.3285 081.1652 0005631 018.1902 341.7688 01.00289418036448
1 12564U 81061A   86306.83523256  .00000033 +00000-0 +00000-0 0 05162
2 12564 004.3246 081.0710 0005568 019.7743 340.3140 01.00289674036440
1 12564U 81061A   86306.83549750  .00000033 +00000-0 +00000-0 0 05158
2 12564 004.3246 081.0710 0005568 019.7743 340.3140 01.00289674036440
1 12564U 81061A   86307.83194173  .00000035 +00000-0 +00000-0 0 05178
2 12564 004.3258 080.9973 0005480 020.5491 339.4729 01.00289273036453
1 12564U 81061A   86307.83220921  .00000034 +00000-0 +00000-0 0 05178
2 12564 004.3258 080.9972 0005480 020.5490 339.4729 01.00289273036451
1 12564U 81061A   86310.82286818  .00000036 +00000-0 +00000-0 0 05181
2 12564 004.3346 081.0422 0005597 019.7893 340.0559 01.00288576036484
1 12564U 81061A   86310.82313566  .00000036 +00000-0 +00000-0 0 05171
2 12564 004.3346 081.0421 0005597 019.7893 340.0559 01.00288576036483
1 12564U 81061A   86313.81442181  .00000036 +00000-0 +00000-0 0 05191
2 12564 004.3403 081.0762 0005973 017.8196 342.0767 01.00286999036512
1 12564U 81061A   86313.81460527  .00000035 +00000-0 +00000-0 0 05206
2 12564 004.3400 081.0052 0005934 018.5277 341.5050 01.00286832036511
1 12564U 81061A   86313.81468929  .00000035 +00000-0 +00000-0 0 05198
2 12564 004.3403 081.0762 0005973 017.8195 342.0767 01.00286999036511
1 12564U 81061A   86313.81487275  .00000035 +00000-0 +00000-0 0 05193
2 12564 004.3400 081.0051 0005934 018.5276 341.5050 01.00286833036510
1 12564U 81061A   86319.79671726  .00000038 +00000-0 +00000-0 0 05218
2 12564 004.3567 080.9205 0005535 013.3221 346.5584 01.00286772036578
1 12564U 81061A   86319.79698474  .00000037 +00000-0 +00000-0 0 05227
2 12564 004.3567 080.9205 0005535 013.3220 346.5584 01.00286772036577
1 12564U 81061A   86323.78513196  .00000039 +00000-0 +00000-0 0 05242
2 12564 004.3531 080.9925 0005723 014.8795 344.8857 01.00284447036615
1 12564U 81061A   86324.78230640  .00000040 +00000-0 +00000-0 0 05267
2 12564 004.3556 081.0556 0006021 010.5195 349.1937 01.00282007036621
1 12564U 81061A   86324.78257262  .00000039 +00000-0 +00000-0 0 05264
2 12564 004.3556 081.0555 0006021 010.5195 349.1937 01.00282007036620
1 12564U 81061A   86328.77124262  .00000039 +00000-0 +00000-0 0 05282
2 12564 004.3691 080.8778 0005572 014.6745 345.3044 01.00282194036668
1 12564U 81061A   86328.77150883  .00000038 +00000-0 +00000-0 0 05289
2 12564 004.3691 080.8778 0005572 014.6745 345.3044 01.00282195036669
1 12564U 81061A   86329.76802983  .00000041 +00000-0 +00000-0 0 05299
2 12564 004.3711 080.8748 0006005 010.3713 349.4708 01.00280489036676
1 12564U 81061A   86329.76829604  .00000040 +00000-0 +00000-0 0 05297
2 12564 004.3711 080.8748 0006005 010.3712 349.4708 01.00280489036675
1 12564U 81061A   86333.75644887  .00000043 +00000-0 +00000-0 0 05304
2 12564 004.3818 080.8186 0006222 007.6514 352.1104 01.00277236036711
1 12564U 81061A   86334.75353718 -.00000276 +00000-0 +00000-0 0 05315
2 12564 004.3793 080.8342 0004950 019.4726 340.2532 01.00280453036728
1 12564U 81061A   86334.75380339  .00000042 +00000-0 +00000-0 0 05314
2 12564 004.3793 080.8341 0004950 019.4725 340.2532 01.00280453036726
1 12564U 81061A   86340.73660306  .00000045 +00000-0 +00000-0 0 05328
2 12564 004.4007 080.7491 0005626 014.6086 345.0816 01.00274978036787
1 12564U 81061A   86341.73403834 -.00000275 +00000-0 +00000-0 0 05337
2 12564 004.4141 080.7013 0005580 014.9000 344.9106 01.00274611036799
1 12564U 81061A   86341.73430328  .00000044 +00000-0 +00000-0 0 05338
2 12564 004.4141 080.7013 0005580 014.9000 344.9106 01.00274612036790
1 12564U 81061A   86345.72270911  .00000046 +00000-0 +00000-0 0 05344
2 12564 004.4345 080.6366 0005440 016.8610 342.9086 01.00273552036831
1 12564U 81061A   86345.72297405  .00000045 +00000-0 +00000-0 0 05351
2 12564 004.4345 080.6366 0005440 016.8610 342.9086 01.00273553036832
1 12564U 81061A   86354.69781462  .00000048 +00000-0 +00000-0 0 05362
2 12564 004.4732 080.6583 0004987 012.6025 347.0395 01.00270118036925
1 12564U 81061A   86355.69544339  .00000047 +00000-0 +00000-0 0 05373
2 12564 004.4654 080.5924 0004102 007.5384 352.2813 01.00269492036933
1 12564U 81061A   86355.69571088  .00000047 +00000-0 +00000-0 0 05374
2 12564 004.4661 080.5902 0005020 008.5569 351.2596 01.00269685036934
1 12564U 81061A   86359.68447947 -.00000274 +00000-0 +00000-0 0 05398
2 12564 004.4604 080.4388 0005258 010.8978 349.0118 01.00267958036971
1 12564U 81061A   86363.67306337  .00000051 +00000-0 +00000-0 0 05403
2 12564 004.4729 080.4321 0005149 009.8291 349.8399 01.00265989037018
1 12564U 81061A   86363.67333085  .00000051 +00000-0 +00000-0 0 05403
2 12564 004.4729 080.4321 0005149 009.8290 349.8399 01.00265990037019
1 12564U 81061  A 87004.65739009  .00000054 +00000-0 +00000-0 0 05414
2 12564 004.5106 080.6698 0005819 004.1597 355.3225 01.00256655037074
1 12564U 81061  A 87004.65837863  .00000049 +00000-0 +00000-0 0 05426
2 12564 004.4771 080.2777 0004957 017.0240 343.2383 01.00258998037078
1 12564U 81061  A 87004.65864484  .00000049 +00000-0 +00000-0 0 05414
2 12564 004.4771 080.2777 0004957 017.0239 343.2383 01.00258998037076
1 12564U 81061  A 87008.64667863  .00000051 +00000-0 +00000-0 0 05445
2 12564 004.4926 080.2002 0005065 014.7894 345.1175 01.00265707037112
1 12564U 81061  A 87008.64694485  .00000051 +00000-0 +00000-0 0 05456
2 12564 004.4926 080.2001 0005065 014.7893 345.1175 01.00265707037110
1 12564U 81061  A 87009.64372800  .00000053 +00000-0 +00000-0 0 05464
2 12564 004.4954 080.1848 0005111 007.4006 352.4007 01.00263410037121
1 12564U 81061  A 87010.64104622  .00000054 +00000-0 +00000-0 0 05473
2 12564 004.4977 080.1726 0005148 005.1518 354.6446 01.00262740037131
1 12564U 81061  A 87010.64131243  .00000053 +00000-0 +00000-0 0 05471
2 12564 004.4977 080.1725 0005148 005.1518 354.6446 01.00262740037130
1 12564U 81061  A 87017.62300659  .00000055 +00000-0 +00000-0 0 05499
2 12564 004.5135 080.1010 0005022 014.4646 345.4732 01.00257698037200
1 12564U 81061  A 87017.62303902 -.00000266 +00000-0 +00000-0 0 05522
2 12564 004.5138 080.1034 0005028 004.2842 355.6523 01.00257566037205
1 12564U 81061  A 87017.62330515  .00000054 +00000-0 +00000-0 0 05504
2 12564 004.5138 080.1034 0005028 004.2841 355.6523 01.00257566037204
1 12564U 81061  A 87020.61572286  .00000054 +00000-0 +00000-0 0 05522
2 12564 004.5238 080.1050 0005191 002.6598 357.3332 01.00256368037234
1 12564U 81061  A 87025.60224884 -.00000262 +00000-0 +00000-0 0 05537
2 12564 004.5316 080.0308 0005221 002.3412 357.5867 01.00253995037285
1 12564U 81061  A 87025.60251497  .00000056 +00000-0 +00000-0 0 05537
2 12564 004.5316 080.0308 0005221 002.3411 357.5867 01.00253995037284
1 12564U 81061  A 87029.59236334 -.00000259 +00000-0 +00000-0 0 05550
2 12564 004.5493 080.0390 0005220 001.0121 358.9925 01.00249870037326
1 12564U 81061  A 87029.59262947  .00000057 +00000-0 +00000-0 0 05543
2 12564 004.5493 080.0389 0005220 001.0121 358.9925 01.00249871037325
1 12564U 81061  A 87034.58020068  .00000055 +00000-0 +00000-0 0 05553
2 12564 004.5681 080.0946 0005374 356.9713 003.0315 01.00251726037370
1 12564U 81061  A 87036.57481256 -.00000256 +00000-0 +00000-0 0 05581
2 12564 004.5688 079.9877 0005302 006.6947 353.3830 01.00250297037393
1 12564U 81061  A 87036.57507861  .00000056 +00000-0 +00000-0 0 05567
2 12564 004.5688 079.9877 0005302 006.6947 353.3830 01.00250298037394
1 12564U 81061  A 87049.54343507  .00000056 +00000-0 +00000-0 0 05620
2 12564 004.5989 079.9630 0006401 329.1585 031.2036 01.00244747037524
1 12564U 81061  A 87053.53289790 -.00000242 +00000-0 +00000-0 0 05625
2 12564 004.6090 079.8707 0007761 038.6097 321.6014 01.00240192037568
1 12564U 81061  A 87053.53316411  .00000059 +00000-0 +00000-0 0 05621
2 12564 004.6090 079.8707 0007761 038.6097 321.6014 01.00240192037568
1 12564U 81061  A 87054.53076963  .00000059 +00000-0 +00000-0 0 05638
2 12564 004.6152 079.7507 0005921 014.2333 346.1286 01.00240289037574
1 12564U 81061  A 87056.52553698  .00000060 +00000-0 +00000-0 0 05647
2 12564 004.6204 079.7233 0005631 001.3537 358.9011 01.00240027037598
1 12564U 81061  A 87060.51589057  .00000060 +00000-0 +00000-0 0 05649
2 12564 004.6340 079.6730 0005587 003.3850 356.9293 01.00240300037639
1 12564U 81061  A 87061.51310624 -.00000235 +00000-0 +00000-0 0 05669
2 12564 004.6411 079.6785 0005709 003.1174 357.1517 01.00239582037644
1 12564U 81061  A 87061.51337245  .00000061 +00000-0 +00000-0 0 05641
2 12564 004.6411 079.6785 0005709 003.1174 357.1517 01.00239582037644
1 12564U 81061  A 87068.49623892  .00000063 +00000-0 +00000-0 0 05687
2 12564 004.6697 079.4578 0005633 002.8067 357.5532 01.00236891037710
1 12564U 81061  A 87070.49115228  .00000064 +00000-0 +00000-0 0 05691
2 12564 004.6749 079.4316 0005206 002.6427 357.6416 01.00236604037738
1 12564U 81061  A 87085.45842629  .00000057 +00000-0 +00000-0 0 05732
2 12564 004.6512 079.4015 0006872 001.6390 359.6440 01.00230832037882
1 12564U 81061  A 87085.45869218  .00000057 +00000-0 +00000-0 0 05746
2 12564 004.6512 079.4014 0006872 001.6389 359.6440 01.00230833037880
1 12564U 81061  A 87086.45328479  .00000067 +00000-0 +00000-0 0 05758
2 12564 004.6713 079.3697 0006842 001.1979 359.0993 01.00230506037891
1 12564U 81061  A 87086.45355131  .00000067 +00000-0 +00000-0 0 05753
2 12564 004.6713 079.3696 0006842 001.1978 359.0993 01.00230507037890
1 12564U 81061  A 87093.43644942  .00000070 +00000-0 +00000-0 0 05765
2 12564 004.6957 079.3239 0006328 012.3448 347.7294 01.00227788037961
1 12564U 81061  A 87093.43671595  .00000070 +00000-0 +00000-0 0 05758
2 12564 004.6957 079.3239 0006328 012.3447 347.7294 01.00227789037961
1 12564U 81061  A 87098.42514448  .00000070 +00000-0 +00000-0 0 05777
2 12564 004.7576 079.2782 0005904 025.9859 334.1859 01.00228176038012
1 12564U 81061  A 87099.42290730  .00000070 +00000-0 +00000-0 0 05784
2 12564 004.7564 079.2606 0005846 024.5657 335.6432 01.00227346038022
1 12564U 81061  A 87099.42317382  .00000070 +00000-0 +00000-0 0 05776
2 12564 004.7564 079.2605 0005846 024.5656 335.6432 01.00227346038020
1 12564U 81061  A 87104.41119131  .00000072 +00000-0 +00000-0 0 05798
2 12564 004.7537 079.1873 0005792 027.0699 333.0866 01.00223953038079
1 12564U 81061  A 87104.41145752  .00000072 +00000-0 +00000-0 0 05796
2 12564 004.7537 079.1872 0005792 027.0699 333.0866 01.00223954038079
1 12564U 81061  A 87107.40408146  .00000073 +00000-0 +00000-0 0 05800
2 12564 004.7211 079.0145 0006274 013.4947 346.7233 01.00223546038101
1 12564U 81061  A 87107.40434767  .00000073 +00000-0 +00000-0 0 05819
2 12564 004.7211 079.0144 0006274 013.4946 346.7233 01.00223546038109
1 12564U 81061  A 87113.39024923  .00000075 +00000-0 +00000-0 0 05837
2 12564 004.7652 079.0319 0006034 011.7885 348.2822 01.00222351038169
1 12564U 81061  A 87113.39051544  .00000075 +00000-0 +00000-0 0 05836
2 12564 004.7652 079.0318 0006034 011.7885 348.2822 01.00222351038168
1 12564U 81061  A 87139.33227039  .00000079 +00000-0 +00000-0 0 05858
2 12564 004.8283 078.7914 0008865 052.1181 307.9706 01.00216738038423
1 12564U 81061  A 87139.33253596  .00000079 +00000-0 +00000-0 0 05855
2 12564 004.8283 078.7914 0008865 052.1180 307.9706 01.00216738038422
1 12564U 81061  A 87140.32955288  .00000081 +00000-0 +00000-0 0 05867
2 12564 004.8309 078.7788 0008833 051.6666 308.2441 01.00216648038439
1 12564U 81061  A 87140.32981846  .00000081 +00000-0 +00000-0 0 05866
2 12564 004.8309 078.7787 0008833 051.6665 308.2441 01.00216649038438
1 12564U 81061  A 87147.31351051  .00000083 +00000-0 +00000-0 0 05896
2 12564 004.8518 078.6814 0007630 035.2128 324.5638 01.00217481038508
1 12564U 81061  A 87147.31377608  .00000083 +00000-0 +00000-0 0 05881
2 12564 004.8518 078.6813 0007630 035.2127 324.5638 01.00217481038506
1 12564U 81061  A 87153.30027061  .00000084 +00000-0 +00000-0 0 05906
2 12564 004.8678 078.6057 0006766 012.2515 347.5673 01.00214622038562
1 12564U 81061  A 87153.30053619  .00000084 +00000-0 +00000-0 0 05892
2 12564 004.8678 078.6056 0006766 012.2515 347.5673 01.00214623038562
1 12564U 81061  A 87154.29799716  .00000085 +00000-0 +00000-0 0 05932
2 12564 004.8704 078.5933 0006882 025.6972 334.0816 01.00214743038573
1 12564U 81061  A 87154.29826273  .00000084 +00000-0 +00000-0 0 05930
2 12564 004.8704 078.5932 0006882 025.6971 334.0816 01.00214744038572
1 12564U 81061  A 87172.25800136  .00000089 +00000-0 +00000-0 0 05997
2 12564 004.9148 078.3581 0008213 004.8582 354.7839 01.00213582038753
1 12564U 81061  A 87172.25826757  .00000088 +00000-0 +00000-0 0 05993
2 12564 004.9148 078.3580 0008213 004.8581 354.7839 01.00213583038752
1 12564U 81061  A 87175.25149162  .00000088 +00000-0 +00000-0 0 06018
2 12564 004.9245 078.2872 0006744 021.4845 338.1971 01.00215840038782
1 12564U 81061  A 87176.24942765  .00000088 +00000-0 +00000-0 0 06029
2 12564 004.9205 078.2786 0006796 023.1805 336.5469 01.00215775038796
1 12564U 81061  A 87176.24969449  .00000087 +00000-0 +00000-0 0 06026
2 12564 004.9205 078.2785 0006796 023.1805 336.5469 01.00215776038796
1 12564U 81061  A 87177.24727637  .00000087 +00000-0 +00000-0 0 06039
2 12564 004.9254 078.2831 0008675 334.0920 025.7099 01.00215446038804
1 12564U 81061  A 87178.24477162  .00000089 +00000-0 +00000-0 0 06048
2 12564 004.9285 078.2758 0006634 359.8735 359.7692 01.00215066038816
1 12564U 81061  A 87178.24503068  .00000088 +00000-0 +00000-0 0 06053
2 12564 004.9251 078.2689 0006468 003.8200 355.9176 01.00215042038819
1 12564U 81061  A 87179.24291873  .00000088 +00000-0 +00000-0 0 06063
2 12564 004.9303 078.2678 0008270 349.6033 010.1787 01.00214607038828
1 12564U 81061  A 87179.24318557  .00000087 +00000-0 +00000-0 0 06061
2 12564 004.9303 078.2678 0008270 349.6033 010.1787 01.00214607038828
1 12564U 81061  A 87181.23859314  .00000088 +00000-0 +00000-0 0 06076
2 12564 004.9367 078.2480 0006604 016.0608 343.6998 01.00214507038840
1 12564U 81061  A 87181.23885999  .00000088 +00000-0 +00000-0 0 06074
2 12564 004.9367 078.2480 0006604 016.0607 343.6998 01.00214508038840
1 12564U 81061  A 87183.23451637  .00000087 +00000-0 +00000-0 0 06084
2 12564 004.9420 078.2223 0007924 000.7690 359.1303 01.00214725038868
1 12564U 81061  A 87184.23227995  .00000087 +00000-0 +00000-0 0 06094
2 12564 004.9366 078.2221 0008345 357.8147 002.0706 01.00214916038870
1 12564U 81061  A 87184.23254679  .00000087 +00000-0 +00000-0 0 06093
2 12564 004.9366 078.2221 0008345 357.8147 002.0706 01.00214916038870
1 12564U 81061  A 87186.22774096  .00000088 +00000-0 +00000-0 0 06107
2 12564 004.9420 078.1958 0008961 352.1165 007.7303 01.00214958038892
1 12564U 81061  A 87186.22799151  .00000087 +00000-0 +00000-0 0 06116
2 12564 004.9391 078.1741 0007582 014.0813 345.8394 01.00214881038892
1 12564U 81061  A 87186.22825835  .00000087 +00000-0 +00000-0 0 06104
2 12564 004.9391 078.1741 0007582 014.0812 345.8394 01.00214881038891
1 12564U 81061  A 87187.22559365  .00000088 +00000-0 +00000-0 0 06131
2 12564 004.9444 078.0753 0008212 001.8425 358.0962 01.00214015038905
1 12564U 81061  A 87187.22586049  .00000088 +00000-0 +00000-0 0 06129
2 12564 004.9444 078.0752 0008212 001.8425 358.0962 01.00214015038904
1 12564U 81061  A 87199.19916307  .00000090 +00000-0 +00000-0 0 06181
2 12564 004.9721 077.9216 0006407 005.9828 353.9178 01.00215471039025
1 12564U 81061  A 87200.19711974  .00000089 +00000-0 +00000-0 0 06196
2 12564 004.9765 077.9562 0007099 001.2721 358.6464 01.00215256039038
1 12564U 81061  A 87200.19738531  .00000089 +00000-0 +00000-0 0 06194
2 12564 004.9765 077.9562 0007099 001.2721 358.6464 01.00215257039039
1 12564U 81061  A 87201.19485571  .00000090 +00000-0 +00000-0 0 06202
2 12564 004.9791 077.9450 0007412 359.6277 000.2724 01.00215518039049
1 12564U 81061  A 87202.19262076  .00000089 +00000-0 +00000-0 0 06215
2 12564 004.9818 077.9398 0008953 353.7788 006.1249 01.00216060039054
1 12564U 81061  A 87202.19288633  .00000089 +00000-0 +00000-0 0 06212
2 12564 004.9818 077.9397 0008953 353.7787 006.1249 01.00216061039053
1 12564U 81061  A 87204.18826033  .00000090 +00000-0 +00000-0 0 06228
2 12564 004.9888 077.9436 0007533 000.4650 359.4125 01.00216072039073
1 12564U 81061  A 87204.18834223  .00000089 +00000-0 +00000-0 0 06237
2 12564 004.9887 077.9443 0007399 000.7342 359.1715 01.00216194039078
1 12564U 81061  A 87204.18860780  .00000089 +00000-0 +00000-0 0 06234
2 12564 004.9887 077.9443 0007399 000.7342 359.1716 01.00216194039079
1 12564U 81061  A 87207.18198118  .00000089 +00000-0 +00000-0 0 06247
2 12564 004.9994 077.9340 0007328 006.2731 353.7011 01.00216732039109
1 12564U 81061  A 87207.18230241  .00000088 +00000-0 +00000-0 0 06240
2 12564 004.9995 077.9338 0007326 006.3972 353.5971 01.00216737039101
1 12564U 81061  A 87208.18000052  .00000088 +00000-0 +00000-0 0 06257
2 12564 005.0001 077.9151 0007126 020.8842 339.1603 01.00216435039117
1 12564U 81061  A 87209.17786115  .00000088 +00000-0 +00000-0 0 06270
2 12564 005.0052 077.9166 0007112 020.4710 339.5875 01.00216569039128
1 12564U 81061  A 87209.17789506  .00000088 +00000-0 +00000-0 0 06288
2 12564 005.0062 077.9254 0007205 016.7596 343.3071 01.00216519039126
1 12564U 81061  A 87209.17816064  .00000087 +00000-0 +00000-0 0 06287
2 12564 005.0062 077.9254 0007205 016.7595 343.3071 01.00216520039127
1 12564U 81061  A 87211.17343310  .00000088 +00000-0 +00000-0 0 06303
2 12564 005.0090 077.8863 0006941 021.4277 338.6380 01.00217021039148
1 12564U 81061  A 87211.17350433  .00000088 +00000-0 +00000-0 0 06295
2 12564 005.0104 077.8960 0008014 003.8930 356.2143 01.00216926039141
1 12564U 81061  A 87211.17369867  .00000088 +00000-0 +00000-0 0 06296
2 12564 005.0090 077.8862 0006941 021.4277 338.6380 01.00217022039148
1 12564U 81061  A 87213.16908282  .00000088 +00000-0 +00000-0 0 06310
2 12564 005.0158 077.8704 0007143 025.2547 334.8277 01.00217167039160
1 12564U 81061  A 87213.16934839  .00000088 +00000-0 +00000-0 0 06317
2 12564 005.0158 077.8703 0007143 025.2546 334.8277 01.00217167039168
1 12564U 81061  A 87221.15145543  .00000088 +00000-0 +00000-0 0 06333
2 12564 005.0380 077.7807 0007923 008.1936 351.9531 01.00217855039244
1 12564U 81061  A 87221.15172164  .00000088 +00000-0 +00000-0 0 06332
2 12564 005.0380 077.7806 0007923 008.1936 351.9531 01.00217856039244
1 12564U 81061  A 87223.14734394  .00000087 +00000-0 +00000-0 0 06342
2 12564 005.0428 077.7424 0008084 005.3326 354.8584 01.00218087039263
1 12564U 81061  A 87224.14481733  .00000088 +00000-0 +00000-0 0 06351
2 12564 005.0452 077.7295 0007750 010.4033 349.7679 01.00218196039277
1 12564U 81061  A 87224.14508354  .00000088 +00000-0 +00000-0 0 06350
2 12564 005.0452 077.7295 0007750 010.4032 349.7679 01.00218197039277
1 12564U 81061  A 87229.13354953  .00000088 +00000-0 +00000-0 0 06369
2 12564 005.0596 077.6742 0007604 012.4377 347.7006 01.00219850039329
1 12564U 81061  A 87230.13137860  .00000088 +00000-0 +00000-0 0 06378
2 12564 005.0633 077.6704 0007096 020.1061 340.0391 01.00219946039330
1 12564U 81061  A 87230.13164481  .00000088 +00000-0 +00000-0 0 06377
2 12564 005.0633 077.6703 0007096 020.1061 340.0391 01.00219947039330
1 12564U 81061  A 87232.12695172  .00000088 +00000-0 +00000-0 0 06396
2 12564 005.0656 077.6176 0007572 015.1325 345.0773 01.00220493039354
1 12564U 81061  A 87232.12721794  .00000088 +00000-0 +00000-0 0 06396
2 12564 005.0679 077.6682 0006759 025.1423 335.0004 01.00220476039354
1 12564U 81061  A 87237.11637160  .00000086 +00000-0 +00000-0 0 06414
2 12564 005.0806 077.6108 0006928 024.8460 335.4559 01.00221466039409
1 12564U 81061  A 87238.11386459  .00000087 +00000-0 +00000-0 0 06429
2 12564 005.0833 077.5984 0007122 024.5507 335.7614 01.00221602039414
1 12564U 81061  A 87238.11413144  .00000087 +00000-0 +00000-0 0 06410
2 12564 005.0833 077.5983 0007122 024.5507 335.7614 01.00221602039413
1 12564U 81061  A 87242.10467078  .00000087 +00000-0 +00000-0 0 06431
2 12564 005.0934 077.5504 0007919 022.9671 337.3100 01.00222510039453
1 12564U 81061  A 87242.10493762  .00000087 +00000-0 +00000-0 0 06430
2 12564 005.0934 077.5504 0007919 022.9671 337.3100 01.00222510039453
1 12564U 81061  A 87243.10260802  .00000087 +00000-0 +00000-0 0 06438
2 12564 005.0941 077.5247 0008051 022.6669 337.6047 01.00222722039466
1 12564U 81061  A 87247.09328100  .00000088 +00000-0 +00000-0 0 06448
2 12564 005.1043 077.4873 0007383 024.6190 335.6505 01.00222978039507
1 12564U 81061  A 87247.09354784  .00000088 +00000-0 +00000-0 0 06445
2 12564 005.1043 077.4873 0007383 024.6190 335.6505 01.00222978039507
1 12564U 81061  A 87251.08435661  .00000088 +00000-0 +00000-0 0 06454
2 12564 005.1147 077.4174 0007566 023.4191 336.9441 01.00223448039547
1 12564U 81061  A 87251.08462346  .00000087 +00000-0 +00000-0 0 06453
2 12564 005.1147 077.4174 0007566 023.4191 336.9441 01.00223448039547
1 12564U 81061  A 87258.06800009  .00000088 +00000-0 +00000-0 0 06462
2 12564 005.1305 077.3172 0005524 026.4320 333.8513 01.00226361039610
1 12564U 81061  A 87258.06826757  .00000088 +00000-0 +00000-0 0 06459
2 12564 005.1305 077.3171 0005524 026.4320 333.8513 01.00226361039619
1 12564U 81061  A 87262.05877889  .00000088 +00000-0 +00000-0 0 06477
2 12564 005.1423 077.2987 0005536 025.0591 335.2160 01.00227654039656
1 12564U 81061  A 87262.05904637  .00000088 +00000-0 +00000-0 0 06468
2 12564 005.1423 077.2986 0005536 025.0590 335.2160 01.00227654039654
1 12564U 81061  A 87270.04005238  .00000089 +00000-0 +00000-0 0 06501
2 12564 005.1622 077.2298 0007080 011.6592 348.5823 01.00229725039733
1 12564U 81061  A 87270.04031859  .00000088 +00000-0 +00000-0 0 06508
2 12564 005.1622 077.2297 0007080 011.6592 348.5823 01.00229726039733
1 12564U 81061  A 87315.92767132  .00000091 +00000-0 +00000-0 0 06587
2 12564 005.2786 076.6462 0005463 035.0071 324.9934 01.00247895040197
1 12564U 81061  A 87323.90721212  .00000092 +00000-0 +00000-0 0 06629
2 12564 005.3097 076.5146 0005411 029.6615 330.2800 01.00250579040271
1 12564U 81061  A 87323.90747832  .00000091 +00000-0 +00000-0 0 06613
2 12564 005.3097 076.5146 0005411 029.6614 330.2800 01.00250579040270
1 12564U 81061  A 88005.78333003  .00000092 +00000-0 +99999-4 0 06685
2 12564 005.4233 075.9636 0005888 331.7651 028.0948 01.00268893040752
1 12564U 81061  A 88006.78055794  .00000091 +00000-0 +99999-4 0 06694
2 12564 005.4249 075.9473 0005659 042.2255 317.7066 01.00270644040765
1 12564U 81061  A 88006.78083573  .00000090 +00000-0 +00000-4 0 06694
2 12564 005.4249 075.9472 0005659 042.2255 317.7066 01.00270645040765
1 12564U 81061  A 88018.74724714  .00000092 +00000-0 +99999-4 0 06745
2 12564 005.4470 075.7785 0006466 014.0215 345.8441 01.00274346040880
1 12564U 81061  A 88018.74752485  .00000091 +00000-0 +00000-4 0 06745
2 12564 005.4470 075.7784 0006466 014.0214 345.8441 01.00274346040888
1 12564U 81061  A 88043.67715837  .00000088 +00000-0 +99999-4 0 06780
2 12564 005.5214 075.5133 0005997 006.5219 353.6204 01.00284794041131
1 12564U 81061  A 88043.67743600  .00000088 +00000-0 +00000-4 0 06784
2 12564 005.5214 075.5132 0005997 006.5219 353.6204 01.00284794041130
1 12564U 81061  A 88046.66850882  .00000088 +00000-0 +99999-4 0 06793
2 12564 005.5237 075.5084 0005912 013.3935 346.7360 01.00285812041160
1 12564U 81061  A 88095.52217628  .00000085 +00000-0 +99999-4 0 06952
2 12564 005.6470 074.9171 0005394 020.9387 339.4300 01.00305327041650
1 12564U 81061  A 88096.51838406  .00000088 +00000-0 +99999-4 0 06969
2 12564 005.6495 074.9040 0005051 020.2574 339.8657 01.00305697041663
1 12564U 81061  A 88096.51866185  .00000087 +00000-0 +00000-4 0 06968
2 12564 005.6495 074.9040 0005051 020.2574 339.8657 01.00305698041664
1 12564U 81061  A 88100.50568075  .00000089 +00000-0 +99999-4 0 06989
2 12564 005.6597 074.9209 0007550 008.1578 351.7848 01.00307401041703
1 12564U 81061  A 88100.50595854  .00000088 +00000-0 +00000-4 0 06988
2 12564 005.6597 074.9209 0007550 008.1577 351.7848 01.00307401041702
1 12564U 81061  A 88105.49168444  .00000082 +00000-0 +99999-4 0 07005
2 12564 005.6445 075.3212 0003257 216.6890 143.4690 01.00307978041752
1 12564U 81061  A 88107.48342409  .00000091 +00000-0 +99999-4 0 07023
2 12564 005.6802 074.7674 0006275 027.8643 331.9782 01.00308384041775
1 12564U 81061  A 88107.48370155  .00000090 +00000-0 +00000-4 0 07026
2 12564 005.6802 074.7674 0006275 027.8642 331.9782 01.00308384041774
1 12564U 81061  A 88109.47764083  .00000089 +00000-0 +99999-4 0 07038
2 12564 005.6860 074.7430 0005026 015.0619 344.9710 01.00309094041790
1 12564U 81061  A 88109.47791829  .00000088 +00000-0 +00000-4 0 07041
2 12564 005.6860 074.7430 0005026 015.0618 344.9710 01.00309094041799
1 12564U 81061  A 88114.46179667  .00000088 +00000-0 +99999-4 0 07052
2 12564 005.6979 074.6825 0005939 289.0709 070.9934 01.00311273041846
1 12564U 81061  A 88114.46207414  .00000088 +00000-0 +00000-4 0 07059
2 12564 005.6979 074.6825 0005939 289.0708 070.9934 01.00311274041846
1 12564U 81061  A 88115.45837867  .00000089 +00000-0 +99999-4 0 07067
2 12564 005.6996 074.6696 0004138 335.1781 024.7661 01.00313267041854
1 12564U 81061  A 88116.45537125  .00000088 +00000-0 +99999-4 0 07072
2 12564 005.7018 074.6603 0004512 000.0522 359.9374 01.00314145041866
1 12564U 81061  A 88116.45564936  .00000088 +00000-0 +00000-4 0 07077
2 12564 005.7018 074.6602 0004512 000.5210 359.9374 01.00314146041865
1 12564U 81061  A 88129.41414073  .00000089 +00000-0 +00000-4 0 07108
2 12564 005.7334 074.5300 0005544 020.9334 338.9884 01.00316464041991
1 12564U 81061  A 88134.39798203  .00000090 +00000-0 +00000-4 0 07125
2 12564 005.7483 074.4215 0006505 028.7736 331.1289 01.00317035042046
1 12564U 81061  A 88190.21363016  .00000094 +00000-0 +99999-4 0 07295
2 12564 005.8920 073.7551 0007045 024.7761 335.0287 01.00328358042605
1 12564U 81061  A 88191.21056284  .00000094 +00000-0 +99999-4 0 07304
2 12564 005.8983 073.7644 0007316 022.4472 337.4344 01.00328520042614
1 12564U 81061  A 88191.21084126  .00000093 +00000-0 +00000-4 0 07304
2 12564 005.8983 073.7644 0007316 022.4471 337.4344 01.00328521042614
1 12564U 81061  A 88198.18662193  .00000098 +00000-0 +99999-4 0 07325
2 12564 005.9091 073.2868 0004695 008.5449 351.4304 01.00327385042681
1 12564U 81061  A 88199.18336029  .00000097 +00000-0 +99999-4 0 07332
2 12564 005.9109 073.2790 0006320 109.8270 250.1369 01.00329444042694
1 12564U 81061  A 88199.18361253  .00000096 +00000-0 +99999-4 0 07349
2 12564 005.9106 073.2819 0006959 113.0261 247.0239 01.00329622042697
1 12564U 81061  A 88225.09784481  .00000095 +00000-0 +99999-4 0 07441
2 12564 005.9777 073.3130 0005936 052.4232 307.7235 01.00329061042952
1 12564U 81061  A 88229.08479946  .00000094 +00000-0 +99999-4 0 07451
2 12564 005.9873 073.2639 0005466 052.4151 307.8373 01.00329292042994
1 12564U 81061  A 88236.06115674  .00000096 +00000-0 +99999-4 0 07476
2 12564 006.0061 073.1713 0006495 033.0239 327.1513 01.00328290043069
1 12564U 81061  A 88236.06143388  .00000096 +00000-0 +00000-4 0 07474
2 12564 006.0061 073.1713 0006495 033.0239 327.1513 01.00328291043060
1 12564U 81061  A 88237.05795351  .00000097 +00000-0 +99999-4 0 07484
2 12564 006.0089 073.1470 0006270 049.6365 310.5720 01.00326723043079
1 12564U 81061  A 88239.05152488  .00000096 +00000-0 +99999-4 0 07494
2 12564 006.0132 073.0997 0006482 037.9672 322.3517 01.00327591043098
1 12564U 81061  A 88239.05180204  .00000096 +00000-0 +00000-4 0 07496
2 12564 006.0132 073.0997 0006482 037.9671 322.3517 01.00327591043097
1 12564U 81061  A 88242.04150057  .00000096 +00000-0 +99999-4 0 07509
2 12564 006.0170 073.0389 0006672 020.7285 339.6099 01.00327235043121
1 12564U 81061  A 88243.03797499  .00000097 +00000-0 +99999-4 0 07518
2 12564 006.0207 073.0253 0006668 028.0976 332.1574 01.00327237043134
1 12564U 81061  A 88243.03825278  .00000097 +00000-0 +00000-4 0 07510
2 12564 006.0207 073.0252 0006668 028.0975 332.1574 01.00327238043133
1 12564U 81061  A 88248.02129064  .00000098 +00000-0 +99999-4 0 07521
2 12564 006.0321 072.9612 0007681 015.3537 344.8898 01.00328149043183
1 12564U 81061  A 88249.01817532  .00000098 +00000-0 +99999-4 0 07558
2 12564 006.0381 072.9944 0006925 035.2053 325.0372 01.00327832043198
1 12564U 81061  A 88250.01489100  .00000098 +00000-0 +99999-4 0 07567
2 12564 006.0403 072.9898 0006686 034.1155 326.1304 01.00327379043201
1 12564U 81061  A 88250.01516877  .00000097 +00000-0 +00000-4 0 07563
2 12564 006.0403 072.9898 0006686 034.1154 326.1304 01.00327380043202
1 12564U 81061  A 88253.00508258  .00000098 +00000-0 +99999-4 0 07576
2 12564 006.0451 073.0018 0006702 029.4009 330.8393 01.00325596043236
1 12564U 81061  A 88254.00199420  .00000098 +00000-0 +99999-4 0 07596
2 12564 006.0472 072.9892 0005163 040.6163 319.6821 01.00325554043249
1 12564U 81061  A 88254.99871938  .00000098 +00000-0 +99999-4 0 07607
2 12564 006.0458 072.9289 0003683 070.5613 289.7684 01.00325574043257
1 12564U 81061  A 88254.99899779  .00000098 +00000-0 +00000-4 0 07605
2 12564 006.0458 072.9288 0003683 070.5612 289.7684 01.00325574043255
1 12564U 81061  A 88258.98536238  .00000099 +00000-0 +99999-4 0 07624
2 12564 006.0552 072.8721 0003908 077.3830 282.8964 01.00326463043295
1 12564U 81061  A 88258.98563891  .00000098 +00000-0 +00000-4 0 07623
2 12564 006.0552 072.8721 0003908 077.3830 282.8964 01.00326464043296
1 12564U 81061  A 88259.98198044  .00000100 +00000-0 +99999-4 0 07649
2 12564 006.0559 072.8871 0003924 117.2815 242.9147 01.00325636043306
1 12564U 81061  A 88259.98225695  .00000099 +00000-0 +00000-4 0 07655
2 12564 006.0559 072.8870 0003924 117.2815 242.9147 01.00325637043306
1 12564U 81061  A 88262.97219429  .00000100 +00000-0 +99999-4 0 07665
2 12564 006.0640 072.8622 0005294 115.6460 244.5618 01.00324003043332
1 12564U 81061  A 88262.97247080  .00000100 +00000-0 +00000-4 0 07675
2 12564 006.0640 072.8622 0005294 115.6460 244.5618 01.00324004043333
1 12564U 81061  A 88265.96254500  .00000100 +00000-0 +99999-4 0 07688
2 12564 006.0725 072.8302 0005577 121.2709 238.9941 01.00323284043363
1 12564U 81061  A 88265.96282151  .00000100 +00000-0 +00000-4 0 07686
2 12564 006.0725 072.8301 0005577 121.2708 238.9941 01.00323285043362
1 12564U 81061  A 88269.94949490  .00000101 +00000-0 +99999-4 0 07691
2 12564 006.0823 072.7845 0004801 100.7861 259.5136 01.00322727043404
1 12564U 81061  A 88269.94971166  .00000100 +00000-0 +00000-4 0 07690
2 12564 006.0791 072.8057 0007327 047.2657 313.0653 01.00322984043403
1 12564U 81061  A 88286.89337385  .00000106 +00000-0 +99999-4 0 07772
2 12564 006.1272 072.5630 0005409 041.6074 318.4678 01.00319529043577
1 12564U 81061  A 88288.88706014  .00000106 +00000-0 +99999-4 0 07783
2 12564 006.1321 072.5428 0003679 064.0212 296.0776 01.00318424043592
1 12564U 81061  A 88288.88733793  .00000106 +00000-0 +00000-4 0 07782
2 12564 006.1321 072.5428 0003679 064.0211 296.0776 01.00318425043592
1 12564U 81061  A 88289.88376497  .00000108 +00000-0 +99999-4 0 07807
2 12564 006.1347 072.5327 0004704 183.9556 176.0350 01.00316232043602
1 12564U 81061  A 88289.88379855  .00000107 +00000-0 +99999-4 0 07795
2 12564 006.1348 072.5291 0004788 050.2447 309.8576 01.00317898043605
1 12564U 81061  A 88290.88070984  .00000107 +00000-0 +99999-4 0 07811
2 12564 006.1374 072.5182 0003885 051.9775 308.1604 01.00317685043611
1 12564U 81061  A 88291.87735838  .00000107 +00000-0 +99999-4 0 07828
2 12564 006.1398 072.4779 0004168 051.4206 308.7014 01.00317615043622
1 12564U 81061  A 88291.87763616  .00000107 +00000-0 +00000-4 0 07828
2 12564 006.1398 072.4778 0004168 051.4205 308.7014 01.00317615043620
1 12564U 81061  A 88293.87090137  .00000107 +00000-0 +99999-4 0 07837
2 12564 006.1446 072.4552 0004342 052.3918 307.7230 01.00317303043644
1 12564U 81061  A 88293.87117788  .00000107 +00000-0 +00000-4 0 07834
2 12564 006.1446 072.4551 0004342 052.3917 307.7230 01.00317304043643
1 12564U 81061  A 88295.86448128  .00000109 +00000-0 +99999-4 0 07848
2 12564 006.1460 072.4833 0004077 046.0431 314.0071 01.00315095043669
1 12564U 81061  A 88296.86141991  .00000108 +00000-0 +99999-4 0 07857
2 12564 006.1510 072.4592 0004332 048.5301 311.5832 01.00314952043673
1 12564U 81061  A 88296.86169642  .00000108 +00000-0 +00000-4 0 07855
2 12564 006.1510 072.4592 0004332 048.5301 311.5832 01.00314952043673
1 12564U 81061  A 88301.84512968  .00000110 +00000-0 +99999-4 0 07862
2 12564 006.1649 072.3945 0004154 047.2625 312.7294 01.00314668043729
1 12564U 81061  A 88301.84540619  .00000110 +00000-0 +00000-4 0 07861
2 12564 006.1665 072.3638 0004252 049.6396 310.3828 01.00314592043729
1 12564U 81061  A 88302.84212193  .00000110 +00000-0 +00000-4 0 07876
2 12564 006.1693 072.3600 0005896 053.4709 306.5224 01.00314298043736
1 12564U 81061  A 88305.83238451  .00000111 +00000-0 +99999-4 0 07880
2 12564 006.1764 072.3363 0005882 053.4767 306.5346 01.00313431043766
1 12564U 81061  A 88305.83266357  .00000110 +00000-0 +00000-4 0 07880
2 12564 006.1764 072.3363 0005882 053.4767 306.5346 01.00313431043766
1 12564U 81061  A 88308.82321944  .00000111 +00000-0 +00000-4 0 07887
2 12564 006.1841 072.2983 0005903 053.6256 306.4148 01.00312517043794
1 12564U 81061  A 88311.81334810  .00000113 +00000-0 +99999-4 0 07894
2 12564 006.1916 072.2592 0005578 052.1509 307.8458 01.00310751043827
1 12564U 81061  A 88311.81335608  .00000113 +00000-0 +99999-4 0 07902
2 12564 006.1901 072.2510 0005210 050.7384 309.2654 01.00310749043820
1 12564U 81061  A 88311.81362716  .00000112 +00000-0 +00000-4 0 07894
2 12564 006.1916 072.2592 0005578 052.1508 307.8458 01.00310752043827
1 12564U 81061  A 88314.80372047  .00000114 +00000-0 +99999-4 0 07914
2 12564 006.1975 072.2167 0005181 051.1396 308.7953 01.00310261043852
1 12564U 81061  A 88314.80399953  .00000113 +00000-0 +00000-4 0 07913
2 12564 006.1975 072.2167 0005181 051.1395 308.7953 01.00310262043852
1 12564U 81061  A 88315.80052306  .00000114 +00000-0 +99999-4 0 07929
2 12564 006.2001 072.2003 0004916 050.7681 309.1481 01.00309767043860
1 12564U 81061  A 88317.79420609  .00000115 +00000-0 +99999-4 0 07936
2 12564 006.2046 072.1803 0004819 050.6635 309.2309 01.00308939043888
1 12564U 81061  A 88318.79138553  .00000115 +00000-0 +00000-4 0 07936
2 12564 006.2074 072.1633 0004499 049.9807 309.9271 01.00308597043892
1 12564U 81061  A 88319.78799775  .00000116 +00000-0 +99999-4 0 07942
2 12564 006.2103 072.1537 0004567 046.4662 313.4409 01.00307692043905
1 12564U 81061  A 88319.78827553  .00000115 +00000-0 +00000-4 0 07942
2 12564 006.2103 072.1536 0004567 046.4662 313.4409 01.00307692043904
1 12564U 81061  A 88320.78493023  .00000115 +00000-0 +99999-4 0 07951
2 12564 006.2128 072.1416 0005231 048.4209 311.5125 01.00307502043911
1 12564U 81061  A 88322.77877003  .00000116 +00000-0 +99999-4 0 07968
2 12564 006.2125 072.1357 0004220 052.3812 307.5476 01.00306302043936
1 12564U 81061  A 88322.77879617  .00000116 +00000-0 +99999-4 0 07972
2 12564 006.2214 072.1275 0005529 061.3108 298.6518 01.00306217043937
1 12564U 81061  A 88322.77907395  .00000115 +00000-0 +00000-4 0 07971
2 12564 006.2214 072.1275 0005529 061.3108 298.6518 01.00306218043938
1 12564U 81061  A 88325.76934326  .00000117 +00000-0 +99999-4 0 07985
2 12564 006.2299 072.0792 0005388 063.3948 296.5291 01.00305716043961
1 12564U 81061  A 88325.76962104  .00000116 +00000-0 +00000-4 0 07984
2 12564 006.2299 072.0791 0005388 063.3947 296.5291 01.00305716043969
1 12564U 81061  A 88327.76297065  .00000118 +00000-0 +99999-4 0 07991
2 12564 006.2334 072.0354 0005284 058.9245 300.9489 01.00304666043984
1 12564U 81061  A 88328.75978771  .00000119 +00000-0 +99999-4 0 08005
2 12564 006.2384 072.0216 0004952 052.8217 307.0130 01.00304394043999
1 12564U 81061  A 88329.75668323  .00000119 +00000-0 +99999-4 0 08016
2 12564 006.2411 072.0145 0005134 051.6867 308.1387 01.00304426044007
1 12564U 81061  A 88332.74754089  .00000119 +00000-0 +99999-4 0 08025
2 12564 006.2514 071.9694 0006415 054.5727 305.3138 01.00303348044036
1 12564U 81061  A 88332.74781741  .00000118 +00000-0 +00000-4 0 08024
2 12564 006.2514 071.9693 0006415 054.5726 305.3138 01.00303349044035
1 12564U 81061  A 88336.73557052  .00000119 +00000-0 +00000-4 0 08035
2 12564 006.2591 071.9261 0006678 060.2303 299.6755 01.00302380044075
1 12564U 81061  A 88339.72635358  .00000120 +00000-0 +00000-4 0 08057
2 12564 006.2652 071.8951 0004931 051.8769 307.9922 01.00301098044108
1 12564U 81061  A 88341.72017181  .00000121 +00000-0 +00000-4 0 08059
2 12564 006.2704 071.8689 0004853 051.7096 308.1303 01.00300185044123
1 12564U 81061  A 88343.71403590  .00000122 +00000-0 +00000-4 0 08065
2 12564 006.2755 071.8443 0004422 048.6922 311.1203 01.00299042044146
1 12564U 81061  A 88346.70503127  .00000122 +00000-0 +00000-4 0 08075
2 12564 006.2835 071.8054 0004515 050.1728 309.6705 01.00297689044175
1 12564U 81061  A 88348.69910137  .00000123 +00000-0 +00000-4 0 08091
2 12564 006.2885 071.7803 0004446 040.4330 319.4351 01.00296131044194
1 12564U 81061  A 88350.69316238  .00000123 +00000-0 +00000-4 0 08096
2 12564 006.2939 071.7590 0004521 043.0877 316.8007 01.00295197044219
1 12564U 81061  A 88353.68409805  .00000124 +00000-0 +00000-4 0 08115
2 12564 006.3035 071.7314 0004617 045.8858 313.9585 01.00293696044240
1 12564U 81061  A 88355.67808705  .00000125 +00000-0 +00000-4 0 08119
2 12564 006.3089 071.7094 0004430 037.2064 322.6176 01.00293627044260
1 12564U 81061  A 88359.66621664  .00000125 +00000-0 +00000-4 0 08153
2 12564 006.3184 071.6565 0004027 059.2948 300.5676 01.00292685044303
1 12564U 81061  A 88361.66040749  .00000125 +00000-0 +00000-4 0 08155
2 12564 006.3235 071.6354 0003939 055.9270 303.9747 01.00291784044325
1 12564U 81061  A 88363.65448952  .00000126 +00000-0 +00000-4 0 08177
2 12564 006.3270 071.6257 0003938 050.7079 309.1722 01.00290517044341
1 12564U 81061  A 89001.64281894  .00000126 +00000-0 +00000-4 0 08200
2 12564 006.3365 071.5736 0004100 035.3025 324.6242 01.00289749044387
1 12564U 81061  A 89004.63392632  .00000127 +00000-0 +00000-4 0 08217
2 12564 006.3438 071.5367 0003877 032.3353 327.5553 01.00288249044414
1 12564U 81061  A 89005.63100845  .00000128 +00000-0 +00000-4 0 08223
2 12564 006.3462 071.5247 0003902 026.9024 332.9857 01.00287718044429
1 12564U 81061  A 89012.61099066  .00000129 +00000-0 +00000-4 0 08255
2 12564 006.3608 071.4154 0004892 354.5747 005.3994 01.00282673044493
1 12564U 81061  A 89029.56252481  .00000132 +00000-0 +99999-4 0 08315
2 12564 006.4099 071.2481 0003794 044.7781 315.3092 01.00277272044666
1 12564U 81061  A 89030.55968045  .00000133 +00000-0 +99999-4 0 08328
2 12564 006.4118 071.2353 0003892 026.2187 333.8457 01.00276873044677
1 12564U 81061  A 89030.55995831  .00000132 +00000-0 +00000-4 0 08325
2 12564 006.4118 071.2353 0003892 026.2186 333.8457 01.00276874044677
1 12564U 81061  A 89031.55714055  .00000132 +00000-0 +00000-4 0 08334
2 12564 006.4137 071.2190 0003771 029.4024 330.6670 01.00276530044681
1 12564U 81061  A 89033.55126299  .00000133 +00000-0 +99999-4 0 08340
2 12564 006.4179 071.1873 0004131 025.3932 334.6820 01.00275401044708
1 12564U 81061  A 89036.54332604  .00000133 +00000-0 +00000-4 0 08346
2 12564 006.4256 071.1504 0004123 028.2570 331.8763 01.00273786044738
1 12564U 81061  A 89037.54033150  .00000134 +00000-0 +99999-4 0 08358
2 12564 006.4295 071.1719 0004866 024.4695 335.6395 01.00272685044740
1 12564U 81061  A 89038.53773388  .00000134 +00000-0 +99999-4 0 08363
2 12564 006.4320 071.1616 0004258 035.2865 324.8878 01.00271669044757
1 12564U 81061  A 89038.53801167  .00000134 +00000-0 +00000-4 0 08354
2 12564 006.4320 071.1616 0004258 035.2865 324.8878 01.00271669044757
1 12564U 81061  A 89042.52664590  .00000135 +00000-0 +99999-4 0 08373
2 12564 006.4431 071.0918 0002260 058.5092 301.6860 01.00270036044790
1 12564U 81061  A 89043.52371439  .00000136 +00000-0 +99999-4 0 08383
2 12564 006.4460 071.0701 0002668 050.3886 309.7447 01.00270154044808
1 12564U 81061  A 89044.52121046  .00000136 +00000-0 +00000-4 0 08386
2 12564 006.4482 071.0591 0002667 050.7365 309.3825 01.00269740044810
1 12564U 81061  A 89050.50477760  .00000136 +00000-0 +99999-4 0 08394
2 12564 006.4630 070.9809 0002418 065.9429 294.2829 01.00268974044878
1 12564U 81061  A 89050.50505538  .00000136 +00000-0 +00000-4 0 08406
2 12564 006.4630 070.9809 0002418 065.9428 294.2829 01.00268974044877
1 12564U 81061  A 89055.49112176  .00000138 +00000-0 +99999-4 0 08419
2 12564 006.4752 070.9190 0002159 077.3588 282.8530 01.00265562044929
1 12564U 81061  A 89055.49112611  .00000138 +00000-0 +99999-4 0 08424
2 12564 006.4747 070.9187 0002521 044.9836 315.2175 01.00265646044927
1 12564U 81061  A 89055.49140405  .00000137 +00000-0 +00000-4 0 08431
2 12564 006.4747 070.9186 0002521 044.9836 315.2175 01.00265646044926
1 12564U 81061  A 89061.47492128  .00000139 +00000-0 +99999-4 0 08468
2 12564 006.4895 070.8417 0003792 065.4184 294.7771 01.00263916044988
1 12564U 81061  A 89061.47519922  .00000139 +00000-0 +00000-4 0 08465
2 12564 006.4895 070.8416 0003792 065.4184 294.7771 01.00263917044988
1 12564U 81061  A 89065.46438622  .00000141 +00000-0 +99999-4 0 08474
2 12564 006.4954 070.7625 0003176 049.9957 310.2540 01.00257605045027
1 12564U 81061  A 89066.46176622  .00000141 +00000-0 +99999-4 0 08485
2 12564 006.5002 070.8086 0003010 051.0146 309.1854 01.00258383045035
1 12564U 81061  A 89066.46190166  .00000141 +00000-0 +99999-4 0 08495
2 12564 006.5001 070.8116 0003661 038.4547 321.7808 01.00258330045035
1 12564U 81061  A 89066.46217911  .00000140 +00000-0 +00000-4 0 08497
2 12564 006.5001 070.8115 0003661 038.4547 321.7808 01.00258330045034
1 12564U 81061  A 89068.45690137  .00000141 +00000-0 +00000-4 0 08506
2 12564 006.5049 070.8085 0003545 040.2315 319.9745 01.00257466045057
1 12564U 81061  A 89070.45132534  .00000141 +00000-0 +99999-4 0 08517
2 12564 006.5079 070.7570 0004233 027.1498 333.0751 01.00258289045079
1 12564U 81061  A 89071.44852157  .00000142 +00000-0 +99999-4 0 08529
2 12564 006.5103 070.7457 0004281 026.6361 333.5235 01.00257875045080
1 12564U 81061  A 89071.44879967  .00000142 +00000-0 +00000-4 0 08511
2 12564 006.5103 070.7456 0004281 026.6361 333.5235 01.00257875045089
1 12564U 81061  A 89075.43835503  .00000143 +00000-0 +00000-4 0 08524
2 12564 006.5232 070.7115 0004241 030.3273 329.8276 01.00256174045123
1 12564U 81061  A 89076.43555602  .00000143 +00000-0 +99999-4 0 08541
2 12564 006.5287 070.6627 0004145 022.1472 338.0778 01.00256140045136
1 12564U 81061  A 89076.43583412  .00000143 +00000-0 +00000-4 0 08546
2 12564 006.5287 070.6627 0004145 022.1471 338.0778 01.00256140045135
1 12564U 81061  A 89081.42248513  .00000144 +00000-0 +99999-4 0 08558
2 12564 006.5409 070.6024 0003386 026.6361 333.5801 01.00255969045185
1 12564U 81061  A 89081.42276323  .00000143 +00000-0 +00000-4 0 08563
2 12564 006.5409 070.6023 0003386 026.6361 333.5801 01.00255969045184
1 12564U 81061  A 89086.40925784  .00000147 +00000-0 +99999-4 0 08578
2 12564 006.5537 070.5590 0003274 017.5639 342.5316 01.00251966045237
1 12564U 81061  A 89086.40953562  .00000146 +00000-0 +00000-4 0 08577
2 12564 006.5537 070.5589 0003274 017.5639 342.5316 01.00251966045235
1 12564U 81061  A 89087.40674240  .00000147 +00000-0 +99999-4 0 08588
2 12564 006.5556 070.5552 0003519 019.6020 340.5006 01.00251464045243
1 12564U 81061  A 89087.40702019  .00000146 +00000-0 +00000-4 0 08588
2 12564 006.5556 070.5552 0003519 019.6019 340.5006 01.00251465045242
1 12564U 81061  A 89091.39661525  .00000147 +00000-0 +99999-4 0 08594
2 12564 006.5747 070.4861 0002796 014.2300 345.9324 01.00249932045288
1 12564U 81061  A 89092.39449812  .00000147 +00000-0 +00000-4 0 08616
2 12564 006.5739 070.5301 0004107 021.0452 339.1007 01.00249392045295
1 12564U 81061  A 89096.38403597  .00000149 +00000-0 +99999-4 0 08627
2 12564 006.5800 070.4729 0004710 027.3154 332.7994 01.00245395045333
1 12564U 81061  A 89096.38431375  .00000149 +00000-0 +00000-4 0 08627
2 12564 006.5800 070.4728 0004710 027.3153 332.7994 01.00245396045332
1 12564U 81061  A 89097.38143791  .00000149 +00000-0 +99999-4 0 08636
2 12564 006.5822 070.4530 0004163 026.8854 333.2114 01.00246095045349
1 12564U 81061  A 89098.37880674  .00000150 +00000-0 +99999-4 0 08647
2 12564 006.5846 070.4353 0004097 028.4812 331.5792 01.00246238045359
1 12564U 81061  A 89098.37908452  .00000149 +00000-0 +00000-4 0 08656
2 12564 006.5846 070.4353 0004097 028.4812 331.5792 01.00246238045359
1 12564U 81061  A 89100.37369977  .00000150 +00000-0 +99999-4 0 08661
2 12564 006.5891 070.4210 0003778 028.7895 331.2326 01.00245904045371
1 12564U 81061  A 89101.37120443  .00000150 +00000-0 +99999-4 0 08676
2 12564 006.5915 070.4143 0003784 027.5527 332.4700 01.00245914045380
1 12564U 81061  A 89101.37148190  .00000150 +00000-0 +00000-4 0 08670
2 12564 006.5915 070.4142 0003784 027.5527 332.4700 01.00245914045389
1 12564U 81061  A 89103.36657081  .00000150 +00000-0 +00000-4 0 08675
2 12564 006.5954 070.4087 0003827 027.5455 332.4917 01.00245140045402
1 12564U 81061  A 89105.36136346  .00000151 +00000-0 +99999-4 0 08680
2 12564 006.6005 070.3827 0003744 021.6665 338.4027 01.00245196045428
1 12564U 81061  A 89106.35883294  .00000151 +00000-0 +99999-4 0 08692
2 12564 006.6028 070.3722 0004049 022.9110 337.1376 01.00244440045430
1 12564U 81061  A 89106.35911041  .00000151 +00000-0 +00000-4 0 08699
2 12564 006.6028 070.3722 0004049 022.9110 337.1376 01.00244440045430
1 12564U 81061  A 89107.35664128  .00000151 +00000-0 +00000-4 0 08691
2 12564 006.6052 070.3589 0004309 023.3372 336.7194 01.00244314045446
1 12564U 81061  A 89112.34359459  .00000154 +00000-0 +99999-4 0 08704
2 12564 006.6157 070.2692 0004031 020.8345 339.1220 01.00242302045497
1 12564U 81061  A 89112.34387206  .00000153 +00000-0 +00000-4 0 08709
2 12564 006.6157 070.2692 0004031 020.8344 339.1220 01.00242302045496
1 12564U 81061  A 89117.33128541  .00000155 +00000-0 +99999-4 0 08716
2 12564 006.6288 070.2093 0003570 008.7446 351.2115 01.00240255045540
1 12564U 81061  A 89117.33156351  .00000154 +00000-0 +00000-4 0 08710
2 12564 006.6288 070.2093 0003570 008.7445 351.2115 01.00240256045540
1 12564U 81061  A 89120.32427945  .00000155 +00000-0 +00000-4 0 08714
2 12564 006.6358 070.1816 0003587 008.4678 351.4963 01.00239094045577
1 12564U 81061  A 89124.31410258  .00000158 +00000-0 +99999-4 0 08725
2 12564 006.6463 070.1357 0003907 022.4915 337.3727 01.00234526045611
1 12564U 81061  A 89125.31177493  .00000158 +00000-0 +99999-4 0 08738
2 12564 006.6485 070.1357 0003691 026.3353 333.5455 01.00234629045625
1 12564U 81061  A 89125.31205303  .00000157 +00000-0 +00000-4 0 08723
2 12564 006.6485 070.1357 0003691 026.3353 333.5455 01.00234630045627
1 12564U 81061  A 89129.30217159  .00000158 +00000-0 +99999-4 0 08746
2 12564 006.6599 070.0836 0003658 019.9230 339.9676 01.00236525045663
1 12564U 81061  A 89129.30244874  .00000157 +00000-0 +00000-4 0 08744
2 12564 006.6599 070.0835 0003658 019.9230 339.9676 01.00236526045663
1 12564U 81061  A 89130.29969707  .00000158 +00000-0 +99999-4 0 08750
2 12564 006.6617 070.0714 0004167 025.5407 334.3166 01.00235408045677
1 12564U 81061  A 89130.29997421  .00000158 +00000-0 +00000-4 0 08759
2 12564 006.6617 070.0713 0004167 025.5407 334.3166 01.00235408045676
1 12564U 81061  A 89134.29024780  .00000159 +00000-0 +99999-4 0 08770
2 12564 006.6724 070.0097 0003616 003.5662 356.3668 01.00234291045712
1 12564U 81061  A 89134.29052558  .00000158 +00000-0 +00000-4 0 08778
2 12564 006.6688 070.0265 0004891 023.2296 336.6660 01.00234386045714
1 12564U 81061  A 89135.28787297  .00000159 +00000-0 +99999-4 0 08803
2 12564 006.6716 070.0165 0004896 023.3700 336.5290 01.00234105045729
1 12564U 81061  A 89135.28815076  .00000158 +00000-0 +00000-4 0 08804
2 12564 006.6716 070.0164 0004896 023.3700 336.5290 01.00234105045728
1 12564U 81061  A 89139.27819041  .00000160 +00000-0 +99999-4 0 08812
2 12564 006.6820 069.9676 0004927 024.0029 335.8456 01.00233630045768
1 12564U 81061  A 89139.27820198  .00000160 +00000-0 +99999-4 0 08828
2 12564 006.6820 069.9676 0004927 024.0029 335.8456 01.00233630045768
1 12564U 81061  A 89144.26628024  .00000162 +00000-0 +99999-4 0 08830
2 12564 006.6937 069.9040 0004899 017.1591 342.6576 01.00228986045810
1 12564U 81061  A 89144.26654646  .00000162 +00000-0 +00000-4 0 08834
2 12564 006.6937 069.9040 0004899 017.1591 342.6576 01.00228986045810
1 12564U 81061  A 89147.25941983  .00000162 +00000-0 +99999-4 0 08856
2 12564 006.7011 069.8772 0004936 027.8275 332.0321 01.00228940045848
1 12564U 81061  A 89147.25968604  .00000162 +00000-0 +00000-4 0 08850
2 12564 006.7011 069.8772 0004936 027.8275 332.0321 01.00228940045848
1 12564U 81061  A 89157.23599176  .00000165 +00000-0 +99999-4 0 08907
2 12564 006.7195 069.7362 0005296 039.9902 319.7907 01.00225996045947
1 12564U 81061  A 89157.23640050  .00000164 +00000-0 +00000-4 0 08909
2 12564 006.7190 069.7382 0005363 040.9792 318.8455 01.00225998045948
1 12564U 81061  A 89161.22740560  .00000164 +00000-0 +00000-4 0 08922
2 12564 006.7305 069.6910 0004554 019.4737 340.4569 01.00225891045986
1 12564U 81061  A 89164.22028303  .00000165 +00000-0 +00000-4 0 08931
2 12564 006.7369 069.6586 0004764 026.9810 332.8628 01.00225228046013
1 12564U 81061  A 89165.21802877  .00000165 +00000-0 +00000-4 0 08948
2 12564 006.7492 069.6110 0004945 347.1768 012.7464 01.00224768046025
1 12564U 81061  A 89286.94751512  .00000179 +00000-0 +99999-4 0 09065
2 12564 007.0484 068.0443 0006689 060.3968 299.7487 01.00218500047249
1 12564U 81061  A 89287.94523876  .00000179 +00000-0 +00000-4 0 09061
2 12564 007.0460 068.0368 0006649 056.7814 303.3416 01.00218650047255
1 12564U 81061  A 89290.93836326  .00000179 +00000-0 +99999-4 0 09088
2 12564 007.0530 067.9987 0006901 054.3152 305.7638 01.00221319047289
1 12564U 81061  A 89291.93606242  .00000180 +00000-0 +99999-4 0 09094
2 12564 007.0553 067.9851 0005870 056.5866 303.4657 01.00220922047290
1 12564U 81061  A 89291.93606370  .00000179 +00000-0 +00000-4 0 09099
2 12564 007.0553 067.9851 0005870 056.5865 303.4657 01.00220923047290
1 12564U 81061  A 89292.93380668  .00000180 +00000-0 +99999-4 0 09108
2 12564 007.0576 067.9728 0006374 055.5695 304.4898 01.00221304047302
1 12564U 81061  A 89293.93155958  .00000180 +00000-0 +99999-4 0 09112
2 12564 007.0607 067.9603 0005831 056.9097 303.1481 01.00221306047314
1 12564U 81061  A 89294.92933275  .00000179 +00000-0 +00000-4 0 09133
2 12564 007.0639 067.9491 0005318 058.8433 301.2178 01.00221233047321
1 12564U 81061  A 89296.92485320  .00000179 +00000-0 +00000-4 0 09149
2 12564 007.0688 067.9255 0005623 056.2253 303.8566 01.00221848047347
1 12564U 81061  A 89299.91797685  .00000180 +00000-0 +99999-4 0 09159
2 12564 007.0760 067.8836 0005228 051.9422 308.1249 01.00223283047377
1 12564U 81061  A 89299.91798302  .00000180 +00000-0 +99999-4 0 09167
2 12564 007.0753 067.8991 0004331 059.8055 300.2351 01.00223169047374
1 12564U 81061  A 89301.91336591  .00000180 +00000-0 +99999-4 0 09170
2 12564 007.0799 067.8780 0003867 058.2441 301.7675 01.00223350047394
1 12564U 81061  A 89302.91101425  .00000180 +00000-0 +00000-4 0 09194
2 12564 007.0821 067.8592 0006247 053.8488 306.1706 01.00223812047407
1 12564U 81061  A 89306.90182831  .00000180 +00000-0 +00000-4 0 09232
2 12564 007.0913 067.8054 0008619 052.7983 307.2404 01.00224694047445
1 12564U 81061  A 89309.89489581  .00000181 +00000-0 +99999-4 0 09242
2 12564 007.0985 067.7694 0007184 054.9139 305.0972 01.00225597047478
1 12564U 81061  A 89310.89262130  .00000181 +00000-0 +99999-4 0 09254
2 12564 007.1015 067.7574 0006746 056.1783 303.8400 01.00225962047481
1 12564U 81061  A 89310.89262358  .00000180 +00000-0 +00000-4 0 09261
2 12564 007.1002 067.7741 0004515 064.1790 295.7964 01.00225838047488
1 12564U 81061  A 89312.88806437  .00000180 +00000-0 +00000-4 0 09275
2 12564 007.1050 067.7486 0004521 064.1186 295.8789 01.00226389047504
1 12564U 81061  A 89319.87165451  .00000181 +00000-0 +00000-4 0 09298
2 12564 007.1200 067.6812 0007499 068.6427 291.2831 01.00227307047573
1 12564U 81061  A 89319.87165578  .00000093 +00000-0 +99999-4 0 09295
2 12564 007.1199 067.6814 0007692 068.4718 291.4562 01.00227306047570
1 12564U 81061  A 89320.86935420  .00000094 +00000-0 +99999-4 0 09300
2 12564 007.1228 067.6664 0008830 067.5524 292.3984 01.00227662047580
1 12564U 81061  A 89321.86704790  .00000181 +00000-0 +00000-4 0 09329
2 12564 007.1261 067.6537 0009213 066.6959 293.2658 01.00227696047590
1 12564U 81061  A 89321.86704916  .00000095 +00000-0 +99999-4 0 09317
2 12564 007.1254 067.6540 0007771 068.5381 291.4094 01.00228153047596
1 12564U 81061  A 89328.85066854  .00000102 +00000-0 +99999-4 0 09336
2 12564 007.1421 067.5591 0005360 072.1963 287.7473 01.00230785047667
1 12564U 81061  A 89331.84339686  .00000105 +00000-0 +99999-4 0 09350
2 12564 007.1509 067.5238 0006010 070.9184 288.9744 01.00232130047699
1 12564U 81061  A 89331.84339559  .00000181 +00000-0 +00000-4 0 09358
2 12564 007.1508 067.5243 0005992 070.9033 288.9886 01.00232131047693
1 12564U 81061  A 89331.84367338  .00000181 +00000-0 +00000-4 0 09354
2 12564 007.1508 067.5243 0005992 070.9033 288.9886 01.00232131047693
1 12564U 81061  A 89334.83627514  .00000107 +00000-0 +99999-4 0 09365
2 12564 007.1578 067.4881 0005629 070.7430 289.1431 01.00233025047729
1 12564U 81061  A 89334.83655166  .00000182 +00000-0 +00000-4 0 09367
2 12564 007.1578 067.4881 0005629 070.7429 289.1431 01.00233025047727
1 12564U 81061  A 89336.83161197  .00000109 +00000-0 +99999-4 0 09370
2 12564 007.1653 067.4679 0003056 056.4116 303.4755 01.00233476047743
1 12564U 81061  A 89336.83189102  .00000182 +00000-0 +00000-4 0 09383
2 12564 007.1653 067.4679 0003056 056.4116 303.4755 01.00233476047743
1 12564U 81061  A 89337.82925896  .00000110 +00000-0 +99999-4 0 09398
2 12564 007.1679 067.4577 0003082 056.0674 303.8284 01.00233748047756
1 12564U 81061  A 89339.82451834  .00000182 +00000-0 +00000-4 0 09390
2 12564 007.1726 067.4328 0003089 055.4289 304.4782 01.00234300047772
1 12564U 81061  A 89339.82452126  .00000182 +00000-0 +00000-4 0 09395
2 12564 007.1731 067.4356 0003113 056.1091 303.7971 01.00234345047777
1 12564U 81061  A 89343.81479604  .00000115 +00000-0 +99999-4 0 09402
2 12564 007.1826 067.3867 0003589 069.3317 290.5278 01.00235136047819
1 12564U 81061  A 89344.81236729  .00000182 +00000-0 +00000-4 0 09401
2 12564 007.1849 067.3746 0003673 071.4802 288.3677 01.00235309047828
1 12564U 81061  A 89346.80756035  .00000182 +00000-0 +00000-4 0 09410
2 12564 007.1896 067.3517 0003572 071.4098 288.4330 01.00235751047841
1 12564U 81061  A 89350.79808644  .00000120 +00000-0 +99999-4 0 09447
2 12564 007.2015 067.3062 0002867 065.5968 294.3086 01.00238386047881
1 12564U 81061  A 89351.79566362  .00000181 +00000-0 +00000-4 0 09448
2 12564 007.2073 067.2965 0002904 067.5570 292.3498 01.00238761047892
1 12564U 81061  A 89352.79324872  .00000181 +00000-0 +00000-4 0 09458
2 12564 007.2106 067.2901 0003061 079.4151 280.5023 01.00239688047905
1 12564U 81061  A 89353.79080280  .00000181 +00000-0 +00000-4 0 09451
2 12564 007.2129 067.2738 0002786 073.2745 286.6410 01.00239757047917
1 12564U 81061  A 89356.78337850  .00000123 +00000-0 +99999-4 0 09463
2 12564 007.2181 067.2341 0002523 066.1717 293.7186 01.00241182047941
1 12564U 81061  A 89357.78089291  .00000124 +00000-0 +99999-4 0 09479
2 12564 007.2202 067.2219 0003836 092.0394 267.8646 01.00241944047956
1 12564U 81061  A 89358.77839917  .00000125 +00000-0 +99999-4 0 09489
2 12564 007.2227 067.2108 0002973 058.5182 301.3470 01.00241446047960
1 12564U 81061  A 89359.77597972  .00000182 +00000-0 +00000-4 0 09491
2 12564 007.2242 067.1976 0003176 064.8891 294.9984 01.00242014047972
1 12564U 81061  A 89364.76380316  .00000128 +00000-0 +99999-4 0 09527
2 12564 007.2390 067.1007 0006219 096.8483 263.1826 01.00243737048027
1 12564U 81061  A 89365.76126546  .00000128 +00000-0 +99999-4 0 09532
2 12564 007.2407 067.0970 0007156 100.8034 259.2112 01.00244081048031
1 12564U 81061  A 90001.75883091  .00000181 +00000-0 +00000-4 0 09539
2 12564 007.2439 067.0957 0006934 099.6933 260.3309 01.00244437048044
1 12564U 81061  A 90004.75141103  .00000181 +00000-0 +00000-4 0 09544
2 12564 007.2516 067.0729 0002536 019.2815 340.6671 01.00244811048071
1 12564U 81061  A 90005.74887725  .00000131 +00000-0 +99999-4 0 09552
2 12564 007.2541 067.0611 0002935 356.6022 003.3154 01.00244823048083
1 12564U 81061  A 90006.74635601  .00000132 +00000-0 +99999-4 0 09569
2 12564 007.2564 067.0484 0002778 008.4474 351.4692 01.00245301048091
1 12564U 81061  A 90007.74383909  .00000182 +00000-0 +00000-4 0 09561
2 12564 007.2582 067.0336 0002779 010.3931 349.5216 01.00245718048102
1 12564U 81061  A 90015.72388897  .00000181 +00000-0 +00000-4 0 09591
2 12564 007.2791 066.9193 0003829 347.2572 012.7393 01.00249234048183
1 12564U 81061  A 90017.71909084  .00000181 +00000-0 +00000-4 0 09599
2 12564 007.2838 066.8947 0003852 346.6234 013.3723 01.00250035048203
1 12564U 81061  A 90018.71623969  .00000136 +00000-0 +99999-4 0 09602
2 12564 007.2876 066.8925 0002927 060.1585 299.8703 01.00250481048215
1 12564U 81061  A 90018.71652897  .00000180 +00000-0 +00000-4 0 09608
2 12564 007.2876 066.8925 0002927 060.1585 299.8703 01.00250481048215
1 12564U 81061  A 90019.71368021  .00000137 +00000-0 +99999-4 0 09621
2 12564 007.2901 066.8806 0002997 050.1742 309.8483 01.00250959048221
1 12564U 81061  A 90020.71111903  .00000137 +00000-0 +99999-4 0 09639
2 12564 007.2919 066.8713 0002521 050.7870 309.2385 01.00251862048238
1 12564U 81061  A 90021.70851975  .00000137 +00000-0 +99999-4 0 09640
2 12564 007.2930 066.8605 0002256 054.7215 305.2965 01.00252536048243
1 12564U 81061  A 90021.70851967  .00000180 +00000-0 +00000-4 0 09644
2 12564 007.2930 066.8605 0002256 054.7214 305.2965 01.00252537048243
1 12564U 81061  A 90022.70593921  .00000180 +00000-0 +00000-4 0 09648
2 12564 007.2946 066.8483 0002205 056.8669 303.1495 01.00252960048251
1 12564U 81061  A 90024.70087596  .00000138 +00000-0 +99999-4 0 09655
2 12564 007.2996 066.8268 0002062 089.0105 271.0516 01.00253972048274
1 12564U 81061  A 90024.70115460  .00000180 +00000-0 +00000-4 0 09648
2 12564 007.2994 066.8236 0002354 049.6772 310.3663 01.00253654048270
1 12564U 81061  A 90025.69837000  .00000180 +00000-0 +00000-4 0 09660
2 12564 007.3028 066.8210 0002324 055.9142 304.1538 01.00253798048281
1 12564U 81061  A 90026.69582238  .00000138 +00000-0 +99999-4 0 09670
2 12564 007.3046 066.8178 0004788 117.5523 242.5616 01.00253237048299
1 12564U 81061  A 90027.69329494  .00000139 +00000-0 +99999-4 0 09686
2 12564 007.3070 066.8061 0004531 113.3100 246.8177 01.00253590048301
1 12564U 81061  A 90027.69330947  .00000179 +00000-0 +00000-4 0 09680
2 12564 007.3070 066.8069 0004536 113.7129 246.4191 01.00253554048301
1 12564U 81061  A 90034.67504308  .00000180 +00000-0 +00000-4 0 09716
2 12564 007.3239 066.7171 0002517 124.3091 235.7713 01.00255649048379
1 12564U 81061  A 90037.66734227  .00000179 +00000-0 +00000-4 0 09722
2 12564 007.3325 066.6985 0002057 034.3602 325.7268 01.00258039048409
1 12564U 81061  A 90044.64901672  .00000179 +00000-0 +00000-4 0 09751
2 12564 007.3492 066.5968 0004002 010.5929 349.5540 01.00262178048477
1 12564U 81061  A 90049.63534832  .00000179 +00000-0 +00000-4 0 09834
2 12564 007.3598 066.5093 0005871 150.6362 209.5307 01.00263754048528
1 12564U 81061  A 90050.63262051  .00000179 +00000-0 +00000-4 0 09848
2 12564 007.3620 066.4972 0006513 150.0323 210.1242 01.00263952048531
1 12564U 81061  A 90053.62466184  .00000179 +00000-0 +00000-4 0 09854
2 12564 007.3760 066.4833 0002831 022.4353 337.6513 01.00265575048568
1 12564U 81061  A 90056.61686231  .00000178 +00000-0 +00000-4 0 09874
2 12564 007.3828 066.4400 0005154 132.4386 227.8249 01.00265803048595
1 12564U 81061  A 90057.61411599  .00000178 +00000-0 +00000-4 0 09890
2 12564 007.3852 066.4388 0003160 100.9746 259.2344 01.00266454048602
1 12564U 81061  A 90059.60864792  .00000143 +00000-0 +99999-4 0 09907
2 12564 007.3899 066.4189 0003582 097.1055 263.0761 01.00266767048625
1 12564U 81061  A 90060.60593437  .00000143 +00000-0 +99999-4 0 09926
2 12564 007.3911 066.3835 0005453 130.4368 229.7985 01.00266851048636
1 12564U 81061  A 90064.59497777  .00000143 +00000-0 +99999-4 0 09962
2 12564 007.3994 066.3131 0004974 022.9509 337.1948 01.00269741048673
1 12564U 81061  A 90064.59498281  .00000179 +00000-0 +00000-4 0 09978
2 12564 007.3994 066.3221 0003045 033.5229 326.6385 01.00269822048676
1 12564U 81061  A 90065.59222371  .00000179 +00000-0 +00000-4 0 09974
2 12564 007.4018 066.3096 0003044 034.4723 325.6843 01.00270188048688
1 12564U 81061  A 90067.58682138  .00000179 +00000-0 +00000-4 0 09987
2 12564 007.4062 066.2942 0003174 034.7720 325.4067 01.00270426048704
1 12564U 81061  A 90068.58410272  .00000143 +00000-0 +99999-4 0 09993
2 12564 007.4086 066.2841 0003927 030.4451 329.7377 01.00271223048716
1 12564U 81061  A 90073.57020424  .00000179 +00000-0 +00000-4 0 00012
2 12564 007.4209 066.2212 0003456 015.0230 345.1531 01.00270783048765
1 12564U 81061  A 90077.55914789  .00000142 +00000-0 +99999-4 0 00026
2 12564 007.4306 066.1640 0001561 084.5772 275.6623 01.00276318048808
1 12564U 81061  A 90079.55315839  .00000179 +00000-0 +00000-4 0 00046
2 12564 007.4324 066.1483 0003532 035.7320 324.3475 01.00275832048829
1 12564U 81061  A 90080.55054321  .00000178 +00000-0 +00000-4 0 00054
2 12564 007.4354 066.1328 0002503 027.8000 332.3645 01.00276409048834
1 12564U 81061  A 90083.54209997  .00000141 +00000-0 +99999-4 0 00063
2 12564 007.4427 066.0958 0002577 024.6761 335.4833 01.00276963048864
1 12564U 81061  A 90084.53926166  .00000141 +00000-0 +99999-4 0 00078
2 12564 007.4451 066.0830 0002744 024.1408 336.0067 01.00277033048875
1 12564U 81061  A 90085.53641957  .00000179 +00000-0 +00000-4 0 00088
2 12564 007.4473 066.0709 0002824 023.8776 336.2584 01.00277286048884
1 12564U 81061  A 90086.53355285  .00000179 +00000-0 +00000-4 0 00085
2 12564 007.4498 066.0602 0002733 024.0545 336.0648 01.00277785048893
1 12564U 81061  A 90087.53067000  .00000179 +00000-0 +00000-4 0 00081
2 12564 007.4522 066.0484 0002810 024.0563 336.0404 01.00278160048905
1 12564U 81061  A 90088.52778382  .00000140 +00000-0 +99999-4 0 00097
2 12564 007.4555 066.0307 0002960 024.4564 335.6232 01.00278557048911
1 12564U 81061  A 90089.52490043  .00000140 +00000-0 +99999-4 0 00105
2 12564 007.4583 066.0183 0001836 026.1236 333.9550 01.00279546048924
1 12564U 81061  A 90090.52202622  .00000140 +00000-0 +99999-4 0 00112
2 12564 007.4604 066.0132 0002730 022.7054 337.3438 01.00279766048934
1 12564U 81061  A 90091.51918819  .00000140 +00000-0 +99999-4 0 00125
2 12564 007.4635 065.9977 0002127 021.5742 338.4882 01.00280366048948
1 12564U 81061  A 90092.51631595  .00000179 +00000-0 +00000-4 0 00137
2 12564 007.4666 065.9805 0002682 024.1312 335.9216 01.00280724048952
1 12564U 81061  A 90092.51633118  .00000139 +00000-0 +99999-4 0 00142
2 12564 007.4665 065.9827 0003657 017.8164 342.2285 01.00280647048953
1 12564U 81061  A 90093.51354094  .00000139 +00000-0 +99999-4 0 00157
2 12564 007.4686 065.9759 0003719 023.3693 336.6927 01.00281160048960
1 12564U 81061  A 90094.51073324  .00000179 +00000-0 +00000-4 0 00162
2 12564 007.4707 065.9693 0003525 029.2584 330.8200 01.00281754048970
1 12564U 81061  A 90095.50789613  .00000139 +00000-0 +99999-4 0 00179
2 12564 007.4728 065.9613 0003204 031.9957 328.0936 01.00282330048980
1 12564U 81061  A 90101.49028565  .00000179 +00000-0 +00000-4 0 00211
2 12564 007.4883 065.8699 0002359 026.8423 333.1705 01.00286310049047
1 12564U 81061  A 90102.48734713  .00000136 +00000-0 +99999-4 0 00229
2 12564 007.4907 065.8575 0002839 031.4282 328.5681 01.00286624049055
1 12564U 81061  A 90102.48735828  .00000136 +00000-0 +99999-4 0 00238
2 12564 007.4897 065.8673 0004095 034.3512 325.6256 01.00286529049056
1 12564U 81061  A 90103.48452160  .00000136 +00000-0 +99999-4 0 00245
2 12564 007.4929 065.8654 0003296 030.0878 329.9123 01.00286632049067
1 12564U 81061  A 90105.47866295  .00000135 +00000-0 +99999-4 0 00254
2 12564 007.4998 065.8478 0002612 020.4562 339.5389 01.00288072049084
1 12564U 81061  A 90106.47571793  .00000135 +00000-0 +99999-4 0 00273
2 12564 007.5005 065.8380 0003099 029.6876 330.2903 01.00288279049095
1 12564U 81061  A 90108.47023943  .00000178 +00000-0 +00000-4 0 00300
2 12564 007.5066 065.8409 0002941 024.7536 335.3257 01.00288381049113
1 12564U 81061  A 90110.46420966  .00000133 +00000-0 +99999-4 0 00315
2 12564 007.5113 065.8147 0002581 004.2798 355.7478 01.00288943049135
1 12564U 81061  A 90111.46120778  .00000133 +00000-0 +99999-4 0 00325
2 12564 007.5167 065.7716 0002347 351.9089 008.1308 01.00289281049148
1 12564U 81061  A 90112.45810898  .00000179 +00000-0 +00000-4 0 00329
2 12564 007.5191 065.7582 0002366 352.2748 007.7078 01.00289684049150
1 12564U 81061  A 90113.45512456  .00000179 +00000-0 +00000-4 0 00329
2 12564 007.5210 065.7415 0002379 356.0609 003.9087 01.00289964049169
1 12564U 81061  A 90114.45216024  .00000180 +00000-0 +00000-4 0 00324
2 12564 007.5237 065.7269 0003223 013.6213 346.3294 01.00290242049177
1 12564U 81061  A 90115.44916895  .00000180 +00000-0 +00000-4 0 00338
2 12564 007.5259 065.7154 0003283 018.6781 341.2448 01.00289660049183
1 12564U 81061  A 90117.44324878  .00000130 +00000-0 +99999-4 0 00727
2 12564 007.5289 065.7213 0003770 358.3803 001.5205 01.00291522049202
1 12564U 81061  A 90120.43436373  .00000180 +00000-0 +00000-4 0 00746
2 12564 007.5353 065.6898 0002994 301.9765 057.9482 01.00292115049234
1 12564U 81061  A 90122.42833293  .00000180 +00000-0 +00000-4 0 00750
2 12564 007.5392 065.6651 0002928 279.6049 080.2922 01.00292573049255
1 12564U 81061  A 90123.42534792  .00000180 +00000-0 +00000-4 0 00764
2 12564 007.5427 065.6437 0004020 262.5477 097.3715 01.00293171049262
1 12564U 81061  A 90135.38721958  .00000186 +00000-0 +00000-4 0 00805
2 12564 007.5742 065.4956 0004045 036.4611 322.6584 01.00299085049382
1 12564U 81061  A 90136.38636769  .00000119 +00000-0 +99999-4 0 00813
2 12564 007.5760 065.4846 0003731 033.8866 326.0245 01.00299468049392
1 12564U 81061  A 90137.38335047  .00000179 +00000-0 +00000-4 0 00821
2 12564 007.5785 065.4712 0004025 037.3804 322.5359 01.00299853049406
1 12564U 81061  A 90139.37724357  .00000179 +00000-0 +00000-4 0 00828
2 12564 007.5839 065.4377 0003936 036.9196 323.0007 01.00300592049423
1 12564U 81061  A 90143.36482761  .00000181 +00000-0 +00000-4 0 00836
2 12564 007.5936 065.3843 0004047 057.3451 302.4823 01.00300420049464
1 12564U 81061  A 90144.36183388  .00000181 +00000-0 +00000-4 0 00830
2 12564 007.5949 065.3709 0003847 056.7337 303.1157 01.00300667049474
1 12564U 81061  A 90147.35266541  .00000181 +00000-0 +00000-4 0 00835
2 12564 007.6008 065.3199 0004179 057.0346 302.8294 01.00302033049508
1 12564U 81061  A 90149.34659473  .00000110 +00000-0 +99999-4 0 00844
2 12564 007.6056 065.2946 0004124 054.5403 305.3538 01.00303241049529
1 12564U 81061  A 90149.34659537  .00000180 +00000-0 +00000-4 0 00836
2 12564 007.6056 065.2946 0004124 054.5403 305.3538 01.00303241049529
1 12564U 81061  A 90152.33735160  .00000107 +00000-0 +99999-4 0 00863
2 12564 007.6129 065.2569 0003795 048.3619 311.5445 01.00304981049555
1 12564U 81061  A 90154.33105973  .00000180 +00000-0 +00000-4 0 00875
2 12564 007.6182 065.2377 0003432 016.9853 342.9068 01.00306284049579
1 12564U 81061  A 90160.31257462  .00000100 +00000-0 +99999-4 0 00913
2 12564 007.6310 065.1823 0004477 066.4854 293.4266 01.00307874049631
1 12564U 81061  A 90163.30320547  .00000097 +00000-0 +99999-4 0 00926
2 12564 007.6383 065.1393 0004853 067.0845 292.8393 01.00309122049663
1 12564U 81061  A 90163.30320484  .00000179 +00000-0 +00000-4 0 00911
2 12564 007.6383 065.1392 0004853 067.0845 292.8393 01.00309123049663
1 12564U 81061  A 90165.29698025  .00000179 +00000-0 +00000-4 0 00932
2 12564 007.6433 065.1077 0004485 060.7701 299.1879 01.00310049049681
1 12564U 81061  A 90166.29379064  .00000179 +00000-0 +00000-4 0 00954
2 12564 007.6464 065.0947 0004761 064.3050 295.6318 01.00310226049691
1 12564U 81061  A 90172.27490061  .00000088 +00000-0 +99999-4 0 00965
2 12564 007.6617 065.0165 0002424 347.9744 012.0127 01.00309413049759
1 12564U 81061  A 90173.27136225  .00000086 +00000-0 +99999-4 0 00974
2 12564 007.6616 064.9948 0003966 332.4647 027.4073 01.00310058049766
1 12564U 81061  A 90175.26502902  .00000083 +00000-0 +99999-4 0 00993
2 12564 007.6665 064.9724 0003268 351.0882 008.7626 01.00312693049780
1 12564U 81061  A 90176.26196679  .00000180 +00000-0 +00000-4 0 01000
2 12564 007.6693 064.9596 0003416 346.0837 013.8107 01.00313031049796
1 12564U 81061  A 90177.25880967  .00000180 +00000-0 +00000-4 0 01011
2 12564 007.6723 064.9496 0003145 017.0280 342.8486 01.00313008049806
1 12564U 81061  A 90178.25578286  .00000080 +00000-0 +99999-4 0 01025
2 12564 007.6743 064.9361 0002999 034.9547 324.9683 01.00313627049817
1 12564U 81061  A 90179.25265655  .00000180 +00000-0 +00000-4 0 01036
2 12564 007.6773 064.9224 0002923 039.7848 320.1581 01.00314099049822
1 12564U 81061  A 90180.24947056  .00000078 +00000-0 +99999-4 0 01041
2 12564 007.6794 064.9096 0004837 067.2332 292.6832 01.00314742049830
1 12564U 81061  A 90184.23713670  .00000072 +00000-0 +99999-4 0 01074
2 12564 007.6890 064.8661 0004194 030.1125 329.9934 01.00316628049875
1 12564U 81061  A 90185.23342530  .00000071 +00000-0 +99999-4 0 01088
2 12564 007.6910 064.8503 0004174 030.6233 329.3047 01.00316922049883
1 12564U 81061  A 90186.23022021  .00000180 +00000-0 +00000-4 0 01085
2 12564 007.6933 064.8376 0004170 030.7287 329.2022 01.00317208049893
1 12564U 81061  A 90187.22710687  .00000068 +00000-0 +99999-4 0 01098
2 12564 007.6956 064.8236 0004189 049.0461 310.9061 01.00317075049904
1 12564U 81061  A 90189.22059404  .00000180 +00000-0 +00000-4 0 01105
2 12564 007.6985 064.8255 0005379 342.7589 017.1729 01.00316839049929
1 12564U 81061  A 90190.21743365  .00000064 +00000-0 +99999-4 0 01119
2 12564 007.6991 064.8029 0004348 032.5523 327.3794 01.00317380049933
1 12564U 81061  A 90191.21444712  .00000063 +00000-0 +99999-4 0 01124
2 12564 007.7033 064.7900 0003803 031.8929 328.1280 01.00317739049943
1 12564U 81061  A 90192.21123834  .00000179 +00000-0 +00000-4 0 01127
2 12564 007.7064 064.7743 0003727 031.6582 328.3711 01.00318044049952
1 12564U 81061  A 90193.20805395  .00000179 +00000-0 +00000-4 0 01137
2 12564 007.7083 064.7600 0003890 040.6048 319.4363 01.00318385049966
1 12564U 81061  A 90197.19502518  .00000180 +00000-0 +00000-4 0 01132
2 12564 007.7187 064.7089 0003689 037.0918 322.9131 01.00319207050007
1 12564U 81061  A 90198.19186275  .00000053 +00000-0 +99999-4 0 01146
2 12564 007.7208 064.6955 0004137 055.0426 304.9733 01.00319154050015
1 12564U 81061  A 90198.19186212  .00000180 +00000-0 +00000-4 0 01143
2 12564 007.7208 064.6954 0004137 055.0426 304.9733 01.00319154050014
1 12564U 81061  A 90199.18861449  .00000052 +00000-0 +99999-4 0 01159
2 12564 007.7230 064.6825 0004484 062.2063 297.8016 01.00319767050023
1 12564U 81061  A 90199.18861386  .00000180 +00000-0 +00000-4 0 01156
2 12564 007.7230 064.6824 0004484 062.2062 297.8016 01.00319767050021
1 12564U 81061  A 90200.18542258  .00000180 +00000-0 +00000-4 0 01164
2 12564 007.7256 064.6665 0003633 045.7351 314.3011 01.00319180050034
1 12564U 81061  A 90202.17894440  .00000047 +00000-0 +99999-4 0 01176
2 12564 007.7311 064.6415 0003669 043.3483 316.6885 01.00319736050051
1 12564U 81061  A 90202.17894377  .00000180 +00000-0 +00000-4 0 01178
2 12564 007.7311 064.6414 0003669 043.3482 316.6885 01.00319737050050
1 12564U 81061  A 90204.17257264  .00000179 +00000-0 +00000-4 0 01176
2 12564 007.7366 064.6199 0003635 046.2472 313.8250 01.00320177050071
1 12564U 81061  A 90205.16936421  .00000179 +00000-0 +00000-4 0 01175
2 12564 007.7389 064.6059 0003806 044.6264 315.4629 01.00320514050086
1 12564U 81061  A 90207.16287763  .00000039 +00000-0 +99999-4 0 01186
2 12564 007.7435 064.5781 0004352 033.8216 326.2888 01.00321446050108
1 12564U 81061  A 90209.15628100  .00000036 +00000-0 +99999-4 0 01199
2 12564 007.7484 064.5542 0004579 033.5651 326.5236 01.00322611050125
1 12564U 81061  A 90210.15298017  .00000179 +00000-0 +00000-4 0 01194
2 12564 007.7507 064.5392 0004633 035.9890 324.0907 01.00323005050133
1 12564U 81061  A 90211.14969476  .00000179 +00000-0 +00000-4 0 01198
2 12564 007.7531 064.5265 0004803 032.1336 327.9450 01.00323109050143
1 12564U 81061  A 90215.13663638  .00000025 +00000-0 +99999-4 0 01209
2 12564 007.7625 064.4817 0004985 020.4084 339.6975 01.00324321050183
1 12564U 81061  A 90216.13336209  .00000024 +00000-0 +99999-4 0 01211
2 12564 007.7649 064.4690 0003637 050.3111 309.7705 01.00324534050190
1 12564U 81061  A 90217.13022351  .00000179 +00000-0 +00000-4 0 01229
2 12564 007.7659 064.4398 0004791 032.7712 327.3971 01.00324416050201
1 12564U 81061  A 90221.11708956  .00000015 +00000-0 +99999-4 0 01239
2 12564 007.7753 064.3896 0004416 036.4767 323.6955 01.00324932050241
1 12564U 81061  A 90221.11710845  .00000179 +00000-0 +00000-4 0 01235
2 12564 007.7753 064.3897 0004325 038.2003 321.9767 01.00324958050244
1 12564U 81061  A 90225.10382666  .00000008 +00000-0 +99999-4 0 01241
2 12564 007.7850 064.3426 0003925 040.4770 319.6496 01.00324619050282
1 12564U 81061  A 90225.10382730  .00000180 +00000-0 +00000-4 0 01249
2 12564 007.7850 064.3425 0003925 040.4769 319.6496 01.00324619050289
1 12564U 81061  A 90226.10073826  .00000180 +00000-0 +00000-4 0 01265
2 12564 007.7861 064.3151 0004379 118.3286 241.8303 01.00325120050292
1 12564U 81061  A 90231.08436116  .00000179 +00000-0 +00000-4 0 01272
2 12564 007.7994 064.2608 0004528 031.9117 328.3415 01.00325527050346
1 12564U 81061  A 90232.08089878  .00000180 +00000-0 +00000-4 0 01274
2 12564 007.8021 064.2463 0004774 029.4817 330.7184 01.00325752050350
1 12564U 81061  A 90233.07759766  .00000180 +00000-0 +00000-4 0 01285
2 12564 007.8047 064.2395 0005280 023.9340 336.2685 01.00326012050363
1 12564U 81061  A 90234.07428079  .00000180 +00000-0 +00000-4 0 01297
2 12564 007.8072 064.2253 0005031 028.8541 331.3398 01.00326201050373
1 12564U 81061  A 90235.07098174 -.00000010 +00000-0 +99999-4 0 01307
2 12564 007.8096 064.2116 0004738 033.6496 326.5431 01.00326559050384
1 12564U 81061  A 90235.07099600  .00000180 +00000-0 +00000-4 0 01304
2 12564 007.8098 064.2192 0003897 045.4054 314.7718 01.00326604050384
1 12564U 81061  A 90237.06439146 -.00000014 +00000-0 +99999-4 0 01322
2 12564 007.8145 064.1912 0004106 049.6058 310.5848 01.00327804050404
1 12564U 81061  A 90238.06104760 -.00000016 +00000-0 +99999-4 0 01337
2 12564 007.8173 064.1848 0003925 051.4015 308.7731 01.00328006050411
1 12564U 81061  A 90238.06104697  .00000180 +00000-0 +00000-4 0 01321
2 12564 007.8173 064.1847 0003925 051.4014 308.7731 01.00328006050419
1 12564U 81061  A 90239.05771581  .00000180 +00000-0 +00000-4 0 01345
2 12564 007.8180 064.1639 0002783 101.0897 259.0630 01.00328753050424
1 12564U 81061  A 90240.05443667 -.00000019 +00000-0 +99999-4 0 01356
2 12564 007.8203 064.1503 0003991 113.9521 246.2023 01.00328126050437
1 12564U 81061  A 90241.05118308 -.00000022 +00000-0 +99999-4 0 01363
2 12564 007.8226 064.1343 0003819 106.8838 253.3056 01.00328382050445
1 12564U 81061  A 90242.04785858  .00000180 +00000-0 +00000-4 0 01373
2 12564 007.8250 064.1160 0003774 103.4669 256.7327 01.00328696050451
1 12564U 81061  A 90247.03133051  .00000180 +00000-0 +00000-4 0 01391
2 12564 007.8357 064.0353 0004409 118.4217 241.8306 01.00329429050506
1 12564U 81061  A 90249.02463540  .00000181 +00000-0 +00000-4 0 01404
2 12564 007.8406 064.0100 0003368 069.5408 290.7263 01.00327865050521
1 12564U 81061  A 90250.02119569 -.00000039 +00000-0 +99999-4 0 01414
2 12564 007.8431 063.9969 0004357 051.6847 308.5580 01.00328255050533
1 12564U 81061  A 90251.01782039  .00000181 +00000-0 +00000-4 0 01425
2 12564 007.8461 063.9961 0005061 045.4421 314.7804 01.00328364050540
1 12564U 81061  A 90252.01442254  .00000181 +00000-0 +00000-4 0 01428
2 12564 007.8485 063.9870 0005223 043.7495 316.4463 01.00328511050552
1 12564U 81061  A 90253.01105933  .00000182 +00000-0 +00000-4 0 01431
2 12564 007.8519 063.9700 0005465 041.7491 318.4427 01.00328767050560
1 12564U 81061  A 90263.97436157  .00000182 +00000-0 +00000-4 0 01465
2 12564 007.8732 063.8498 0006013 032.0315 328.1611 01.00329794050674
1 12564U 81061  A 90267.96084603  .00000184 +00000-0 +00000-4 0 01476
2 12564 007.8832 063.8316 0004444 159.9717 200.0090 01.00329101050711
1 12564U 81061  A 90268.95790822  .00000183 +00000-0 +00000-4 0 01483
2 12564 007.8860 063.8160 0005397 162.8764 197.2413 01.00329227050728
1 12564U 81061  A 90272.94471856 -.00000084 +00000-0 +99999-4 0 01509
2 12564 007.8973 063.7696 0006224 169.6460 190.5187 01.00329612050760
1 12564U 81061  A 90272.94471983  .00000182 +00000-0 +00000-4 0 01514
2 12564 007.8976 063.7578 0004015 066.4112 293.8565 01.00330165050768
1 12564U 81061  A 90273.94113877  .00000183 +00000-0 +00000-4 0 01522
2 12564 007.9010 063.7348 0003250 076.1588 284.0228 01.00330161050773
1 12564U 81061  A 90275.93441605  .00000184 +00000-0 +00000-4 0 01527
2 12564 007.9058 063.7092 0003314 074.3716 285.7982 01.00330003050797
1 12564U 81061  A 90276.93103928  .00000184 +00000-0 +00000-4 0 01521
2 12564 007.9083 063.6950 0003587 068.5859 291.5714 01.00329119050808
1 12564U 81061  A 90277.92765257 -.00000095 +00000-0 +99999-4 0 01549
2 12564 007.9107 063.6832 0003575 067.9583 292.1801 01.00329151050819
1 12564U 81061  A 90278.92426255  .00000185 +00000-0 +00000-4 0 01546
2 12564 007.9131 063.6715 0003596 066.5076 293.6105 01.00329202050822
1 12564U 81061  A 90284.90426425 -.00000109 +00000-0 +99999-4 0 01564
2 12564 007.9285 063.6181 0003486 072.8963 287.1907 01.00328021050884
1 12564U 81061  A 90286.89770843  .00000185 +00000-0 +00000-4 0 01579
2 12564 007.9305 063.6323 0004883 055.5047 304.5979 01.00328430050908
1 12564U 81061  A 90287.89439309 -.00000115 +00000-0 +99999-4 0 01589
2 12564 007.9322 063.6207 0005277 059.7229 300.3883 01.00329163050917
1 12564U 81061  A 90287.89439374  .00000185 +00000-0 +00000-4 0 01593
2 12564 007.9325 063.6093 0004832 058.8369 301.2801 01.00328720050912
1 12564U 81061  A 90288.89101917  .00000186 +00000-0 +00000-4 0 01606
2 12564 007.9366 063.5932 0004577 056.2052 303.8946 01.00328231050921
1 12564U 81061  A 90289.88764088  .00000186 +00000-0 +00000-4 0 01611
2 12564 007.9406 063.5760 0004321 064.4095 295.6761 01.00329280050939
1 12564U 81061  A 90290.88424958 -.00000121 +00000-0 +99999-4 0 01628
2 12564 007.9434 063.5643 0003550 067.4718 292.5832 01.00329010050945
1 12564U 81061  A 90290.88425793  .00000186 +00000-0 +00000-4 0 01632
2 12564 007.9442 063.5587 0002810 074.2642 285.7897 01.00328934050940
1 12564U 81061  A 90291.88087527 -.00000122 +00000-0 +99999-4 0 01649
2 12564 007.9478 063.5452 0001529 187.6310 172.3612 01.00328146050959
1 12564U 81061  A 90292.87756892 -.00000124 +00000-0 +99999-4 0 01650
2 12564 007.9486 063.5454 0002153 091.0972 268.9209 01.00328430050967
1 12564U 81061  A 90293.87421998  .00000187 +00000-0 +00000-4 0 01661
2 12564 007.9501 063.5410 0004319 071.4561 288.5727 01.00328314050974
1 12564U 81061  A 90294.87086575  .00000187 +00000-0 +00000-4 0 01660
2 12564 007.9524 063.5282 0003932 071.6252 288.3907 01.00328498050987
1 12564U 81061  A 90297.86089712  .00000187 +00000-0 +00000-4 0 01679
2 12564 007.9578 063.4972 0004847 063.5374 296.4942 01.00329130051010
1 12564U 81061  A 90298.85757929 -.00000136 +00000-0 +99999-4 0 01682
2 12564 007.9597 063.4786 0003692 076.3529 283.6738 01.00329070051020
1 12564U 81061  A 90298.85758315 -.00000136 +00000-0 +99999-4 0 01693
2 12564 007.9637 063.4424 0002722 098.6058 261.4418 01.00329239051027
1 12564U 81061  A 90299.85418909 -.00000138 +00000-0 +99999-4 0 01700
2 12564 007.9673 063.4200 0003137 086.7951 273.2473 01.00328971051035
1 12564U 81061  A 90300.85084497  .00000188 +00000-0 +00000-4 0 01703
2 12564 007.9692 063.4057 0003176 085.5396 274.5011 01.00328872051042
1 12564U 81061  A 90301.84751719  .00000188 +00000-0 +00000-4 0 01723
2 12564 007.9710 063.3935 0002482 095.3085 264.7199 01.00327996051055
1 12564U 81061  A 90303.84084004  .00000189 +00000-0 +00000-4 0 01722
2 12564 007.9757 063.3680 0002544 092.6512 267.3659 01.00327702051074
1 12564U 81061  A 90308.82405946 -.00000154 +00000-0 +99999-4 0 02221
2 12564 007.9871 063.3075 0002349 085.7442 274.1839 01.00324959051120
1 12564U 81061  A 90309.82077017 -.00000156 +00000-0 +99999-4 0 02239
2 12564 007.9900 063.2918 0003107 088.3049 271.6335 01.00325019051135
1 12564U 81061  A 90311.81422065  .00000191 +00000-0 +00000-4 0 02242
2 12564 007.9940 063.2711 0005083 066.5229 293.4534 01.00325312051154
1 12564U 81061  A 90314.80439707 -.00000165 +00000-0 +99999-4 0 02275
2 12564 007.9984 063.2615 0006060 056.2240 303.7612 01.00325491051183
1 12564U 81061  A 90314.80439835  .00000190 +00000-0 +00000-4 0 02279
2 12564 007.9984 063.2614 0006060 056.2239 303.7612 01.00325491051180
1 12564U 81061  A 90316.79778769  .00000192 +00000-0 +00000-4 0 02284
2 12564 008.0056 063.2269 0002719 240.6003 119.2871 01.00325008051207
1 12564U 81061  A 90318.79111312 -.00000172 +00000-0 +99999-4 0 02308
2 12564 008.0112 063.1929 0005414 067.9442 292.0098 01.00324534051220
1 12564U 81061  A 90326.76486312 -.00000185 +00000-0 +99999-4 0 02358
2 12564 008.0295 063.1091 0003902 079.4425 280.5037 01.00325005051309
1 12564U 81061  A 90326.76486313  .00000192 +00000-0 +00000-4 0 02351
2 12564 008.0295 063.1090 0003923 079.3304 280.6161 01.00325006051306
1 12564U 81061  A 90327.76155740  .00000193 +00000-0 +00000-4 0 02361
2 12564 008.0319 063.0944 0000392 251.2295 108.6627 01.00324169051313
1 12564U 81061  A 90337.72882259 -.00000200 +00000-0 +99999-4 0 02398
2 12564 008.0544 062.9469 0000995 022.2573 337.6009 01.00319536051418
1 12564U 81061  A 90338.72558353 -.00000202 +00000-0 +99999-4 0 02419
2 12564 008.0629 062.9415 0004353 091.4252 268.4750 01.00320105051426
1 12564U 81061  A 90341.71596163 -.00000206 +00000-0 +99999-4 0 02428
2 12564 008.0686 062.9009 0005330 086.1887 273.7577 01.00318935051456
1 12564U 81061  A 90341.71596161  .00000196 +00000-0 +00000-4 0 02439
2 12564 008.0662 062.9033 0003160 088.3211 271.5986 01.00318866051454
1 12564U 81061  A 90342.71274219  .00000196 +00000-0 +00000-4 0 02448
2 12564 008.0685 062.8899 0003336 090.7551 269.1721 01.00318904051461
1 12564U 81061  A 90344.80000126 -.00000104 +00000-0 +00000-4 0 02455
2 12564 008.0870 062.6889 0002355 070.8429 323.0540 01.00318746000004
1 12564U 81061  A 90345.70282069  .00000197 +00000-0 +00000-4 0 02465
2 12564 008.0785 062.7936 0002010 084.7427 275.1461 01.00318320000011
1 12564U 81061  A 90345.70282098  .00000197 +00000-0 +00000-4 0 02489
2 12564 008.0785 062.7936 0002046 085.3041 274.5853 01.00318319000015
1 12564U 81061  A 90348.69263477 -.00000216 +00000-0 +99999-4 0 02501
2 12564 008.0854 062.7603 0001641 087.6620 272.0361 01.00317568000046
1 12564U 81061  A 90349.68996705  .00000198 +00000-0 +00000-4 0 02512
2 12564 008.0846 062.7971 0001221 325.4853 034.3429 01.00317418000059
1 12564U 81061  A 90352.68046218  .00000198 +00000-0 +00000-4 0 02522
2 12564 008.0835 062.7624 0003108 324.4491 035.4144 01.00316667000089
1 12564U 81061  A 90354.67413025 -.00000222 +00000-0 +99999-4 0 02532
2 12564 008.0881 062.7387 0003972 328.6932 031.1864 01.00315370000106
1 12564U 81061  A 90354.67416232  .00000199 +00000-0 +00000-4 0 02543
2 12564 008.0907 062.7399 0003252 340.7382 019.1633 01.00315484000109
1 12564U 81061  A 90357.66464543  .00000198 +00000-0 +00000-4 0 02553
2 12564 008.0971 062.7089 0002350 036.4211 323.5361 01.00315713000132
1 12564U 81061  A 90358.66142386  .00000198 +00000-0 +00000-4 0 02563
2 12564 008.0975 062.6871 0002365 044.0964 315.8655 01.00315492000145
1 12564U 81061  A 90359.65817477  .00000199 +00000-0 +00000-4 0 02575
2 12564 008.0999 062.6747 0002771 058.1179 301.8330 01.00315203000154
1 12564U 81061  A 90365.63914637 -.00000235 +00000-0 +99999-4 0 02607
2 12564 008.1232 062.6183 0001655 085.5076 274.4217 01.00312893000217
1 12564U 81061  A 91002.63293991  .00000201 +00000-0 +00000-4 0 02617
2 12564 008.1237 062.5634 0001148 098.1861 261.7992 01.00310233000238
1 12564U 81061  A 91004.62664946  .00000201 +00000-0 +00000-4 0 02621
2 12564 008.1310 062.5348 0001095 093.3630 266.6331 01.00311512000258
1 12564U 81061  A 91005.62345984 -.00000240 +00000-0 +99999-4 0 02641
2 12564 008.1323 062.5221 0001098 095.0050 264.9804 01.00311382000262
1 12564U 81061  A 91008.61398588 -.00000243 +00000-0 +99999-4 0 02655
2 12564 008.1372 062.4978 0001563 126.9035 233.0724 01.00310991000294
1 12564U 81061  A 91009.61082378 -.00000244 +00000-0 +99999-4 0 02665
2 12564 008.1403 062.4889 0001825 124.6756 235.2897 01.00309242000300
1 12564U 81061  A 91009.61082382  .00000202 +00000-0 +00000-4 0 02668
2 12564 008.1403 062.4888 0001825 124.6755 235.2897 01.00309243000309
1 12564U 81061  A 91013.59839062  .00000203 +00000-0 +00000-4 0 02688
2 12564 008.1561 062.3959 0002193 029.2785 330.7271 01.00307685000343
1 12564U 81061  A 91014.59526153 -.00000248 +00000-0 +99999-4 0 02699
2 12564 008.1561 062.3840 0001955 037.6151 322.3942 01.00307453000353
1 12564U 81061  A 91014.59526158  .00000203 +00000-0 +00000-4 0 02701
2 12564 008.1543 062.3779 0001752 048.7541 311.2706 01.00307597000359
1 12564U 81061  A 91015.59217476  .00000203 +00000-0 +00000-4 0 02702
2 12564 008.1565 062.3794 0001755 048.2149 311.8070 01.00307266000366
1 12564U 81061  A 91017.58616505 -.00000251 +00000-0 +99999-4 0 02719
2 12564 008.1613 062.4016 0001632 054.2132 305.8465 01.00306826000385
1 12564U 81061  A 91017.58616498  .00000203 +00000-0 +00000-4 0 02711
2 12564 008.1613 062.4015 0001632 054.2131 305.8465 01.00306827000384
1 12564U 81061  A 91018.58314198 -.00000252 +00000-0 +99999-4 0 02725
2 12564 008.1659 062.4105 0001747 042.8393 317.2255 01.00306365000396
1 12564U 81061  A 91019.58005451  .00000203 +00000-0 +00000-4 0 02725
2 12564 008.1673 062.3933 0001616 053.1513 306.9261 01.00305859000405
1 12564U 81061  A 91022.57071087  .00000204 +00000-0 +00000-4 0 02727
2 12564 008.1740 062.3530 0001626 051.3841 308.6762 01.00304801000432
1 12564U 81061  A 91025.56139438 -.00000257 +00000-0 +99999-4 0 02739
2 12564 008.1800 062.2997 0001907 029.6003 330.4529 01.00304375000468
1 12564U 81061  A 91026.55829581 -.00000257 +00000-0 +99999-4 0 02745
2 12564 008.1840 062.2872 0002184 111.9177 248.1351 01.00301632000471
1 12564U 81061  A 91027.55526911  .00000205 +00000-0 +00000-4 0 02744
2 12564 008.1864 062.2707 0002255 113.0648 247.0022 01.00301080000480
1 12564U 81061  A 91031.54322266 -.00000261 +00000-0 +99999-4 0 02754
2 12564 008.1970 062.2333 0001088 076.7208 283.3942 01.00303063000525
1 12564U 81061  A 91031.54322275  .00000205 +00000-0 +00000-4 0 02767
2 12564 008.1971 062.2334 0001154 069.1395 290.9704 01.00302542000525
1 12564U 81061  A 91033.53708494  .00000206 +00000-0 +00000-4 0 02793
2 12564 008.2029 062.2159 0001104 317.9399 042.1300 01.00299621000542
1 12564U 81061  A 91033.53709650 -.00000262 +00000-0 +99999-4 0 02796
2 12564 008.2029 062.2159 0001104 317.9399 042.1300 01.00299621000542
1 12564U 81061  A 91038.52175994  .00000207 +00000-0 +00000-4 0 02814
2 12564 008.2129 062.1559 0000723 022.1594 337.8780 01.00298794000595
1 12564U 81061  A 91041.51285338  .00000208 +00000-0 +00000-4 0 02823
2 12564 008.2191 062.1080 0001394 072.0639 288.0474 01.00296437000625
1 12564U 81061  A 91042.50988650  .00000207 +00000-0 +00000-4 0 02830
2 12564 008.2203 062.0856 0002332 080.3842 279.7588 01.00296305000638
1 12564U 81061  A 91047.49500894 -.00000270 +00000-0 +99999-4 0 02840
2 12564 008.2311 062.0184 0001302 065.2467 294.9393 01.00295537000687
1 12564U 81061  A 91048.49198835  .00000208 +00000-0 +00000-4 0 02855
2 12564 008.2341 061.9838 0001678 058.0147 302.1781 01.00294111000696
1 12564U 81061  A 91049.48889916  .00000209 +00000-0 +00000-4 0 02853
2 12564 008.2364 061.9715 0001692 058.9578 301.1972 01.00293848000707
1 12564U 81061  A 91050.48588263  .00000209 +00000-0 +00000-4 0 02856
2 12564 008.2387 061.9596 0001698 059.5318 300.6104 01.00293574000712
1 12564U 81061  A 91052.47998296  .00000210 +00000-0 +00000-4 0 02861
2 12564 008.2452 061.9667 0001685 056.8327 303.2856 01.00291496000736
1 12564U 81061  A 91053.47703355 -.00000272 +00000-0 +99999-4 0 02888
2 12564 008.2468 061.9596 0001265 038.1863 321.9331 01.00291886000745
1 12564U 81061  A 91055.47105533  .00000211 +00000-0 +00000-4 0 02881
2 12564 008.2504 061.9013 0001167 033.6121 326.5170 01.00290976000761
1 12564U 81061  A 91056.46813842  .00000211 +00000-0 +00000-4 0 02903
2 12564 008.2531 061.8851 0001231 041.0092 319.1336 01.00290196000779
1 12564U 81061  A 91061.45346841 -.00000275 +00000-0 +99999-4 0 02915
2 12564 008.2658 061.8203 0001345 042.6206 317.5354 01.00289260000828
1 12564U 81061  A 91061.45346827  .00000211 +00000-0 +00000-4 0 02913
2 12564 008.2658 061.8203 0001345 042.6205 317.5354 01.00289260000827
1 12564U 81061  A 91063.44754593  .00000212 +00000-0 +00000-4 0 02929
2 12564 008.2720 061.8090 0001308 041.4285 318.6928 01.00288322000844
1 12564U 81061  A 91065.44166019  .00000213 +00000-0 +00000-4 0 02922
2 12564 008.2769 061.7796 0001375 036.1286 323.9833 01.00287923000867
1 12564U 81061  A 91066.43871818 -.00000276 +00000-0 +99999-4 0 02938
2 12564 008.2791 061.7661 0001564 033.2985 326.8051 01.00287512000876
1 12564U 81061  A 91066.43871850  .00000213 +00000-0 +00000-4 0 02928
2 12564 008.2791 061.7661 0001564 033.2984 326.8051 01.00287512000875
1 12564U 81061  A 91069.43001837 -.00000277 +00000-0 +99999-4 0 02949
2 12564 008.2868 061.7224 0001189 046.3629 313.7668 01.00286446000907
1 12564U 81061  A 91069.43001869  .00000213 +00000-0 +00000-4 0 02948
2 12564 008.2866 061.7208 0001226 043.9006 316.2291 01.00286344000908
1 12564U 81061  A 91070.42717870 -.00000277 +00000-0 +99999-4 0 02952
2 12564 008.2888 061.7106 0002507 023.3387 336.7942 01.00285531000914
1 12564U 81061  A 91070.42718950  .00000214 +00000-0 +00000-4 0 02968
2 12564 008.2888 061.7110 0002475 022.0736 338.0625 01.00285513000910
1 12564U 81061  A 91075.41291781 -.00000277 +00000-0 +99999-4 0 02987
2 12564 008.2993 061.6524 0003525 016.4585 343.7102 01.00282233000965
1 12564U 81061  A 91076.40997874  .00000215 +00000-0 +00000-4 0 02990
2 12564 008.3008 061.6346 0001879 024.0974 336.0652 01.00281496000978
1 12564U 81061  A 91077.40698446  .00000215 +00000-0 +00000-4 0 03007
2 12564 008.3032 061.6254 0001185 155.1409 205.0049 01.00281685000988
1 12564U 81061  A 91080.39821492  .00000216 +00000-0 +00000-4 0 03010
2 12564 008.3103 061.5834 0001006 148.1808 211.8975 01.00280929001015
1 12564U 81061  A 91084.38706307  .00000217 +00000-0 +00000-4 0 03055
2 12564 008.3225 061.5223 0002796 028.1783 331.9439 01.00279587001059
1 12564U 81061  A 91085.38417162  .00000217 +00000-0 +00000-4 0 03065
2 12564 008.3248 061.5099 0002784 028.1462 331.9566 01.00279124001065
1 12564U 81061  A 91088.37563093 -.00000279 +00000-0 +99999-4 0 03077
2 12564 008.3316 061.4718 0002000 029.4400 330.6520 01.00277672001090
1 12564U 81061  A 91088.37582150 -.00000279 +00000-0 +99999-4 0 03083
2 12564 008.3363 061.5448 0002230 028.7813 331.2997 01.00277306001097
1 12564U 81061  A 91090.37011727  .00000218 +00000-0 +00000-4 0 03091
2 12564 008.3402 061.5124 0002343 026.6459 333.4087 01.00276398001117
1 12564U 81061  A 91092.36444092  .00000219 +00000-0 +00000-4 0 03111
2 12564 008.3432 061.4176 0002282 030.0892 330.0145 01.00275670001130
1 12564U 81061  A 91093.36141294  .00000220 +00000-0 +00000-4 0 03112
2 12564 008.3454 061.4100 0002304 029.4712 330.5437 01.00275192001148
1 12564U 81061  A 91094.35862677  .00000220 +00000-0 +00000-4 0 03117
2 12564 008.3476 061.3975 0002299 029.3784 330.6398 01.00274796001159
1 12564U 81061  A 91095.35584252 -.00000279 +00000-0 +99999-4 0 03129
2 12564 008.3501 061.3841 0002049 017.9672 342.0655 01.00275236001166
1 12564U 81061  A 91097.35026805  .00000220 +00000-0 +00000-4 0 03137
2 12564 008.3543 061.3626 0002007 018.4091 341.6181 01.00273831001188
1 12564U 81061  A 91098.34750156  .00000221 +00000-0 +00000-4 0 03142
2 12564 008.3590 061.4099 0002315 026.9660 332.9943 01.00273103001195
1 12564U 81061  A 91099.34496715  .00000220 +00000-0 +00000-4 0 03140
2 12564 008.3612 061.3976 0002312 026.9559 333.0911 01.00272692001208
1 12564U 81061  A 91101.33943044  .00000221 +00000-0 +00000-4 0 03157
2 12564 008.3658 061.3718 0002302 026.9998 333.0480 01.00271870001228
1 12564U 81061  A 91103.33384711  .00000221 +00000-0 +00000-4 0 03160
2 12564 008.3703 061.3434 0002300 026.9980 333.0307 01.00271067001241
1 12564U 81061  A 91105.32823477  .00000222 +00000-0 +00000-4 0 03169
2 12564 008.3739 061.2893 0002308 027.9272 332.0874 01.00270041001262
1 12564U 81061  A 91107.32261660  .00000223 +00000-0 +00000-4 0 03162
2 12564 008.3782 061.2649 0002310 028.5133 331.4507 01.00269116001284
1 12564U 81061  A 91108.31987279 -.00000277 +00000-0 +99999-4 0 03719
2 12564 008.3803 061.2511 0002369 029.0129 330.9444 01.00268384001292
1 12564U 81061  A 91108.31987312  .00000223 +00000-0 +00000-4 0 03712
2 12564 008.3799 061.2578 0002279 029.2671 330.6855 01.00268424001291
1 12564U 81061  A 91109.31715887 -.00000277 +00000-0 +99999-4 0 03725
2 12564 008.3820 061.2443 0002192 030.9816 328.9749 01.00267682001300
1 12564U 81061  A 91110.31445726 -.00000277 +00000-0 +99999-4 0 03730
2 12564 008.3839 061.2321 0002112 034.2089 325.7496 01.00266699001318
1 12564U 81061  A 91111.31178109  .00000224 +00000-0 +00000-4 0 03735
2 12564 008.3863 061.2187 0002141 034.5130 325.4589 01.00266468001322
1 12564U 81061  A 91112.30908463  .00000224 +00000-0 +00000-4 0 03739
2 12564 008.3885 061.2046 0002126 033.6941 326.2851 01.00266317001338
1 12564U 81061  A 91113.30637074  .00000224 +00000-0 +00000-4 0 03759
2 12564 008.3910 061.1917 0002118 033.3312 326.6466 01.00266041001344
1 12564U 81061  A 91116.29818826  .00000225 +00000-0 +00000-4 0 03768
2 12564 008.3980 061.1364 0002175 036.2857 323.6815 01.00265223001375
1 12564U 81061  A 91118.29266640  .00000226 +00000-0 +00000-4 0 03762
2 12564 008.4018 061.1246 0002198 033.6666 326.2350 01.00263950001391
1 12564U 81061  A 91119.28999487  .00000226 +00000-0 +00000-4 0 03786
2 12564 008.4043 061.1169 0002191 336.9944 022.9267 01.00265065001402
1 12564U 81061  A 91120.28717241  .00000226 +00000-0 +00000-4 0 03795
2 12564 008.4066 061.1009 0002079 346.5139 013.3596 01.00264332001414
1 12564U 81061  A 91121.28450539  .00000226 +00000-0 +00000-4 0 03790
2 12564 008.4088 061.0892 0002148 350.0098 009.8679 01.00263846001420
1 12564U 81061  A 91122.28182931  .00000227 +00000-0 +00000-4 0 03813
2 12564 008.4109 061.0739 0001272 341.4629 018.4223 01.00262852001433
1 12564U 81061  A 91124.27651270 -.00000274 +00000-0 +99999-4 0 03820
2 12564 008.4154 061.0481 0001091 272.3305 087.5804 01.00262314001456
1 12564U 81061  A 91125.27380146  .00000227 +00000-0 +00000-4 0 03835
2 12564 008.4180 061.0322 0001130 334.3099 025.5751 01.00261862001463
1 12564U 81061  A 91126.27120773  .00000227 +00000-0 +00000-4 0 03834
2 12564 008.4199 061.0234 0000945 322.6975 037.2108 01.00261335001473
1 12564U 81061  A 91130.26058666 -.00000271 +00000-0 +99999-4 0 03845
2 12564 008.4304 060.9638 0003384 051.1240 308.7419 01.00258642001519
1 12564U 81061  A 91130.26078534 -.00000271 +00000-0 +99999-4 0 03852
2 12564 008.4302 060.9650 0003385 051.2823 308.6542 01.00258668001514
1 12564U 81061  A 91132.25544986  .00000229 +00000-0 +00000-4 0 03859
2 12564 008.4343 060.9402 0003348 050.5344 309.3732 01.00257767001533
1 12564U 81061  A 91133.25278865  .00000229 +00000-0 +00000-4 0 03850
2 12564 008.4367 060.9267 0003357 050.2869 309.6056 01.00257179001547
1 12564U 81061  A 91134.25014499  .00000229 +00000-0 +00000-4 0 03863
2 12564 008.4418 060.9126 0003243 049.0851 310.8058 01.00257432001558
1 12564U 81061  A 91136.24487495 -.00000268 +00000-0 +99999-4 0 03874
2 12564 008.4439 060.8980 0003323 051.4705 308.3803 01.00254768001573
1 12564U 81061  A 91136.24487559  .00000230 +00000-0 +00000-4 0 03878
2 12564 008.4439 060.8979 0003323 051.4705 308.3803 01.00254768001571
1 12564U 81061  A 91139.23715244  .00000230 +00000-0 +00000-4 0 03897
2 12564 008.4542 060.8446 0002882 032.3889 327.5149 01.00255462001607
1 12564U 81061  A 91141.23194361  .00000231 +00000-0 +00000-4 0 03904
2 12564 008.4548 060.8396 0003436 025.5460 334.3213 01.00253997001623
1 12564U 81061  A 91142.22942843  .00000231 +00000-0 +00000-4 0 03911
2 12564 008.4597 060.8108 0003453 023.3009 336.6120 01.00254082001631
1 12564U 81061  A 91145.22153407 -.00000264 +00000-0 +99999-4 0 03927
2 12564 008.4667 060.7734 0003460 023.6063 336.2527 01.00253060001669
1 12564U 81061  A 91146.21893957  .00000232 +00000-0 +00000-4 0 03949
2 12564 008.4711 060.7512 0003512 031.7877 328.0627 01.00252658001677
1 12564U 81061  A 91148.21380144  .00000233 +00000-0 +00000-4 0 03941
2 12564 008.4764 060.7276 0003515 031.9219 327.9262 01.00251809001699
1 12564U 81061  A 91149.21125270  .00000233 +00000-0 +00000-4 0 03949
2 12564 008.4763 060.7202 0003533 032.1397 327.7086 01.00251527001708
1 12564U 81061  A 91152.20368919  .00000233 +00000-0 +00000-4 0 03952
2 12564 008.4781 060.7048 0003641 033.1258 326.7392 01.00250694001739
1 12564U 81061  A 91155.19621520 -.00000258 +00000-0 +99999-4 0 03967
2 12564 008.4836 060.6715 0003688 033.4313 326.4852 01.00249011001768
1 12564U 81061  A 91155.19621457  .00000233 +00000-0 +00000-4 0 03963
2 12564 008.4836 060.6714 0003688 033.4313 326.4852 01.00249012001768
1 12564U 81061  A 91160.18349889  .00000235 +00000-0 +00000-4 0 03988
2 12564 008.4926 060.6097 0003321 042.7174 317.1568 01.00245542001815
1 12564U 81061  A 91161.18101549  .00000235 +00000-0 +00000-4 0 03999
2 12564 008.4900 060.6043 0003404 046.6856 313.1938 01.00246457001824
1 12564U 81061  A 91162.17850662  .00000235 +00000-0 +00000-4 0 04009
2 12564 008.4939 060.5916 0002825 045.5476 314.3291 01.00245076001838
1 12564U 81061  A 91163.17601275  .00000235 +00000-0 +00000-4 0 04037
2 12564 008.4960 060.5784 0002799 045.4340 314.4429 01.00244536001849
1 12564U 81061  A 91164.17354742  .00000235 +00000-0 +00000-4 0 04032
2 12564 008.4982 060.5658 0002807 045.3557 314.5289 01.00243990001851
1 12564U 81061  A 91165.17110211 -.00000250 +00000-0 +99999-4 0 04048
2 12564 008.5017 060.5566 0002908 045.1741 314.7187 01.00243341001864
1 12564U 81061  A 91166.16867981 -.00000249 +00000-0 +99999-4 0 04050
2 12564 008.5045 060.5456 0002898 045.2131 314.6987 01.00243014001870
1 12564U 81061  A 91167.16623860  .00000236 +00000-0 +00000-4 0 04057
2 12564 008.5071 060.5318 0002809 045.2914 314.6350 01.00242752001880
1 12564U 81061  A 91168.16377540  .00000236 +00000-0 +00000-4 0 04059
2 12564 008.5129 060.5091 0003132 044.5459 315.3894 01.00242214001893
1 12564U 81061  A 91169.16130176 -.00000247 +00000-0 +99999-4 0 04061
2 12564 008.5155 060.4962 0003012 043.5055 316.4348 01.00242674001904
1 12564U 81061  A 91169.16130177  .00000236 +00000-0 +00000-4 0 04064
2 12564 008.5155 060.4961 0003012 043.5054 316.4348 01.00242675001903
1 12564U 81061  A 91172.15382134 -.00000244 +00000-0 +99999-4 0 04075
2 12564 008.5237 060.4547 0003190 042.8101 317.1067 01.00241860001930
1 12564U 81061  A 91174.14885500  .00000237 +00000-0 +00000-4 0 04088
2 12564 008.5249 060.4435 0003647 043.7949 316.0836 01.00239809001950
1 12564U 81061  A 91179.13689105 -.00000239 +00000-0 +99999-4 0 04106
2 12564 008.5346 060.3646 0003869 034.0016 326.0059 01.00243317002009
1 12564U 81061  A 91180.13431426 -.00000237 +00000-0 +99999-4 0 04129
2 12564 008.5428 060.3534 0003478 028.2170 331.7535 01.00240121002011
1 12564U 81061  A 91181.13188567  .00000238 +00000-0 +00000-4 0 04131
2 12564 008.5439 060.3403 0003423 026.8212 333.1551 01.00239168002023
1 12564U 81061  A 91182.12947826  .00000238 +00000-0 +00000-4 0 04143
2 12564 008.5431 060.3266 0003467 028.8972 331.0921 01.00239498002030
1 12564U 81061  A 91184.12462353  .00000238 +00000-0 +00000-4 0 04164
2 12564 008.5478 060.3007 0003395 025.2647 334.7251 01.00237298002058
1 12564U 81061  A 91185.12220910  .00000238 +00000-0 +00000-4 0 04177
2 12564 008.5498 060.2886 0003398 025.5222 334.4685 01.00236990002066
1 12564U 81061  A 91188.11491792  .00000239 +00000-0 +00000-4 0 04189
2 12564 008.5502 060.2448 0003361 028.4042 331.5725 01.00236403002093
1 12564U 81061  A 91192.10535730  .00000240 +00000-0 +00000-4 0 04209
2 12564 008.5646 060.1983 0003208 011.7869 348.1967 01.00232434002134
1 12564U 81061  A 91196.09603688 -.00000218 +00000-0 +99999-4 0 04222
2 12564 008.5759 060.1523 0003229 033.4342 326.5804 01.00230508002173
1 12564U 81061  A 91196.09611224  .00000241 +00000-0 +00000-4 0 04238
2 12564 008.5778 060.1599 0003251 019.9926 340.0500 01.00230477002178
1 12564U 81061  A 91197.09373565 -.00000217 +00000-0 +99999-4 0 04242
2 12564 008.5794 060.1415 0003586 030.9532 329.0934 01.00230815002185
1 12564U 81061  A 91198.09135586  .00000241 +00000-0 +00000-4 0 04243
2 12564 008.5827 060.1339 0003674 032.1193 327.9159 01.00230906002190
1 12564U 81061  A 91201.08426634  .00000241 +00000-0 +00000-4 0 04288
2 12564 008.5926 060.1046 0003763 035.2292 324.8028 01.00232523002220
1 12564U 81061  A 91206.07255020 -.00000205 +00000-0 +99999-4 0 04300
2 12564 008.6074 060.0609 0004357 051.2605 308.7597 01.00227375002271
1 12564U 81061  A 91206.07304324  .00000241 +00000-0 +00000-4 0 04328
2 12564 008.6199 060.1360 0004932 055.7639 304.3284 01.00228272002271
1 12564U 81061  A 91218.04426928  .00000245 +00000-0 +00000-4 0 04361
2 12564 008.5940 059.6463 0004700 078.3266 281.8218 01.00226108002396
1 12564U 81061  A 91221.03742221  .00000245 +00000-0 +00000-4 0 04372
2 12564 008.5999 059.5855 0004766 077.0809 283.1025 01.00223326002429
1 12564U 81061  A 91225.02857942  .00000245 +00000-0 +00000-4 0 04417
2 12564 008.6387 059.7880 0002814 072.3832 287.6662 01.00224332002465
1 12564U 81061  A 91225.02872240  .00000244 +00000-0 +00000-4 0 04403
2 12564 008.6401 059.6771 0003396 066.1300 294.0847 01.00223997002460
1 12564U 81061  A 91231.01533917  .00000244 +00000-0 +00000-4 0 04426
2 12564 008.6673 059.8061 0002917 063.7129 296.4254 01.00223490002528
1 12564U 81061  A 91232.01308436  .00000244 +00000-0 +00000-4 0 04445
2 12564 008.6640 059.7356 0002951 068.0937 292.1088 01.00223277002533
1 12564U 81061  A 91237.00172164  .00000245 +00000-0 +00000-4 0 04469
2 12564 008.6752 059.6739 0002787 065.0672 295.1319 01.00220962002584
1 12564U 81061  A 91237.99948341  .00000245 +00000-0 +00000-4 0 04465
2 12564 008.6763 059.6614 0002359 079.1585 281.0458 01.00221890002592
1 12564U 81061  A 91245.98139798  .00000247 +00000-0 +00000-4 0 04508
2 12564 008.6940 059.5617 0004226 045.4239 314.7643 01.00218672002671
1 12564U 81061  A 91247.97693134  .00000247 +00000-0 +00000-4 0 04519
2 12564 008.6986 059.5365 0004227 045.6291 314.5591 01.00218439002695
1 12564U 81061  A 91251.96801926  .00000247 +00000-0 +00000-4 0 04524
2 12564 008.7101 059.5045 0004848 032.8268 327.3522 01.00217253002735
1 12564U 81061  A 91269.92740396 -.00000095 +00000-0 +99999-4 0 04619
2 12564 008.7482 059.2154 0002651 087.5618 272.4041 01.00215866002915
1 12564U 81061  A 91270.92559360  .00000250 +00000-0 +00000-4 0 04628
2 12564 008.7505 059.2023 0002770 099.9638 260.1384 01.00215821002923
1 12564U 81061  A 91272.92118677  .00000251 +00000-0 +00000-4 0 04634
2 12564 008.7548 059.1930 0004609 144.3124 215.7372 01.00215437002942
1 12564U 81061  A 91274.91703955  .00000250 +00000-0 +00000-4 0 04666
2 12564 008.7553 059.2324 0002335 116.2453 243.8614 01.00215869002965
1 12564U 81061  A 91274.91728216  .00000250 +00000-0 +00000-4 0 04652
2 12564 008.7553 059.2324 0002331 116.4698 243.7244 01.00215868002961
1 12564U 81061  A 91280.90371776  .00000252 +00000-0 +00000-4 0 04666
2 12564 008.7688 059.1409 0001508 036.4646 323.6107 01.00213676003021
1 12564U 81061  A 91281.90144081 -.00000071 +00000-0 +99999-4 0 04670
2 12564 008.7711 059.1295 0001152 052.8998 307.1385 01.00213802003035
1 12564U 81061  A 91281.90145067  .00000252 +00000-0 +00000-4 0 04670
2 12564 008.7710 059.1294 0001126 057.0416 303.0005 01.00213871003036
1 12564U 81061  A 91283.89702481 -.00000067 +00000-0 +99999-4 0 04680
2 12564 008.7756 059.1056 0001158 086.9883 273.0346 01.00214267003052
1 12564U 81061  A 91284.89482642 -.00000065 +00000-0 +99999-4 0 04694
2 12564 008.7787 059.0766 0001636 072.2199 287.8259 01.00214605003065
1 12564U 81061  A 91285.89258475 -.00000063 +00000-0 +99999-4 0 04700
2 12564 008.7815 059.0589 0001794 092.4632 267.5720 01.00215128003071
1 12564U 81061  A 91286.89037795  .00000252 +00000-0 +00000-4 0 04716
2 12564 008.7829 059.0606 0003362 061.5750 298.4660 01.00215407003084
1 12564U 81061  A 91287.88820680  .00000252 +00000-0 +00000-4 0 04719
2 12564 008.7855 059.0474 0003393 060.8342 299.2186 01.00215363003093
1 12564U 81061  A 91292.87724933 -.00000050 +00000-0 +99999-4 0 04732
2 12564 008.7964 058.9740 0004009 098.7209 261.3613 01.00214999003140
1 12564U 81061  A 91292.87724934  .00000252 +00000-0 +00000-4 0 04731
2 12564 008.7960 058.9734 0004008 096.4214 263.6617 01.00214785003141
1 12564U 81061  A 91295.87053684 -.00000043 +00000-0 +99999-4 0 04746
2 12564 008.8059 058.9266 0002033 124.0000 236.0136 01.00213763003176
1 12564U 81061  A 91295.87053557  .00000253 +00000-0 +00000-4 0 04742
2 12564 008.8059 058.9265 0002033 123.9999 236.0136 01.00213764003171
1 12564U 81061  A 91301.85715680  .00000254 +00000-0 +00000-4 0 04752
2 12564 008.8179 058.8137 0002890 078.2393 281.7536 01.00214595003233
1 12564U 81061  A 91303.85280815 -.00000028 +00000-0 +99999-4 0 04767
2 12564 008.8232 058.7887 0004536 066.6096 293.4092 01.00214166003257
1 12564U 81061  A 91303.85280689  .00000254 +00000-0 +00000-4 0 04761
2 12564 008.8232 058.7886 0004536 066.6095 293.4092 01.00214167003256
1 12564U 81061  A 91305.84839926  .00000255 +00000-0 +00000-4 0 04789
2 12564 008.8293 058.7731 0004077 072.2002 287.7899 01.00214022003276
1 12564U 81061  A 91307.84399053  .00000255 +00000-0 +00000-4 0 04794
2 12564 008.8359 058.7545 0004643 059.7835 300.1982 01.00214245003297
1 12564U 81061  A 91310.83731149  .00000255 +00000-0 +00000-4 0 05266
2 12564 008.8417 058.7262 0003289 059.6704 300.2562 01.00215312003322
1 12564U 81061  A 91313.83071909  .00000255 +00000-0 +00000-4 0 05271
2 12564 008.8484 058.6902 0003161 060.0355 299.8936 01.00215763003354
1 12564U 81061  A 91314.82853389 -.00000008 +00000-0 +99999-4 0 05284
2 12564 008.8499 058.6827 0003776 058.1725 301.7667 01.00215879003360
1 12564U 81061  A 91314.82853517  .00000255 +00000-0 +00000-4 0 05274
2 12564 008.8499 058.6826 0003776 058.1724 301.7667 01.00215879003368
1 12564U 81061  A 91332.78866241  .00000024 +00000-0 +99999-4 0 05355
2 12564 008.8881 058.4405 0001213 005.1909 354.7058 01.00217053003543
1 12564U 81061  A 91335.78194625  .00000257 +00000-0 +00000-4 0 05351
2 12564 008.8944 058.4049 0001445 000.3590 359.5117 01.00217351003570
1 12564U 81061  A 91339.77301906  .00000257 +00000-0 +00000-4 0 05378
2 12564 008.9024 058.3577 0001141 036.8293 323.0463 01.00219161003618
1 12564U 81061  A 91342.76635524  .00000257 +00000-0 +00000-4 0 05377
2 12564 008.9086 058.3211 0001131 041.1861 318.7125 01.00219909003649
1 12564U 81061  A 91345.75969613  .00000257 +00000-0 +00000-4 0 05389
2 12564 008.9147 058.2867 0001419 039.6320 320.2917 01.00219870003671
1 12564U 81061  A 91346.75748491  .00000257 +00000-0 +00000-4 0 05402
2 12564 008.9185 058.2743 0002504 076.3762 283.5787 01.00220148003687
1 12564U 81061  A 91349.75070061  .00000257 +00000-0 +00000-4 0 05417
2 12564 008.9255 058.2397 0003765 103.8839 256.0834 01.00221786003712
1 12564U 81061  A 92010.69153989  .00000258 +00000-0 +00000-4 0 05496
2 12564 008.9903 057.9253 0002299 111.6968 248.3079 01.00226026003975
1 12564U 81061  A 92013.68467036  .00000257 +00000-0 +00000-4 0 05500
2 12564 009.0016 057.8911 0003179 308.7987 051.1858 01.00229055004005
1 12564U 81061  A 92014.68229450  .00000257 +00000-0 +00000-4 0 05518
2 12564 009.0019 057.8781 0004168 302.7241 057.2402 01.00230135004013
1 12564U 81061  A 92021.66590188  .00000258 +00000-0 +00000-4 0 05558
2 12564 009.0137 057.7662 0002130 086.3706 273.6471 01.00230135004086
1 12564U 81061  A 92022.66374078  .00000257 +00000-0 +00000-4 0 05556
2 12564 009.0153 057.7543 0002103 085.1748 274.9097 01.00230450004094
1 12564U 81061  A 92026.65424434  .00000258 +00000-0 +00000-4 0 05563
2 12564 009.0238 057.7047 0002058 081.9738 278.0849 01.00231744004131
1 12564U 81061  A 92027.65187244  .00000258 +00000-0 +00000-4 0 05569
2 12564 009.0261 057.6947 0002076 083.2091 276.8449 01.00232038004142
1 12564U 81061  A 92030.64481895  .00000258 +00000-0 +00000-4 0 05561
2 12564 009.0380 057.6889 0002547 018.2079 341.8149 01.00233167004173
1 12564U 81061  A 92031.64258305  .00000257 +00000-0 +00000-4 0 05581
2 12564 009.0399 057.6777 0002428 016.6170 343.4582 01.00233716004181
1 12564U 81061  A 92038.62591211  .00000109 +00000-0 +99999-4 0 05617
2 12564 009.0512 057.6009 0002639 017.6582 342.4501 01.00235131004259
1 12564U 81061  A 92039.62353187  .00000257 +00000-0 +00000-4 0 05626
2 12564 009.0545 057.5878 0002961 027.2907 332.8177 01.00235179004269
1 12564U 81061  A 92042.61630941  .00000257 +00000-0 +00000-4 0 05636
2 12564 009.0604 057.5480 0002920 029.6795 330.4339 01.00237520004299
1 12564U 81061  A 92046.60664629  .00000257 +00000-0 +00000-4 0 05651
2 12564 009.0695 057.5043 0003920 029.1723 330.9306 01.00236878004330
1 12564U 81061  A 92051.59462656  .00000256 +00000-0 +00000-4 0 05672
2 12564 009.0834 057.4177 0002746 019.4460 340.7534 01.00242839004388
1 12564U 81061  A 92054.58690433  .00000120 +00000-0 +99999-4 0 05686
2 12564 009.0900 057.3802 0003595 002.9204 357.1395 01.00239739004418
1 12564U 81061  A 92054.58698275  .00000258 +00000-0 +00000-4 0 05685
2 12564 009.0905 057.3967 0002467 007.0333 353.0515 01.00239894004412
1 12564U 81061  A 92055.58454061  .00000257 +00000-0 +00000-4 0 05699
2 12564 009.0932 057.3813 0003347 013.3493 346.7384 01.00241313004420
1 12564U 81061  A 92058.57720271  .00000257 +00000-0 +00000-4 0 05702
2 12564 009.0997 057.3421 0003324 014.0857 346.0357 01.00244613004455
1 12564U 81061  A 92059.57470077  .00000257 +00000-0 +00000-4 0 05721
2 12564 009.1015 057.3292 0002767 008.1223 351.9976 01.00244666004465
1 12564U 81061  A 92061.56974279  .00000257 +00000-0 +00000-4 0 05737
2 12564 009.1055 057.3023 0002868 013.1329 346.9951 01.00244777004488
1 12564U 81061  A 92063.56478838  .00000257 +00000-0 +00000-4 0 05739
2 12564 009.1098 057.2750 0002836 011.5677 348.5765 01.00245400004502
1 12564U 81061  A 92064.56227210  .00000257 +00000-0 +00000-4 0 05736
2 12564 009.1114 057.2619 0002482 006.6919 353.4475 01.00245375004511
1 12564U 81061  A 92067.55467111  .00000257 +00000-0 +00000-4 0 05745
2 12564 009.1174 057.2242 0002209 355.6361 004.4736 01.00246221004541
1 12564U 81061  A 92070.54704446  .00000257 +00000-0 +00000-4 0 05765
2 12564 009.1233 057.1808 0002643 011.8584 348.2245 01.00247831004579
1 12564U 81061  A 92072.54201785  .00000257 +00000-0 +00000-4 0 05765
2 12564 009.1285 057.1590 0002814 014.9638 345.1240 01.00248518004594
1 12564U 81061  A 92075.53446969  .00000257 +00000-0 +00000-4 0 05773
2 12564 009.1350 057.1223 0002836 009.5834 350.5194 01.00248770004624
1 12564U 81061  A 92079.52422297  .00000257 +00000-0 +00000-4 0 05785
2 12564 009.1453 057.0771 0003218 020.2976 339.7691 01.00250650004662
1 12564U 81061  A 92080.52166342  .00000257 +00000-0 +00000-4 0 05794
2 12564 009.1488 057.0387 0002739 004.7867 355.3096 01.00251393004675
1 12564U 81061  A 92083.51378493  .00000258 +00000-0 +00000-4 0 05801
2 12564 009.1558 057.0081 0002257 027.0386 332.9977 01.00253514004703
1 12564U 81061  A 92084.51121287  .00000258 +00000-0 +00000-4 0 05810
2 12564 009.1581 056.9919 0002532 025.5350 334.5054 01.00253922004715
1 12564U 81061  A 92087.50362650  .00000257 +00000-0 +00000-4 0 05823
2 12564 009.1642 056.9737 0004890 017.3403 342.7178 01.00254655004743
1 12564U 81061  A 92090.49588351  .00000257 +00000-0 +00000-4 0 05834
2 12564 009.1704 056.9356 0005041 018.2193 341.8544 01.00255661004772
1 12564U 81061  A 92091.49327090  .00000257 +00000-0 +00000-4 0 05836
2 12564 009.1726 056.9232 0004788 017.0457 343.0280 01.00256165004788
1 12564U 81061  A 92096.48001817  .00000258 +00000-0 +00000-4 0 05859
2 12564 009.1834 056.8588 0005270 018.3406 341.6678 01.00258089004834
1 12564U 81061  A 92097.47739289  .00000258 +00000-0 +00000-4 0 05861
2 12564 009.1860 056.8477 0005637 020.7363 339.2664 01.00258380004849
1 12564U 81061  A 92100.46955702  .00000258 +00000-0 +00000-4 0 05876
2 12564 009.1925 056.8077 0007238 023.0032 337.0065 01.00259288004877
1 12564U 81061  A 92101.46696523  .00000258 +00000-0 +00000-4 0 05870
2 12564 009.1947 056.7988 0006310 022.2666 337.7673 01.00259691004886
1 12564U 81061  A 92104.45897466  .00000257 +00000-0 +00000-4 0 05892
2 12564 009.2009 056.7681 0003720 017.4408 342.5984 01.00260779004910
1 12564U 81061  A 92105.45619272  .00000258 +00000-0 +00000-4 0 05891
2 12564 009.2023 056.7656 0002118 350.9075 009.0986 01.00261180004928
1 12564U 81061  A 92108.44800034  .00000258 +00000-0 +00000-4 0 06218
2 12564 009.2102 056.7178 0003771 017.1998 342.7169 01.00262119004953
1 12564U 81061  A 92111.44002483  .00000258 +00000-0 +00000-4 0 06225
2 12564 009.2170 056.6770 0004238 006.3298 353.6214 01.00265373004987
1 12564U 81061  A 92112.43733664  .00000258 +00000-0 +00000-4 0 06238
2 12564 009.2183 056.6709 0005007 017.1742 342.7606 01.00265421004991
1 12564U 81061  A 92116.42658870  .00000257 +00000-0 +00000-4 0 06257
2 12564 009.2272 056.6184 0004983 014.1417 345.8281 01.00267346005032
1 12564U 81061  A 92117.42384746  .00000257 +00000-0 +00000-4 0 06256
2 12564 009.2307 056.6030 0004998 011.9481 348.0188 01.00267824005046
1 12564U 81061  A 92121.41283126  .00000258 +00000-0 +00000-4 0 06251
2 12564 009.2386 056.5498 0004472 008.1689 351.7629 01.00268127005087
1 12564U 81061  A 92129.39084551  .00000137 +00000-0 +99999-4 0 06270
2 12564 009.2567 056.4547 0003123 337.8756 022.0333 01.00271482005168
1 12564U 81061  A 92129.39084552  .00000258 +00000-0 +00000-4 0 06270
2 12564 009.2567 056.4547 0003123 337.8755 022.0333 01.00271482005167
1 12564U 81061  A 92130.38804824  .00000258 +00000-0 +00000-4 0 06284
2 12564 009.2600 056.4368 0006312 306.8731 053.0786 01.00272147005175
1 12564U 81061  A 92135.37376855  .00000259 +00000-0 +00000-4 0 06298
2 12564 009.2674 056.3838 0005548 316.4086 043.3741 01.00274134005224
1 12564U 81061  A 92136.37105777  .00000259 +00000-0 +00000-4 0 06292
2 12564 009.2689 056.3722 0004975 008.4256 351.3329 01.00274545005233
1 12564U 81061  A 92143.35182154  .00000258 +00000-0 +00000-4 0 06303
2 12564 009.2837 056.2824 0006783 333.8956 026.0520 01.00277620005305
1 12564U 81061  A 92146.34311440  .00000258 +00000-0 +00000-4 0 06318
2 12564 009.2910 056.2452 0008246 325.0592 034.8330 01.00279219005334
1 12564U 81061  A 92147.34013356  .00000258 +00000-0 +00000-4 0 06336
2 12564 009.2931 056.2313 0008154 333.5738 026.2706 01.00280315005349
1 12564U 81061  A 92149.33441537  .00000258 +00000-0 +00000-4 0 06333
2 12564 009.2971 056.2076 0008176 333.9197 025.9182 01.00281203005369
1 12564U 81061  A 92150.33153728  .00000258 +00000-0 +00000-4 0 06337
2 12564 009.2996 056.1947 0008050 335.3655 024.4621 01.00281533005377
1 12564U 81061  A 92154.32009607  .00000259 +00000-0 +00000-4 0 06359
2 12564 009.3081 056.1413 0005113 344.4809 015.3102 01.00281166005410
1 12564U 81061  A 92155.31745556  .00000259 +00000-0 +00000-4 0 06360
2 12564 009.3117 056.1306 0004817 019.9249 339.9075 01.00281352005425
1 12564U 81061  A 92162.29754938  .00000131 +00000-0 +99999-4 0 06374
2 12564 009.3289 056.0490 0007165 061.6629 298.2009 01.00285038005499
1 12564U 81061  A 92163.29488140  .00000257 +00000-0 +00000-4 0 06389
2 12564 009.3304 056.0355 0006274 055.1807 304.7732 01.00285328005503
1 12564U 81061  A 92170.27460049  .00000257 +00000-0 +00000-4 0 06394
2 12564 009.3455 055.9467 0007383 079.5979 280.3605 01.00288176005573
1 12564U 81061  A 92182.23934104  .00000122 +00000-0 +99999-4 0 06432
2 12564 009.3672 055.7891 0003249 085.3955 274.7043 01.00292399005697
1 12564U 81061  A 92182.23934168  .00000256 +00000-0 +00000-4 0 06446
2 12564 009.3743 055.8260 0002984 016.3172 343.7856 01.00292262005695
1 12564U 81061  A 92183.23602394  .00000122 +00000-0 +99999-4 0 06458
2 12564 009.3759 055.8108 0004289 000.9598 359.0370 01.00292028005707
1 12564U 81061  A 92183.23602457  .00000257 +00000-0 +00000-4 0 06452
2 12564 009.3756 055.8089 0005554 355.3955 004.6149 01.00291607005701
1 12564U 81061  A 92184.23296713  .00000121 +00000-0 +99999-4 0 06474
2 12564 009.3778 055.7975 0005598 357.9149 002.0628 01.00292611005710
1 12564U 81061  A 92184.23296777  .00000257 +00000-0 +00000-4 0 06468
2 12564 009.3778 055.7974 0005598 357.9148 002.0628 01.00292611005718
1 12564U 81061  A 92185.23002689  .00000121 +00000-0 +99999-4 0 06483
2 12564 009.3797 055.7825 0006376 356.7456 003.2561 01.00293430005728
1 12564U 81061  A 92185.23002753  .00000257 +00000-0 +00000-4 0 06480
2 12564 009.3797 055.7824 0006376 356.7455 003.2561 01.00293430005726
1 12564U 81061  A 92186.22701598  .00000257 +00000-0 +00000-4 0 06494
2 12564 009.3817 055.7689 0006725 355.7037 004.2920 01.00293984005736
1 12564U 81061  A 92189.21799370  .00000257 +00000-0 +00000-4 0 06491
2 12564 009.3884 055.7320 0006096 356.9750 002.9971 01.00295677005763
1 12564U 81061  A 92193.20596513  .00000256 +00000-0 +00000-4 0 06511
2 12564 009.3971 055.6801 0007246 351.8461 008.1526 01.00298795005807
1 12564U 81061  A 92196.19686679  .00000257 +00000-0 +00000-4 0 06527
2 12564 009.3991 055.6145 0005466 025.5872 334.3805 01.00298567005837
1 12564U 81061  A 92200.18504302  .00000257 +00000-0 +00000-4 0 06535
2 12564 009.4069 055.5667 0005418 085.4350 274.6032 01.00300666005871
1 12564U 81061  A 92201.18221664  .00000256 +00000-0 +00000-4 0 06543
2 12564 009.4084 055.5540 0006039 094.2099 265.9020 01.00301213005886
1 12564U 81061  A 92204.17305852  .00000256 +00000-0 +00000-4 0 06547
2 12564 009.4139 055.5145 0006381 096.5137 263.6080 01.00302618005911
1 12564U 81061  A 92205.16997737  .00000256 +00000-0 +00000-4 0 06557
2 12564 009.4177 055.5121 0006243 093.0205 267.0928 01.00303084005920
1 12564U 81061  A 92205.17003641  .00000256 +00000-0 +00000-4 0 06572
2 12564 009.4180 055.4998 0007214 101.7419 258.3841 01.00302515005923
1 12564U 81061  A 92260.99296147  .00000258 +00000-0 +00000-4 0 06727
2 12564 009.5394 054.8115 0005907 204.3522 155.6464 01.00318833006489
1 12564U 81061  A 92266.97377160  .00000256 +00000-0 +00000-4 0 06735
2 12564 009.5519 054.7417 0001754 193.3507 166.7815 01.00321983006548
1 12564U 81061  A 92276.94081436  .00000257 +00000-0 +00000-4 0 06765
2 12564 009.5748 054.6192 0006047 055.0216 305.0757 01.00323605006649
1 12564U 81061  A 92294.88144200  .00000258 +00000-0 +00000-4 0 07286
2 12564 009.6116 054.3850 0003344 036.7978 323.2732 01.00327213006829
1 12564U 81061  A 92296.87468303  .00000259 +00000-0 +00000-4 0 07292
2 12564 009.6153 054.3683 0003054 032.7244 327.2794 01.00327375006847
1 12564U 81061  A 92309.83141859  .00000259 +00000-0 +00000-4 0 07309
2 12564 009.6463 054.1973 0003402 051.8165 308.1729 01.00328778006970
1 12564U 81061  A 92319.79800079  .00000260 +00000-0 +00000-4 0 07314
2 12564 009.6657 054.0762 0005884 062.5963 297.3854 01.00329542007071
1 12564U 81061  A 92322.78801017  .00000261 +00000-0 +00000-4 0 07322
2 12564 009.6688 054.0449 0002204 038.1500 321.7857 01.00329630007103
1 12564U 81061  A 92323.78467730 -.00000071 +00000-0 +99999-4 0 07339
2 12564 009.6701 054.0335 0005383 063.2423 296.7336 01.00329696007113
1 12564U 81061  A 92323.78467732  .00000260 +00000-0 +00000-4 0 07335
2 12564 009.6701 054.0334 0005383 063.2422 296.7336 01.00329696007111
1 12564U 81061  A 92326.77457055  .00000261 +00000-0 +00000-4 0 07346
2 12564 009.6738 053.9996 0001952 016.2226 343.6647 01.00329620007148
1 12564U 81061  A 92331.75795238  .00000262 +00000-0 +00000-4 0 07350
2 12564 009.6878 053.9276 0006661 063.0400 296.9186 01.00327870007198
1 12564U 81061  A 92340.72786372  .00000262 +00000-0 +00000-4 0 07389
2 12564 009.7108 053.8185 0004127 062.8970 297.0330 01.00328675007284
1 12564U 81061  A 92364.64847459  .00000264 +00000-0 +00000-4 0 07461
2 12564 009.7634 053.5277 0006747 006.5696 353.4353 01.00327384007522
1 12564U 81061  A 93003.63182808  .00000264 +00000-0 +00000-4 0 07494
2 12564 009.7750 053.4747 0004812 024.4283 335.5782 01.00327916007577
1 12564U 81061  A 93004.62849171  .00000265 +00000-0 +00000-4 0 07500
2 12564 009.7747 053.4591 0003667 036.9660 323.0468 01.00327325007582
1 12564U 81061  A 93008.61532786  .00000265 +00000-0 +00000-4 0 07515
2 12564 009.7828 053.4037 0004396 026.4178 333.6068 01.00325064007621
1 12564U 81061  A 93017.58579660  .00000266 +00000-0 +00000-4 0 07525
2 12564 009.8006 053.2926 0003143 043.6423 316.4204 01.00324343007718
1 12564U 81061  A 93018.58244549 -.00000184 +00000-0 +99999-4 0 07537
2 12564 009.8026 053.2786 0003525 039.2634 320.7649 01.00324001007726
1 12564U 81061  A 93018.58248036  .00000266 +00000-0 +00000-4 0 07537
2 12564 009.8032 053.2817 0003659 037.6206 322.4163 01.00324023007727
1 12564U 81061  A 93021.57274841  .00000266 +00000-0 +00000-4 0 07533
2 12564 009.8099 053.2430 0003311 042.0973 317.9760 01.00323260007754
1 12564U 81061  A 93027.55322724  .00000266 +00000-0 +00000-4 0 07553
2 12564 009.8217 053.1376 0002403 096.9431 263.2239 01.00323113007810
1 12564U 81061  A 93032.53676436  .00000268 +00000-0 +00000-4 0 07584
2 12564 009.8358 053.0991 0006299 127.8795 232.2435 01.00320981007861
1 12564U 81061  A 93032.53698316  .00000268 +00000-0 +00000-4 0 07585
2 12564 009.8335 053.1092 0004253 010.3190 349.7808 01.00321293007867
1 12564U 81061  A 93038.51743584  .00000268 +00000-0 +00000-4 0 07600
2 12564 009.8481 053.0579 0006443 124.4476 235.6850 01.00319553007928
1 12564U 81061  A 93043.50129534  .00000269 +00000-0 +00000-4 0 07621
2 12564 009.8560 052.9747 0007471 134.0790 226.0839 01.00316818007976
1 12564U 81061  A 93054.46602258  .00000271 +00000-0 +00000-4 0 07642
2 12564 009.8805 052.8277 0002994 137.5422 222.5688 01.00315208008088
1 12564U 81061  A 93061.44314367  .00000273 +00000-0 +00000-4 0 07663
2 12564 009.8972 052.7478 0001741 203.3110 156.5582 01.00312736008150
1 12564U 81061  A 93062.44058349  .00000272 +00000-0 +00000-4 0 07679
2 12564 009.8986 052.7299 0002279 207.8117 152.2901 01.00312527008166
1 12564U 81061  A 93066.42801716 -.00000246 +00000-0 +99999-4 0 07683
2 12564 009.9070 052.6793 0006178 015.8875 344.1468 01.00311116008207
1 12564U 81061  A 93086.36596717  .00000276 +00000-0 +00000-4 0 07755
2 12564 009.9454 052.4754 0007073 014.9571 345.0786 01.00303523008404
1 12564U 81061  A 93086.36614716 -.00000262 +00000-0 +99999-4 0 07756
2 12564 009.9454 052.4754 0007073 014.9571 345.1435 01.00303518008400
1 12564U 81061  A 93090.35371691  .00000276 +00000-0 +00000-4 0 07751
2 12564 009.9537 052.4145 0007667 015.1289 344.9291 01.00302304008447
1 12564U 81061  A 93091.35063233  .00000276 +00000-0 +00000-4 0 07752
2 12564 009.9562 052.3967 0004580 015.5301 344.5545 01.00301819008455
1 12564U 81061  A 93099.32627429  .00000278 +00000-0 +00000-4 0 07774
2 12564 009.9735 052.3052 0006590 024.0581 335.9648 01.00297871008539
1 12564U 81061  A 93099.32632290  .00000278 +00000-0 +00000-4 0 07787
2 12564 009.9681 052.3518 0007316 023.3420 336.6444 01.00297848008533
1 12564U 81061  A 93103.31430286  .00000278 +00000-0 +00000-4 0 07794
2 12564 009.9773 052.2976 0007691 015.5651 344.4456 01.00296996008574
1 12564U 81061  A 93104.31124052  .00000278 +00000-0 +00000-4 0 07808
2 12564 009.9844 052.2399 0007096 021.4702 338.5705 01.00296734008586
1 12564U 81061  A 93108.29910430  .00000279 +00000-0 +00000-4 0 07803
2 12564 009.9913 052.1951 0006775 021.7787 338.2107 01.00294889008622
1 12564U 81061  A 93109.29609522  .00000279 +00000-0 +00000-4 0 07812
2 12564 009.9953 052.1695 0004065 008.2621 351.7671 01.00294674008637
1 12564U 81061  A 93115.27795633 -.00000278 +00000-0 +99999-4 0 07822
2 12564 010.0074 052.0954 0003584 000.1912 359.7459 01.00292562008692
1 12564U 81061  A 93115.27795634  .00000281 +00000-0 +00000-4 0 07832
2 12564 010.0055 052.1001 0005002 007.2494 352.6667 01.00292074008696
1 12564U 81061  A 93116.27504708  .00000281 +00000-0 +00000-4 0 07844
2 12564 010.0078 052.0873 0005048 008.7604 351.1727 01.00291600008703
1 12564U 81061  A 93122.25736944  .00000282 +00000-0 +00000-4 0 07850
2 12564 010.0200 052.0121 0007990 033.8458 326.0428 01.00289316008766
1 12564U 81061  A 93122.25742093  .00000282 +00000-0 +00000-4 0 07863
2 12564 010.0190 052.0344 0004474 016.0688 343.8664 01.00289438008767
1 12564U 81061  A 93129.23731362  .00000283 +00000-0 +00000-4 0 07888
2 12564 010.0367 051.9270 0006460 357.7176 002.3300 01.00285298008835
1 12564U 81061  A 93136.21673586 -.00000283 +00000-0 +99999-4 0 07906
2 12564 010.0498 051.8457 0005598 005.2686 354.6256 01.00282826008903
1 12564U 81061  A 93136.21673650  .00000285 +00000-0 +00000-4 0 07904
2 12564 010.0498 051.8456 0005598 005.2685 354.6256 01.00282827008902
1 12564U 81061  A 93140.20526228  .00000285 +00000-0 +00000-4 0 07928
2 12564 010.0577 051.7965 0005468 358.8103 001.0826 01.00281215008942
1 12564U 81061  A 93147.18544347  .00000286 +00000-0 +00000-4 0 07936
2 12564 010.0627 051.7143 0006088 019.0723 340.8396 01.00278666009010
1 12564U 81061  A 93148.18270154  .00000286 +00000-0 +00000-4 0 07939
2 12564 010.0660 051.6991 0005324 012.8321 347.1205 01.00278202009020
1 12564U 81061  A 93154.16565464  .00000288 +00000-0 +00000-4 0 07959
2 12564 010.0776 051.6256 0008678 046.5759 313.2531 01.00275674009088
1 12564U 81061  A 93154.16577561  .00000287 +00000-0 +00000-4 0 07960
2 12564 010.0818 051.6122 0006843 036.2387 323.6746 01.00275621009087
1 12564U 81061  A 93161.14645753  .00000288 +00000-0 +00000-4 0 07977
2 12564 010.0911 051.5204 0008035 031.7128 328.2101 01.00271693009158
1 12564U 81061  A 93163.14109531  .00000288 +00000-0 +00000-4 0 07989
2 12564 010.1013 051.4923 0006747 018.1420 341.8789 01.00271403009175
1 12564U 81061  A 93171.11902700 -.00000282 +00000-0 +99999-4 0 07995
2 12564 010.1179 051.3983 0007769 058.8745 301.0529 01.00267997009251
1 12564U 81061  A 93171.11902764  .00000290 +00000-0 +00000-4 0 07998
2 12564 010.1179 051.3983 0007769 058.8744 301.0529 01.00267997009250
1 12564U 81061  A 93172.11658979  .00000289 +00000-0 +00000-4 0 07993
2 12564 010.1198 051.3855 0007504 057.0087 303.0206 01.00267515009268
1 12564U 81061  A 93179.09766348  .00000290 +00000-0 +00000-4 0 08013
2 12564 010.1352 051.2414 0005872 029.9358 330.1585 01.00264567009338
1 12564U 81061  A 93186.07875388 -.00000278 +00000-0 +99999-4 0 08027
2 12564 010.1446 051.2216 0006393 030.5323 329.4260 01.00261416009400
1 12564U 81061  A 93187.07633043  .00000291 +00000-0 +00000-4 0 08027
2 12564 010.1462 051.2236 0006522 030.1403 329.8910 01.00261007009412
1 12564U 81061  A 93187.07644603  .00000291 +00000-0 +00000-4 0 08043
2 12564 010.1434 051.2373 0007250 036.0999 323.9412 01.00260672009416
1 12564U 81061  A 93195.05527069 -.00000275 +00000-0 +99999-4 0 08066
2 12564 010.0867 051.0665 0007610 044.4170 315.6708 01.00257990009494
1 12564U 81061  A 93213.00882860  .00000295 +00000-0 +00000-4 0 08117
2 12564 010.1609 050.8176 0007268 043.5915 316.4822 01.00249247009671
1 12564U 81061  A 93214.00650514  .00000295 +00000-0 +00000-4 0 08128
2 12564 010.1877 050.8423 0007382 043.2677 316.8486 01.00248995009682
1 12564U 81061  A 93216.00156864  .00000295 +00000-0 +00000-4 0 08130
2 12564 010.2054 050.8488 0007501 045.0715 315.0794 01.00249286009707
1 12564U 81061  A 93223.98142190 -.00000257 +00000-0 +99999-4 0 08147
2 12564 010.2177 050.7464 0007657 044.8335 315.3062 01.00245623009783
1 12564U 81061  A 93223.98147400  .00000295 +00000-0 +00000-4 0 08153
2 12564 010.2188 050.7370 0007088 046.2084 313.9686 01.00245907009787
1 12564U 81061  A 93224.97893204  .00000296 +00000-0 +00000-4 0 08154
2 12564 010.2203 050.7217 0006876 046.8445 313.3247 01.00245671009792
1 12564U 81061  A 93225.97643861  .00000296 +00000-0 +00000-4 0 08157
2 12564 010.2226 050.7064 0006892 046.7009 313.4732 01.00245294009803
1 12564U 81061  A 93226.97396583  .00000296 +00000-0 +00000-4 0 08154
2 12564 010.2273 050.7071 0006948 045.5184 314.6510 01.00244865009817
1 12564U 81061  A 93233.95658700  .00000297 +00000-0 +00000-4 0 08186
2 12564 010.2387 050.6086 0006825 049.2848 310.8629 01.00241800009882
1 12564U 81061  A 93234.95414740 -.00000247 +00000-0 +99999-4 0 08193
2 12564 010.2400 050.5810 0006573 052.6456 307.4976 01.00240834009899
1 12564U 81061  A 93234.95418024  .00000297 +00000-0 +00000-4 0 08191
2 12564 010.2404 050.5818 0006579 052.6481 307.5060 01.00240831009897
1 12564U 81061  A 93235.95172472  .00000297 +00000-0 +00000-4 0 08196
2 12564 010.2432 050.5704 0006570 052.6240 307.5275 01.00240483009909
1 12564U 81061  A 93236.94928271  .00000297 +00000-0 +00000-4 0 08192
2 12564 010.2464 050.5621 0006562 052.5370 307.6128 01.00240143009918
1 12564U 81061  A 93243.93235412  .00000298 +00000-0 +00000-4 0 08211
2 12564 010.2600 050.5091 0006524 049.7109 310.4600 01.00237771009984
1 12564U 81061  A 93244.92997156  .00000298 +00000-0 +00000-4 0 08211
2 12564 010.2629 050.5124 0006567 049.0379 311.1317 01.00237419009994
1 12564U 81061  A 93246.92513243  .00000298 +00000-0 +00000-4 0 08214
2 12564 010.2669 050.4878 0006575 048.6949 311.4730 01.00236751010015
1 12564U 81061  A 93266.87743740  .00000301 +00000-0 +00000-4 0 08245
2 12564 010.3069 050.2358 0006708 051.3838 308.7229 01.00229977010213
1 12564U 81061  A 93267.87515570  .00000301 +00000-0 +00000-4 0 08255
2 12564 010.3075 050.2325 0006348 052.9592 307.1432 01.00229440010223
1 12564U 81061  A 93269.87050551 -.00000207 +00000-0 +99999-4 0 02019
2 12564 010.3080 050.2035 0006012 050.8153 309.2927 01.00228901010240
1 12564U 81061  A 93269.87050559 -.00000207 +00000-0 +99999-4 0 08271
2 12564 010.3080 050.2035 0006014 050.8355 309.2725 01.00228901010242
1 12564U 81061  A 93269.87050424  .00000301 +00000-0 +00000-4 0 02017
2 12564 010.3080 050.2035 0006012 050.8152 309.2927 01.00228901010249
1 12564U 81061  A 93269.87055039  .00000301 +00000-0 +00000-4 0 08278
2 12564 010.3110 050.1893 0005488 043.9058 316.2276 01.00228905010247
1 12564U 81061  A 93269.87055847  .00000301 +00000-0 +00000-4 0 08253
2 12564 010.3147 050.1936 0006262 053.7205 306.4204 01.00228827010244
1 12564U 81061  A 93269.92360368  .00000162 +00000-0 +00000-4 0 08262
2 12564 010.2907 050.1199 0006363 055.9981 323.3749 01.00229033010247
1 12564U 81061  A 93287.82880411  .00000303 +00000-0 +00000-4 0 02022
2 12564 010.3480 049.9166 0006196 054.5585 305.5813 01.00224356010420
1 12564U 81061  A 93288.82609819 -.00000178 +00000-0 +99999-4 0 02042
2 12564 010.3518 049.8206 0007894 066.9959 293.0696 01.00223776010430
1 12564U 81061  A 93288.82609947  .00000304 +00000-0 +00000-4 0 02049
2 12564 010.3518 049.8205 0007894 066.9959 293.0696 01.00223776010439
1 12564U 81061  A 93288.82609958  .00000304 +00000-0 +00000-4 0 02052
2 12564 010.3505 049.8422 0006489 057.6314 302.4100 01.00223929010432
1 12564U 81061  A 93288.82611414  .00000304 +00000-0 +00000-4 0 02063
2 12564 010.3510 049.8313 0006863 060.6614 299.3970 01.00223887010432
1 12564U 81061  A 93288.82616073  .00000304 +00000-0 +00000-4 0 02036
2 12564 010.3511 049.8484 0006979 061.4399 298.6217 01.00223923010436
1 12564U 81061  A 93313.61588397 -.00000134 +00000-0 +99999-4 0 02070
2 12564 010.4037 049.6246 0006244 055.2396 249.2130 01.00218972010677
1 12564U 81061  A 93314.67020838 -.00000132 +00000-0 +99999-4 0 02100
2 12564 010.4064 049.6182 0006257 055.5243 269.3244 01.00218797010689
1 12564U 81061  A 93315.61626384 -.00000130 +00000-0 +99999-4 0 02088
2 12564 010.4034 049.6368 0004390 045.3235 260.8089 01.00217195010691
1 12564U 81061  A 93316.59503168 -.00000129 +00000-0 +99999-4 0 02099
2 12564 010.4022 049.6357 0008232 049.1527 250.1531 01.00217288010700
1 12564U 81061  A 93317.61498692 -.00000127 +00000-0 +99999-4 0 02108
2 12564 010.4045 049.6225 0009175 051.7323 255.5805 01.00216838010713
1 12564U 81061  A 93319.71456289 -.00000123 +00000-0 +99999-4 0 02147
2 12564 010.4097 049.5926 0009363 052.6869 292.1520 01.00216436010738
1 12564U 81061  A 93320.62169650 -.00000121 +00000-0 +99999-4 0 02117
2 12564 010.4117 049.5815 0007082 052.4075 259.6996 01.00216439010740
1 12564U 81061  A 93320.62169652 -.00000121 +00000-0 +99999-4 0 02119
2 12564 010.4117 049.5814 0007082 052.4074 259.6996 01.00216440010740
1 12564U 81061  A 93322.64111612 -.00000116 +00000-0 +99999-4 0 02121
2 12564 010.4159 049.5567 0004047 051.0800 269.5989 01.00216418010760
1 12564U 81061  A 93343.62065132 -.00000077 +00000-0 +99999-4 0 02134
2 12564 010.4602 049.2644 0006283 054.3483 275.7687 01.00215823010979
1 12564U 81061  A 93344.67361533 -.00000075 +00000-0 +99999-4 0 02143
2 12564 010.4556 049.2941 0007592 065.8335 284.1371 01.00215716010980
1 12564U 81061  A 93364.63973926 -.00000036 +00000-0 +99999-4 0 02154
2 12564 010.4977 049.0222 0006075 058.8618 294.7513 01.00215595011181
1 12564U 81061  A 94003.96488265 -.00000027 +00000-0 +99999-4 0 02170
2 12564 010.5026 048.9928 0003721 030.3641 083.6447 01.00215583011238
1 12564U 81061  A 94022.78015340  .00000007 +00000-0 +99999-4 0 02505
2 12564 010.5392 048.7556 0003401 038.7345 023.7575 01.00217345011423
1 12564U 81061  A 94023.72329234  .00000009 +00000-0 +99999-4 0 02524
2 12564 010.5424 048.7408 0003790 041.4992 001.2700 01.00217397011434
1 12564U 81061  A 94031.76378461  .00000022 +00000-0 +99999-4 0 02528
2 12564 010.5577 048.6405 0003789 044.3543 019.4416 01.00218575011514
1 12564U 81061  A 94051.98888009  .00000053 +00000-0 +99999-4 0 02566
2 12564 010.5972 048.3978 0004798 020.5863 140.6123 01.00222439011715
1 12564U 81061  A 94053.01261679  .00000054 +00000-0 +99999-4 0 02583
2 12564 010.5999 048.3884 0005041 018.6258 151.9467 01.00222647011726
1 12564U 81061  A 94071.78344694  .00000077 +00000-0 +99999-4 0 02604
2 12564 010.6363 048.1622 0005478 033.5156 070.0516 01.00227273011914
1 12564U 81061  A 94072.86535853  .00000078 +00000-0 +99999-4 0 02604
2 12564 010.6385 048.1497 0005524 033.2050 100.7525 01.00227573011925
1 12564U 81061  A 94074.00784412  .00000080 +00000-0 +99999-4 0 02613
2 12564 010.6405 048.1368 0005624 032.4561 153.7504 01.00227897011939
1 12564U 81061  A 94081.01591147  .00000087 +00000-0 +99999-4 0 02621
2 12564 010.6535 048.0546 0004785 037.2755 157.7347 01.00229936012009
1 12564U 81061  A 94101.82462185  .00000104 +00000-0 +99999-4 0 02251
2 12564 010.6917 047.8055 0005552 034.9920 108.9868 01.00236729012213
1 12564U 81061  A 94103.00031365  .00000105 +00000-0 +99999-4 0 02627
2 12564 010.6944 047.7911 0005613 035.1888 173.0616 01.00237131012220
1 12564U 81061  A 94103.93693786  .00000106 +00000-0 +99999-4 0 02632
2 12564 010.6961 047.7793 0005533 035.4558 150.7977 01.00237460012233
1 12564U 81061  A 94130.00000000  .00000119 +00000-0 +99999-4 0 02624
2 12564 010.7438 047.3515 0006453 048.3241 184.0653 01.00246676012235
1 12564U 81061  A 94134.80711009  .00000122 +00000-0 +99999-4 0 02279
2 12564 010.7530 047.4034 0007287 042.0470 125.0289 01.00248967012275
1 12564U 81061  A 94166.98016994  .00000130 +00000-0 +99999-4 0 02712
2 12564 010.8124 047.0141 0006775 039.3722 220.1683 01.00261882012591
1 12564U 81061  A 94187.97053824  .00000102 +00000-0 +10000-3 0 02722
2 12564 010.8510 046.7595 0007509 041.6868 234.8857 01.00270597012804
1 12564U 81061  A 94195.91808889  .00000130 +00000-0 +99999-4 0 02742
2 12564 010.8663 046.6642 0007616 041.9351 223.6846 01.00273881012885
1 12564U 81061  A 94210.00546191  .00000128 +00000-0 +99999-4 0 02786
2 12564 010.8926 046.4980 0008466 042.9799 268.3804 01.00279736013023
1 12564U 81061  A 94240.00000000  .00000118 +00000-0 +99999-4 0 02838
2 12564 010.9448 046.0213 0006766 064.6015 276.1985 01.00291509013020
1 12564U 81061  A 94264.94531657  .00000102 +00000-0 +99999-4 0 02365
2 12564 010.9891 045.8462 0007441 057.2965 290.8697 01.00301528013271
1 12564U 81061  A 94284.90477618  .00000085 +00000-0 +99999-4 0 02370
2 12564 011.0230 045.6070 0006733 061.1050 294.7212 01.00308613013475
1 12564U 81061  A 94338.85926448  .00000012 +00000-0 +99999-4 0 03072
2 12564 011.1215 044.9485 0006177 061.5758 340.3575 01.00323857014021
1 12564U 81061  A 94355.68736667 -.00000018 +00000-0 +99999-4 0 02429
2 12564 011.1504 044.7454 0006721 072.0711 288.0075 01.00326964014190
1 12564U 81061  A 95006.63440545 -.00000048 +00000-0 +99999-4 0 03104
2 12564 011.1812 044.5607 0005339 034.7304 325.3198 01.00328856014358
1 12564U 81061  A 95007.63106091 -.00000049 +00000-0 +99999-4 0 03112
2 12564 011.1827 044.5496 0006167 032.8955 327.1379 01.00328897014368
1 12564U 81061  A 95022.58127385 -.00000099 +00000-0 +10000-3 0 03134
2 12564 011.2085 044.3746 0007375 034.3144 325.7664 01.00329703014515
1 12564U 81061  A 95022.58133378 -.00000079 +00000-0 +99999-4 0 03147
2 12564 011.2085 044.3737 0006683 045.3502 314.7715 01.00329743014515
1 12564U 81061  A 95032.54800370 -.00000099 +00000-0 +99999-4 0 03150
2 12564 011.2254 044.2550 0006932 047.2078 312.9111 01.00329818014615
1 12564U 81061  A 95043.51141963 -.00000120 +00000-0 +99999-4 0 03161
2 12564 011.2439 044.1263 0007033 047.1720 312.9701 01.00329484014722
1 12564U 81061  A 95055.47146105 -.00000143 +00000-0 +99999-4 0 03178
2 12564 011.2646 043.9878 0006470 058.6994 301.4260 01.00328521014842
1 12564U 81061  A 95058.46153186 -.00000149 +00000-0 +99999-4 0 03184
2 12564 011.2697 043.9562 0007357 046.6902 313.4199 01.00328182014879
1 12564U 81061  A 95071.41850263 -.00000172 +00000-0 +99999-4 0 02538
2 12564 011.2911 043.8031 0007062 052.3319 307.7767 01.00326422015005
1 12564U 81061  A 95072.41525967 -.00000174 +00000-0 +99999-4 0 03206
2 12564 011.2930 043.7927 0007245 050.7902 309.3306 01.00326246015014
1 12564U 81061  A 95082.38227857 -.00000190 +00000-0 +99999-4 0 03219
2 12564 011.3098 043.6728 0007840 048.8302 311.2446 01.00324405015114
1 12564U 81061  A 95105.30740375 -.00000223 +00000-0 +99999-4 0 03253
2 12564 011.3482 043.3915 0007667 044.6380 315.4160 01.00318989015347
1 12564U 81061  A 95106.30404055 -.00000224 +00000-0 +99999-4 0 02605
2 12564 011.3491 043.3697 0008072 047.0716 312.9279 01.00318650015354
1 12564U 81061  A 95116.27192688 -.00000236 +00000-0 +99999-4 0 03286
2 12564 011.3654 043.2513 0008155 048.8729 311.1070 01.00315745015459
1 12564U 81061  A 95117.26875144 -.00000237 +00000-0 +99999-4 0 03293
2 12564 011.3668 043.2427 0008212 048.7111 311.2680 01.00315434015460
1 12564U 81061  A 95130.22758222 -.00000251 +00000-0 +99999-4 0 03309
2 12564 011.3878 043.0902 0008363 050.7377 309.2461 01.00311286015592
1 12564U 81061  A 95131.22446217 -.00000252 +00000-0 +99999-4 0 03310
2 12564 011.3893 043.0796 0008426 050.7866 309.2026 01.00310944015602
1 12564U 81061  A 95132.22131340 -.00000253 +00000-0 +99999-4 0 03310
2 12564 011.3911 043.0666 0008438 051.3179 308.6623 01.00310547015612
1 12564U 81061  A 95142.19008759 -.00000261 +00000-0 +99999-4 0 03324
2 12564 011.4068 042.9500 0008556 051.9893 307.9896 01.00307090015715
1 12564U 81061  A 95143.18700451 -.00000262 +00000-0 +99999-4 0 03334
2 12564 011.4085 042.9382 0008611 052.5311 307.4451 01.00306679015721
1 12564U 81061  A 95154.15321150 -.00000291 +00000-0 +10000-3 0 03346
2 12564 011.4274 042.7970 0008677 057.1510 302.8632 01.00302609015837
1 12564U 81061  A 95154.15325165 -.00000270 +00000-0 +99999-4 0 03359
2 12564 011.4273 042.7982 0008707 057.0142 303.0102 01.00302598015835
1 12564U 81061  A 95155.15021273 -.00000291 +00000-0 +10000-3 0 03351
2 12564 011.4269 042.8038 0008781 057.8026 302.2018 01.00302158015844
1 12564U 81061  A 95155.15029441 -.00000271 +00000-0 +99999-4 0 03371
2 12564 011.4269 042.8038 0008781 057.8025 302.2313 01.00302158015841
1 12564U 81061  A 95156.14724082 -.00000271 +00000-0 +99999-4 0 03385
2 12564 011.4285 042.7919 0008781 057.8325 302.2026 01.00301784015855
1 12564U 81061  A 95165.11989218 -.00000316 +00000-0 +10000-3 0 03369
2 12564 011.4431 042.6828 0008784 057.4171 302.6103 01.00298332015948
1 12564U 81061  A 95165.11990651 -.00000276 +00000-0 +99999-4 0 03373
2 12564 011.4431 042.6828 0008784 057.4170 302.6155 01.00298332015944
1 12564U 81061  A 95166.11690455 -.00000277 +00000-0 +99999-4 0 03385
2 12564 011.4449 042.6712 0008805 057.1723 302.8612 01.00297930015954
1 12564U 81061  A 95167.11391651 -.00000277 +00000-0 +99999-4 0 03371
2 12564 011.4465 042.6599 0008786 057.0896 302.9510 01.00297535015963
1 12564U 81061  A 95169.10791152 -.00000278 +00000-0 +99999-4 0 02710
2 12564 011.4491 042.6344 0008761 057.5501 302.4934 01.00296741015986
1 12564U 81061  A 95169.10791709 -.00000278 +00000-0 +99999-4 0 03382
2 12564 011.4491 042.6348 0008752 057.5290 302.5146 01.00296735015984
1 12564U 81061  A 95179.07814641 -.00000312 +00000-0 +10000-3 0 03384
2 12564 011.4646 042.5182 0008677 057.8039 302.2617 01.00292723016086
1 12564U 81061  A 95179.07815190 -.00000312 +00000-0 +10000-3 0 03395
2 12564 011.4640 042.5185 0008665 057.8624 302.2055 01.00292726016089
1 12564U 81061  A 95179.07816951 -.00000312 +00000-0 +10000-3 0 03391
2 12564 011.4646 042.5203 0008804 057.9593 302.1082 01.00292713016082
1 12564U 81061  A 95180.07525440 -.00000311 +00000-0 +10000-3 0 03404
2 12564 011.4664 042.5093 0008760 057.9260 302.1562 01.00292302016099
1 12564U 81061  A 95181.07232340 -.00000311 +00000-0 +10000-3 0 03409
2 12564 011.4680 042.4989 0008853 057.8881 302.1983 01.00291879016108
1 12564U 81061  A 95191.04300253 -.00000327 +00000-0 +10000-3 0 03403
2 12564 011.4828 042.3809 0008890 059.8544 300.2308 01.00287729016201
1 12564U 81061  A 95192.04015814 -.00000330 +00000-0 +10000-3 0 03415
2 12564 011.4844 042.3691 0008890 059.8843 300.2257 01.00287318016218
1 12564U 81061  A 95201.01415413 -.00000330 +00000-0 +10000-3 0 03412
2 12564 011.4997 042.2589 0008839 060.2041 299.9009 01.00283501016300
1 12564U 81061  A 95201.01419380 -.00000330 +00000-0 +10000-3 0 03420
2 12564 011.5001 042.2591 0008843 060.1041 300.0099 01.00283484016307
1 12564U 81061  A 95209.98867791 -.00000319 +00000-0 +10000-3 0 03435
2 12564 011.5172 042.1598 0008946 061.3769 298.7552 01.00279498016392
1 12564U 81061  A 95209.98880331 -.00000319 +00000-0 +10000-3 0 03430
2 12564 011.5176 042.1599 0008970 061.3371 298.8355 01.00279477016392
1 12564U 81061  A 95210.98598942 -.00000319 +00000-0 +10000-3 0 03447
2 12564 011.5193 042.1486 0009009 061.3260 298.8481 01.00279040016405
1 12564U 81061  A 95210.98600306 -.00000319 +00000-0 +10000-3 0 03445
2 12564 011.5193 042.1486 0009009 061.3260 298.8530 01.00279040016400
1 12564U 81061  A 95212.98034217 -.00000319 +00000-0 +10000-3 0 03449
2 12564 011.5226 042.1288 0009028 062.8425 297.3151 01.00278147016429
1 12564U 81061  A 95221.95521195 -.00000339 +00000-0 +10000-3 0 03455
2 12564 011.5365 042.0237 0009155 063.1081 297.0571 01.00274252016515
1 12564U 81061  A 95223.94971257 -.00000339 +00000-0 +10000-3 0 03465
2 12564 011.5398 041.9999 0009107 063.3043 296.8768 01.00273394016534
1 12564U 81061  A 95233.92223037 -.00000324 +00000-0 +10000-3 0 03475
2 12564 011.5542 041.8752 0009048 064.1131 296.0713 01.00269107016632
1 12564U 81061  A 95242.89784025 -.00000321 +00000-0 +10000-3 0 03488
2 12564 011.5679 041.7684 0009108 064.6378 295.5340 01.00265264016721
1 12564U 81061  A 95243.89516619 -.00000323 +00000-0 +10000-3 0 03483
2 12564 011.5693 041.7513 0008985 065.4579 294.7098 01.00264790016737
1 12564U 81061  A 95243.89519100 -.00000323 +00000-0 +10000-3 0 03492
2 12564 011.5695 041.7516 0009019 065.4798 294.6935 01.00264784016736
1 12564U 81061  A 95244.89251454 -.00000326 +00000-0 +10000-3 0 03503
2 12564 011.5718 041.7429 0009378 066.6004 293.5545 01.00264312016749
1 12564U 81061  A 95247.88457612 -.00000332 +00000-0 +10000-3 0 03506
2 12564 011.5764 041.7079 0009378 066.6905 293.4963 01.00263063016779
1 12564U 81061  A 95251.87390426 -.00000331 +00000-0 +10000-3 0 03508
2 12564 011.5831 041.6546 0009480 068.6864 291.4761 01.00261347016814
1 12564U 81061  A 95260.85020911 -.00000314 +00000-0 +10000-3 0 03517
2 12564 011.5985 041.5376 0008935 071.8288 288.3231 01.00257523016902
1 12564U 81061  A 95269.82680263 -.00000304 +00000-0 +10000-3 0 03525
2 12564 011.6134 041.4390 0008960 074.6025 285.4892 01.00253652016991
1 12564U 81061  A 95269.82693029 -.00000304 +00000-0 +10000-3 0 03529
2 12564 011.6134 041.4390 0008960 074.6025 285.5353 01.00253652016994
1 12564U 81061  A 95279.80129410 -.00000312 +00000-0 +10000-3 0 03536
2 12564 011.6281 041.3305 0009168 076.1778 283.8951 01.00249548017091
1 12564U 81061  A 95280.79884752 -.00000309 +00000-0 +10000-3 0 03540
2 12564 011.6299 041.3281 0009091 078.9956 281.0747 01.00249047017105
1 12564U 81061  A 95290.77383303 -.00000285 +00000-0 +10000-3 0 03560
2 12564 011.6435 041.2202 0008559 082.6744 277.4063 01.00245133017207
1 12564U 81061  A 95290.77383306 -.00000285 +00000-0 +10000-3 0 03552
2 12564 011.6451 041.2117 0009090 079.2990 280.8042 01.00245216017203
1 12564U 81061  A 95291.77139109 -.00000283 +00000-0 +10000-3 0 03562
2 12564 011.6450 041.2086 0008559 082.7048 277.3928 01.00244758017214
1 12564U 81061  A 95292.76889837 -.00000280 +00000-0 +10000-3 0 03570
2 12564 011.6472 041.1913 0008517 082.8864 277.2099 01.00244369017224
1 12564U 81061  A 95302.74417500 -.00000287 +00000-0 +10000-3 0 03605
2 12564 011.6652 041.0559 0008185 082.8987 277.1568 01.00240563017329
1 12564U 81061  A 95311.72223207 -.00000273 +00000-0 +10000-3 0 03584
2 12564 011.6789 040.9423 0008496 085.2351 274.7850 01.00237311017419
1 12564U 81061  A 95312.71984411 -.00000270 +00000-0 +10000-3 0 03593
2 12564 011.6801 040.9325 0008541 085.6111 274.4121 01.00236957017428
1 12564U 81061  A 95314.71507257 -.00000264 +00000-0 +10000-3 0 03610
2 12564 011.6831 040.9093 0008540 085.6719 274.3658 01.00236282017443
1 12564U 81061  A 95324.69120143 -.00000246 +00000-0 +10000-3 0 03589
2 12564 011.6990 040.7953 0008097 089.2460 270.7583 01.00232883017543
1 12564U 81061  A 95335.66539218 -.00000247 +00000-0 +10000-3 0 03597
2 12564 011.7154 040.6678 0008097 089.5811 270.4453 01.00229568017653
1 12564U 81061  A 95336.66304890 -.00000245 +00000-0 +10000-3 0 03604
2 12564 011.7170 040.6668 0008150 090.5327 269.4625 01.00229214017662
1 12564U 81061  A 95336.66312806 -.00000245 +00000-0 +10000-3 0 03611
2 12564 011.7170 040.6668 0008150 090.5327 269.4910 01.00229214017669
1 12564U 81061  A 95341.65154705 -.00000231 +00000-0 +10000-3 0 03624
2 12564 011.7245 040.6089 0008150 090.6851 269.3546 01.00227822017715
1 12564U 81061  A 95352.62626641 -.00000209 +00000-0 +10000-3 0 03621
2 12564 011.7419 040.4881 0007082 089.6484 270.3224 01.00224612017820
1 12564U 81061  A 95353.62420367 -.00000210 +00000-0 +10000-3 0 03632
2 12564 011.7434 040.4765 0007082 089.6788 270.3721 01.00224374017833
1 12564U 81061A   96006.58358888 -.00000182  00000-0  10000-3 0  3639
2 12564 011.7716 040.2757 0007268 089.2889 270.7666 01.00220455 18018
1 12564U 81061A   96016.56139948 -.00000167  00000-0  10000-3 0  3646
2 12564 011.7859 040.1498 0007058 085.1672 274.9107 01.00218626 18113
1 12564U 81061A   96017.55929139 -.00000169 +00000-0 +10000-3 0 03658
2 12564 011.7874 040.1371 0007056 084.8205 275.2949 01.00218455018125
1 12564U 81061A   96028.53499393 -.00000154 +00000-0 +10000-3 0 03678
2 12564 011.8052 040.0139 0006838 084.0708 276.0415 01.00217037018236
1 12564U 81061A   96038.51305528 -.00000121 +00000-0 +10000-3 0 03688
2 12564 011.8177 039.9152 0006752 097.6660 262.4798 01.00216231018337
1 12564U 81061A   96039.51087051 -.00000119 +00000-0 +10000-3 0 03695
2 12564 011.8191 039.9037 0006754 097.7410 262.4077 01.00216163018346
1 12564U 81061A   96049.48900191 -.00000119 +00000-0 +10000-3 0 03714
2 12564 011.8355 039.8025 0006262 081.5746 278.5563 01.00215629018446
1 12564U 81061A   96050.48682484 -.00000117 +00000-0 +10000-3 0 03705
2 12564 011.8369 039.7909 0006221 082.5474 277.5861 01.00215600018455
1 12564U 81061A   96051.48462337 -.00000115  00000-0  10000-3 0  3707
2 12564 011.8384 039.7797 0006174 083.4727 276.6541 01.00215573 18460
1 12564U 81061A   96061.46268118 -.00000082 +00000-0 +10000-3 0 03711
2 12564 011.8522 039.6629 0006763 066.3085 293.7993 01.00215657018563
1 12564U 81061A   96071.44068220 -.00000065  00000-0  10000-3 0  3724
2 12564 011.8659 039.5449 0006246 068.6609 291.4399 01.00216114 18661
1 12564U 81061A   96072.43852203 -.00000066 +00000-0 +10000-3 0 03738
2 12564 011.8680 039.5305 0006952 069.1520 290.9541 01.00216130018670
1 12564U 81061A   96084.41195029 -.00000047 +00000-0 +10000-3 0 03745
2 12564 011.8850 039.3945 0006839 066.3177 293.7366 01.00217231018790
1 12564U 81061A   96094.38976953 -.00000014  00000-0  10000-3 0  3750
2 12564 011.8994 039.2771 0006667 068.7647 291.2877 01.00218550 18898
1 12564U 81061A   96095.38753438 -.00000013 +00000-0 +10000-3 0 03762
2 12564 011.9008 039.2649 0006672 068.5914 291.4580 01.00218707018909
1 12564U 81061A   96096.38529325 -.00000013 +00000-0 +10000-3 0 03781
2 12564 011.9023 039.2546 0006668 068.7067 291.3365 01.00218867018916
1 12564U 81061A   96097.38305360 -.00000013 +00000-0 +10000-3 0 03794
2 12564 011.9038 039.2441 0006662 068.7978 291.2405 01.00219030018929
1 12564U 81061A   96098.38082002 -.00000014 +00000-0 +10000-3 0 03803
2 12564 011.9052 039.2336 0006654 068.9547 291.0815 01.00219196018930
1 12564U 81061A   96108.35833461 -.00000010 +00000-0 +10000-3 0 03766
2 12564 011.9194 039.1194 0006629 073.4202 286.5790 01.00220995019031
1 12564U 81061A   96109.35608547 -.00000008 +00000-0 +10000-3 0 03770
2 12564 011.9208 039.1085 0006648 075.5102 284.4853 01.00221176019049
1 12564U 81061A   96110.35384270 -.00000005 +00000-0 +10000-3 0 03784
2 12564 011.9222 039.0973 0006608 075.4823 284.5138 01.00221372019051
1 12564U 81061A   96111.35159644 -.00000002 +00000-0 +10000-3 0 03787
2 12564 011.9237 039.0850 0006653 073.7107 286.2867 01.00221581019068
1 12564U 81061A   96122.32666854 +.00000029 +00000-0 +10000-3 0 03780
2 12564 011.9393 038.9582 0006666 073.9457 286.0580 01.00224084019178
1 12564U 81061A   96123.32437021 +.00000030 +00000-0 +10000-3 0 03819
2 12564 011.9407 038.9475 0006680 073.6388 286.3599 01.00224338019187
1 12564U 81061A   96124.32207805 +.00000029 +00000-0 +10000-3 0 03835
2 12564 011.9422 038.9356 0006709 073.3283 286.6672 01.00224585019195
1 12564U 81061A   96134.29906889 +.00000025 +00000-0 +10000-3 0 03791
2 12564 011.9564 038.8214 0006713 074.5516 285.4259 01.00227159019290
1 12564U 81061A   96135.29676449 +.00000026 +00000-0 +10000-3 0 03801
2 12564 011.9579 038.8113 0006739 076.0982 283.8771 01.00227417019306
1 12564U 81061A   96136.29445784 +.00000028 +00000-0 +10000-3 0 03811
2 12564 011.9594 038.7994 0006778 075.4598 284.5174 01.00227694019311
1 12564U 81061A   96137.29214184 +.00000030 +00000-0 +10000-3 0 03824
2 12564 011.9613 038.7867 0006843 074.9707 285.0071 01.00227976019327
1 12564U 81061A   96148.26654909 +.00000058 +00000-0 +10000-3 0 03837
2 12564 011.9767 038.6613 0006884 075.5473 284.4679 01.00231251019437
1 12564U 81061A   96159.24052616 +.00000049 +00000-0 +10000-3 0 03845
2 12564 011.9920 038.5348 0006934 076.4709 283.5533 01.00234729019544
1 12564U 81061A   96168.21895546 +.00000060 +00000-0 +10000-3 0 03842
2 12564 012.0045 038.4323 0006908 076.7033 283.3359 01.00237768019630
1 12564U 81061A   96169.21655578 +.00000063 +00000-0 +10000-3 0 03856
2 12564 012.0059 038.4206 0006882 076.7540 283.2933 01.00238117019646
1 12564U 81061A   96170.21414955 +.00000066 +00000-0 +10000-3 0 03864
2 12564 012.0076 038.4092 0007014 077.5674 282.4867 01.00238480019654
1 12564U 81061A   96180.18979478 +.00000075 +00000-0 +10000-3 0 03856
2 12564 012.0208 038.2954 0009469 082.7254 277.3290 01.00242059019755
1 12564U 81061A   96189.16769507 +.00000064 +00000-0 +10000-3 0 03862
2 12564 012.0330 038.1935 0009507 082.9212 277.1975 01.00245373019848
1 12564U 81061A   96190.16519494 +.00000064 +00000-0 +10000-3 0 03873
2 12564 012.0343 038.1821 0009558 082.9470 277.1699 01.00245750019851
1 12564U 81061A   96191.16269709 +.00000065 +00000-0 +10000-3 0 03887
2 12564 012.0358 038.1704 0009489 082.9020 277.2170 01.00246129019868
1 12564U 81061A   96192.16019355 +.00000066 +00000-0 +10000-3 0 03878
2 12564 012.0375 038.1595 0008753 081.9717 278.1543 01.00246509019877
1 12564U 81061A   96202.13502754 +.00000086 +00000-0 +10000-3 0 03891
2 12564 012.0518 038.0466 0008749 080.0667 280.0926 01.00250396019978
1 12564U 81061A   96207.12226956  .00000085  00000-0  10000-3 0  3891
2 12564 012.0626 038.0020 0007129 074.6951 285.4719 01.00252346 20024
1 12564U 81061A   96218.09378934 +.00000071 +00000-0 +10000-3 0 03900
2 12564 012.0785 037.8817 0007022 073.1769 286.9632 01.00256681020132
1 12564U 81061A   96228.06764161 +.00000089 +00000-0 +10000-3 0 03919
2 12564 012.0929 037.7752 0007036 074.8066 285.3679 01.00260731020238
1 12564U 81061A   96229.06499034 +.00000091 +00000-0 +10000-3 0 03928
2 12564 012.0940 037.7636 0006933 074.2756 285.9005 01.00261140020242
1 12564U 81061A   96240.03559148  .00000079  00000-0  10000-3 0  3927
2 12564 012.1134 037.6573 0006995 068.9142 291.2391 01.00265576 20351
1 12564U 81061A   96241.03292167 +.00000077 +00000-0 +10000-3 0 03932
2 12564 012.1138 037.6445 0007038 069.6429 290.5237 01.00265997020367
1 12564U 81061A   96250.00841736 +.00000081 +00000-0 +10000-3 0 03936
2 12564 012.1263 037.5516 0007326 076.1730 283.9627 01.00269731020451
1 12564U 81061A   96258.98366631 +.00000096 +00000-0 +10000-3 0 03944
2 12564 012.1379 037.4536 0007436 077.2513 282.8943 01.00273442020546
1 12564U 81061A   96259.98087470 +.00000096 +00000-0 +10000-3 0 03957
2 12564 012.1382 037.4384 0007369 076.2415 283.9060 01.00273862020555
1 12564U 81061A   96260.97806180 +.00000095 +00000-0 +10000-3 0 03954
2 12564 012.1386 037.4229 0007286 075.0956 285.0454 01.00274273020560
1 12564U 81061A   96275.93579997 +.00000081 +00000-0 +10000-3 0 03965
2 12564 012.1576 037.2613 0007277 076.9964 283.0958 01.00280405020713
1 12564U 81061A   96285.90717083 +.00000098 +00000-0 +10000-3 0 03972
2 12564 012.1698 037.1451 0007455 070.3740 289.7268 01.00284475020814
1 12564U 81061A   96287.90132141 +.00000097 +00000-0 +10000-3 0 03980
2 12564 012.1719 037.1198 0007481 067.8133 292.2667 01.00285285020836
1 12564U 81061A   96291.88970305 +.00000089 +00000-0 +10000-3 0 03996
2 12564 012.1773 037.0726 0007320 086.3390 273.7051 01.00286878020879
1 12564U 81061A   96293.88396414 +.00000084 +00000-0 +10000-3 0 04009
2 12564 012.1799 037.0446 0007361 087.8907 272.1843 01.00287675020891
1 12564U 81061A   96305.84864475  .00000082  00000-0  10000-3 0  4004
2 12564 012.1948 036.9091 0005835 117.4236 242.5912 01.00292449 21018
1 12564U 81061A   96306.84569859 +.00000083 +00000-0 +10000-3 0 04015
2 12564 012.1934 036.8811 0009432 096.9237 263.1716 01.00293027021026
1 12564U 81061A   96307.84266194 +.00000085 +00000-0 +10000-3 0 04025
2 12564 012.1952 036.8694 0009800 096.1377 263.9398 01.00293441021036
1 12564U 81061A   96309.83670880  .00000089  00000-0  10000-3 0  4032
2 12564 012.1978 036.8462 0009505 098.1957 261.8746 01.00294207 21052
1 12564U 81061A   96318.80973473  .00000083  00000-0  10000-3 0  4059
2 12564 012.2092 036.7453 0009394 100.1933 259.8667 01.00297669 21147
1 12564U 81061A   96318.80975740  .00000000  00000-0  10000-3 0  4046
2 12564 012.1958 036.6566 0041441 263.2129 096.3230 01.00290502 21158
1 12564U 81061A   96320.80371279 +.00000077 +00000-0 +10000-3 0 04062
2 12564 012.2116 036.7234 0009466 099.8856 260.1784 01.00298427021169
1 12564U 81061A   96332.76719613 +.00000066 +00000-0 +10000-3 0 04101
2 12564 012.2271 036.5882 0009021 104.4659 255.5863 01.00302895021283
1 12564U 81061A   96342.73639698  .00000071  00000-0  10000-3 0  4110
2 12564 012.2399 036.4755 0010752 100.1343 259.9527 01.00306512 21384
1 12564U 81061A   96353.70212011  .00000042  00000-0  10000-3 0  4124
2 12564 012.2528 036.3531 0009890 102.3041 257.7714 01.00310199 21491
1 12564U 81061A   96354.69864571  .00000000  00000-0  10000-3 0  4121
2 12564 012.2596 036.2432 0077732 261.3859 097.7402 01.00305828 21510
1 12564U 81061A   96354.69899725  .00000040  00000-0  10000-3 0  4135
2 12564 012.2549 036.3407 0009485 103.3312 256.7431 01.00310513 21505
1 12564U 81061A   96355.69586408  .00000039  00000-0  10000-3 0  4146
2 12564 012.2566 036.3276 0008381 109.4673 250.5937 01.00310829 21513
1 12564U 81061A   96366.66123714  .00000043  00000-0  10000-3 0  4158
2 12564 012.2714 036.2048 0007422 115.1271 244.9761 01.00314345 21628
1 12564U 81061A   97001.65802933  .00000043  00000-0  10000-3 0  4162
2 12564 012.2725 036.1938 0007898 113.6305 246.4714 01.00314665 21636
1 12564U 81061A   97013.61970169  .00000009  00000-0  10000-3 0  4171
2 12564 012.2887 036.0599 0006569 122.4424 237.6581 01.00318132 21751
1 12564U 81061A   97014.61646496 +.00000006 +00000-0 +10000-3 0 04183
2 12564 012.2900 036.0486 0006537 122.4292 237.6628 01.00318402021763
1 12564U 81061A   97029.56800676  .00000000  00000-0  10000-3 0  4189
2 12564 012.3100 035.8849 0007130 121.3432 238.7911 01.00322206 21911
1 12564U 81061A   97044.51889000 -.00000045  00000-0  10000-3 0  4190
2 12564 012.3303 035.7233 0005243 134.1444 225.9582 01.00325407 22065
1 12564U 81061A   97045.51556104 -.00000047 +00000-0 +10000-3 0 04201
2 12564 012.3319 035.7131 0005111 135.3291 224.7560 01.00325591022074
1 12564U 81061A   97045.51556257 -.00000047  00000-0  10000-3 0  4200
2 12564 012.3321 035.7134 0006635 136.4803 223.6237 01.00325604 22077
1 12564U 81061A   97057.47597925 -.00000050  00000-0  10000-3 0  4210
2 12564 012.3473 035.5835 0006258 144.5216 215.5925 01.00327615 22191
1 12564U 81061A   97069.43614579 -.00000090 +00000-0 +10000-3 0 04252
2 12564 012.3624 035.4560 0006425 133.7251 226.3423 01.00328914022318
1 12564U 81061A   97079.40279111  .00000000  00000-0  10000-3 0  4260
2 12564 012.3457 035.3936 0013454 168.2178 191.8214 01.00325737 22414
1 12564U 81061A   97079.40289159 -.00000099  00000-0  10000-3 0  4273
2 12564 012.3742 035.3488 0005523 120.4018 239.6411 01.00329661 22414
1 12564U 81061A   97081.39629033 -.00000099 +00000-0 +10000-3 0 04284
2 12564 012.3765 035.3269 0005487 121.2904 238.7751 01.00329778022436
1 12564U 81061A   97093.35623484 -.00000130  00000-0  10000-3 0  4294
2 12564 012.3909 035.1955 0005938 136.3071 223.7456 01.00330084 22550
1 12564U 81061A   97093.35672505  .00000000  00000-0  10000-3 0  4286
2 12564 012.3448 035.3108 0005030 069.6169 290.4448 01.00327556 22562
1 12564U 81061A   97095.34947467 -.00000137  00000-0  10000-3 0  4304
2 12564 012.3933 035.1658 0002933 115.2310 244.7714 01.00330146 22572
1 12564U 81061A   97096.34611771 -.00000140 +00000-0 +10000-3 0 04316
2 12564 012.3945 035.1649 0005141 102.6587 257.3059 01.00330025022584
1 12564U 81061A   97107.30960776 -.00000151  00000-0  10000-3 0  4320
2 12564 012.4073 035.0424 0005879 092.9438 267.0592 01.00329715 22697
1 12564U 81061A   97117.27636664 -.00000167  00000-0  10000-3 0  4331
2 12564 012.4198 034.9289 0005376 097.2682 262.7474 01.00328978 22795
1 12564U 81061A   97118.27301446 -.00000171 +00000-0 +10000-3 0 04345
2 12564 012.4209 034.9182 0005434 096.8071 263.1986 01.00328895022805
1 12564U 81061A   97118.27323693  .00000000  00000-0  10000-3 0  4343
2 12564 012.3851 034.8683 0008575 090.0607 270.0452 01.00327305 22813
1 12564U 81061A   97119.26971471 -.00000175 +00000-0 +10000-3 0 04362
2 12564 012.4224 034.9057 0005822 091.6839 268.3235 01.00328798022816
1 12564U 81061A   97119.27000453  .00000000  00000-0  10000-3 0  4351
2 12564 012.3851 034.8504 0010320 090.0803 270.0457 01.00327219 22824
1 12564U 81061A   97124.25307867 -.00000193  00000-0  10000-3 0  4370
2 12564 012.4283 034.8494 0005938 089.6517 270.3353 01.00328257 22862
1 12564U 81061A   97135.21618590  .00000000  00000-0  10000-3 0  4383
2 12564 012.4029 034.5726 0000771 083.0127 277.0038 01.00326108 22980
1 12564U 81061A   97135.21675705 -.00000201  00000-0  10000-3 0  4399
2 12564 012.4414 034.7276 0006039 090.0130 269.9895 01.00326732 22978
1 12564U 81061A   97136.21345820 -.00000201 +00000-0 +10000-3 0 04404
2 12564 012.4426 034.7159 0005941 090.2695 269.7321 01.00326564022986
1 12564U 81061A   97146.18060752 -.00000221  00000-0  10000-3 0  4401
2 12564 012.4541 034.6063 0006710 091.2838 268.7174 01.00324729 23080
1 12564U 81061A   97147.17740606 -.00000225 +00000-0 +10000-3 0 04420
2 12564 012.4552 034.5956 0006810 092.3262 267.6992 01.00324518023099
1 12564U 81061A   97148.17413253 -.00000228  00000-0  10000-3 0  4418
2 12564 012.4563 034.5849 0006904 093.2315 266.7915 01.00324304 23105
1 12564U 81061A   97149.17086329 -.00000232 +00000-0 +10000-3 0 04425
2 12564 012.4574 034.5737 0007012 094.0064 266.0152 01.00324086023118
1 12564U 81061A   97149.17136176  .00000000  00000-0  10000-3 0  4423
2 12564 012.4302 034.4629 0018755 112.8848 247.3210 01.00324097 23121
1 12564U 81061A   97150.16759265 -.00000235  00000-0  10000-3 0  4436
2 12564 012.4587 034.5620 0007704 092.9917 267.0219 01.00323863 23123
1 12564U 81061A   97160.13509322 -.00000249  00000-0  10000-3 0  4447
2 12564 012.4737 034.4591 0006696 096.4073 263.6407 01.00321609 23225
1 12564U 81061A   97161.13184822 -.00000248  00000-0  10000-3 0  4452
2 12564 012.4735 034.4475 0006944 099.7922 260.2465 01.00321322 23239
1 12564U 81061A   97171.09959566 -.00000255 +00000-0 +10000-3 0 04462
2 12564 012.4866 034.3390 0007078 096.0467 264.0078 01.00318689023337
1 12564U 81061A   97182.06439735 -.00000287  00000-0  10000-3 0  4478
2 12564 012.4995 034.2283 0007187 095.8631 264.1874 01.00315463 23445
1 12564U 81061A   97191.03601718 -.00000283  00000-0  10000-3 0  4495
2 12564 012.5096 034.1309 0007420 093.8908 266.2116 01.00312628 23533
1 12564U 81061A   97191.04788508  .00000000  00000-0  10000-3 0  4484
2 12564 012.5191 034.0874 0241058 135.2318 226.7461 01.00301619 23541
1 12564U 81061A   97192.03291497 -.00000282 +00000-0 +10000-3 0 04506
2 12564 012.5120 034.1166 0007450 092.6979 267.4169 01.00312258023541
1 12564U 81061A   97202.00123660  .00000000  00000-0  10000-3 0  4519
2 12564 012.5109 034.0445 0000360 050.8509 309.1601 01.00309250 23649
1 12564U 81061A   97202.00162328 -.00000298  00000-0  10000-3 0  4513
2 12564 012.5242 034.0087 0007330 095.5196 264.6137 01.00308826 23648
1 12564U 81061A   97211.97061424 -.00000317  00000-0  10000-3 0  4527
2 12564 012.5364 033.8983 0007297 096.4725 263.6627 01.00305248 23744
1 12564U 81061A   97221.94000911 -.00000306  00000-0  10000-3 0  4538
2 12564 012.5539 033.7917 0007661 105.9562 254.1510 01.00301378 23841
1 12564U 81061A   97221.94015450 -.00000306 +00000-0 +10000-3 0 04554
2 12564 012.5539 033.7917 0007661 105.9562 254.2035 01.00301378023844
1 12564U 81061A   97222.93711178 -.00000307  00000-0  10000-3 0  4544
2 12564 012.5526 033.7807 0007717 105.8096 254.3416 01.00300964 23856
1 12564U 81061A   97231.90992457 -.00000324  00000-0  10000-3 0  4552
2 12564 012.5653 033.6269 0009451 111.2118 248.9467 01.00296696 23942
1 12564U 81061A   97240.88311756 -.00000331 +00000-0 +10000-3 0 04565
2 12564 012.5753 033.5294 0009451 111.4778 248.6937 01.00293153024039
1 12564U 81061A   97241.88016038 -.00000329 +00000-0 +10000-3 0 04579
2 12564 012.5764 033.5185 0009451 111.5073 248.6662 01.00292755024042
1 12564U 81061A   97251.85072154 -.00000318  00000-0  10000-3 0  4576
2 12564 012.5775 033.4262 0008985 110.4233 249.7370 01.00288850 24146
1 12564U 81061A   97261.82162015 -.00000335 +00000-0 +10000-3 0 04580
2 12564 012.5898 033.3280 0008629 111.0492 249.0621 01.00284671024240
1 12564U 81061A   97273.78735458 -.00000322 +00000-0 +10000-3 0 04592
2 12564 012.6055 033.2045 0008567 111.4278 248.6784 01.00279684024367
1 12564U 81061A   97274.78468926  .00000000  00000-0  10000-3 0  4600
2 12564 012.5732 033.2432 0007707 121.8069 238.2760 01.00279913 24371
1 12564U 81061A   97284.75644558 -.00000324 +00000-0 +10000-3 0 04616
2 12564 012.6093 033.2039 0007980 116.5967 243.3176 01.00274493024473
1 12564U 81061A   97294.72924653 -.00000331  00000-0  10000-3 0  4620
2 12564 012.6848 032.8836 0007715 113.9576 246.3041 01.00270397 24578
1 12564U 81061A   97304.70146650 -.00000310 +00000-0 +10000-3 0 04631
2 12564 012.6764 032.8434 0007581 114.3036 245.6807 01.00266288024673
1 12564U 81061A   97316.66950938 -.00000321 +00000-0 +10000-3 0 04644
2 12564 012.6798 032.6686 0008411 118.1347 241.8724 01.00260773024799
1 12564U 81061A   97316.66957549 -.00000321 +00000-0 +10000-3 0 04661
2 12564 012.6677 032.6916 0008212 119.1990 240.7984 01.00259971024799
1 12564U 81061A   97327.64094554 -.00000306 +00000-0 +10000-3 0 04684
2 12564 012.6660 032.5392 0008043 125.1543 234.9170 01.00255614024906
1 12564U 81061A   97327.64096308 -.00000306  00000-0  10000-3 0  4672
2 12564 012.6630 032.5747 0008203 119.3809 240.6656 01.00255567 24905
1 12564U 81061A   97339.61009599 -.00000301 +00000-0 +10000-3 0 04695
2 12564 012.6798 032.4368 0008103 124.2038 235.8376 01.00250964025021
1 12564U 81061A   97340.60780648 -.00000302 +00000-0 +10000-3 0 04722
2 12564 012.6880 032.5478 0006935 128.9734 231.0262 01.00250581025039
1 12564U 81061A   97352.57773790 -.00000299  00000-0  10000-3 0  4726
2 12564 012.6967 032.3807 0008049 121.2115 238.9186 01.00246290 25152
1 12564U 81061A   97352.57778293  .00000000  00000-0  10000-3 0  4717
2 12564 012.6992 032.4199 0006664 133.0551 226.9938 01.00241645 25152
1 12564U 81061A   97353.57507807 -.00000296 +00000-0 +10000-3 0 04739
2 12564 012.6875 032.3702 0015933 130.5241 229.5901 01.00245246025169
1 12564U 81061A   97354.57278382 -.00000293 +00000-0 +10000-3 0 04741
2 12564 012.6950 032.3812 0006894 132.3554 227.7051 01.00244873025170
1 12564U 81061A   97364.54818472 -.00000281 +00000-0 +10000-3 0 04757
2 12564 012.7057 032.2783 0006964 133.4117 226.6699 01.00241236025277
1 12564U 81061A   97365.54572918 -.00000282 +00000-0 +10000-3 0 04762
2 12564 012.7029 032.2546 0005776 129.0175 231.0595 01.00240907025288
1 12564U 81061A   98011.51905205 -.00000287  00000-0  10000-3 0  4773
2 12564 012.7052 032.0805 0005652 127.2940 232.8154 01.00236794 25394
1 12564U 81061A   98013.51418656 -.00000282 +00000-0 +10000-3 0 04780
2 12564 012.7172 032.1070 0006351 131.4370 228.6132 01.00236175025418
1 12564U 81061A   98023.49039911 -.00000256 +00000-0 +10000-3 0 04805
2 12564 012.7262 032.0128 0005523 130.2579 229.7674 01.00232942025511
1 12564U 81061A   98023.49052694 -.00000257 +00000-0 +10000-3 0 04797
2 12564 012.7241 031.9634 0006827 130.2903 229.8655 01.00233041025518
1 12564U 81061A   98035.46241954 -.00000261  00000-0  10000-3 0  4814
2 12564 012.7404 031.8718 0006827 130.6374 229.4949 01.00229373 25635
1 12564U 81061A   98047.43459990 -.00000229  00000-0  10000-3 0  4820
2 12564 012.7532 031.7489 0006778 134.0134 226.0879 01.00226125 25758
1 12564U 81061A   98048.43231463 -.00000227 +00000-0 +10000-3 0 04833
2 12564 012.7537 031.7418 0006779 134.4856 225.6161 01.00225874025761
1 12564U 81061A   98062.40035802 -.00000220  00000-0  10000-3 0  4838
2 12564 012.7696 031.6012 0005302 130.7131 229.2455 01.00222289 25899
1 12564U 81061A   98073.37590682 -.00000188  00000-0  10000-3 0  4842
2 12564 012.7746 031.5426 0005078 137.6095 222.3559 01.00219554 26013
1 12564U 81061A   98082.35611699 -.00000170 +00000-0 +10000-3 0 04854
2 12564 012.8071 031.3122 0017218 193.5430 166.8053 01.00218057026107
1 12564U 81061A   98094.32842102 -.00000161 +00000-0 +10000-3 0 04860
2 12564 012.8010 031.2868 0004763 150.1877 209.4635 01.00216503026228
1 12564U 81061A   98105.30516751 -.00000120  00000-0  10000-3 0  4875
2 12564 012.8200 031.1344 0006176 080.9887 278.9950 01.00216121 26337
1 12564U 81061A   98116.28106589 -.00000112 +00000-0 +10000-3 0 04880
2 12564 012.8189 031.0324 0019424 089.8755 269.9824 01.00216201026443
1 12564U 81061A   98117.27967429 -.00000113 +00000-0 +10000-3 0 04890
2 12564 012.8244 031.0152 0007190 132.7587 227.5325 01.00215249026450
1 12564U 81061A   98118.27664033 -.00000113 +00000-0 +10000-3 0 04908
2 12564 012.8265 031.0053 0005649 169.0670 190.9439 01.00214694026469
1 12564U 81061A   98129.25242833 -.00000077 +00000-0 +10000-3 0 04918
2 12564 012.8312 030.9318 0005093 148.0057 211.9204 01.00215767026571
1 12564U 81061A   98131.24813984 -.00000070 +00000-0 +10000-3 0 04925
2 12564 012.8381 030.8719 0004549 117.4496 242.5301 01.00216227026595
1 12564U 81061A   98142.22397840 -.00000061 +00000-0 +10000-3 0 04934
2 12564 012.8468 030.7711 0004839 145.4420 214.5272 01.00216552026702
1 12564U 81061A   98143.22176528 -.00000061 +00000-0 +10000-3 0 04955
2 12564 012.8478 030.7598 0004840 145.5076 214.4580 01.00216646026712
1 12564U 81061A   98144.21955554 -.00000061 +00000-0 +10000-3 0 04960
2 12564 012.8492 030.7480 0004819 144.7691 215.1924 01.00216738026721
1 12564U 81061A   98146.21515581 -.00000061 +00000-0 +10000-3 0 04942
2 12564 012.8534 030.7164 0005311 124.6409 235.3171 01.00216746026748
1 12564U 81061A   98155.19540469 -.00000034 +00000-0 +10000-3 0 04953
2 12564 012.8625 030.6223 0004859 122.8341 237.1883 01.00218142026837
1 12564U 81061A   98156.19312803 -.00000030 +00000-0 +10000-3 0 04971
2 12564 012.8633 030.6129 0004835 122.3896 237.6090 01.00218284026848
1 12564U 81061A   98157.19092037 -.00000027 +00000-0 +10000-3 0 04983
2 12564 012.8642 030.6025 0004835 122.4186 237.5841 01.00218429026851
1 12564U 81061A   98166.17097003 -.00000014 +00000-0 +10000-3 0 04963
2 12564 012.8710 030.5076 0006062 126.5794 233.4392 01.00219798026942
1 12564U 81061A   98167.16838471  .00000000  00000-0  10000-3 0  4970
2 12564 012.8693 030.4991 0001821 291.8010 068.1718 01.00216048 26953
1 12564U 81061A   98167.16880806 -.00000015 +00000-0 +10000-3 0 04987
2 12564 012.8720 030.4975 0006069 126.6042 233.4402 01.00219978026957
1 12564U 81061A   98176.14862426 -.00000015 +00000-0 +10000-3 0 04994
2 12564 012.8807 030.4050 0006172 127.7176 232.3231 01.00221699027044
1 12564U 81061A   98176.14864972  .00000000  00000-0  10000-3 0  4984
2 12564 012.8778 030.3926 0007086 112.0973 247.9741 01.00217965 27048
1 12564U 81061A   98177.14640436  .00000000  00000-0  10000-3 0  4993
2 12564 012.8788 030.3863 0005594 112.1188 247.9409 01.00217785 27063
1 12564U 81061A   98177.14640469 -.00000013  00000-0  10000-3 0  5018
2 12564 012.8817 030.3958 0006416 129.9759 230.0638 01.00221830 27057
1 12564U 81061A   98189.11928769 +.00000020 +00000-0 +10000-3 0 05028
2 12564 012.8916 030.2708 0005946 129.2818 230.8037 01.00224666027179
1 12564U 81061A   98195.10558719 +.00000021 +00000-0 +10000-3 0 05041
2 12564 012.8908 030.2034 0008250 158.7794 201.2892 01.00226340027232
1 12564U 81061A   98195.10565411  .00000000  00000-0  10000-3 0  5034
2 12564 012.8931 030.2111 0006385 144.0625 216.0301 01.00221915 27234
1 12564U 81061A   98202.08945119 +.00000015 +00000-0 +10000-3 0 05055
2 12564 012.8937 030.1181 0015332 181.3332 178.7532 01.00230349027306
1 12564U 81061A   98212.06583513  .00000041  00000-0  10000-3 0  5060
2 12564 012.9089 030.0245 0007691 157.4860 202.4787 01.00231074 27408
1 12564U 81061A   98214.06150603 +.00000046 +00000-0 +10000-3 0 05078
2 12564 012.9166 030.0150 0007183 149.8678 210.2187 01.00231536027423
1 12564U 81061A   98215.05921575 +.00000047 +00000-0 +10000-3 0 05084
2 12564 012.9179 030.0066 0006552 145.4948 214.6196 01.00231929027439
1 12564U 81061A   98222.04268454  .00000048  00000-0  10000-3 0  5093
2 12564 012.9240 029.9336 0006354 139.6159 220.5158 01.00234290 27500
1 12564U 81061A   98223.04028344 +.00000047 +00000-0 +10000-3 0 05107
2 12564 012.9248 029.9240 0006530 144.2593 215.8567 01.00234507027515
1 12564U 81061A   98233.01631269 +.00000045 +00000-0 +10000-3 0 05110
2 12564 012.9342 029.8265 0006293 143.7987 216.2951 01.00237619027613
1 12564U 81061A   98234.01394956  .00000048  00000-0  10000-3 0  5124
2 12564 012.9302 029.8204 0010604 107.7039 252.4741 01.00237963 27623
1 12564U 81061A   98235.01155050 +.00000051 +00000-0 +10000-3 0 05130
2 12564 012.9332 029.8095 0008324 121.1727 238.9784 01.00238286027630
1 12564U 81061A   98240.99696865 +.00000067 +00000-0 +10000-3 0 05145
2 12564 012.9385 029.7493 0007769 130.9440 229.1934 01.00240518027697
1 12564U 81061A   98246.98227891 +.00000071 +00000-0 +10000-3 0 05155
2 12564 012.9434 029.6872 0006698 133.5204 226.6273 01.00243122027758
1 12564U 81061A   98257.95479192 +.00000059 +00000-0 +10000-3 0 05164
2 12564 012.9571 029.5755 0018652 116.0816 244.1201 01.00246797027866
1 12564U 81061A   98270.92199230 +.00000087 +00000-0 +10000-3 0 05170
2 12564 012.9630 029.4344 0006818 147.0809 213.0066 01.00251823027996
1 12564U 81061A   98281.89353857 +.00000077 +00000-0 +10000-3 0 05185
2 12564 012.9720 029.3225 0006682 142.5889 217.4406 01.00256097028108
1 12564U 81061A   98282.89095936 +.00000075 +00000-0 +10000-3 0 05196
2 12564 012.9728 029.3127 0006686 142.6536 217.3819 01.00256494028110
1 12564U 81061A   98283.88835761 +.00000075 +00000-0 +10000-3 0 05206
2 12564 012.9757 029.3048 0006697 145.1972 214.8326 01.00256889028122
1 12564U 81061A   98293.86210738 +.00000092 +00000-0 +10000-3 0 05216
2 12564 012.9887 029.2078 0006629 146.1442 213.8723 01.00260907028223
1 12564U 81061A   98302.83818980 +.00000098 +00000-0 +10000-3 0 05202
2 12564 012.9962 029.1172 0006975 148.6749 211.3560 01.00264572028316
1 12564U 81061A   98303.83548193 +.00000096 +00000-0 +10000-3 0 05218
2 12564 012.9970 029.1070 0007078 149.6536 210.3703 01.00264989028323
1 12564U 81061A   98304.83277554 +.00000095 +00000-0 +10000-3 0 05229
2 12564 012.9978 029.0970 0007095 150.0692 209.9481 01.00265402028336
1 12564U 81061A   98314.80565637 +.00000084 +00000-0 +10000-3 0 05227
2 12564 013.0065 028.9944 0006644 151.6328 208.3636 01.00269473028434
1 12564U 81061A   98314.80565294 +.00000084 +00000-0 +10000-3 0 05237
2 12564 013.0067 028.9948 0006540 151.2814 208.7133 01.00269480028435
1 12564U 81061A   98316.80018945 +.00000088 +00000-0 +10000-3 0 05240
2 12564 013.0093 028.9740 0006490 151.2816 208.7132 01.00270296028458
1 12564U 81061A   98317.79744755 +.00000090 +00000-0 +10000-3 0 05258
2 12564 013.0109 028.9637 0006442 151.0957 208.8977 01.00270705028466
1 12564U 81061A   98327.76987800  .00000000  00000-0  10000-3 0  5235
2 12564 013.0206 028.8596 0007848 148.9040 211.1206 01.00270905 28561
1 12564U 81061A   98327.76989810 +.00000102 +00000-0 +10000-3 0 05264
2 12564 013.0197 028.8630 0006040 153.3131 206.6963 01.00274809028569
1 12564U 81061A   98328.76711413 +.00000102 +00000-0 +10000-3 0 05245
2 12564 013.0207 028.8519 0005589 154.2637 205.7443 01.00275227028574
1 12564U 81061A   98339.73620921 +.00000082 +00000-0 +10000-3 0 05244
2 12564 013.0302 028.7379 0005748 154.1977 205.8036 01.00279713028681
1 12564U 81061A   98340.73337602 +.00000081 +00000-0 +10000-3 0 05257
2 12564 013.0312 028.7289 0005549 155.3364 204.6607 01.00280117028696
1 12564U 81061A   98343.72487781 +.00000084 +00000-0 +10000-3 0 05267
2 12564 013.0338 028.6991 0005480 155.9077 204.0969 01.00281347028729
1 12564U 81061A   98355.69051373 +.00000096 +00000-0 +10000-3 0 05263
2 12564 013.0437 028.5771 0004842 156.3619 203.6740 01.00286237028840
1 12564U 81061A   98355.69053613 +.00000096 +00000-0 +10000-3 0 05251
2 12564 013.0434 028.5776 0005007 156.4571 203.5851 01.00286226028844
1 12564U 81061A   98357.68472309 +.00000093 +00000-0 +10000-3 0 05278
2 12564 013.0452 028.5570 0004759 156.7245 203.3142 01.00287044028862
1 12564U 81061A   98358.68181329  .00000091  00000-0  10000-3 0  5265
2 12564 013.0469 028.5471 0004654 155.7484 204.2898 01.00287453 28871
1 12564U 81061A   98359.67889684 +.00000089 +00000-0 +10000-3 0 05272
2 12564 013.0478 028.5372 0004656 156.2349 203.8007 01.00287856028884
1 12564U 81061A   98360.67597480 +.00000087 +00000-0 +10000-3 0 05294
2 12564 013.0492 028.5282 0004872 154.8656 205.1680 01.00288256028893
1 12564U 81061A   98360.67597626 +.00000087 +00000-0 +10000-3 0 05308
2 12564 013.0492 028.5282 0004872 154.8656 205.1686 01.00288256028899
1 12564U 81061A   99005.64665926  .00000072  00000-0  10000-3 0  5271
2 12564 013.0583 028.4286 0005054 158.1431 201.9019 01.00292218 28992
1 12564U 81061A   99007.64074147 +.00000074 +00000-0 +10000-3 0 05285
2 12564 013.0599 028.4085 0005042 158.2880 201.7556 01.00292999029016
1 12564U 81061A   99007.64076088  .00000000  00000-0  10000-3 0  5280
2 12564 013.0609 028.4066 0004633 157.1939 202.8520 01.00289045 29016
1 12564U 81061A   99015.61698688 +.00000082 +00000-0 +10000-3 0 05293
2 12564 013.0666 028.3280 0004966 158.4451 201.6186 01.00296090029099
1 12564U 81061A   99022.59597426  .00000072  00000-0  10000-3 0  5307
2 12564 013.0731 028.2602 0005545 163.0044 197.0741 01.00298788 29162
1 12564U 81061A   99023.59291717 +.00000069 +00000-0 +10000-3 0 05319
2 12564 013.0741 028.2504 0005484 162.8976 197.1682 01.00299167029175
1 12564U 81061A   99032.56556890  .00000051  00000-0  10000-3 0  5313
2 12564 013.0816 028.1603 0005441 163.1424 196.9231 01.00302493 29266
1 12564U 81061A   99033.56251058 +.00000052 +00000-0 +10000-3 0 05324
2 12564 013.0825 028.1503 0005423 163.3864 196.6793 01.00302860029274
1 12564U 81061A   99035.55637766 +.00000055 +00000-0 +10000-3 0 05333
2 12564 013.0841 028.1303 0005388 163.3711 196.6909 01.00303580029292
1 12564U 81061A   99044.52867943 +.00000059 +00000-0 +10000-3 0 05347
2 12564 013.0917 028.0422 0004931 160.7615 199.3168 01.00306802029381
1 12564U 81061A   99045.52558068 +.00000057 +00000-0 +10000-3 0 05341
2 12564 013.0927 028.0322 0004818 161.2868 198.7947 01.00307162029390
1 12564U 81061A   99047.51935883 +.00000054 +00000-0 +10000-3 0 05354
2 12564 013.0944 028.0124 0004779 161.2123 198.8660 01.00307856029415
1 12564U 81061A   99057.48802741 +.00000026 +00000-0 +10000-3 0 05356
2 12564 013.1030 027.9149 0004615 160.2908 199.7525 01.00311184029516
1 12564U 81061A   99058.48489924 +.00000025 +00000-0 +10000-3 0 05372
2 12564 013.1039 027.9049 0004622 160.6167 199.4325 01.00311510029522
1 12564U 81061A   99059.48174955 +.00000025 +00000-0 +10000-3 0 05389
2 12564 013.1048 027.8951 0004625 160.6299 199.4177 01.00311831029534
1 12564U 81061A   99060.47859622 +.00000025 +00000-0 +10000-3 0 05392
2 12564 013.1058 027.8860 0004589 160.5888 199.4555 01.00312147029548
1 12564U 81061A   99073.43736421  .00000027  00000-0  10000-3 0  5362
2 12564 013.1161 027.7573 0004836 160.9100 199.1369 01.00316143 29673
1 12564U 81061A   99075.43094946 +.00000023 +00000-0 +10000-3 0 05370
2 12564 013.1181 027.7371 0005541 168.2762 191.7988 01.00316856029698
1 12564U 81061A   99081.41150823  .00000003  00000-0  10000-3 0  5381
2 12564 013.1243 027.6801 0004895 171.3819 188.6318 01.00319129 29758
1 12564U 81061A   99089.38557840 -.00000008  00000-0  10000-3 0  5392
2 12564 013.1284 027.5994 0004964 162.0862 197.8278 01.00320507 29835
1 12564U 81061A   99092.37605986 -.00000006 +00000-0 +10000-3 0 05400
2 12564 013.1308 027.5695 0004908 159.4449 200.5382 01.00321254029860
1 12564U 81061A   99094.36957712 -.00000005  00000-0  10000-3 0  5407
2 12564 013.1324 027.5498 0004659 151.7129 208.2687 01.00321754 29882
1 12564U 81061A   99095.36635541 -.00000005  00000-0  10000-3 0  5412
2 12564 013.1334 027.5407 0004803 155.4077 204.5900 01.00322014 29895
1 12564U 81061A   99097.35983682 -.00000006 +00000-0 +10000-3 0 05427
2 12564 013.1354 027.5206 0005262 162.8959 197.1083 01.00322506029913
1 12564U 81061A   99103.34022272 -.00000016 +00000-0 +10000-3 0 05435
2 12564 013.1401 027.4611 0005712 167.0567 192.9373 01.00323834029973
1 12564U 81061A   99104.33690945 -.00000020 +00000-0 +10000-3 0 05449
2 12564 013.1409 027.4511 0005813 167.8890 192.0902 01.00324043029982
1 12564U 81061A   99106.33033148 -.00000027 +00000-0 +10000-3 0 05455
2 12564 013.1424 027.4309 0005822 166.8748 193.0892 01.00324440030000
1 12564U 81061A   99108.32376893 -.00000035 +00000-0 +10000-3 0 05463
2 12564 013.1440 027.4102 0005283 160.0000 199.9531 01.00324845030023
1 12564U 81061A   99109.32051847 -.00000039 +00000-0 +10000-3 0 05456
2 12564 013.1448 027.4002 0005283 160.0283 199.9347 01.00325037030033
1 12564U 81061A   99110.31723683 -.00000042 +00000-0 +10000-3 0 05466
2 12564 013.1455 027.3909 0005364 160.8897 199.0707 01.00325217030047
1 12564U 81061A   99120.28432099 -.00000050  00000-0  10000-3 0  5459
2 12564 013.1532 027.2917 0005260 159.2404 200.7113 01.00326940 30148
1 12564U 81061A   99124.27114535 -.00000051 +00000-0 +10000-3 0 05466
2 12564 013.1563 027.2522 0004120 151.2086 208.7572 01.00327601030182
1 12564U 81061A   99129.25463263 -.00000060 +00000-0 +10000-3 0 05475
2 12564 013.1603 027.2022 0004292 157.2766 202.7048 01.00328264030237
1 12564U 81061A   99131.24795542 -.00000065 +00000-0 +10000-3 0 05492
2 12564 013.1619 027.1826 0004287 159.4462 200.5202 01.00328512030252
1 12564U 81061A   99134.23798024 -.00000077 +00000-0 +10000-3 0 05507
2 12564 013.1646 027.1526 0004298 158.7261 201.2285 01.00328840030286
1 12564U 81061A   99135.23466088 -.00000081 +00000-0 +10000-3 0 05493
2 12564 013.1654 027.1427 0004277 158.1108 201.8419 01.00328940030293
1 12564U 81061A   99140.21807851 -.00000100 +00000-0 +10000-3 0 05508
2 12564 013.1691 027.0932 0004309 157.4589 202.4959 01.00329382030348
1 12564U 81061A   99144.20480149 -.00000103  00000-0  10000-3 0  5501
2 12564 013.1726 027.0538 0003570 140.5770 219.3792 01.00329717 30381
1 12564U 81061A   99145.20150762 -.00000103 +00000-0 +10000-3 0 05518
2 12564 013.1738 027.0437 0003780 136.2531 223.7107 01.00329784030396
1 12564U 81061A   99149.18823344 -.00000103 +00000-0 +10000-3 0 05534
2 12564 013.1776 027.0045 0003817 137.5484 222.4286 01.00330015030433
1 12564U 81061A   99149.18823646 -.00000103 +00000-0 +10000-3 0 05528
2 12564 013.1774 027.0042 0003829 137.2701 222.7079 01.00330015030433
1 12564U 81061A   99158.15835047 -.00000118 +00000-0 +10000-3 0 05529
2 12564 013.1849 026.9153 0004313 136.5755 223.4262 01.00330268030529
1 12564U 81061A   99159.15504341 -.00000121 +00000-0 +10000-3 0 05535
2 12564 013.1857 026.9054 0004313 136.6040 223.4062 01.00330278030536
1 12564U 81061A   99160.15168807  .00000000  00000-0  10000-3 0  5535
2 12564 013.1857 026.9129 0004133 162.2625 197.7294 01.00326291 30544
1 12564U 81061A   99160.15169697 -.00000125 +00000-0 +10000-3 0 05554
2 12564 013.1870 026.8964 0004228 138.2518 221.7539 01.00330287030544
1 12564U 81061A   99162.14502746 -.00000134 +00000-0 +10000-3 0 05562
2 12564 013.1883 026.8766 0003859 140.4268 219.5785 01.00330269030564
1 12564U 81061A   99163.14167810 -.00000139 +00000-0 +10000-3 0 05556
2 12564 013.1890 026.8669 0003838 140.7933 219.2048 01.00330261030575
1 12564U 81061A   99174.10510622 -.00000159 +00000-0 +10000-3 0 05559
2 12564 013.1973 026.7590 0004081 144.6418 215.3669 01.00329914030682
1 12564U 81061A   99175.10180365 -.00000159 +00000-0 +10000-3 0 05568
2 12564 013.1982 026.7491 0004059 145.9698 214.0452 01.00329847030693
1 12564U 81061A   99185.06869051 -.00000172 +00000-0 +10000-3 0 05576
2 12564 013.2057 026.6503 0004059 146.2536 213.8031 01.00329104030792
1 12564U 81061A   99186.06537002 -.00000175 +00000-0 +10000-3 0 05589
2 12564 013.2065 026.6404 0004059 146.2820 213.7740 01.00329008030808
1 12564U 81061A   99187.06204800 -.00000179 +00000-0 +10000-3 0 05604
2 12564 013.2072 026.6306 0004059 146.3103 213.7440 01.00328909030819
1 12564U 81061A   99199.02235294 -.00000214  00000-0  10000-3 0  5581
2 12564 013.2166 026.5161 0004594 144.2908 215.7584 01.00327407 30931
1 12564U 81061A   99200.01910371 -.00000213  00000-0  10000-3 0  5599
2 12564 013.2177 026.5067 0006619 141.9964 218.0460 01.00327247 30946
1 12564U 81061A   99212.97654723 -.00000224 +00000-0 +10000-3 0 05607
2 12564 013.2272 026.3806 0006547 143.1475 216.9608 01.00324957031073
1 12564U 81061A   99214.97000395 -.00000230 +00000-0 +10000-3 0 05617
2 12564 013.2286 026.3609 0006547 143.2042 216.9069 01.00324561031094
1 12564U 81061A   99214.97000382 -.00000230 +00000-0 +10000-3 0 05624
2 12564 013.2286 026.3611 0006429 142.9078 217.2038 01.00324560031090
1 12564U 81061A   99224.93734037 -.00000259 +00000-0 +10000-3 0 05623
2 12564 013.2355 026.2651 0007497 144.6771 215.4015 01.00322361031198
1 12564U 81061A   99224.93736053 -.00000259  00000-0  10000-3 0  5612
2 12564 013.2364 026.2667 0008853 197.2094 162.8303 01.00322730 31199
1 12564U 81061A   99225.93417886 -.00000259 +00000-0 +10000-3 0 05635
2 12564 013.2384 026.2557 0007158 157.7002 202.3815 01.00321987031209
1 12564U 81061A   99225.93420782 -.00000259 +00000-0 +10000-3 0 05645
2 12564 013.2362 026.2569 0004920 157.5311 202.5526 01.00321006031206
1 12564U 81061A   99236.89877062 -.00000257  00000-0  10000-3 0  5658
2 12564 013.2467 026.1383 0005157 156.3636 203.7931 01.00319325 31311
1 12564U 81061A   99240.88573286 -.00000264 +00000-0 +10000-3 0 05662
2 12564 013.2474 026.1037 0005229 157.3169 202.7590 01.00318129031352
1 12564U 81061A   99248.86013905 -.00000289 +00000-0 +10000-3 0 05673
2 12564 013.2537 026.0280 0006090 156.9945 203.0749 01.00315712031439
1 12564U 81061A   99252.84742343 -.00000292  00000-0  10000-3 0  5686
2 12564 013.2774 025.9627 0005534 158.1541 201.9013 01.00314091 31477
1 12564U 81061A   99255.83793561 -.00000289 +00000-0 +10000-3 0 05693
2 12564 013.2465 025.9658 0005570 152.6513 207.3693 01.00312829031501
1 12564U 81061A   99266.80353704 -.00000287 +00000-0 +10000-3 0 05703
2 12564 013.2974 025.7883 0006045 156.9568 203.1810 01.00309266031617
1 12564U 81061A   99268.79707855 -.00000290 +00000-0 +10000-3 0 05718
2 12564 013.2844 025.7410 0006146 154.7894 205.2969 01.00308594031632
1 12564U 81061A   99279.76286995 -.00000313 +00000-0 +10000-3 0 05721
2 12564 013.2758 025.7376 0005791 170.1754 189.7495 01.00304872031746
1 12564U 81061A   99280.75964362 -.00000312 +00000-0 +10000-3 0 05744
2 12564 013.3097 025.5467 0005538 160.6057 199.4348 01.00303912031751
1 12564U 81061A   99280.76002285 -.00000312  00000-0  10000-3 0  5731
2 12564 013.2963 025.5694 0005465 167.6679 192.4786 01.00303717 31752
1 12564U 81061A   99281.75650292 -.00000311 +00000-0 +10000-3 0 05759
2 12564 013.2783 025.7159 0005269 173.0396 186.7708 01.00303165031767
1 12564U 81061A   99283.75089930 -.00000308 +00000-0 +10000-3 0 05763
2 12564 013.2818 025.6935 0005240 172.0519 187.9475 01.00302460031785
1 12564U 81061A   99294.71753958 -.00000302  00000-0  10000-3 0  5763
2 12564 013.2866 025.5930 0005687 164.2639 195.7619 01.00298753 31891
1 12564U 81061A   99296.71144991 -.00000305 +00000-0 +10000-3 0 05770
2 12564 013.2883 025.5724 0005100 166.9729 193.0428 01.00298321031913
1 12564U 81061A   99305.68440004 -.00000324  00000-0  10000-3 0  5783
2 12564 013.2882 025.4985 0005416 166.0388 193.9021 01.00294462 32003
1 12564U 81061A   99306.68154055 -.00000324 +00000-0 +10000-3 0 05793
2 12564 013.2637 025.4846 0005103 172.5482 187.4115 01.00293224032015
1 12564U 81061A   99309.67269302 -.00000320 +00000-0 +10000-3 0 05805
2 12564 013.2852 025.4694 0005216 171.8699 188.0870 01.00292113032046
1 12564U 81061A   99319.64340435 -.00000308  00000-0  10000-3 0  5828
2 12564 013.3046 025.3534 0004946 177.0437 182.9586 01.00288674 32146
1 12564U 81061A   99319.64346891 -.00000308  00000-0  10000-3 0  5819
2 12564 013.2922 025.3668 0005456 170.4676 189.5446 01.00288369 32144
1 12564U 81061A   99320.64043528 -.00000308 +00000-0 +10000-3 0 05834
2 12564 013.3047 025.3418 0005380 175.0089 184.9823 01.00288338032156
1 12564U 81061A   99331.60859398 -.00000329 +00000-0 +10000-3 0 05846
2 12564 013.3130 025.2392 0005622 180.9326 179.0166 01.00283553032268
1 12564U 81061A   99334.60007114 -.00000329 +00000-0 +10000-3 0 05862
2 12564 013.3159 025.1961 0005241 178.3204 181.6524 01.00282334032299
1 12564U 81061A   99334.60016779  .00000000  00000-0  10000-3 0  5853
2 12564 013.3148 025.2125 0005523 168.9607 191.0250 01.00277986 32293
1 12564U 81061A   99342.57740267 -.00000316  00000-0  10000-3 0  5877
2 12564 013.3204 025.1347 0005920 185.4984 174.4589 01.00278837 32379
1 12564U 81061A   99344.57184793 -.00000314 +00000-0 +10000-3 0 05884
2 12564 013.3218 025.1195 0003081 205.6233 154.3150 01.00277907032393
1 12564U 81061A   99345.56915687 -.00000313 +00000-0 +10000-3 0 05898
2 12564 013.3225 025.1091 0003448 198.9520 161.0337 01.00277466032400
1 12564U 81061A   99346.56634906 -.00000312  00000-0  10000-3 0  5913
2 12564 013.3230 025.0993 0004369 179.8327 180.1682 01.00277049 32415
1 12564U 81061A   99346.56634563 -.00000312 +00000-0 +10000-3 0 05923
2 12564 013.3216 025.1077 0005196 179.7755 180.2259 01.00277048032416
1 12564U 81061A   99346.56635664 -.00000312 +00000-0 +10000-3 0 05904
2 12564 013.3230 025.0988 0003923 187.8835 172.1126 01.00277039032410
1 12564U 81061A   99353.54683422 -.00000318 +00000-0 +10000-3 0 05934
2 12564 013.3263 025.0408 0005176 181.2654 178.7279 01.00274096032480
1 12564U 81061A   00001.51119441 -.00000324  00000-0  10000-3 0  5946
2 12564 013.3735 024.9439 0002767 184.8469 175.1035 01.00268612 32615
1 12564U 81061A   00001.51134497 -.00000324 +00000-0 +10000-3 0 05955
2 12564 013.3579 024.9508 0003149 184.9154 175.0636 01.00268401032617
1 12564U 81061A   00003.50597721 -.00000320  00000-0  10000-3 0  5977
2 12564 013.3521 024.9155 0004233 182.6172 177.3937 01.00267563 32631
1 12564U 81061A   00003.50601079 -.00000320  00000-0  10000-3 0  5968
2 12564 013.3524 024.9192 0004171 179.5155 180.5104 01.00267588 32631
1 12564U 81061A   00004.50328598 -.00000318 +00000-0 +10000-3 0 05980
2 12564 013.3527 024.9059 0004233 182.6449 177.3707 01.00267146032640
1 12564U 81061A   00011.48454389 -.00000312 +00000-0 +10000-3 0 05998
2 12564 013.3574 024.8389 0004233 182.8385 177.2026 01.00264235032715
1 12564U 81061A   00017.46855631 -.00000320  00000-0  10000-3 0  5996
2 12564 013.3614 024.7814 0004233 183.0043 177.0283 01.00261754 32778
1 12564U 81061A   00027.44227405 -.00000323  00000-0  10000-3 0  6003
2 12564 013.3842 024.5219 0003792 186.9764 173.1702 01.00257257 32876
1 12564U 81061A   00028.43934530 -.00000320 +00000-0 +10000-3 0 06015
2 12564 013.3552 024.6569 0004053 197.9778 161.8968 01.00256368032882
1 12564U 81061A   00029.43715664 -.00000318 +00000-0 +10000-3 0 06029
2 12564 013.3296 024.7495 0002748 209.7747 150.1434 01.00256154032896
1 12564U 81061A   00030.43475860 -.00000316 +00000-0 +10000-3 0 06042
2 12564 013.3657 024.6666 0004612 181.3746 178.7282 01.00256276032906
1 12564U 81061A   00030.43485163 -.00000316 +00000-0 +10000-3 0 06038
2 12564 013.3320 024.7064 0002874 204.9011 155.1555 01.00255775032906
1 12564U 81061A   00037.41657299 -.00000305 +00000-0 +10000-3 0 06054
2 12564 013.3320 024.7116 0003506 191.1450 168.7630 01.00253050032976
1 12564U 81061A   00041.40673200 -.00000305  00000-0  10000-3 0  6069
2 12564 013.3229 024.6256 0003171 197.9554 162.1288 01.00251464 33015
1 12564U 81061A   00042.40405479 -.00000306 +00000-0 +10000-3 0 06073
2 12564 013.3208 024.6184 0004563 178.9345 181.0893 01.00250371033024
1 12564U 81061A   00050.38394008 -.00000317 +00000-0 +10000-3 0 06087
2 12564 013.3270 024.5258 0004912 176.6045 183.4379 01.00247019033103
1 12564U 81061A   00052.37892401 -.00000315 +00000-0 +10000-3 0 06097
2 12564 013.3322 024.4748 0004754 177.6209 182.4411 01.00246215033126
1 12564U 81061A   00059.36146386 -.00000298 +00000-0 +10000-3 0 06109
2 12564 013.3990 024.3261 0003243 187.9524 172.1958 01.00244365033195
1 12564U 81061A   00061.35617642 -.00000293 +00000-0 +10000-3 0 06115
2 12564 013.3754 024.3427 0001509 095.2521 264.6955 01.00243373033213
1 12564U 81061A   00061.35644988 -.00000293 +00000-0 +10000-3 0 06129
2 12564 013.3585 024.3949 0002826 203.3273 156.7104 01.00243565033213
1 12564U 81061A   00070.33428983 -.00000286  00000-0  10000-3 0  6135
2 12564 013.3642 024.3071 0002824 203.2687 156.7385 01.00240333 33300
1 12564U 81061A   00071.33182820 -.00000288 +00000-0 +10000-3 0 06146
2 12564 013.3667 024.2991 0003045 196.2312 163.7565 01.00239919033316
1 12564U 81061A   00072.32942362 -.00000289  00000-0  10000-3 0  6153
2 12564 013.3740 024.2690 0002615 202.1579 157.8484 01.00239527 33328
1 12564U 81061A   00072.32943414 -.00000289 +00000-0 +10000-3 0 06163
2 12564 013.3684 024.2840 0002983 197.6398 162.3605 01.00239534033321
1 12564U 81061A   00081.30762683 -.00000288 +00000-0 +10000-3 0 06167
2 12564 013.3802 024.1854 0002917 193.4324 166.5298 01.00236378033414
1 12564U 81061A   00082.30526092 -.00000285 +00000-0 +10000-3 0 06178
2 12564 013.3814 024.1766 0003102 189.5075 170.4597 01.00236016033421
1 12564U 81061A   00084.30049377 -.00000279 +00000-0 +10000-3 0 06180
2 12564 013.3828 024.1540 0003109 193.0793 166.8903 01.00235319033447
1 12564U 81061A   00085.29810833 -.00000276 +00000-0 +10000-3 0 06190
2 12564 013.3836 024.1418 0003114 194.3420 165.6277 01.00234979033450
1 12564U 81061A   00087.29335532 -.00000270 +00000-0 +10000-3 0 06206
2 12564 013.3849 024.1222 0003123 194.6170 165.3542 01.00234326033472
1 12564U 81061A   00089.28862248 -.00000265 +00000-0 +10000-3 0 06211
2 12564 013.3862 024.1025 0003120 194.8398 165.1359 01.00233685033492
1 12564U 81061A   00095.27444708 -.00000255 +00000-0 +10000-3 0 06202
2 12564 013.3901 024.0447 0003119 195.4350 164.5339 01.00231811033553
1 12564U 81061A   00106.24869913 -.00000258 +00000-0 +10000-3 0 06226
2 12564 013.4053 023.9234 0003114 204.2126 155.7048 01.00228270033665
1 12564U 81061A   00106.24875181 -.00000258  00000-0  10000-3 0  6231
2 12564 013.4097 023.9237 0002042 193.6151 166.2987 01.00227914 33667
1 12564U 81061A   00107.24651950 -.00000256 +00000-0 +10000-3 0 06247
2 12564 013.4097 023.9155 0002254 192.7910 167.1493 01.00227647033670
1 12564U 81061A   00108.24420601 -.00000253 +00000-0 +10000-3 0 06253
2 12564 013.4096 023.9094 0002288 192.9483 166.9864 01.00227297033686
1 12564U 81061A   00108.24421468 -.00000253 +00000-0 +10000-3 0 06266
2 12564 013.4093 023.9100 0002318 193.1631 166.7744 01.00227298033689
1 12564U 81061A   00109.24179606  .00000000  00000-0  10000-3 0  6248
2 12564 013.4191 023.8903 0002634 232.3650 127.5554 01.00223339 33693
1 12564U 81061A   00109.24190312 -.00000250 +00000-0 +10000-3 0 06276
2 12564 013.4092 023.9016 0002253 192.7202 167.2129 01.00227026033694
1 12564U 81061A   00112.23500757 -.00000240  00000-0  10000-3 0  6254
2 12564 013.4115 023.8729 0002328 195.0039 164.9308 01.00226134 33723
1 12564U 81061A   00113.23271195 -.00000237 +00000-0 +10000-3 0 06263
2 12564 013.4066 023.8725 0003381 202.4822 157.4752 01.00226464033734
1 12564U 81061A   00120.21665161 -.00000218 +00000-0 +10000-3 0 06279
2 12564 013.4112 023.8066 0003406 202.6183 157.3209 01.00224713033803
1 12564U 81061A   00130.19394214 -.00000217  00000-0  10000-3 0  6285
2 12564 013.4229 023.7023 0001989 197.1121 162.8055 01.00222418 33909
1 12564U 81061A   00131.19177035  .00000000  00000-0  10000-3 0  6296
2 12564 013.4328 023.6936 0002607 232.9413 126.9823 01.00217979 33912
1 12564U 81061A   00132.18948644 -.00000216  00000-0  10000-3 0  6300
2 12564 013.4244 023.6874 0001407 184.6321 175.2577 01.00221684 33920
1 12564U 81061A   00141.16946562 -.00000190 +00000-0 +10000-3 0 06317
2 12564 013.4290 023.6059 0003970 151.7908 208.1280 01.00219916034012
1 12564U 81061A   00141.16959313 -.00000190 +00000-0 +10000-3 0 06326
2 12564 013.4288 023.6091 0004008 151.5741 208.3850 01.00219785034010
1 12564U 81061A   00143.16517876 -.00000183 +00000-0 +10000-3 0 06324
2 12564 013.4306 023.5847 0001314 168.4309 191.5883 01.00219864034032
1 12564U 81061A   00147.15613227 -.00000172 +00000-0 +10000-3 0 06333
2 12564 013.4330 023.5473 0001314 168.5416 191.4287 01.00219244034077
1 12564U 81061A   00155.13837315 -.00000166 +00000-0 +10000-3 0 06339
2 12564 013.4375 023.4731 0001652 172.9507 187.0059 01.00218105034159
1 12564U 81061A   00156.13619682 -.00000167 +00000-0 +10000-3 0 06347
2 12564 013.4381 023.4638 0001652 172.9783 186.9914 01.00217988034165
1 12564U 81061A   00161.12516222 -.00000165 +00000-0 +10000-3 0 06346
2 12564 013.4426 023.4280 0001756 176.6004 183.3243 01.00217113034212
1 12564U 81061A   00172.10119159 -.00000128 +00000-0 +10000-3 0 06354
2 12564 013.4492 023.3254 0001756 176.9034 183.0996 01.00216285034324
1 12564U 81061A   00173.09902414 -.00000125 +00000-0 +10000-3 0 06376
2 12564 013.4493 023.3161 0001910 171.8469 188.1628 01.00216228034336
1 12564U 81061A   00174.09683945 -.00000122 +00000-0 +10000-3 0 06391
2 12564 013.4495 023.3059 0001873 168.9674 191.0491 01.00216197034344
1 12564U 81061A   00174.09683295 -.00000122 +00000-0 +10000-3 0 06401
2 12564 013.4493 023.3055 0001877 168.6364 191.3777 01.00216195034343
1 12564U 81061A   00177.09026153 -.00000116  00000-0  10000-3 0  6366
2 12564 013.4511 023.2776 0001877 168.7193 191.2982 01.00216073 34379
1 12564U 81061A   00180.08367866 -.00000114 +00000-0 +10000-3 0 06377
2 12564 013.4527 023.2495 0001912 167.9323 192.0826 01.00215983034409
1 12564U 81061A   00191.05959499 -.00000107  00000-0  10000-3 0  6377
2 12564 013.4580 023.1435 0004448 146.8245 213.1702 01.00215869 34510
1 12564U 81061A   00193.05536079 -.00000100  00000-0  10000-3 0  6388
2 12564 013.4591 023.1252 0003763 142.7510 217.2887 01.00215744 34531
1 12564U 81061A   00199.04230947 -.00000079  00000-0  10000-3 0  6394
2 12564 013.4629 023.0689 0005275 151.2750 208.7982 01.00216165 34592
1 12564U 81061A   00209.02036531 -.00000064 +00000-0 +10000-3 0 06414
2 12564 013.4686 022.9774 0005036 155.0507 205.0250 01.00216832034695
1 12564U 81061A   00209.02037154 -.00000064 +00000-0 +10000-3 0 06427
2 12564 013.4686 022.9772 0005137 154.9460 205.1310 01.00216831034698
1 12564U 81061A   00209.02048507  .00000000  00000-0  10000-3 0  6408
2 12564 013.4682 022.9812 0004380 150.3898 209.6919 01.00212336 34693
1 12564U 81061A   00211.01598442 -.00000065 +00000-0 +10000-3 0 06433
2 12564 013.4687 022.9627 0007927 189.4764 170.5552 01.00217411034718
1 12564U 81061A   00211.01601092 -.00000065  00000-0  10000-3 0  6440
2 12564 013.4694 022.9596 0003504 156.4725 203.6088 01.00216842 34718
1 12564U 81061A   00215.00717880 -.00000066 +00000-0 +10000-3 0 06458
2 12564 013.4717 022.9229 0003600 155.3338 204.7362 01.00217243034759
1 12564U 81061A   00216.00498049 -.00000064  00000-0  10000-3 0  6450
2 12564 013.4723 022.9139 0003726 153.5948 206.4727 01.00217336 34760
1 12564U 81061A   00217.00278571 -.00000062 +00000-0 +10000-3 0 06466
2 12564 013.4729 022.9047 0003758 152.9829 207.0869 01.00217446034777
1 12564U 81061A   00221.99173963 -.00000046  00000-0  10000-3 0  6460
2 12564 013.4758 022.8588 0003920 152.6789 207.3873 01.00218068 34826
1 12564U 81061A   00225.98293398 -.00000033 +00000-0 +10000-3 0 06475
2 12564 013.4780 022.8219 0003938 152.8441 207.2421 01.00218641034867
1 12564U 81061A   00227.97851108 -.00000027 +00000-0 +10000-3 0 06478
2 12564 013.4792 022.8035 0003938 152.8995 207.1927 01.00218947034881
1 12564U 81061A   00237.95617893 -.00000019 +00000-0 +10000-3 0 06480
2 12564 013.4847 022.7116 0003528 154.6529 205.4238 01.00220658034988
1 12564U 81061A   00238.95393739 -.00000019 +00000-0 +10000-3 0 06504
2 12564 013.4853 022.7023 0003073 155.5939 204.4796 01.00220824034996
1 12564U 81061A   00238.95393926 -.00000019 +00000-0 +10000-3 0 06502
2 12564 013.4853 022.7023 0003013 154.3394 205.7356 01.00220825034999
1 12564U 81061A   00239.95169703 -.00000021 +00000-0 +10000-3 0 06511
2 12564 013.4858 022.6932 0003098 155.6696 204.4036 01.00221018035003
1 12564U 81061A   00240.94945267 -.00000021 +00000-0 +10000-3 0 06508
2 12564 013.4864 022.6842 0002488 141.6609 218.4165 01.00221192035013
1 12564U 81061A   00246.93589454 -.00000010  00000-0  10000-3 0  6514
2 12564 013.4897 022.6296 0002673 147.5654 212.4824 01.00222400 35078
1 12564U 81061A   00247.93365330 -.00000007 +00000-0 +10000-3 0 06527
2 12564 013.4902 022.6207 0002851 150.0091 210.0418 01.00222618035084
1 12564U 81061A   00251.92462783  .00000006  00000-0  10000-3 0  6529
2 12564 013.4924 022.5845 0003296 154.9044 205.1492 01.00223522 35127
1 12564U 81061A   00261.90182931  .00000026  00000-0  10000-3 0  6535
2 12564 013.4979 022.4932 0003408 157.7344 202.3083 01.00225942 35226
1 12564U 81061A   00263.89724859 +.00000024 +00000-0 +10000-3 0 06556
2 12564 013.4990 022.4751 0003552 159.4460 200.5990 01.00226475035247
1 12564U 81061A   00265.89264123  .00000021  00000-0  10000-3 0  6547
2 12564 013.5001 022.4567 0003552 159.5012 200.5402 01.00227009 35264
1 12564U 81061A   00273.87406758 +.00000026 +00000-0 +10000-3 0 06552
2 12564 013.5045 022.3837 0003660 161.1039 198.9071 01.00229234035342
1 12564U 81061A   00278.86242331  .00000040  00000-0  10000-3 0  6568
2 12564 013.5073 022.3381 0003833 164.2581 195.7556 01.00230717 35391
1 12564U 81061A   00279.86008893 +.00000043 +00000-0 +10000-3 0 06576
2 12564 013.5080 022.3291 0003822 163.9582 196.0580 01.00231023035408
1 12564U 81061A   00281.85541029 +.00000048 +00000-0 +10000-3 0 06576
2 12564 013.5091 022.3111 0003807 163.8584 196.1608 01.00231629035421
1 12564U 81061A   00291.83172660 +.00000056 +00000-0 +10000-3 0 06586
2 12564 013.5145 022.2199 0003833 165.2479 194.7483 01.00234780035521
1 12564U 81061A   00296.81978326  .00000050  00000-0  10000-3 0  6597
2 12564 013.5173 022.1746 0003891 166.5785 193.4101 01.00236414 35571
1 12564U 81061A   00305.79806317  .00000066  00000-0  10000-3 0  6604
2 12564 013.5227 022.0919 0005015 178.7570 181.2121 01.00239504 35669
1 12564U 81061A   00308.79079864  .00000074  00000-0  10000-3 0  6616
2 12564 013.5239 022.0660 0003985 168.7702 191.2177 01.00240555 35698
1 12564U 81061A   00310.78592688 +.00000078 +00000-0 +10000-3 0 06627
2 12564 013.5250 022.0481 0004171 169.3039 190.6885 01.00241277035714
1 12564U 81061A   00312.78102612 +.00000081 +00000-0 +10000-3 0 06627
2 12564 013.5264 022.0288 0004676 173.0663 186.9267 01.00242019035738
1 12564U 81061A   00321.75878916  .00000074  00000-0  10000-3 0  6634
2 12564 013.5310 021.9473 0004714 175.5627 184.4116 01.00245280 35823
1 12564U 81061A   00331.73375825 +.00000079 +00000-0 +10000-3 0 06640
2 12564 013.5366 021.8588 0004131 174.0949 185.8631 01.00248994035927
1 12564U 81061A   00332.73128177 +.00000082 +00000-0 +10000-3 0 06652
2 12564 013.5375 021.8501 0004161 175.2182 184.7520 01.00249365035936
1 12564U 81061A   00333.72877814  .00000084  00000-0  10000-3 0  6653
2 12564 013.5391 021.8415 0004240 176.8015 183.1735 01.00249743 35940
1 12564U 81061A   00334.72626738 +.00000086 +00000-0 +10000-3 0 06664
2 12564 013.5400 021.8328 0004642 185.3540 174.6192 01.00250125035957
1 12564U 81061A   00343.70336535 +.00000096 +00000-0 +10000-3 0 06677
2 12564 013.5485 021.7539 0004106 195.9147 164.0651 01.00253633036049
1 12564U 81061A   00344.70079179 +.00000095 +00000-0 +10000-3 0 06686
2 12564 013.5494 021.7451 0004086 195.3378 164.6404 01.00254024036057
1 12564U 81061A   00353.67751465 +.00000079 +00000-0 +10000-3 0 06689
2 12564 013.5537 021.6650 0004120 193.0248 166.9548 01.00257544036149
1 12564U 81061A   00365.64606903 +.00000097 +00000-0 +10000-3 0 06696
2 12564 013.5602 021.5582 0003902 203.3516 156.6711 01.00262427036262
1 12564U 81061A   00366.64338003 +.00000099 +00000-0 +10000-3 0 06704
2 12564 013.5611 021.5491 0003790 205.3383 154.6740 01.00262842036272
1 12564U 81061A   01011.61384417  .00000000  00000-0  10000-3 0  6701
2 12564 013.5674 021.4606 0005886 184.2730 175.7606 01.00263785 36381
1 12564U 81061A   01011.61391352 +.00000084 +00000-0 +10000-3 0 06710
2 12564 013.5667 021.4501 0003738 206.7382 153.2776 01.00267287036384
1 12564U 81061A   01021.58668334  .00000087  00000-0  10000-3 0  6728
2 12564 013.5719 021.3604 0003786 209.3297 150.6902 01.00271393 36488
1 12564U 81061A   01022.58392524 +.00000088 +00000-0 +10000-3 0 06736
2 12564 013.5725 021.3514 0003804 210.5759 149.4424 01.00271816036499
1 12564U 81061A   01031.55905715  .00000097  00000-0  10000-3 0  6735
2 12564 013.5777 021.2725 0004275 201.9233 158.1175 01.00275550 36582
1 12564U 81061A   01041.53095719  .00000075  00000-0  10000-3 0  6745
2 12564 013.5828 021.1832 0004258 202.3925 157.6261 01.00279604 36686
1 12564U 81061A   01042.52810748 +.00000075 +00000-0 +10000-3 0 06764
2 12564 013.5832 021.1769 0004239 206.9077 153.0997 01.00280014036691
1 12564U 81061A   01042.52812101 +.00000075 +00000-0 +10000-3 0 06758
2 12564 013.5830 021.1754 0004362 203.8669 156.1514 01.00280027036696
1 12564U 81061A   01043.52527735 +.00000075 +00000-0 +10000-3 0 06777
2 12564 013.5836 021.1680 0004235 206.6908 153.3182 01.00280429036704
1 12564U 81061A   01044.52242970  .00000075  00000-0  10000-3 0  6751
2 12564 013.5841 021.1590 0004235 206.7176 153.2866 01.00280832 36715
1 12564U 81061A   01047.51389760 +.00000078 +00000-0 +10000-3 0 06766
2 12564 013.5856 021.1335 0004117 207.1973 152.8033 01.00282051036746
1 12564U 81061A   01048.51105920 +.00000079 +00000-0 +10000-3 0 06773
2 12564 013.5861 021.1255 0004049 208.6732 151.3291 01.00282450036750
1 12564U 81061A   01049.50821794 +.00000081 +00000-0 +10000-3 0 06781
2 12564 013.5865 021.1174 0004013 209.4730 150.5324 01.00282850036765
1 12564U 81061A   01050.50537170  .00000082  00000-0  10000-3 0  6775
2 12564 013.5870 021.1092 0003997 209.8316 150.1770 01.00283252 36773
1 12564U 81061A   01061.47364076 +.00000085 +00000-0 +10000-3 0 06780
2 12564 013.5924 021.0151 0004099 212.6859 147.3142 01.00287667036883
1 12564U 81061A   01063.46781328 +.00000080 +00000-0 +10000-3 0 06790
2 12564 013.5934 020.9978 0004145 210.8429 149.1565 01.00288471036900
1 12564U 81061A   01065.46197142 +.00000074 +00000-0 +10000-3 0 06790
2 12564 013.5943 020.9809 0004123 211.2254 148.7693 01.00289261036927
1 12564U 81061A   01074.43544506 +.00000067 +00000-0 +10000-3 0 06801
2 12564 013.5992 020.9073 0003619 214.7813 145.1740 01.00292801037011
1 12564U 81061A   01083.40873580 +.00000078 +00000-0 +10000-3 0 06818
2 12564 013.6041 020.8277 0003029 232.8602 127.1205 01.00296381037107
1 12564U 81061A   01085.40269266 +.00000078 +00000-0 +10000-3 0 06821
2 12564 013.6050 020.8078 0002862 236.0342 123.9453 01.00297227037128
1 12564U 81061A   01096.36935910  .00000053  00000-0  10000-3 0  6838
2 12564 013.6105 020.7097 0002545 241.4678 118.4694 01.00301349 37238
1 12564U 81061A   01107.33568999 +.00000057 +00000-0 +10000-3 0 06842
2 12564 013.6158 020.6121 0002100 254.0797 105.8636 01.00305392037342
1 12564U 81061A   01108.33259330 +.00000058 +00000-0 +10000-3 0 06851
2 12564 013.6163 020.6033 0002093 254.6498 105.2884 01.00305745037357
1 12564U 81061A   01108.33259307 +.00000058 +00000-0 +10000-3 0 06866
2 12564 013.6164 020.6035 0002060 256.0410 103.8973 01.00305749037351
1 12564U 81061A   01108.33267010  .00000000  00000-0  10000-3 0  6852
2 12564 013.6166 020.6022 0000730 289.3682 070.5885 01.00301862 37355
1 12564U 81061A   01109.32950804 +.00000059 +00000-0 +10000-3 0 06878
2 12564 013.6170 020.5948 0001970 258.2198 101.7197 01.00306108037362
1 12564U 81061A   01110.32641620 +.00000059 +00000-0 +10000-3 0 0687
2 12564 013.6174 020.5865 0002227 251.9771 107.9647 01.0030646003737
1 12564U 81061A   01110.32641620 +.00000059 +00000-0 +10000-3 0 06862
2 12564 013.6174 020.5865 0002227 251.9771 107.9647 01.00306460037377
1 12564U 81061A   01121.29217096 +.00000037 +00000-0 +10000-3 0 0688
2 12564 013.6226 020.4901 0002082 253.4490 106.4810 01.0031020903748
1 12564U 81061A   01123.28588668 +.00000031 +00000-0 +10000-3 0 0691
2 12564 013.6234 020.4735 0001922 254.7018 105.2215 01.0031088203750
1 12564U 81061A   01133.25437720 +.00000029 +00000-0 +10000-3 0 0689
2 12564 013.6283 020.3861 0002070 256.1753 103.7512 01.0031406103760
1 12564U 81061A   01134.25121959 +.00000030 +00000-0 +10000-3 0 0690
2 12564 013.6288 020.3776 0002022 257.4129 102.5179 01.0031437103761
1 12564U 81061A   01134.25121927 +.00000030 +00000-0 +10000-3 0 0691
2 12564 013.6288 020.3780 0002122 254.8315 105.1013 01.0031437503761
1 12564U 81061A   01135.24804834 +.00000030 +00000-0 +10000-3 0 0692
2 12564 013.6293 020.3694 0002068 254.1245 105.8091 01.0031468203762
1 12564U 81061A   01136.24487930 +.00000031 +00000-0 +10000-3 0 0691
2 12564 013.6298 020.3608 0002016 254.9326 105.0032 01.0031498603763
1 12564U 81061A   01136.24487965  .00000031  00000-0  10000-3 0  6906
2 12564 013.6298 020.3608 0002027 254.7397 105.1964 01.00314986 37633
1 12564U 81061A   01140.23215362 +.00000031 +00000-0 +10000-3 0 0691
2 12564 013.6316 020.3258 0001993 255.1076 104.8290 01.0031617003767
1 12564U 81061A   01150.20015889 -.00000000 +00000-0 +10000-3 0 0692
2 12564 013.6372 020.2365 0000700 244.4441 115.4959 01.0031900003777
1 12564U 81061A   01150.20021132 -.00000000 +00000-0 +10000-3 0 0694
2 12564 013.6371 020.2370 0000759 245.6779 114.2802 01.0031899603777
1 12564U 81061A   01153.19052988 -.00000006 +00000-0 +10000-3 0 0693
2 12564 013.6383 020.2108 0000578 245.4276 114.5202 01.0031978403780
1 12564U 81061A   01153.19054051 -.00000006 +00000-0 +10000-3 0 0694
2 12564 013.6383 020.2108 0000582 246.0168 113.9347 01.0031978303780
1 12564U 81061A   01154.18731208 -.00000007 +00000-0 +10000-3 0 0695
2 12564 013.6392 020.2022 0000159 240.3085 119.6366 01.0032003603781
1 12564U 81061A   01154.18743197  .00000000  00000-0  10000-3 0  6941
2 12564 013.6390 020.2118 0001187 147.3802 212.5869 01.00315816 37815
1 12564U 81061A   01164.15505851 -.00000008 +00000-0 +10000-3 0 0696
2 12564 013.6441 020.1165 0000103 073.7916 286.2000 01.0032248303791
1 12564U 81061A   01164.15506449 -.00000008 +00000-0 +10000-3 0 0697
2 12564 013.6441 020.1166 0000127 082.1382 277.8563 01.0032248803791
1 12564U 81061A   01165.15181605 -.00000008 +00000-0 +10000-3 0 0697
2 12564 013.6461 020.0903 0000332 072.1718 287.8432 01.0032273203792
1 12564U 81061A   01168.14200411 -.00000010 +00000-0 +10000-3 0 0698
2 12564 013.6475 020.0644 0000402 068.2428 291.7569 01.0032340203795
1 12564U 81061A   01169.13874506 -.00000012 +00000-0 +10000-3 0 0699
2 12564 013.6479 020.0565 0000461 067.6581 292.3420 01.0032362203796
1 12564U 81061A   01174.12242419 -.00000030 +00000-0 +10000-3 0 0700
2 12564 013.6488 020.0345 0000547 045.4862 314.5101 01.0032474903801
1 12564U 81061A   01174.12244821 -.00000030 +00000-0 +10000-3 0 0699
2 12564 013.6502 020.0135 0000380 010.7003 349.3175 01.0032466203801
1 12564U 81061A   01178.10936630 -.00000046 +00000-0 +10000-3 0 0701
2 12564 013.6507 019.9995 0000525 042.8972 317.1155 01.0032550703805
1 12564U 81061A   01183.09293418 -.00000055 +00000-0 +10000-3 0 0702
2 12564 013.6529 019.9556 0000533 068.4642 291.5393 01.0032637103810
1 12564U 81061A   01194.05678301 -.00000058 +00000-0 +10000-3 0 0703
2 12564 013.6579 019.8593 0000524 062.6202 297.4259 01.0032800703821
1 12564U 81061A   01195.05347512 -.00000059 +00000-0 +10000-3 0 0704
2 12564 013.6584 019.8510 0000654 069.1528 290.8949 01.0032815103822
1 12564U 81061A   01196.05016648 -.00000061 +00000-0 +10000-3 0 0705
2 12564 013.6588 019.8422 0000644 063.8749 296.1735 01.0032828003823
1 12564U 81061A   01205.02037697 -.00000095  00000-0  10000-3 0  7049
2 12564 013.6629 019.7641 0000654 071.2732 288.7814 01.00329231 38327
1 12564U 81061A   01206.01705794 -.00000099 +00000-0 +10000-3 0 0705
2 12564 013.6633 019.7558 0000607 069.6916 290.3608 01.0032931303833
1 12564U 81061A   01206.01706094 -.00000099 +00000-0 +10000-3 0 0706
2 12564 013.6632 019.7558 0000590 069.3424 290.7101 01.0032930903833
1 12564U 81061A   01207.01373478 -.00000102 +00000-0 +10000-3 0 0707
2 12564 013.6637 019.7472 0000617 080.0217 280.0255 01.0032938803834
1 12564U 81061A   01207.01377500  .00000000  00000-0  10000-3 0  7056
2 12564 013.6692 019.7382 0001373 136.1650 223.8930 01.00325355 38342
1 12564U 81061A   01216.98057293 -.00000111 +00000-0 +10000-3 0 0705
2 12564 013.6682 019.6607 0000651 085.4170 274.6526 01.0033003103844
1 12564U 81061A   01217.97725134 -.00000111 +00000-0 +10000-3 0 0706
2 12564 013.6687 019.6520 0000701 087.7545 272.3172 01.0033007703845
1 12564U 81061A   01218.97392773 -.00000111 +00000-0 +10000-3 0 0707
2 12564 013.6692 019.6437 0000890 106.8466 253.2213 01.0033010903846
1 12564U 81061A   01219.97061934 -.00000111 +00000-0 +10000-3 0 0706
2 12564 013.6697 019.6352 0000944 109.9203 250.1525 01.0033014203847
1 12564U 81061A   01229.93735743 -.00000139 +00000-0 +10000-3 0 0707
2 12564 013.6741 019.5495 0000987 102.7281 257.3440 01.0033025303857
1 12564U 81061A   01229.93736974 -.00000139 +00000-0 +10000-3 0 0708
2 12564 013.6741 019.5497 0001001 103.5034 256.5726 01.0033025303857
1 12564U 81061A   01230.93404243 -.00000144 +00000-0 +10000-3 0 0710
2 12564 013.6745 019.5409 0001021 104.5038 255.5711 01.0033024103858
1 12564U 81061A   01231.93070980 -.00000148 +00000-0 +10000-3 0 0711
2 12564 013.6750 019.5322 0000981 102.6939 257.3779 01.0033022303859
1 12564U 81061A   01231.93071178 -.00000148 +00000-0 +10000-3 0 0712
2 12564 013.6750 019.5315 0001021 104.0505 256.0214 01.0033022003859
1 12564U 81061A   01242.89410892 -.00000164 +00000-0 +10000-3 0 0713
2 12564 013.6798 019.4369 0001192 111.7283 248.3297 01.0032981703870
1 12564U 81061A   01244.88748998 -.00000164 +00000-0 +10000-3 0 0709
2 12564 013.6807 019.4199 0001216 112.2329 247.8332 01.0032969203872
1 12564U 81061A   01254.85428616 -.00000179 +00000-0 +10000-3 0 0709
2 12564 013.6850 019.3333 0001363 128.0800 231.9652 01.0032879003882
1 12564U 81061A   01254.85431423 -.00000179 +00000-0 +10000-3 0 0710
2 12564 013.6850 019.3333 0001376 128.6110 231.4449 01.0032879303882
1 12564U 81061A   01264.82115316 -.00000209 +00000-0 +10000-3 0 0710
2 12564 013.6913 019.2416 0004546 148.4655 211.5183 01.0032693303892
1 12564U 81061A   01265.81800492 -.00000211 +00000-0 +10000-3 0 0711
2 12564 013.6903 019.2422 0005314 096.8889 263.1822 01.0032679403893
1 12564U 81061A   01265.81799955 -.00000211 +00000-0 +10000-3 0 0712
2 12564 013.6905 019.2441 0005413 091.0989 268.9703 01.0032674603893
1 12564U 81061A   01274.78845645 -.00000209 +00000-0 +10000-3 0 0713
2 12564 013.6940 019.1605 0002654 170.1517 189.9142 01.0032592603902
1 12564U 81061A   01285.75228491 -.00000235 +00000-0 +10000-3 0 0714
2 12564 013.6991 019.0663 0002574 179.9500 180.0346 01.0032365503913
1 12564U 81061A   01286.74906356 -.00000239 +00000-0 +10000-3 0 0715
2 12564 013.6995 019.0579 0002655 180.9433 179.0514 01.0032342803914
1 12564U 81061A   01291.73273590 -.00000249 +00000-0 +10000-3 0 0715
2 12564 013.7033 019.0156 0002563 154.2649 205.6873 01.0032201603919
1 12564U 81061A   01293.72634302 -.00000250 +00000-0 +10000-3 0 0716
2 12564 013.7048 019.0014 0001995 180.2451 179.7190 01.0032127703921
1 12564U 81061A   01311.66852728 -.00000263 +00000-0 +10000-3 0 0717
2 12564 013.7130 018.8495 0002409 155.7560 204.2410 01.0031666003939
1 12564U 81061A   01312.66533067 -.00000266 +00000-0 +10000-3 0 0718
2 12564 013.7115 018.8356 0002109 163.0414 196.9789 01.0031661503940
1 12564U 81061A   01316.65246350 -.00000277 +00000-0 +10000-3 0 0719
2 12564 013.7142 018.8081 0003191 207.2606 152.6646 01.0031535703944
1 12564U 81061A   01326.77105832 -.00000277 +00000-0 +10000-3 0 0720
2 12564 013.7186 018.7178 0001958 226.0333 188.1168 01.0031188803954
1 12564U 81061A   01329.61160566 -.00000274 +00000-0 +10000-3 0 0721
2 12564 013.7197 018.6960 0002111 219.6093 140.3492 01.0031086303957
1 12564U 81061A   01340.57739542 -.00000293 +00000-0 +10000-3 0 0723
2 12564 013.7231 018.5988 0002130 206.0060 153.9971 01.0030728803968
1 12564U 81061A   01340.57746130  .00000000  00000-0  10000-3 0  7223
2 12564 013.7253 018.6081 0002354 218.0648 141.9186 01.00302947 39691
1 12564U 81061A   01343.56804299 -.00000301 +00000-0 +10000-3 0 0724
2 12564 013.7272 018.5857 0002436 220.3484 139.5749 01.0030577203971
1 12564U 81061A   01350.54669028 -.00000304 +00000-0 +10000-3 0 0725
2 12564 013.7301 018.5263 0002296 193.4737 166.4814 01.0030282703978
1 12564U 81061A   01361.51346629 -.00000295 +00000-0 +10000-3 0 0726
2 12564 013.7346 018.4325 0001825 215.6033 144.3988 01.0029867103989
1 12564U 81061A   01363.50746500 -.00000299 +00000-0 +10000-3 0 0727
2 12564 013.7354 018.4154 0001904 226.3246 133.6994 01.0029818103991
1 12564U 81061A   02010.47158017 -.00000323 +00000-0 +10000-3 0 0728
2 12564 013.7405 018.3150 0001771 227.1406 132.8366 01.0029329204003
1 12564U 81061A   02014.45988428 -.00000319 +00000-0 +10000-3 0 0729
2 12564 013.7414 018.2856 0001372 283.1252 076.8515 01.0029112604007
1 12564U 81061A   02036.39632049 -.00000333 +00000-0 +10000-3 0 0730
2 12564 013.7505 018.0994 0002397 249.6742 110.3554 01.0028222904029
1 12564U 81061A   02037.39338803 -.00000333 +00000-0 +10000-3 0 0731
2 12564 013.7524 018.0872 0001631 254.8058 105.2335 01.0028230704030
1 12564U 81061A   02047.36503753 -.00000319 +00000-0 +10000-3 0 0732
2 12564 013.7551 018.0058 0001680 265.0592 094.8975 01.0027770404040
1 12564U 81061A   02049.35949669 -.00000316 +00000-0 +10000-3 0 0734
2 12564 013.7567 017.9861 0001815 226.4012 133.6074 01.0027715404042
1 12564U 81061A   02049.35959489 -.00000316 +00000-0 +10000-3 0 0733
2 12564 013.7564 017.9855 0002172 215.9271 144.1264 01.0027716804042
1 12564U 81061A   02059.33170795  .00000000  00000-0  10000-3 0  7357
2 12564 013.7595 017.9085 0004307 233.1958 126.7935 01.00268832 40529
1 12564U 81061A   02059.33172183 -.00000331 +00000-0 +10000-3 0 0736
2 12564 013.7600 017.9071 0001449 324.6008 035.3607 01.0027292304052
1 12564U 81061A   02060.32909833 -.00000332 +00000-0 +10000-3 0 0737
2 12564 013.7599 017.8998 0001339 328.8407 031.1489 01.0027223304053
1 12564U 81061A   02070.30183799 -.00000328 +00000-0 +10000-3 0 0738
2 12564 013.7639 017.8170 0001166 350.7921 009.1802 01.0026766104063
1 12564U 81061A   02071.29916116 -.00000325 +00000-0 +10000-3 0 0740
2 12564 013.7655 017.7997 0001753 357.4887 002.5247 01.0026776604064
1 12564U 81061A   02071.29922845 -.00000325 +00000-0 +10000-3 0 0739
2 12564 013.7648 017.8074 0001276 291.9325 068.0861 01.0026722404064
1 12564U 81061A   02072.29642462 -.00000323 +00000-0 +10000-3 0 0742
2 12564 013.7650 017.8000 0001825 349.2296 010.7532 01.0026720004065
1 12564U 81061A   02072.29643737 -.00000323 +00000-0 +10000-3 0 0741
2 12564 013.7657 017.7959 0001683 335.5420 024.4615 01.0026734304065
1 12564U 81061A   02087.25638195 -.00000326 +00000-0 +10000-3 0 0743
2 12564 013.7705 017.6745 0002687 019.0873 340.8719 01.0026098304080
1 12564U 81061A   02097.23025970 -.00000320  00000-0  10000-3 0  7448
2 12564 013.7748 017.5908 0001173 019.8650 340.0679 01.00256484 40903
1 12564U 81061A   02098.22777966 -.00000318 +00000-0 +10000-3 0 0745
2 12564 013.7754 017.5835 0000957 021.4329 338.5349 01.0025604304091
1 12564U 81061A   02099.22520490 -.00000315 +00000-0 +10000-3 0 0745
2 12564 013.7756 017.5746 0001476 024.9475 335.0373 01.0025584204092
1 12564U 81061A   02105.20970507 -.00000302 +00000-0 +10000-3 0 0746
2 12564 013.7780 017.5248 0001359 019.6305 340.3338 01.0025343404098
1 12564U 81061A   02106.20714372 -.00000302 +00000-0 +10000-3 0 0747
2 12564 013.7784 017.5167 0001268 013.5976 346.3650 01.0025302604099
1 12564U 81061A   02118.29933654 -.00000313 +00000-0 +10000-3 0 0748
2 12564 013.7813 017.4206 0003231 075.9033 328.2647 01.0024824104111
1 12564U 81061A   02119.17436869 -.00000313 +00000-0 +10000-3 0 0748
2 12564 013.7825 017.4096 0002698 066.9955 292.9775 01.0024781304112
1 12564U 81061A   02121.16934952 -.00000311 +00000-0 +10000-3 0 0749
2 12564 013.7833 017.3928 0002698 067.0471 292.9209 01.0024705104114
1 12564U 81061A   02131.14472644 -.00000285 +00000-0 +10000-3 0 0752
2 12564 013.7826 017.3230 0002871 041.2474 318.7203 01.0024295504124
1 12564U 81061A   02134.13739172 -.00000282 +00000-0 +10000-3 0 0753
2 12564 013.7835 017.2969 0002857 043.0471 316.9270 01.0024179204127
1 12564U 81061A   02142.11795433 -.00000289 +00000-0 +10000-3 0 0754
2 12564 013.7861 017.2291 0002842 047.7841 312.1885 01.0023880204135
1 12564U 81061A   02149.10036500 -.00000286 +00000-0 +10000-3 0 0757
2 12564 013.7945 017.1693 0002632 048.9389 310.7618 01.0023645704142
1 12564U 81061A   02149.10102778  .00000000  00000-0  10000-3 0  7550
2 12564 013.7891 017.1654 0000788 236.6060 123.3462 01.00232336 41421
1 12564U 81061A   02149.10114446 -.00000287 +00000-0 +10000-3 0 0756
2 12564 013.7988 017.1704 0011167 279.7309 080.3812 01.0023618104142
1 12564U 81061A   02152.09400836 -.00000279 +00000-0 +10000-3 0 0758
2 12564 013.7956 017.1448 0002637 047.7259 312.2597 01.0023542404145
1 12564U 81061A   02163.06806360 -.00000253 +00000-0 +10000-3 0 0759
2 12564 013.7995 017.0540 0002673 051.7402 308.2682 01.0023192904156
1 12564U 81061A   02164.06574761 -.00000254 +00000-0 +10000-3 0 0760
2 12564 013.7999 017.0456 0002673 051.7660 308.2534 01.0023162604157
1 12564U 81061A   02164.06574770 -.00000254 +00000-0 +10000-3 0 0760
2 12564 013.8012 017.0499 0002732 054.7189 305.2887 01.0023159304157
1 12564U 81061A   02172.04709997 -.00000258 +00000-0 +10000-3 0 0761
2 12564 013.8051 016.9924 0003171 045.7857 314.1825 01.0022878504165
1 12564U 81061A   02174.04260076 -.00000257 +00000-0 +10000-3 0 0762
2 12564 013.8067 016.9838 0003082 045.8485 314.1597 01.0022812604167
1 12564U 81061A   02174.04261733 -.00000256 +00000-0 +10000-3 0 0762
2 12564 013.8056 016.9937 0002860 057.4938 302.4961 01.0022732704167
1 12564U 81061A   02176.03811208 -.00000254 +00000-0 +10000-3 0 0763
2 12564 013.8047 016.9544 0003130 044.1583 315.9198 01.0022802304169
1 12564U 81061A   02177.03567003 -.00000252 +00000-0 +10000-3 0 0765
2 12564 013.8055 016.9462 0003180 041.6472 318.3770 01.0022772904170
1 12564U 81061A   02178.03338167 -.00000249 +00000-0 +10000-3 0 0765
2 12564 013.8070 016.9362 0002882 080.1488 279.8484 01.0022700304171
1 12564U 81061A   02178.03349614 -.00000249 +00000-0 +10000-3 0 0766
2 12564 013.8057 016.9376 0003190 042.3401 317.7261 01.0022744004171
1 12564U 81061A   02180.02881719 -.00000243 +00000-0 +10000-3 0 0767
2 12564 013.8065 016.9210 0003193 042.2381 317.8001 01.0022691304173
1 12564U 81061A   02181.02652716 -.00000239 +00000-0 +10000-3 0 0767
2 12564 013.8069 016.9127 0003195 042.1935 317.8471 01.0022665404174
1 12564U 81061A   02191.00375194 -.00000215 +00000-0 +10000-3 0 0769
2 12564 013.8108 016.8296 0003195 042.4530 317.6085 01.0022422004184
1 12564U 81061A   02191.00375264 -.00000215 +00000-0 +10000-3 0 0770
2 12564 013.8107 016.8282 0003027 045.3336 314.7223 01.0022418204184
1 12564U 81061A   02192.00151022 -.00000215  00000-0  10000-3 0  7710
2 12564 013.8119 016.8179 0002498 080.4837 279.5520 01.00223724 41857
1 12564U 81061A   02192.99934660 -.00000216 +00000-0 +10000-3 0 0772
2 12564 013.8123 016.8103 0002608 084.2620 275.8072 01.0022350104186
1 12564U 81061A   02207.96564281 -.00000198 +00000-0 +10000-3 0 0772
2 12564 013.8171 016.6880 0002931 051.5044 308.5924 01.0022057504201
1 12564U 81061A   02216.94555638 -.00000170 +00000-0 +10000-3 0 0773
2 12564 013.8206 016.6134 0002931 051.7365 308.3473 01.0021915504210
1 12564U 81061A   02217.94334619 -.00000169 +00000-0 +10000-3 0 0774
2 12564 013.8215 016.6042 0002938 058.4538 301.5784 01.0021863004211
1 12564U 81061A   02227.92135864 -.00000168 +00000-0 +10000-3 0 0775
2 12564 013.8255 016.5167 0012081 047.0074 313.1233 01.0021777504221
1 12564U 81061A   02228.91918573 -.00000166 +00000-0 +10000-3 0 0776
2 12564 013.8256 016.5087 0006021 055.4728 304.6027 01.0021700604222
1 12564U 81061A   02229.91705479 -.00000163 +00000-0 +10000-3 0 0777
2 12564 013.8256 016.5005 0002375 151.2084 208.8226 01.0021632404223
1 12564U 81061A   02230.91494028 -.00000161  00000-0  10000-3 0  7786
2 12564 013.8261 016.4947 0002766 117.4593 242.6049 01.00216036 42241
1 12564U 81061A   02230.91496783 -.00000161 +00000-0 +10000-3 0 0779
2 12564 013.8261 016.4952 0002816 113.3295 246.7459 01.0021604804224
1 12564U 81061A   02233.90841793 -.00000152 +00000-0 +10000-3 0 0781
2 12564 013.8273 016.4710 0002649 121.7313 238.3493 01.0021585904227
1 12564U 81061A   02234.90622932 -.00000148 +00000-0 +10000-3 0 0780
2 12564 013.8276 016.4622 0002649 121.7542 238.3267 01.0021578504228
1 12564U 81061A   02236.90185157 -.00000140 +00000-0 +10000-3 0 0780
2 12564 013.8279 016.4462 0002363 093.1869 266.9320 01.0021650204230
1 12564U 81061A   02247.87764608 -.00000114 +00000-0 +10000-3 0 0782
2 12564 013.8316 016.3559 0003036 124.9142 235.1664 01.0021604704241
1 12564U 81061A   02247.87764578 -.00000114  00000-0  10000-3 0  7811
2 12564 013.8320 016.3555 0002362 093.4702 266.6135 01.00216011 42412
1 12564U 81061A   02258.85348562 -.00000105 +00000-0 +10000-3 0 0783
2 12564 013.8366 016.2659 0002739 129.2702 230.7394 01.0021573504252
1 12564U 81061A   02259.85141279 -.00000102 +00000-0 +10000-3 0 0784
2 12564 013.8246 016.2470 0001413 162.5088 197.5401 01.0021508004253
1 12564U 81061A   02270.82733130 -.00000061  00000-0  10000-3 0  7857
2 12564 013.8396 016.1690 0002603 140.9605 219.0601 01.00216083 42645
1 12564U 81061A   02271.82518679 -.00000060 +00000-0 +10000-3 0 0786
2 12564 013.8413 016.1629 0002581 141.1272 218.9399 01.0021645004265
1 12564U 81061A   02272.82291487 -.00000059 +00000-0 +10000-3 0 0787
2 12564 013.8420 016.1550 0002466 143.1784 216.8558 01.0021648804266
1 12564U 81061A   02274.81854091 -.00000058 +00000-0 +10000-3 0 0787
2 12564 013.8428 016.1385 0002459 143.6284 216.4086 01.0021662404268
1 12564U 81061A   02274.81854865 -.00000058 +00000-0 +10000-3 0 0788
2 12564 013.8430 016.1396 0002366 142.7466 217.2894 01.0021661204268
1 12564U 81061A   02275.81636007 -.00000058 +00000-0 +10000-3 0 0789
2 12564 013.8432 016.1320 0002370 141.2787 218.7578 01.0021668304269
1 12564U 81061A   02275.81636766 -.00000058 +00000-0 +10000-3 0 0790
2 12564 013.8433 016.1328 0002325 140.3211 219.7155 01.0021667504269
1 12564U 81061A   02275.81640413  .00000000  00000-0  10000-3 0  7887
2 12564 013.8411 016.1354 0002197 137.8993 222.1434 01.00212837 42690
1 12564U 81061A   02277.81195998 -.00000058 +00000-0 +10000-3 0 0789
2 12564 013.8439 016.1158 0002360 141.0078 219.0209 01.0021682304271
1 12564U 81061A   02288.78767011 -.00000043 +00000-0 +10000-3 0 0790
2 12564 013.8476 016.0280 0002329 137.6857 222.3060 01.0021794804282
1 12564U 81061A   02290.78329947 -.00000035 +00000-0 +10000-3 0 0791
2 12564 013.8474 016.0090 0002236 157.1522 202.8446 01.0021818704284
1 12564U 81061A   02300.76112640 -.00000007 +00000-0 +10000-3 0 0792
2 12564 013.8522 015.9293 0002466 139.3187 220.6777 01.0021967404294
1 12564U 81061A   02301.75894394 -.00000007 +00000-0 +10000-3 0 0793
2 12564 013.8525 015.9214 0002459 139.3247 220.6880 01.0021985204295
1 12564U 81061A   02302.75671613 -.00000007 +00000-0 +10000-3 0 0794
2 12564 013.8529 015.9132 0002459 139.3512 220.6618 01.0022003004296
1 12564U 81061A   02312.73425309 -.00000005 +00000-0 +10000-3 0 0795
2 12564 013.8565 015.8315 0002459 139.6159 220.3704 01.0022198504306
1 12564U 81061A   02315.72751944 +.00000002 +00000-0 +10000-3 0 0794
2 12564 013.8597 015.8171 0002309 151.1298 208.8226 01.0022243204309
1 12564U 81061A   02326.70271786 +.00000035 +00000-0 +10000-3 0 0795
2 12564 013.8618 015.7234 0002215 142.0789 217.9396 01.0022516004320
1 12564U 81061A   02327.70039742 +.00000035 +00000-0 +10000-3 0 0796
2 12564 013.8622 015.7154 0002210 142.1567 217.8484 01.0022541504321
1 12564U 81061A   02327.70039588 +.00000035 +00000-0 +10000-3 0 0797
2 12564 013.8622 015.7154 0002210 142.1567 217.8478 01.0022541504321
1 12564U 81061A   02328.69812181 +.00000035 +00000-0 +10000-3 0 0799
2 12564 013.8626 015.7072 0002210 142.1832 217.8250 01.0022567004322
1 12564U 81061A   02329.69584207 +.00000035 +00000-0 +10000-3 0 0796
2 12564 013.8635 015.7016 0002064 147.7633 212.2400 01.0022589704323
1 12564U 81061A   02330.69356792 +.00000034 +00000-0 +10000-3 0 0797
2 12564 013.8638 015.6934 0002064 147.7899 212.2188 01.0022615704324
1 12564U 81061A   02331.69128007 +.00000034 +00000-0 +10000-3 0 0799
2 12564 013.8643 015.6869 0002021 147.8651 212.1413 01.0022640604325
1 12564U 81061A   02332.68898006 +.00000033 +00000-0 +10000-3 0 0797
2 12564 013.8649 015.6792 0002023 149.0519 210.9501 01.0022665704326
1 12564U 81061A   02334.68436395 +.00000032 +00000-0 +10000-3 0 0798
2 12564 013.8657 015.6635 0002018 149.4200 210.5730 01.0022718704328
1 12564U 81061A   02336.67974271 +.00000031 +00000-0 +10000-3 0 0798
2 12564 013.8668 015.6484 0002003 151.2812 208.7029 01.0022771604330
1 12564U 81061A   02337.67744158 +.00000031 +00000-0 +10000-3 0 0799
2 12564 013.8676 015.6395 0002017 152.5832 207.4023 01.0022798704331
1 12564U 81061A   02344.66126701 +.00000041 +00000-0 +10000-3 0 0799
2 12564 013.8701 015.5831 0002014 152.6789 207.3250 01.0022999704338
1 12564U 81061A   02345.65894274 +.00000045 +00000-0 +10000-3 0 0800
2 12564 013.8704 015.5753 0002013 152.5494 207.4556 01.0023029004339
1 12564U 81061A   02354.63788656 +.00000065 +00000-0 +10000-3 0 0801
2 12564 013.8736 015.5021 0002013 152.7886 207.2343 01.0023305404348
1 12564U 81061A   02364.61411695  .00000056  00000-0  10000-3 0  8019
2 12564 013.8782 015.4209 0001586 162.4564 197.5499 01.00236278 43581
1 12564U 81061A   02365.61173901 +.00000055 +00000-0 +10000-3 0 0802
2 12564 013.8786 015.4126 0001497 164.4855 195.5264 01.0023661704359
1 12564U 81061A   03010.58767290 +.00000073 +00000-0 +10000-3 0 0802
2 12564 013.8826 015.3343 0001398 166.6194 193.4072 01.0024006904369
1 12564U 81061A   03011.58524709 +.00000076 +00000-0 +10000-3 0 0803
2 12564 013.8832 015.3270 0001356 167.1302 192.8969 01.0024042404370
1 12564U 81061A   03013.58038229 +.00000080 +00000-0 +10000-3 0 0803
2 12564 013.8837 015.3111 0001295 171.2980 188.7313 01.0024113904372
1 12564U 81061A   03023.55584239 +.00000075 +00000-0 +10000-3 0 0805
2 12564 013.8872 015.2308 0001274 172.0281 188.0153 01.0024477604382
1 12564U 81061A   03023.55590122  .00000000  00000-0  10000-3 0  8040
2 12564 013.8869 015.2288 0000546 081.5036 278.5452 01.00241144 43826
1 12564U 81061A   03024.55334393 +.00000074 +00000-0 +10000-3 0 0806
2 12564 013.8875 015.2231 0001254 170.6790 189.3560 01.0024513804383
1 12564U 81061A   03035.52585706 +.00000077 +00000-0 +10000-3 0 0806
2 12564 013.8913 015.1352 0001199 169.6908 190.3450 01.0024926504394
1 12564U 81061A   03035.52586367 +.00000077 +00000-0 +10000-3 0 0807
2 12564 013.8913 015.1352 0001199 169.6908 190.3474 01.0024926504394
1 12564U 81061A   03036.52333762 +.00000080 +00000-0 +10000-3 0 0808
2 12564 013.8918 015.1281 0001230 170.5622 189.4766 01.0024966104395
1 12564U 81061A   03037.52080128 +.00000083 +00000-0 +10000-3 0 0809
2 12564 013.8921 015.1200 0001230 170.5887 189.4463 01.0025004304396
1 12564U 81061A   03047.49536517 +.00000089 +00000-0 +10000-3 0 0810
2 12564 013.8953 015.0401 0001541 177.1544 182.9038 01.0025395504406
1 12564U 81061A   03048.49275856 +.00000087 +00000-0 +10000-3 0 0808
2 12564 013.8955 015.0316 0001392 183.2474 176.7975 01.0025434904407
1 12564U 81061A   03058.46677124 +.00000075 +00000-0 +10000-3 0 0809
2 12564 013.8990 014.9536 0001615 183.1346 176.8797 01.0025829204417
1 12564U 81061A   03058.46681988  .00000000  00000-0  10000-3 0  8083
2 12564 013.8993 014.9597 0001189 142.7410 217.2864 01.00254565 44170
1 12564U 81061A   03069.43778164 +.00000096 +00000-0 +10000-3 0 0810
2 12564 013.9029 014.8698 0000733 180.0474 179.9616 01.0026280704428
1 12564U 81061A   03069.43779234 +.00000096 +00000-0 +10000-3 0 0809
2 12564 013.9027 014.8698 0000874 180.0025 180.0063 01.0026278504428
1 12564U 81061A   03070.43510980 +.00000096 +00000-0 +10000-3 0 0811
2 12564 013.9034 014.8616 0000690 184.4766 175.5297 01.0026322104429
1 12564U 81061A   03070.43511893  .00000096  00000-0  10000-3 0  8109
2 12564 013.9034 014.8616 0000690 184.4766 175.5330 01.00263221 44297
1 12564U 81061A   03071.43245549 +.00000096 +00000-0 +10000-3 0 0812
2 12564 013.9037 014.8540 0000805 184.8345 175.1764 01.0026363504430
1 12564U 81061A   03082.40282646 +.00000080 +00000-0 +10000-3 0 0814
2 12564 013.9066 014.7688 0000518 168.2086 191.7720 01.0026814004441
1 12564U 81061A   03093.37276182 +.00000091 +00000-0 +10000-3 0 0812
2 12564 013.9099 014.6834 0000640 177.4412 182.5255 01.0027259904452
1 12564U 81061A   03094.37000583 +.00000093 +00000-0 +10000-3 0 0813
2 12564 013.9102 014.6756 0000524 171.8299 188.1367 01.0027301204453
1 12564U 81061A   03094.37000590 +.00000093 +00000-0 +10000-3 0 0814
2 12564 013.9102 014.6752 0000387 158.4173 201.5481 01.0027301304453
1 12564U 81061A   03105.33944711 +.00000088 +00000-0 +10000-3 0 0814
2 12564 013.9141 014.5878 0000264 022.1337 337.8415 01.0027753404464
1 12564U 81061A   03106.33660300 +.00000086 +00000-0 +10000-3 0 0815
2 12564 013.9147 014.5796 0000612 014.1274 345.8362 01.0027796004465
1 12564U 81061A   03107.33377231 +.00000084 +00000-0 +10000-3 0 0816
2 12564 013.9151 014.5722 0000817 015.7394 344.2167 01.0027837704466
1 12564U 81061A   03117.30546903 +.00000080 +00000-0 +10000-3 0 0816
2 12564 013.9193 014.4937 0001500 038.3973 321.5559 01.0028246004476
1 12564U 81061A   03117.30549301 +.00000080 +00000-0 +10000-3 0 0817
2 12564 013.9192 014.4941 0001338 037.7730 322.1903 01.0028246204476
1 12564U 81061A   03118.30262858 +.00000082 +00000-0 +10000-3 0 0818
2 12564 013.9194 014.4871 0001524 040.7492 319.2090 01.0028287204477
1 12564U 81061A   03119.29977495 +.00000085 +00000-0 +10000-3 0 0819
2 12564 013.9197 014.4793 0001355 039.6613 320.2995 01.0028327404478
1 12564U 81061A   03129.27103986 +.00000088 +00000-0 +10000-3 0 0817
2 12564 013.9232 014.4007 0002459 051.6008 308.3760 01.0028732404488
1 12564U 81061A   03129.27107656 +.00000088 +00000-0 +10000-3 0 0818
2 12564 013.9233 014.4014 0002872 052.2861 307.7038 01.0028734204488
1 12564U 81061A   03131.26527629 +.00000085 +00000-0 +10000-3 0 0818
2 12564 013.9253 014.3961 0003160 062.4435 297.5552 01.0028866204490
1 12564U 81061A   03134.25648341 +.00000079 +00000-0 +10000-3 0 0819
2 12564 013.9254 014.3611 0003264 055.5292 304.4449 01.0028934204493
1 12564U 81061A   03135.25357732 +.00000077 +00000-0 +10000-3 0 0820
2 12564 013.9282 014.3449 0003306 060.6401 299.3504 01.0028975304494
1 12564U 81061A   03145.22416375 +.00000072 +00000-0 +10000-3 0 0821
2 12564 013.9317 014.2693 0003215 056.6004 303.3955 01.0029368804504
1 12564U 81061A   03146.22118459 +.00000074 +00000-0 +10000-3 0 0822
2 12564 013.9320 014.2613 0003215 056.6258 303.3646 01.0029407404505
1 12564U 81061A   03146.22118452 +.00000074 +00000-0 +10000-3 0 0823
2 12564 013.9320 014.2613 0003215 056.6258 303.3645 01.0029407404505
1 12564U 81061A   03156.19130333  .00000000  00000-0  10000-3 0  8221
2 12564 013.9322 014.2034 0001523 015.3464 344.6521 01.00294151 45151
1 12564U 81061A   03156.19142367 +.00000077 +00000-0 +10000-3 0 0823
2 12564 013.9353 014.1814 0003215 056.8795 303.1419 01.0029788204515
1 12564U 81061A   03158.18541430 +.00000073 +00000-0 +10000-3 0 0824
2 12564 013.9369 014.1757 0004048 073.3935 286.6278 01.0029871604517
1 12564U 81061A   03168.15514927 +.00000050 +00000-0 +10000-3 0 0825
2 12564 013.9402 014.0973 0004003 073.8144 286.2212 01.0030240904527
1 12564U 81061A   03169.15210433 +.00000050 +00000-0 +10000-3 0 0826
2 12564 013.9412 014.0901 0004051 076.3311 283.7090 01.0030280204528
1 12564U 81061A   03170.14905166 +.00000050 +00000-0 +10000-3 0 0827
2 12564 013.9407 014.0803 0004469 080.7886 279.2541 01.0030320604529
1 12564U 81061A   03179.12144871 +.00000060 +00000-0 +10000-3 0 0827
2 12564 013.9432 014.0102 0004388 081.2271 278.8394 01.0030642704538
1 12564U 81061A   03180.11835349 +.00000060 +00000-0 +10000-3 0 0828
2 12564 013.9432 014.0017 0004351 083.0101 277.0574 01.0030678204539
1 12564U 81061A   03181.11526726 +.00000059 +00000-0 +10000-3 0 0829
2 12564 013.9436 013.9951 0004355 081.6520 278.4184 01.0030713204540
1 12564U 81061A   03190.08726516 +.00000039 +00000-0 +10000-3 0 0829
2 12564 013.9463 013.9245 0004213 082.7814 277.2877 01.0031016804549
1 12564U 81061A   03190.08726942  .00000039  00000-0  10000-3 0  8282
2 12564 013.9462 013.9246 0004248 082.7766 277.2932 01.00310166 45496
1 12564U 81061A   03199.05904446 +.00000025 +00000-0 +10000-3 0 0829
2 12564 013.9492 013.8534 0004232 082.7009 277.3842 01.0031306304558
1 12564U 81061A   03200.05588237 +.00000026 +00000-0 +10000-3 0 0830
2 12564 013.9486 013.8455 0004041 086.5128 273.5664 01.0031335204559
1 12564U 81061A   03209.02740966 +.00000028 +00000-0 +10000-3 0 0831
2 12564 013.9503 013.7726 0004507 091.7406 268.3748 01.0031613704568
1 12564U 81061A   03210.02421431 +.00000026 +00000-0 +10000-3 0 0832
2 12564 013.9502 013.7641 0004548 092.5398 267.5764 01.0031644104569
1 12564U 81061A   03214.01142909 +.00000017 +00000-0 +10000-3 0 0832
2 12564 013.9515 013.7324 0004547 092.6409 267.4714 01.0031757304573
1 12564U 81061A   03223.97928003 -.00000012 +00000-0 +10000-3 0 0833
2 12564 013.9548 013.6504 0004799 096.9451 263.1490 01.0032018904583
1 12564U 81061A   03225.97285678 -.00000012 +00000-0 +10000-3 0 0834
2 12564 013.9557 013.6337 0004834 097.7938 262.3129 01.0032069204585
1 12564U 81061A   03225.97291049  .00000000  00000-0  10000-3 0  8349
2 12564 013.9566 013.6479 0005338 113.1713 246.9397 01.00316849 45850
1 12564U 81061A   03226.96961829 -.00000011 +00000-0 +10000-3 0 0835
2 12564 013.9563 013.6261 0004811 098.1736 261.9317 01.0032094304586
1 12564U 81061A   03227.96637499 -.00000010 +00000-0 +10000-3 0 0836
2 12564 013.9565 013.6176 0004855 098.8424 261.2621 01.0032119604587
1 12564U 81061A   03230.95664457 -.00000007 +00000-0 +10000-3 0 0836
2 12564 013.9560 013.5999 0004736 101.9822 258.1147 01.0032193404590
1 12564U 81061A   03231.95340501 -.00000007 +00000-0 +10000-3 0 0837
2 12564 013.9562 013.5916 0004823 102.4342 257.6667 01.0032217804591
1 12564U 81061A   03234.94368017 -.00000009 +00000-0 +10000-3 0 0837
2 12564 013.9574 013.5678 0004904 103.6278 256.4851 01.0032288004594
1 12564U 81061A   03243.91428623 -.00000031 +00000-0 +10000-3 0 0838
2 12564 013.9603 013.4965 0004903 103.8564 256.2413 01.0032475204603
1 12564U 81061A   03244.91100145 -.00000035 +00000-0 +10000-3 0 0839
2 12564 013.9626 013.4985 0004988 105.0515 255.0334 01.0032495004604
1 12564U 81061A   03254.87818945 -.00000054  00000-0  10000-3 0  8395
2 12564 013.9671 013.4257 0005199 113.0337 247.0455 01.00326706 46148
1 12564U 81061A   03254.87820483 -.00000054 +00000-0 +10000-3 0 0840
2 12564 013.9670 013.4261 0005224 112.5722 247.5135 01.0032671204614
1 12564U 81061A   03266.83863854 -.00000063 +00000-0 +10000-3 0 0840
2 12564 013.9710 013.3325 0005255 113.9829 246.1179 01.0032841904626
1 12564U 81061A   03270.82531873 -.00000075 +00000-0 +10000-3 0 0841
2 12564 013.9724 013.3005 0005244 114.3359 245.7328 01.0032883904630
1 12564U 81061A   03275.80872238 -.00000095 +00000-0 +10000-3 0 0842
2 12564 013.9739 013.2611 0005245 114.6088 245.4481 01.0032929104635
1 12564U 81061A   03275.80872561 -.00000095 +00000-0 +10000-3 0 0843
2 12564 013.9740 013.2599 0005235 115.4642 244.5909 01.0032927704635
1 12564U 81061A   03284.77882719 -.00000101 +00000-0 +10000-3 0 0843
2 12564 013.9771 013.1895 0005205 115.9174 244.1279 01.0032987304644
1 12564U 81061A   03286.77217665 -.00000100 +00000-0 +10000-3 0 0844
2 12564 013.9778 013.1770 0005185 118.8320 241.2072 01.0032996404646
1 12564U 81061A   03295.74230016 -.00000116 +00000-0 +10000-3 0 0844
2 12564 013.9803 013.1069 0004982 124.0316 236.0175 01.0033017104655
1 12564U 81061A   03295.74229355 -.00000116 +00000-0 +10000-3 0 0845
2 12564 013.9803 013.1065 0004964 124.3617 235.6841 01.0033016704655
1 12564U 81061A   03296.73895709 -.00000119 +00000-0 +10000-3 0 0846
2 12564 013.9807 013.0986 0004964 124.3875 235.6538 01.0033017004656
1 12564U 81061A   03301.72228537 -.00000139 +00000-0 +10000-3 0 0845
2 12564 013.9822 013.0592 0004964 124.5164 235.5062 01.0033012604661
1 12564U 81061A   03312.68572828 -.00000150 +00000-0 +10000-3 0 0846
2 12564 013.9833 012.9608 0003248 142.2402 217.7784 01.0032971404672
1 12564U 81061A   03321.65588008 -.00000162 +00000-0 +10000-3 0 0847
2 12564 013.9869 012.9004 0003271 142.8459 217.1573 01.0032899504681
1 12564U 81061A   03322.65260454 -.00000164 +00000-0 +10000-3 0 0848
2 12564 013.9870 012.8938 0003277 142.1585 217.8510 01.0032887804682
1 12564U 81061A   03333.61624466 -.00000201 +00000-0 +10000-3 0 0849
2 12564 013.9909 012.8181 0002902 138.9657 220.9822 01.0032725204693
1 12564U 81061A   03346.57376845 -.00000203 +00000-0 +10000-3 0 0850
2 12564 013.9946 012.7191 0002077 149.6648 210.3330 01.0032505704706
1 12564U 81061A   03347.57051385 -.00000205 +00000-0 +10000-3 0 0852
2 12564 013.9940 012.7009 0001070 154.4269 205.5915 01.0032493904707
1 12564U 81061A   03347.57057148 -.00000205 +00000-0 +10000-3 0 0851
2 12564 013.9940 012.7009 0001070 154.4269 205.6123 01.0032493904707
1 12564U 81061A   03348.56724778 -.00000207 +00000-0 +10000-3 0 0853
2 12564 013.9943 012.6931 0001070 154.4532 205.5670 01.0032474904708
1 12564U 81061A   03359.53138293 -.00000243 +00000-0 +10000-3 0 0852
2 12564 013.9984 012.6100 0000920 160.2802 199.7156 01.0032236404719
1 12564U 81061A   03360.52819101 -.00000245 +00000-0 +10000-3 0 0853
2 12564 013.9999 012.6066 0001929 147.5378 212.4777 01.0032212104720
1 12564U 81061A   04006.49270954 -.00000242 +00000-0 +10000-3 0 0854
2 12564 014.0022 012.5328 0002364 141.6648 218.3117 01.0031896404731
1 12564U 81061A   04007.48969413 -.00000243  00000-0  10000-3 0  8554
2 12564 014.0050 012.5194 0003844 144.2485 215.8376 01.00319007 47328
1 12564U 81061A   04008.48641379 -.00000244 +00000-0 +10000-3 0 0856
2 12564 014.0075 012.5117 0005077 146.8274 213.2179 01.0031822004733
1 12564U 81061A   04008.48647625  .00000000  00000-0  10000-3 0  8564
2 12564 014.0059 012.5135 0003584 148.1622 211.8980 01.00314266 47339
1 12564U 81061A   04009.48324844 -.00000246 +00000-0 +10000-3 0 0859
2 12564 014.0061 012.5052 0003681 144.8189 215.2505 01.0031845304734
1 12564U 81061A   04009.48328217 -.00000246 +00000-0 +10000-3 0 0858
2 12564 014.0046 012.5055 0003081 139.7446 220.3299 01.0031842304734
1 12564U 81061A   04019.45126018 -.00000273 +00000-0 +10000-3 0 0860
2 12564 014.0082 012.4307 0003645 143.2344 216.8045 01.0031556104744
1 12564U 81061A   04031.41336984 -.00000277 +00000-0 +10000-3 0 0861
2 12564 014.0106 012.3462 0003584 143.5195 216.4943 01.0031164804756
1 12564U 81061A   04031.41347495 -.00000277 +00000-0 +10000-3 0 0862
2 12564 014.0098 012.3479 0003404 141.0225 219.0190 01.0031159104756
1 12564U 81061A   04032.41037539 -.00000276 +00000-0 +10000-3 0 0863
2 12564 014.0133 012.3311 0002908 118.8103 241.2218 01.0031095304757
1 12564U 81061A   04042.37929753 -.00000287 +00000-0 +10000-3 0 0864
2 12564 014.0136 012.2819 0003359 137.9448 222.1166 01.0030782704767
1 12564U 81061A   04044.37308613 -.00000293 +00000-0 +10000-3 0 0866
2 12564 014.0142 012.2717 0003168 136.1399 223.9107 01.0030711504769
1 12564U 81061A   04053.34535643 -.00000309 +00000-0 +10000-3 0 0865
2 12564 014.0171 012.2053 0003455 139.6352 220.3851 01.0030371904778
1 12564U 81061A   04056.33623204 -.00000304 +00000-0 +10000-3 0 0866
2 12564 014.0181 012.1820 0003455 139.7132 220.2990 01.0030228904781
1 12564U 81061A   04057.33319284  .00000000  00000-0  10000-3 0  8671
2 12564 014.0188 012.1359 0001921 101.4380 258.5959 01.00298073 47838
1 12564U 81061A   04067.30303578 -.00000303  00000-0  10000-3 0  8686
2 12564 014.0228 012.0640 0002340 120.1310 239.9538 01.00298371 47929
1 12564U 81061A   04068.29990239 -.00000304 +00000-0 +10000-3 0 0869
2 12564 014.0231 012.0562 0002340 120.1565 239.8822 01.0029798804793
1 12564U 81061A   04068.29990230 -.00000304 +00000-0 +10000-3 0 0870
2 12564 014.0231 012.0562 0002340 120.1565 239.8822 01.0029798804793
1 12564U 81061A   04069.29688409 -.00000306 +00000-0 +10000-3 0 0869
2 12564 014.0199 012.0521 0002445 110.2026 249.8191 01.0029758104794
1 12564U 81061A   04079.26706160 -.00000327 +00000-0 +10000-3 0 0870
2 12564 014.0263 011.9663 0002473 120.0875 239.9189 01.0029358304804
1 12564U 81061A   04080.26411432 -.00000325  00000-0  10000-3 0  8713
2 12564 014.0278 011.9776 0003687 091.0741 268.8661 01.00292167 48051
1 12564U 81061A   04081.26140179 -.00000324 +00000-0 +10000-3 0 0872
2 12564 014.0277 011.9684 0003746 093.2188 266.8089 01.0029183504806
1 12564U 81061A   04090.23508001 -.00000313 +00000-0 +10000-3 0 0872
2 12564 014.0301 011.8865 0002581 117.4532 242.6479 01.0028906604815
1 12564U 81061A   04091.23192801 -.00000313 +00000-0 +10000-3 0 0873
2 12564 014.0304 011.8787 0002581 117.4787 242.5363 01.0028866104816
1 12564U 81061A   04091.23192806 -.00000312  00000-0  10000-3 0  8731
2 12564 014.0241 011.8881 0002905 109.1582 250.8411 01.00288633 48162
1 12564U 81061A   04092.22907914 -.00000313 +00000-0 +10000-3 0 0874
2 12564 014.0246 011.8797 0002931 107.2283 252.7904 01.0028821704817
1 12564U 81061A   04101.20300840 -.00000327 +00000-0 +10000-3 0 0874
2 12564 014.0340 011.8144 0003536 092.3061 267.6502 01.0028438004826
1 12564U 81061A   04113.16912650  .00000000  00000-0  10000-3 0  8750
2 12564 014.0385 011.7221 0003757 086.2564 273.7366 01.00275011 48382
1 12564U 81061A   04114.16615530 -.00000320 +00000-0 +10000-3 0 0876
2 12564 014.0315 011.7195 0004277 090.4151 269.5158 01.0027854304839
1 12564U 81061A   04116.16075270 -.00000317 +00000-0 +10000-3 0 0877
2 12564 014.0294 011.7113 0004213 090.9725 269.0289 01.0027772204841
1 12564U 81061A   04117.15797737 -.00000317 +00000-0 +10000-3 0 0877
2 12564 014.0298 011.7040 0004214 090.9781 269.0323 01.0027730904842
1 12564U 81061A   04129.12466499 -.00000329 +00000-0 +10000-3 0 0878
2 12564 014.0424 011.6022 0004406 091.0827 268.9162 01.0027221004854
1 12564U 81061A   04135.10826311 -.00000332  00000-0  10000-3 0  8799
2 12564  14.0429  11.5595 0003951  93.5190 266.4723  1.00269570 48609
1 12564U 81061A   04136.10555273 -.00000329  00000-0  10000-3 0  8804
2 12564  14.0450  11.5573 0004833  96.9746 262.9957  1.00268912 48613
1 12564U 81061A   04145.08144302 -.00000314  00000-0  10000-3 0  8824
2 12564  14.0502  11.4975 0005065 104.6203 255.4046  1.00265404 48708
1 12564U 81061A   04145.08144856 -.00000314  00000-0  10000-3 0  8817
2 12564  14.0461  11.4875 0004904 100.9662 259.0651  1.00265195 48709
1 12564U 81061A   04146.07878946 -.00000313  00000-0  10000-3 0  8832
2 12564  14.0400  11.4809 0004381  92.8054 267.2619  1.00265132 48719
1 12564U 81061A   04146.07879180 -.00000313 +00000-0 +10000-3 0 0883
2 12564 014.0499 011.4890 0005148 105.1380 254.8981 01.0026508904871
1 12564U 81061A   04158.04685290 -.00000326  00000-0  10000-3 0  8845
2 12564  14.0436  11.3884 0004381  93.1042 266.8641  1.00259765 48839
1 12564U 81061A   04159.04435381 -.00000328 +00000-0 +10000-3 0 0886
2 12564 014.0414 011.3591 0004823 100.2518 259.7842 01.0025941704884
1 12564U 81061A   04159.04440688 -.00000327  00000-0  10000-3 0  8858
2 12564  14.0414  11.3591 0004823 100.2518 259.8033  1.00259417 48841
1 12564U 81061A   04160.04173784 -.00000328 +00000-0 +10000-3 0 0887
2 12564 014.0417 011.3514 0004823 100.2768 259.7600 01.0025901004885
1 12564U 81061A   04160.04173784 -.00000328 +00000-0 +10000-3 0 0888
2 12564 014.0417 011.3514 0004823 100.2768 259.7600 01.0025901004885
1 12564U 81061A   04169.01837175 -.00000310  00000-0  10000-3 0  8860
2 12564  14.0444  11.2822 0004823 100.5018 259.5413  1.00255377 48949
1 12564U 81061A   04170.01581052 -.00000308 +00000-0 +10000-3 0 0887
2 12564 014.0447 011.2745 0004822 100.5268 259.5224 01.0025497704895
1 12564U 81061A   04178.99283657 -.00000302 +00000-0 +10000-3 0 0887
2 12564 014.0474 011.2053 0004822 100.7517 259.3160 01.0025141504904
1 12564U 81061A   04179.99029102 -.00000302  00000-0  10000-3 0  8884
2 12564  14.0570  11.2173 0005745 110.5471 249.4843  1.00250898 49057
1 12564U 81061A   04180.98778370 -.00000304 +00000-0 +10000-3 0 0890
2 12564 014.0497 011.1903 0005050 103.0033 257.0593 01.0025059404906
1 12564U 81061A   04180.98789587 -.00000304  00000-0  10000-3 0  8898
2 12564  14.0495  11.1884 0005042 103.3379 256.7687  1.00250601 49068
1 12564U 81061A   04189.96518302 -.00000311  00000-0  10000-3 0  8900
2 12564  14.0524  11.1239 0005066 103.8219 256.2500  1.00247132 49153
1 12564U 81061A   04190.96294358  .00000000  00000-0  10000-3 0  8919
2 12564  14.0601  11.1487 0006244 104.0271 256.0625  1.00242171 49169
1 12564U 81061A   04191.96019566 -.00000306  00000-0  10000-3 0  8927
2 12564  14.0556  11.1207 0005197 104.8169 255.2156  1.00246261 49173
1 12564U 81061A   04193.95534252 -.00000300  00000-0  10000-3 0  8937
2 12564  14.0614  11.1215 0005906 116.3199 243.7095  1.00244631 49191
1 12564U 81061A   04194.95301478 -.00000297 +00000-0 +10000-3 0 0894
2 12564 014.0617 011.1138 0006041 118.7638 241.3182 01.0024428704920
1 12564U 81061A   04195.95055682 -.00000295  00000-0  10000-3 0  8948
2 12564  14.0587  11.0966 0005364 112.1914 247.9243  1.00244707 49217
1 12564U 81061A   04196.94800121 -.00000293  00000-0  10000-3 0  8953
2 12564  14.0592  11.0816 0005376 114.8443 245.2430  1.00244308 49223
1 12564U 81061A   04197.94554628 -.00000291  00000-0  10000-3 0  8961
2 12564  14.0628  11.0900 0006037 119.6965 240.3685  1.00243484 49237
1 12564U 81061A   04197.94563293 -.00000291  00000-0  10000-3 0  8970
2 12564  14.0604  11.0808 0005471 115.0381 245.0771  1.00243948 49234
1 12564U 81061A   04198.94312282 -.00000290 +00000-0 +10000-3 0 0898
2 12564 014.0613 011.0772 0005484 114.9538 245.1412 01.0024359104924
1 12564U 81061A   04199.94068677 -.00000288 +00000-0 +10000-3 0 0899
2 12564 014.0610 011.0658 0005467 115.0360 245.0712 01.0024321404925
1 12564U 81061A   04200.93823135 -.00000287  00000-0  10000-3 0  8984
2 12564  14.0613  11.0583 0005469 115.0548 245.0528  1.00242850 49260
1 12564U 81061A   04201.93578583 -.00000285 +00000-0 +10000-3 0 0900
2 12564 014.0616 011.0526 0005488 115.0506 245.0572 01.0024248604927
1 12564U 81061A   04202.93334574 -.00000284 +00000-0 +10000-3 0 0901
2 12564 014.0625 011.0492 0005517 114.9504 245.1566 01.0024213404928
1 12564U 81061A   04203.93090949 -.00000283 +00000-0 +10000-3 0 0899
2 12564 014.0627 011.0417 0005524 115.0001 245.1101 01.0024177504929
1 12564U 81061A   04204.92846144 -.00000282 +00000-0 +10000-3 0 0900
2 12564 014.0630 011.0341 0005522 115.0135 245.0947 01.0024141704930
1 12564U 81061A   04205.92601383 -.00000282 +00000-0 +10000-3 0 0901
2 12564 014.0633 011.0267 0005506 114.9192 245.1854 01.0024105704931
1 12564U 81061A   04205.92601524 -.00000282 +00000-0 +10000-3 0 0902
2 12564 014.0627 011.0228 0005476 114.9178 245.1899 01.0024104304931
1 12564U 81061A   04206.92356285 -.00000282  00000-0  10000-3 0  9005
2 12564  14.0641  11.0216 0005490 114.6943 245.4012  1.00240718 49322
1 12564U 81061A   04207.92114212 -.00000283  00000-0  10000-3 0  9010
2 12564  14.0654  11.0127 0005948 121.1264 238.9597  1.00240115 49331
1 12564U 81061A   04209.91633352 -.00000286  00000-0  10000-3 0  9026
2 12564  14.0641  10.9885 0006062 119.7514 240.3439  1.00239117 49359
1 12564U 81061A   04213.90672892 -.00000293  00000-0  10000-3 0  9031
2 12564  14.0663  10.9632 0006063 121.1709 238.9361  1.00237783 49395
1 12564U 81061A   04222.88520224 -.00000272 +00000-0 +10000-3 0 0904
2 12564 014.0678 010.8903 0006067 120.3921 239.7062 01.0023472304948
1 12564U 81061A   04224.88049239 -.00000266  00000-0  10000-3 0  9066
2 12564 014.0685 010.8746 0006089 121.9901 238.1150 01.00234038 49505
1 12564U 81061A   04224.88055291  .00000000  00000-0  10000-3 0  9055
2 12564 014.0685 010.8773 0006068 121.0773 239.0352 01.00229950 49501
1 12564U 81061A   04233.85932823 -.00000252  00000-0  10000-3 0  9079
2 12564 014.0722 010.8074 0006082 122.3536 237.7527 01.00231222 49597
1 12564U 81061A   04233.85934242 -.00000252 +00000-0 +10000-3 0 09087
2 12564 014.0722 010.8073 0006086 122.3748 237.7352 01.00231210049598
1 12564U 81061A   04235.85465631 -.00000252  00000-0  10000-3 0  9080
2 12564 014.0719 010.7926 0006173 129.1331 230.9463 01.00230421 49614
1 12564U 81061A   04236.85238427 -.00000254  00000-0  10000-3 0  9095
2 12564 014.0733 010.7799 0006185 123.5779 236.5404 01.00230237 49628
1 12564U 81061A   04242.83841627 -.00000258  00000-0  10000-3 0  9108
2 12564 014.0770 010.7228 0006650 127.0340 233.0387 01.00227981 49686
1 12564U 81061A   04243.83619086 -.00000256  00000-0  10000-3 0  9110
2 12564 014.0771 010.7174 0006700 126.8325 233.2752 01.00227808 49690
1 12564U 81061A   04254.81098233 -.00000222  00000-0  10000-3 0  9129
2 12564 014.0793 010.6407 0006720 127.0382 233.0659 01.00225028 49809
1 12564U 81061A   04254.81098834 -.00000222 +00000-0 +10000-3 0 09137
2 12564 014.0775 010.6500 0006721 126.7996 233.2986 01.00225025049803
1 12564U 81061A   04255.80873895 -.00000219  00000-0  10000-3 0  9131
2 12564 014.0813 010.6196 0006719 128.8381 231.2808 01.00224686 49819
1 12564U 81061A   04268.77925358 -.00000214  00000-0  10000-3 0  9149
2 12564 014.0850 010.5230 0006692 128.7389 231.3270 01.00221748 49949
1 12564U 81061A   04269.77704227 -.00000213 +00000-0 +10000-3 0 09150
2 12564 014.0849 010.5177 0006686 128.6032 231.4675 01.00221514049956
1 12564U 81061A   04269.77706231 -.00000213  00000-0  10000-3 0  9157
2 12564 014.0848 010.5181 0006681 128.6020 231.4739 01.00221501 49959
1 12564U 81061A   04269.77706231 -.00000213 +00000-0 +10000-3 0 09168
2 12564 014.0848 010.5181 0006681 128.6020 231.4739 01.00221501049959
1 12564U 81061A   04270.77481472 -.00000211 +00000-0 +10000-3 0 09165
2 12564 014.0847 010.5139 0006676 128.4882 231.5789 01.00221282049962
1 12564U 81061A   04279.75471478 -.00000180  00000-0  10000-3 0  9162
2 12564 014.0874 010.4454 0006677 128.7357 231.3286 01.00219690 50054
1 12564U 81061A   04279.75471563 -.00000180 +00000-0 +10000-3 0 09178
2 12564 014.0875 010.4473 0006677 128.7816 231.2822 01.00219697050058
1 12564U 81061A   04282.74807484 -.00000171  00000-0  10000-3 0  9176
2 12564 014.0884 010.4273 0006680 128.9227 231.1491 01.00219235 50080
1 12564U 81061A   04282.74807880 -.00000171 +00000-0 +10000-3 0 09187
2 12564 014.0883 010.4272 0006644 129.3054 230.7650 01.00219220050087
1 12564U 81061A   04291.72809575 -.00000157  00000-0  10000-3 0  9182
2 12564 014.0910 010.3592 0006630 129.4131 230.6333 01.00217994 50177
1 12564U 81061A   04291.72810395 -.00000158 +00000-0 +10000-3 0 09196
2 12564 014.0911 010.3602 0006630 129.3097 230.7369 01.00217985050170
1 12564U 81061A   04293.72370171 -.00000159  00000-0  10000-3 0  9192
2 12564 014.0903 010.3646 0006211 149.5712 210.4283 01.00217494 50199
1 12564U 81061A   04303.70174146 -.00000136  00000-0  10000-3 0  9203
2 12564 014.0933 010.2909 0005762 143.6272 216.3552 01.00216167 50290
1 12564U 81061A   04304.69963438 -.00000133 +00000-0 +10000-3 0 09210
2 12564 014.0944 010.2965 0005691 144.9137 215.0885 01.00216137050303
1 12564U 81061A   04305.69747751 -.00000129  00000-0  10000-3 0  9214
2 12564 014.0939 010.2887 0005669 146.2506 213.7636 01.00216147 50311
1 12564U 81061A   04309.68876387 -.00000116  00000-0  10000-3 0  9222
2 12564 014.0954 010.2559 0005629 148.0751 211.9596 01.00216015 50355
1 12564U 81061A   04318.66902620 -.00000100  00000-0  10000-3 0  9234
2 12564 014.0980 010.1874 0005629 148.3090 211.7041 01.00215722 50449
1 12564U 81061A   04319.66684400 -.00000100  00000-0  10000-3 0  9249
2 12564 014.0979 010.1844 0005306 148.3569 211.6459 01.00215641 50450
1 12564U 81061A   04320.66469060 -.00000102 +00000-0 +10000-3 0 09257
2 12564 014.0996 010.1746 0005360 146.1600 213.8568 01.00215640050467
1 12564U 81061A   04331.64063213 -.00000079  00000-0  10000-3 0  9250
2 12564 014.1024 010.0917 0005328 145.3964 214.6010 01.00215692 50577
1 12564U 81061A   04333.63631684 -.00000072  00000-0  10000-3 0  9268
2 12564 014.1017 010.0706 0005647 145.6177 214.4039 01.00215763 50598
1 12564U 81061A   04334.63413949 -.00000068  00000-0  10000-3 0  9277
2 12564 014.1031 010.0691 0004920 141.2494 218.7635 01.00215720 50608
1 12564U 81061A   04334.63416868 -.00000068 +00000-0 +10000-3 0 09281
2 12564 014.1033 010.0701 0004982 141.4562 218.5692 01.00215741050602
1 12564U 81061A   04335.63199348 -.00000065  00000-0  10000-3 0  9280
2 12564 014.1019 010.0523 0005643 145.3378 214.7134 01.00215962 50616
1 12564U 81061A   04336.62976087 -.00000062  00000-0  10000-3 0  9291
2 12564 014.1037 010.0540 0005371 146.1896 213.8275 01.00215892 50626
1 12564U 81061A   04336.62980001  .00000000  00000-0  10000-3 0  9293
2 12564 014.1040 010.0474 0006216 145.0432 214.9989 01.00211850 50623
1 12564U 81061A   04338.62544421 -.00000056  00000-0  10000-3 0  9301
2 12564 014.1038 010.0264 0005650 145.5161 214.5455 01.00216159 50645
1 12564U 81061A   04340.62100497 -.00000051  00000-0  10000-3 0  9311
2 12564 014.1043 010.0124 0005271 147.2109 212.8251 01.00216291 50660
1 12564U 81061A   04350.59906066 -.00000051  00000-0  10000-3 0  9325
2 12564 014.1060 009.9470 0008745 139.8940 220.1357 01.00216846 50765
1 12564U 81061A   04351.59697426 -.00000050  00000-0  10000-3 0  9344
2 12564 014.1055 009.9408 0004253 142.0450 217.9712 01.00216646 50770
1 12564U 81061A   04351.59702071  .00000000  00000-0  10000-3 0  9330
2 12564 014.1095 009.9431 0005743 149.9216 210.1198 01.00212746 50782
1 12564U 81061A   04351.59702624 -.00000050  00000-0  10000-3 0  9352
2 12564 014.1051 009.9391 0004057 151.7904 208.2398 01.00216665 50774
1 12564U 81061A   04352.59481633 -.00000049 +00000-0 +10000-3 0 09366
2 12564 014.1060 009.9358 0003924 148.6775 211.3405 01.00216654050783
1 12564U 81061A   04362.57286914 -.00000019  00000-0  10000-3 0  9378
2 12564 014.1090 009.8482 0005267 148.3627 211.7452 01.00218582 50887
1 12564U 81061A   04363.57050482 -.00000016 +00000-0 +10000-3 0 09386
2 12564 014.1089 009.8413 0005290 149.2662 210.7861 01.00218729050891
1 12564U 81061A   04363.57050721 -.00000016 +00000-0 +10000-3 0 09393
2 12564 014.1089 009.8413 0005290 149.2662 210.7870 01.00218729050891
1 12564U 81061A   05007.54827515 -.00000001  00000-0  10000-3 0  9382
2 12564 014.1132 009.7698 0004799 147.8184 212.2146 01.00220334 50999
1 12564U 81061A   05008.54610160 -.00000003 +00000-0 +10000-3 0 09392
2 12564 014.1133 009.7627 0004799 147.5541 212.4980 01.00220520051004
1 12564U 81061A   05009.54388088 -.00000004 +00000-0 +10000-3 0 09407
2 12564 014.1135 009.7552 0004802 147.5047 212.5511 01.00220707051018
1 12564U 81061A   05009.54388415 -.00000004  00000-0  10000-3 0  9399
2 12564 014.1138 009.7557 0004677 146.0013 214.0504 01.00220689 51011
1 12564U 81061A   05019.52142291  .00000008  00000-0  10000-3 0  9403
2 12564 014.1140 009.6808 0003706 145.5265 214.4858 01.00222426 51115
1 12564U 81061A   05020.51925684  .00000011  00000-0  10000-3 0  9425
2 12564 014.1164 009.6845 0003684 141.0019 219.0205 01.00222319 51124
1 12564U 81061A   05020.51926666  .00000000  00000-0  10000-3 0  9413
2 12564 014.1156 009.6780 0004350 153.6487 206.3962 01.00218633 51136
1 12564U 81061A   05021.51697920 +.00000013 +00000-0 +10000-3 0 09449
2 12564 014.1186 009.6695 0004486 147.4921 212.5587 01.00223144051133
1 12564U 81061A   05021.51708212  .00000013  00000-0  10000-3 0  9435
2 12564 014.1187 009.6698 0004480 147.4418 212.6467 01.00223147 51133
1 12564U 81061A   05031.49431054  .00000036  00000-0  10000-3 0  9446
2 12564 014.1217 009.5954 0004513 147.4427 212.6183 01.00225548 51231
1 12564U 81061A   05033.48973827 +.00000035 +00000-0 +10000-3 0 09456
2 12564 014.1218 009.5812 0004642 146.6485 213.4165 01.00226081051257
1 12564U 81061A   05034.48742523  .00000000  00000-0  10000-3 0  9456
2 12564 014.1191 009.5666 0004116 157.1030 202.9508 01.00222344 51266
1 12564U 81061A   05034.48743865  .00000035  00000-0  10000-3 0  9465
2 12564 014.1225 009.5729 0004504 147.5377 212.5204 01.00226334 51265
1 12564U 81061A   05036.48286211 +.00000031 +00000-0 +10000-3 0 09471
2 12564 014.1226 009.5576 0004618 147.0473 213.0181 01.00226879051280
1 12564U 81061A   05037.48056199  .00000029  00000-0  10000-3 0  9479
2 12564 014.1233 009.5499 0004508 147.5851 212.4756 01.00227137 51295
1 12564U 81061A   05039.47596672  .00000026  00000-0  10000-3 0  9494
2 12564 014.1229 009.5352 0004394 144.6401 215.4175 01.00227650 51311
1 12564U 81061A   05039.47599020  .00000000  00000-0  10000-3 0  9485
2 12564 014.1218 009.5359 0003565 153.2155 206.8423 01.00223689 51315
1 12564U 81061A   05040.47367889  .00000025  00000-0  10000-3 0  9503
2 12564 014.1238 009.5285 0004206 145.4204 214.6368 01.00227911 51324
1 12564U 81061A   05040.47367539 +.00000025 +00000-0 +10000-3 0 09505
2 12564 014.1232 009.5276 0004394 144.7432 215.3181 01.00227921051323
1 12564U 81061A   05049.45277503  .00000044  00000-0  10000-3 0  9515
2 12564 014.1265 009.4609 0004200 145.6674 214.3779 01.00230517 51419
1 12564U 81061A   05054.44111630  .00000055  00000-0  10000-3 0  9521
2 12564 014.1270 009.4227 0003736 147.2453 212.8104 01.00232033 51462
1 12564U 81061A   05057.43404277  .00000061  00000-0  10000-3 0  9533
2 12564 014.1277 009.3994 0003768 147.6571 212.3947 01.00232980 51493
1 12564U 81061A   05067.41026075  .00000050  00000-0  10000-3 0  9547
2 12564 014.1314 009.3280 0004049 144.9225 215.1050 01.00236217 51596
1 12564U 81061A   05067.41028611 +.00000049 +00000-0 +10000-3 0 09554
2 12564 014.1315 009.3284 0004043 144.9290 215.1077 01.00236218051597
1 12564U 81061A   05068.40788326 +.00000049 +00000-0 +10000-3 0 09561
2 12564 014.1321 009.3223 0004090 144.6797 215.3512 01.00236551051606
1 12564U 81061A   05069.40547968 +.00000050 +00000-0 +10000-3 0 09570
2 12564 014.1325 009.3169 0003931 142.0970 217.9262 01.00236885051618
1 12564U 81061A   05069.40550762  .00000000  00000-0  10000-3 0  9559
2 12564 014.1330 009.3196 0004175 141.3162 218.7179 01.00233112 51616
1 12564U 81061A   05079.38135238  .00000070  00000-0  10000-3 0  9562
2 12564 014.1358 009.2427 0003723 142.5890 217.4351 01.00240372 51716
1 12564U 81061A   05080.37892091 +.00000072 +00000-0 +10000-3 0 09573
2 12564 014.1366 009.2369 0003688 142.6231 217.4025 01.00240738051725
1 12564U 81061A   05081.37648337  .00000074  00000-0  10000-3 0  9578
2 12564 014.1371 009.2306 0003666 142.3738 217.6532 01.00241106 51733
1 12564U 81061A   05081.37648337 +.00000074 +00000-0 +10000-3 0 09589
2 12564 014.1371 009.2306 0003666 142.3738 217.6532 01.00241106051733
1 12564U 81061A   05085.36667008  .00000080  00000-0  10000-3 0  9585
2 12564 014.1382 009.2023 0003690 142.1182 217.8934 01.00242526 51778
1 12564U 81061A   05094.34443179  .00000067  00000-0  10000-3 0  9590
2 12564 014.1405 009.1331 0003617 140.1104 219.8932 01.00245825 51861
1 12564U 81061A   05096.33943197 +.00000066 +00000-0 +10000-3 0 09607
2 12564 014.1413 009.1177 0003563 140.3683 219.6295 01.00246587051880
1 12564U 81061A   05102.32435294  .00000075  00000-0  10000-3 0  9608
2 12564 014.1430 009.0723 0003563 140.5231 219.4541 01.00248849 51948
1 12564U 81061A   05103.32184385 +.00000077 +00000-0 +10000-3 0 09614
2 12564 014.1434 009.0667 0003583 136.1022 223.8751 01.00249239051957
1 12564U 81061A   05105.31683396  .00000080  00000-0  10000-3 0  9615
2 12564 014.1440 009.0517 0003599 136.2677 223.7232 01.00250007 51972
1 12564U 81061A   05106.31431406 +.00000082 +00000-0 +10000-3 0 09622
2 12564 014.1446 009.0453 0003534 136.0794 223.9171 01.00250406051982
1 12564U 81061A   05107.31178220 +.00000084 +00000-0 +10000-3 0 09638
2 12564 014.1450 009.0382 0003510 136.0436 223.9539 01.00250796051996
1 12564U 81061A   05107.31177924  .00000084  00000-0  10000-3 0  9627
2 12564 014.1451 009.0388 0003500 135.9081 224.0891 01.00250802 51997
1 12564U 81061A   05108.30924625  .00000086  00000-0  10000-3 0  9638
2 12564 014.1455 009.0348 0003419 134.4679 225.5325 01.00251218 52006
1 12564U 81061A   05110.30416448  .00000000  00000-0  10000-3 0  9647
2 12564 014.1459 009.0264 0002738 126.4424 233.5566 01.00248317 52023
1 12564U 81061A   05110.30415568 +.00000089 +00000-0 +10000-3 0 09646
2 12564 014.1461 009.0198 0003455 125.9120 234.0873 01.00252039052029
1 12564U 81061A   05111.30161005  .00000091  00000-0  10000-3 0  9655
2 12564 014.1465 009.0129 0003408 125.4622 234.5398 01.00252438 52038
1 12564U 81061A   05112.29904398 +.00000092 +00000-0 +10000-3 0 09666
2 12564 014.1469 009.0052 0003404 125.6772 234.3208 01.00252833052049
1 12564U 81061A   05112.29904118 +.00000092 +00000-0 +10000-3 0 09677
2 12564 014.1469 009.0058 0003373 125.1058 234.8918 01.00252836052048
1 12564U 81061A   05114.29390179  .00000093  00000-0  10000-3 0  9665
2 12564 014.1475 008.9907 0003448 123.8176 236.1754 01.00253642 52066
1 12564U 81061A   05116.28875832 +.00000091 +00000-0 +10000-3 0 09679
2 12564 014.1481 008.9756 0003445 123.8159 236.1734 01.00254424052082
1 12564U 81061A   05116.28875800 +.00000091 +00000-0 +10000-3 0 09685
2 12564 014.1481 008.9760 0003451 123.6508 236.3387 01.00254428052080
1 12564U 81061A   05117.28618684  .00000089  00000-0  10000-3 0  9677
2 12564 014.1484 008.9685 0003453 123.6553 236.3347 01.00254820 52094
1 12564U 81061A   05122.27327418  .00000077  00000-0  10000-3 0  9682
2 12564 014.1499 008.9313 0003457 124.7738 235.2208 01.00256819 52149
1 12564U 81061A   05123.27066209 +.00000076 +00000-0 +10000-3 0 09691
2 12564 014.1501 008.9245 0003508 124.0405 235.9469 01.00257217052158
1 12564U 81061A   05124.26805557 +.00000076 +00000-0 +10000-3 0 09700
2 12564 014.1504 008.9177 0003460 124.2550 235.7277 01.00257597052162
1 12564U 81061A   05124.26806068 +.00000076 +00000-0 +10000-3 0 09719
2 12564 014.1504 008.9183 0003450 124.1448 235.8389 01.00257596052167
1 12564U 81061A   05125.26542464  .00000000  00000-0  10000-3 0  9691
2 12564 014.1502 008.9167 0002396 126.8215 233.1515 01.00254290 52177
1 12564U 81061A   05125.26544620  .00000077  00000-0  10000-3 0  9703
2 12564 014.1506 008.9120 0003408 123.4597 236.5177 01.00257987 52178
1 12564U 81061A   05126.26283438 +.00000078 +00000-0 +10000-3 0 09713
2 12564 014.1509 008.9050 0003415 123.6692 236.3042 01.00258367052182
1 12564U 81061A   05131.24976194  .00000085  00000-0  10000-3 0  9713
2 12564 014.1521 008.8683 0003419 123.6505 236.3307 01.00260359 52238
1 12564U 81061A   05135.23926700  .00000092  00000-0  10000-3 0  9723
2 12564 014.1533 008.8382 0003416 124.1331 235.8681 01.00261962 52271
1 12564U 81061A   05141.22331531  .00000099  00000-0  10000-3 0  9739
2 12564 014.1552 008.7919 0003437 124.2011 235.8005 01.00264397 52338
1 12564U 81061A   05144.21528050  .00000095  00000-0  10000-3 0  9742
2 12564 014.1563 008.7757 0004977 122.8825 237.1250 01.00266109 52360
1 12564U 81061A   05145.21261724 +.00000092 +00000-0 +10000-3 0 09753
2 12564 014.1566 008.7682 0004913 122.7612 237.2546 01.00266496052372
1 12564U 81061A   05146.20991339  .00000000  00000-0  10000-3 0  9754
2 12564 014.1563 008.7620 0004288 127.3546 232.6595 01.00263065 52386
1 12564U 81061A   05147.20724542  .00000086  00000-0  10000-3 0  9760
2 12564 014.1571 008.7536 0004844 122.8126 237.2065 01.00267269 52397
1 12564U 81061A   05150.19913789  .00000080  00000-0  10000-3 0  9770
2 12564 014.1580 008.7312 0004713 124.2454 235.7739 01.00268447 52428
1 12564U 81061A   05150.19913697  .00000080  00000-0  10000-3 0  9789
2 12564 014.1578 008.7302 0004861 126.1574 233.8571 01.00268387 52428
1 12564U 81061A   05152.19370599  .00000079  00000-0  10000-3 0  9798
2 12564 014.1582 008.7136 0004552 129.8675 230.1430 01.00269119 52447
1 12564U 81061A   05152.19370599 +.00000079 +00000-0 +10000-3 0 09800
2 12564 014.1582 008.7136 0004552 129.8675 230.1430 01.00269119052447
1 12564U 81061A   05158.17733783  .00000086  00000-0  10000-3 0  9800
2 12564 014.1602 008.6718 0004306 126.7828 233.2321 01.00271601 52507
1 12564U 81061A   05159.17460125  .00000087  00000-0  10000-3 0  9810
2 12564 014.1601 008.6610 0004519 130.2373 229.7754 01.00271945 52510
1 12564U 81061A   05161.16913703  .00000090  00000-0  10000-3 0  9833
2 12564 014.1606 008.6464 0004518 129.9242 230.1011 01.00272768 52539
1 12564U 81061A   05161.16914913  .00000090  00000-0  10000-3 0  9826
2 12564 014.1610 008.6493 0004286 127.0431 232.9900 01.00272808 52539
1 12564U 81061A   05163.16365714 +.00000093 +00000-0 +10000-3 0 09842
2 12564 014.1613 008.6314 0004435 129.9057 230.1332 01.00273588052552
1 12564U 81061A   05166.15535810  .00000097  00000-0  10000-3 0  9844
2 12564 014.1625 008.6115 0004314 126.6406 233.4044 01.00274862 52587
1 12564U 81061A   05167.15255775 +.00000098 +00000-0 +10000-3 0 09867
2 12564 014.1627 008.6033 0004162 128.1002 231.9389 01.00275277052595
1 12564U 81061A   05167.15256652 +.00000098 +00000-0 +10000-3 0 09851
2 12564 014.1627 008.6033 0004232 127.5331 232.5081 01.00275274052594
1 12564U 81061A   05169.14698070  .00000098  00000-0  10000-3 0  9856
2 12564 014.1632 008.5888 0004123 128.0621 231.9765 01.00276120 52610
1 12564U 81061A   05169.14698070 +.00000098 +00000-0 +10000-3 0 09889
2 12564 014.1632 008.5888 0004123 128.0621 231.9765 01.00276120052610
1 12564U 81061A   05170.14418281 +.00000097 +00000-0 +10000-3 0 09862
2 12564 014.1635 008.5813 0004087 127.6019 232.4342 01.00276532052621
1 12564U 81061A   05170.14417996 +.00000097 +00000-0 +10000-3 0 09875
2 12564 014.1634 008.5816 0004183 127.6249 232.4097 01.00276535052625
1 12564U 81061A   05172.13861587  .00000093  00000-0  10000-3 0  9860
2 12564 014.1639 008.5673 0004368 126.6057 233.4368 01.00277352 52644
1 12564U 81061A   05173.13582504 +.00000089 +00000-0 +10000-3 0 09876
2 12564 014.1642 008.5598 0004368 126.6576 233.3882 01.00277757052650
1 12564U 81061A   05174.13301226  .00000000  00000-0  10000-3 0  9870
2 12564 014.1644 008.5526 0003919 128.0678 231.9801 01.00274445 52660
1 12564U 81061A   05174.13303060 +.00000086 +00000-0 +10000-3 0 09883
2 12564 014.1645 008.5523 0004364 126.7402 233.3091 01.00278161052669
1 12564U 81061A   05174.13303077 +.00000086 +00000-0 +10000-3 0 09892
2 12564 014.1645 008.5524 0004360 126.7575 233.2918 01.00278160052663
1 12564U 81061A   05176.12742005  .00000080  00000-0  10000-3 0  9884
2 12564 014.1650 008.5374 0004319 127.1018 232.9509 01.00278965 52680
1 12564U 81061A   05177.12460216  .00000078  00000-0  10000-3 0  9894
2 12564 014.1652 008.5299 0004627 125.3102 234.7373 01.00279357 52690
1 12564U 81061A   05177.12460075 +.00000078 +00000-0 +10000-3 0 09897
2 12564 014.1652 008.5300 0004301 127.0052 233.0458 01.00279365052690
1 12564U 81061A   05179.11895851 +.00000076 +00000-0 +10000-3 0 09913
2 12564 014.1659 008.5144 0004542 127.0781 232.9672 01.00280140052711
1 12564U 81061A   05182.11044936  .00000078  00000-0  10000-3 0  9908
2 12564 014.1667 008.4917 0004532 127.0399 233.0004 01.00281347 52745
1 12564U 81061A   05182.11045026 +.00000078 +00000-0 +10000-3 0 09910
2 12564 014.1667 008.4917 0004555 126.7868 233.2534 01.00281345052745
1 12564U 81061A   05183.10761555  .00000079  00000-0  10000-3 0  9913
2 12564 014.1670 008.4841 0004940 125.4643 234.5733 01.00281740 52755
1 12564U 81061A   05184.10480434 +.00000079 +00000-0 +10000-3 0 09929
2 12564 014.1673 008.4768 0004956 126.7696 233.2775 01.00282127052768
1 12564U 81061A   05186.09913732  .00000082  00000-0  10000-3 0  9925
2 12564 014.1678 008.4616 0005191 127.0771 232.9796 01.00282928 52785
1 12564U 81061A   05187.09631007 +.00000083 +00000-0 +10000-3 0 09930
2 12564 014.1681 008.4542 0005197 127.7130 232.3530 01.00283322052799
1 12564U 81061A   05188.09346814 +.00000084 +00000-0 +10000-3 0 09942
2 12564 014.1683 008.4466 0005202 127.7625 232.3099 01.00283723052809
1 12564U 81061A   05188.09346825 +.00000084 +00000-0 +10000-3 0 09955
2 12564 014.1683 008.4467 0005146 127.9125 232.1606 01.00283724052807
1 12564U 81061A   05188.09348891  .00000000  00000-0  10000-3 0  9936
2 12564 014.1685 008.4487 0005109 128.4218 231.6526 01.00279816 52801
1 12564U 81061A   05190.08775810  .00000087  00000-0  10000-3 0  9949
2 12564 014.1689 008.4315 0005166 127.9506 232.1303 01.00284526 52827
1 12564U 81061A   05190.08775828 +.00000086 +00000-0 +10000-3 0 09958
2 12564 014.1689 008.4315 0005075 128.4148 231.6676 01.00284530052826
1 12564U 81061A   05192.08201051 +.00000089 +00000-0 +10000-3 0 09977
2 12564 014.1696 008.4167 0004986 127.5499 232.5346 01.00285339052842
1 12564U 81061A   05193.07912742  .00000091  00000-0  10000-3 0  9954
2 12564 014.1698 008.4096 0005070 126.8610 233.2225 01.00285748 52856
1 12564U 81061A   05194.07624352 +.00000091 +00000-0 +10000-3 0 09963
2 12564 014.1701 008.4020 0005102 126.7700 233.3139 01.00286150052867
1 12564U 81061A   05195.07335210 +.00000092 +00000-0 +10000-3 0 09978
2 12564 014.1704 008.3940 0005059 127.1255 232.9575 01.00286543052877
1 12564U 81061A   05195.07334904 +.00000092 +00000-0 +10000-3 0 09988
2 12564 014.1705 008.3946 0004994 126.4911 233.5925 01.00286554052870
1 12564U 81061A   05195.07338506  .00000000  00000-0  10000-3 0  9967
2 12564 014.1702 008.3950 0005596 129.7173 230.3715 01.00282717 52876
1 12564U 81061A   05196.07044886  .00000092  00000-0  10000-3 0  9975
2 12564 014.1708 008.3870 0004949 126.5956 233.4856 01.00286952 52884
1 12564U 81061A   05197.06754888 +.00000091 +00000-0 +10000-3 0 09985
2 12564 014.1711 008.3794 0004921 126.7353 233.3453 01.00287352052894
1 12564U 81061A   05198.06464762 +.00000089 +00000-0 +10000-3 0 09993
2 12564 014.1714 008.3719 0004879 126.9515 233.1292 01.00287750052901
1 12564U 81061A   05198.06464447 +.00000089 +00000-0 +10000-3 0 00006
2 12564 014.1713 008.3712 0004893 128.3930 231.6867 01.00287746052902
1 12564U 81061A   05200.05884425  .00000084  00000-0  10000-3 0  9982
2 12564 014.1719 008.3568 0004870 127.5465 232.5383 01.00288546 52920
1 12564U 81061A   05204.04719002  .00000071  00000-0  10000-3 0  9990
2 12564 014.1730 008.3267 0004886 127.4269 232.6640 01.00290123 52962
1 12564U 81061A   05204.04718990 +.00000071 +00000-0 +10000-3 0 00008
2 12564 014.1730 008.3267 0004881 127.5012 232.5898 01.00290123052968
1 12564U 81061A   05206.04131298 +.00000068 +00000-0 +10000-3 0 00028
2 12564 014.1735 008.3110 0004939 128.7423 231.3416 01.00290903052984
1 12564U 81061A   05206.04131367 +.00000068 +00000-0 +10000-3 0 00036
2 12564 014.1735 008.3115 0005002 128.2925 231.7917 01.00290910052981
1 12564U 81061A   05207.03836833  .00000067  00000-0  10000-3 0    02
2 12564 014.1738 008.3040 0005092 128.4469 231.6327 01.00291299 52991
1 12564U 81061A   05208.03542334 +.00000067 +00000-0 +10000-3 0 00014
2 12564 014.1741 008.2965 0005095 128.6373 231.4405 01.00291691053003
1 12564U 81061A   05209.03247239 +.00000067 +00000-0 +10000-3 0 00022
2 12564 014.1744 008.2889 0005092 128.6886 231.3862 01.00292080053017
1 12564U 81061A   05209.03247236 +.00000067 +00000-0 +10000-3 0 00030
2 12564 014.1744 008.2889 0005092 128.7318 231.3431 01.00292080053010
1 12564U 81061A   05210.02952355  .00000068  00000-0  10000-3 0    15
2 12564 014.1747 008.2814 0005095 128.7744 231.2998 01.00292469 53026
1 12564U 81061A   05211.02657668 +.00000069 +00000-0 +10000-3 0 00027
2 12564 014.1750 008.2739 0005094 128.8726 231.2032 01.00292858053038
1 12564U 81061A   05212.02363023 +.00000069 +00000-0 +10000-3 0 00038
2 12564 014.1753 008.2663 0005091 128.9167 231.1620 01.00293245053048
1 12564U 81061A   05212.02363030 +.00000069 +00000-0 +10000-3 0 00047
2 12564 014.1753 008.2663 0005097 128.9244 231.1543 01.00293245053044
1 12564U 81061A   05213.02068408  .00000070  00000-0  10000-3 0    29
2 12564 014.1756 008.2588 0005093 129.0482 231.0353 01.00293633 53055
1 12564U 81061A   05214.01773462 +.00000071 +00000-0 +10000-3 0 00034
2 12564 014.1759 008.2513 0005058 129.0654 231.0231 01.00294019053063
1 12564U 81061A   05215.01478048 +.00000072 +00000-0 +10000-3 0 00049
2 12564 014.1762 008.2438 0005063 129.0508 231.0421 01.00294405053078
1 12564U 81061A   05215.01478048 +.00000072 +00000-0 +10000-3 0 00050
2 12564 014.1762 008.2438 0005042 129.1951 230.8983 01.00294406053079
1 12564U 81061A   05216.01185965  .00000000  00000-0  10000-3 0    33
2 12564 014.1765 008.2381 0005991 136.4044 223.6988 01.00290980 53085
1 12564U 81061A   05217.00885382 +.00000074 +00000-0 +10000-3 0 00056
2 12564 014.1768 008.2287 0005028 129.1248 230.9757 01.00295177053098
1 12564U 81061A   05218.00588204 +.00000075 +00000-0 +10000-3 0 00062
2 12564 014.1771 008.2211 0005044 129.1766 230.9263 01.00295561053103
1 12564U 81061A   05218.00588168 +.00000075 +00000-0 +10000-3 0 00072
2 12564 014.1771 008.2212 0004948 128.9654 231.1384 01.00295563053108
1 12564U 81061A   05219.00289723  .00000077  00000-0  10000-3 0    58
2 12564 014.1774 008.2137 0004992 128.2649 231.8389 01.00295951 53117
1 12564U 81061A   05220.99691654  .00000079  00000-0  10000-3 0    61
2 12564 014.1780 008.1997 0005433 133.3504 226.7580 01.00297028 53130
1 12564U 81061A   05221.99389641 +.00000079 +00000-0 +10000-3 0 00073
2 12564 014.1785 008.1931 0005697 134.3296 225.7687 01.00297459053140
1 12564U 81061A   05221.99390428  .00000079  00000-0  10000-3 0    89
2 12564 014.1784 008.1911 0004700 127.0372 233.0619 01.00297101 53146
1 12564U 81061A   05222.99091387  .00000000  00000-0  10000-3 0    75
2 12564 014.1786 008.1853 0005528 133.8406 226.2611 01.00293797 53159
1 12564U 81061A   05223.98789155  .00000078  00000-0  10000-3 0    99
2 12564 014.1793 008.1756 0006212 141.4713 218.6271 01.00298481 53169
1 12564U 81061A   05223.98788208  .00000079  00000-0  10000-3 0   100
2 12564 014.1789 008.1759 0004966 128.2561 231.8349 01.00297874 53163
1 12564U 81061A   05225.98188087 +.00000074 +00000-0 +10000-3 0 00117
2 12564 014.1795 008.1605 0005265 129.8894 230.2067 01.00298652053186
1 12564U 81061A   05227.97586528  .00000068  00000-0  10000-3 0   113
2 12564 014.1806 008.1451 0006289 142.2623 217.8459 01.00299876 53202
1 12564U 81061A   05229.96979399  .00000061  00000-0  10000-3 0   131
2 12564 014.1806 008.1303 0005320 130.1203 229.9705 01.00300143 53223
1 12564U 81061A   05229.96979399 +.00000061 +00000-0 +10000-3 0 00120
2 12564 014.1806 008.1303 0005320 130.1203 229.9705 01.00300143053223
1 12564U 81061A   05229.96982053  .00000000  00000-0  10000-3 0   124
2 12564 014.1808 008.1324 0006010 138.0560 222.0509 01.00296599 53223
1 12564U 81061A   05229.96983003 +.00000061 +00000-0 +10000-3 0 00149
2 12564 014.1806 008.1302 0005337 130.3020 229.8022 01.00300146053223
1 12564U 81061A   05231.96376098 +.00000055 +00000-0 +10000-3 0 00167
2 12564 014.1813 008.1154 0005380 130.4929 229.6077 01.00300890053249
1 12564U 81061A   05232.96071323  .00000053  00000-0  10000-3 0   147
2 12564 014.1816 008.1078 0005405 130.6616 229.4344 01.00301259 53256
1 12564U 81061A   05233.95765940 +.00000052 +00000-0 +10000-3 0 00152
2 12564 014.1818 008.1002 0005404 130.6856 229.4047 01.00301624053267
1 12564U 81061A   05233.95765931 +.00000052 +00000-0 +10000-3 0 00163
2 12564 014.1819 008.1001 0005418 130.7982 229.2922 01.00301626053265
1 12564U 81061A   05235.95154442  .00000052  00000-0  10000-3 0   153
2 12564 014.1824 008.0848 0005434 130.4627 229.6190 01.00302361 53280
1 12564U 81061A   05236.94848068  .00000000  00000-0  10000-3 0   161
2 12564 014.1831 008.0793 0005754 139.0015 221.0765 01.00299033 53294
1 12564U 81061A   05236.94848608 +.00000052 +00000-0 +10000-3 0 00168
2 12564 014.1828 008.0773 0005425 130.5272 229.5511 01.00302723053297
1 12564U 81061A   05237.94543137 +.00000052 +00000-0 +10000-3 0 00180
2 12564 014.1831 008.0699 0005439 130.6739 229.4035 01.00303084053305
1 12564U 81061A   05238.94237973  .00000052  00000-0  10000-3 0   178
2 12564 014.1834 008.0625 0005428 130.6594 229.4198 01.00303444 53315
1 12564U 81061A   05240.93627444 +.00000053 +00000-0 +10000-3 0 00188
2 12564 014.1840 008.0478 0005435 130.8878 229.1976 01.00304160053332
1 12564U 81061A   05242.93015957  .00000055  00000-0  10000-3 0   193
2 12564 014.1855 008.0402 0006494 149.1630 210.9125 01.00305266 53354
1 12564U 81061A   05243.92709047 +.00000056 +00000-0 +10000-3 0 00228
2 12564 014.1850 008.0259 0005460 131.4574 228.6381 01.00305229053362
1 12564U 81061A   05243.92710906  .00000000  00000-0  10000-3 0   201
2 12564 014.1854 008.0277 0006079 141.5427 218.5531 01.00301376 53366
1 12564U 81061A   05243.92711372  .00000056  00000-0  10000-3 0   211
2 12564 014.1850 008.0256 0005419 131.0217 229.0823 01.00305226 53366
1 12564U 81061A   05244.92401809 +.00000057 +00000-0 +10000-3 0 00236
2 12564 014.1853 008.0184 0005410 130.3466 229.7531 01.00305591053377
1 12564U 81061A   05246.91784471  .00000059  00000-0  10000-3 0   227
2 12564 014.1859 008.0038 0005431 130.4453 229.6512 01.00306290 53398
1 12564U 81061A   05246.91784549 +.00000059 +00000-0 +10000-3 0 00234
2 12564 014.1859 008.0040 0005361 129.7313 230.3668 01.00306294053394
1 12564U 81061A   05247.91474768 +.00000060 +00000-0 +10000-3 0 00247
2 12564 014.1862 007.9965 0005323 129.5954 230.4997 01.00306641053403
1 12564U 81061A   05248.91164573 +.00000060 +00000-0 +10000-3 0 00259
2 12564 014.1865 007.9892 0005247 129.2803 230.8123 01.00306989053411
1 12564U 81061A   05250.90543143  .00000060  00000-0  10000-3 0   244
2 12564 014.1878 007.9777 0006150 146.6051 213.4763 01.00308103 53438
1 12564U 81061A   05250.90543143 +.00000060 +00000-0 +10000-3 0 00266
2 12564 014.1878 007.9777 0006150 146.6051 213.4763 01.00308103053438
1 12564U 81061A   05250.90544831  .00000000  00000-0  10000-3 0   232
2 12564 014.1875 007.9753 0006061 143.1674 216.9165 01.00303833 53432
1 12564U 81061A   05252.89919721  .00000056  00000-0  10000-3 0   259
2 12564 014.1877 007.9582 0005381 130.6769 229.4004 01.00308370 53458
1 12564U 81061A   05253.89610419 +.00000053 +00000-0 +10000-3 0 00260
2 12564 014.1879 007.9507 0005319 130.4224 229.6600 01.00308702053466
1 12564U 81061A   05253.89610459 +.00000053 +00000-0 +10000-3 0 00275
2 12564 014.1880 007.9508 0005382 130.4718 229.6120 01.00308710053463
1 12564U 81061A   05253.89610233 +.00000053 +00000-0 +10000-3 0 00286
2 12564 014.1880 007.9508 0005371 130.3994 229.6840 01.00308712053467
1 12564U 81061A   05255.88988099  .00000046  00000-0  10000-3 0   265
2 12564 014.1886 007.9357 0005391 130.1914 229.8953 01.00309385 53483
1 12564U 81061A   05255.88988099 +.00000046 +00000-0 +10000-3 0 00300
2 12564 014.1886 007.9357 0005391 130.1914 229.8953 01.00309385053483
1 12564U 81061A   05256.88676195 +.00000042 +00000-0 +10000-3 0 00274
2 12564 014.1889 007.9282 0005438 130.7607 229.3248 01.00309714053499
1 12564U 81061A   05257.88364007 +.00000038 +00000-0 +10000-3 0 00287
2 12564 014.1891 007.9207 0005448 130.8758 229.2094 01.00310043053505
1 12564U 81061A   05257.88364756  .00000000  00000-0  10000-3 0   276
2 12564 014.1899 007.9236 0006440 149.3717 210.7083 01.00306322 53506
1 12564U 81061A   05258.88050776  .00000036  00000-0  10000-3 0   281
2 12564 014.1894 007.9134 0005566 132.0267 228.0540 01.00310369 53512
1 12564U 81061A   05258.88051362 +.00000035 +00000-0 +10000-3 0 00293
2 12564 014.1894 007.9134 0005565 132.0254 228.0575 01.00310370053517
1 12564U 81061A   05260.87422357 +.00000031 +00000-0 +10000-3 0 00309
2 12564 014.1900 007.8984 0005623 132.6679 227.4030 01.00311018053530
1 12564U 81061A   05261.87107416  .00000030  00000-0  10000-3 0   293
2 12564 014.1902 007.8905 0005705 134.1398 225.9253 01.00311345 53545
1 12564U 81061A   05262.86792038 +.00000029 +00000-0 +10000-3 0 00303
2 12564 014.1905 007.8830 0005730 134.4865 225.5727 01.00311667053555
1 12564U 81061A   05263.86476784 +.00000029 +00000-0 +10000-3 0 00312
2 12564 014.1908 007.8754 0005804 135.2971 224.7567 01.00311984053568
1 12564U 81061A   05264.86162106  .00000029  00000-0  10000-3 0   302
2 12564 014.1910 007.8679 0005825 135.5208 224.5316 01.00312300 53570
1 12564U 81061A   05265.85847456 +.00000029 +00000-0 +10000-3 0 00311
2 12564 014.1913 007.8596 0005918 137.4360 222.6174 01.00312624053585
1 12564U 81061A   05266.85532459 +.00000029 +00000-0 +10000-3 0 00327
2 12564 014.1916 007.8520 0005950 137.8085 222.2445 01.00312936053593
1 12564U 81061A   05267.85218029  .00000029  00000-0  10000-3 0   311
2 12564 014.1919 007.8448 0005961 137.7604 222.2958 01.00313248 53601
1 12564U 81061A   05270.84272735  .00000031  00000-0  10000-3 0   322
2 12564 014.1928 007.8232 0005953 137.7581 222.3103 01.00314189 53638
1 12564U 81061A   05271.83955870 +.00000031 +00000-0 +10000-3 0 00331
2 12564 014.1931 007.8157 0005965 137.9081 222.1593 01.00314493053648
1 12564U 81061A   05271.83957618  .00000000  00000-0  10000-3 0   339
2 12564 014.1942 007.8197 0006831 159.6898 200.3628 01.00310512 53649
1 12564U 81061A   05272.83638962 +.00000032 +00000-0 +10000-3 0 00355
2 12564 014.1934 007.8096 0005987 138.0660 222.0012 01.00314800053650
1 12564U 81061A   05274.83003511  .00000034  00000-0  10000-3 0   344
2 12564 014.1939 007.7950 0006007 138.4945 221.5693 01.00315395 53678
1 12564U 81061A   05275.82685027 +.00000034 +00000-0 +10000-3 0 00353
2 12564 014.1942 007.7875 0005987 138.3477 221.7142 01.00315690053683
1 12564U 81061A   05275.82684888 +.00000034 +00000-0 +10000-3 0 00368
2 12564 014.1942 007.7876 0006017 138.8979 221.1638 01.00315694053689
1 12564U 81061A   05275.82684737 +.00000034 +00000-0 +10000-3 0 00372
2 12564 014.1942 007.7877 0006020 138.9212 221.1403 01.00315696053687
1 12564U 81061A   05277.82046345  .00000034  00000-0  10000-3 0   359
2 12564 014.1948 007.7728 0005993 138.7886 221.2670 01.00316281 53702
1 12564U 81061A   05279.81407359 +.00000031 +00000-0 +10000-3 0 00364
2 12564 014.1954 007.7573 0006062 140.2786 219.7721 01.00316859053724
1 12564U 81061A   05281.80768605  .00000025  00000-0  10000-3 0   363
2 12564 014.1960 007.7419 0006081 140.9795 219.0711 01.00317421 53748
1 12564U 81061A   05281.80768605 +.00000024 +00000-0 +10000-3 0 00373
2 12564 014.1960 007.7419 0006081 140.9795 219.0711 01.00317421053748
1 12564U 81061A   05282.80449144 +.00000020 +00000-0 +10000-3 0 00374
2 12564 014.1963 007.7343 0006077 140.9449 219.1070 01.00317698053754
1 12564U 81061A   05282.80449142 +.00000020 +00000-0 +10000-3 0 00383
2 12564 014.1963 007.7343 0006090 141.1143 218.9373 01.00317697053755
1 12564U 81061A   05284.79808998  .00000012  00000-0  10000-3 0   371
2 12564 014.1969 007.7199 0006080 140.9572 219.0951 01.00318244 53777
1 12564U 81061A   05284.79809149 +.00000012 +00000-0 +10000-3 0 00381
2 12564 014.1970 007.7200 0006145 141.6556 218.3972 01.00318248053773
1 12564U 81061A   05284.79809103 +.00000012 +00000-0 +10000-3 0 00392
2 12564 014.1970 007.7201 0006145 141.7532 218.2995 01.00318249053774
1 12564U 81061A   05285.79488869  .00000000  00000-0  10000-3 0   381
2 12564 014.1982 007.7212 0006316 160.0553 199.9804 01.00314667 53781
1 12564U 81061A   05286.79166014  .00000006  00000-0  10000-3 0   394
2 12564 014.1978 007.7041 0006367 146.7110 213.3341 01.00318801 53794
1 12564U 81061A   05287.78842728 +.00000003 +00000-0 +10000-3 0 00406
2 12564 014.1981 007.6963 0006461 147.8947 212.1413 01.00319065053807
1 12564U 81061A   05288.78519750 +.00000001 +00000-0 +10000-3 0 00412
2 12564 014.1984 007.6890 0006468 147.9015 212.1288 01.00319329053817
1 12564U 81061A   05289.78196400  .00000000  00000-0  10000-3 0   404
2 12564 014.1987 007.6814 0006477 148.4200 211.6043 01.00319592 53824
1 12564U 81061A   05294.76582745 -.00000003  00000-0  10000-3 0   414
2 12564 014.2000 007.6458 0006473 148.4775 211.5406 01.00320855 53879
1 12564U 81061A   05295.76260976 -.00000003 +00000-0 +10000-3 0 00425
2 12564 014.2003 007.6387 0006473 148.5220 211.5011 01.00321101053887
1 12564U 81061A   05295.76261037 -.00000003 +00000-0 +10000-3 0 00435
2 12564 014.2002 007.6389 0006473 148.5212 211.5019 01.00321101053887
1 12564U 81061A   05297.75615914 -.00000002  00000-0  10000-3 0   421
2 12564 014.2009 007.6238 0006567 150.0281 210.0017 01.00321588 53909
1 12564U 81061A   05297.75615914 -.00000003 +00000-0 +10000-3 0 00444
2 12564 014.2009 007.6238 0006567 150.0281 210.0017 01.00321588053909
1 12564U 81061A   05297.75615779 -.00000003 +00000-0 +10000-3 0 00432
2 12564 014.2009 007.6240 0006574 150.0800 209.9494 01.00321589053904
1 12564U 81061A   05298.75292527 -.00000002 +00000-0 +10000-3 0 00445
2 12564 014.2012 007.6167 0006569 149.8399 210.1921 01.00321825053912
1 12564U 81061A   05302.73994012  .00000000  00000-0  10000-3 0   433
2 12564 014.2024 007.5866 0006570 149.5003 210.5312 01.00322743 53953
1 12564U 81061A   05303.73668004 -.00000000 +00000-0 +10000-3 0 00445
2 12564 014.2026 007.5797 0006580 149.6775 210.3504 01.00322966053965
1 12564U 81061A   05308.72038410 -.00000010 +00000-0 +10000-3 0 00442
2 12564 014.2043 007.5416 0006605 152.3146 207.7072 01.00324024054017
1 12564U 81061A   05309.71712628 -.00000014 +00000-0 +10000-3 0 00457
2 12564 014.2046 007.5343 0006609 152.3870 207.6368 01.00324227054020
1 12564U 81061A   05311.71060314 -.00000023  00000-0  10000-3 0   458
2 12564 014.2052 007.5192 0006615 152.2363 207.7908 01.00324622 54044
1 12564U 81061A   05311.71060453 -.00000023 +00000-0 +10000-3 0 00463
2 12564 014.2052 007.5193 0006617 152.9188 207.1075 01.00324619054044
1 12564U 81061A   05312.70733576 -.00000027 +00000-0 +10000-3 0 00471
2 12564 014.2055 007.5117 0006620 152.6424 207.3842 01.00324812054057
1 12564U 81061A   05313.70408258  .00000000  00000-0  10000-3 0   467
2 12564 014.2063 007.5118 0006634 160.7848 199.2335 01.00321001 54066
1 12564U 81061A   05314.70077716 -.00000034  00000-0  10000-3 0   467
2 12564 014.2061 007.4974 0006626 152.9485 207.0713 01.00325187 54072
1 12564U 81061A   05314.70077716 -.00000034 +00000-0 +10000-3 0 00490
2 12564 014.2061 007.4974 0006626 152.9485 207.0713 01.00325187054072
1 12564U 81061A   05314.70077828 -.00000034 +00000-0 +10000-3 0 00472
2 12564 014.2061 007.4978 0006617 152.9799 207.0396 01.00325186054070
1 12564U 81061A   05315.69749055 -.00000036 +00000-0 +10000-3 0 00482
2 12564 014.2064 007.4905 0006617 152.9798 207.0345 01.00325367054088
1 12564U 81061A   05317.69091288 -.00000040  00000-0  10000-3 0   476
2 12564 014.2069 007.4759 0006614 153.8440 206.1598 01.00325722 54109
1 12564U 81061A   05318.68762490 -.00000041 +00000-0 +10000-3 0 00488
2 12564 014.2072 007.4688 0006607 153.8209 206.1792 01.00325894054116
1 12564U 81061A   05318.68762727 -.00000041 +00000-0 +10000-3 0 00492
2 12564 014.2071 007.4691 0006637 154.0330 205.9667 01.00325890054114
1 12564U 81061A   05320.68106520 -.00000043  00000-0  10000-3 0   489
2 12564 014.2078 007.4545 0006617 156.6913 203.3061 01.00326230 54133
1 12564U 81061A   05320.68106520 -.00000043 +00000-0 +10000-3 0 00513
2 12564 014.2078 007.4545 0006617 156.6913 203.3061 01.00326230054133
1 12564U 81061A   05321.67779155 -.00000044  00000-0  10000-3 0   503
2 12564 014.2081 007.4475 0006698 160.3521 199.6420 01.00326384 54142
1 12564U 81061A   05321.67780065 -.00000043  00000-0  10000-3 0   515
2 12564 014.2097 007.4560 0006448 167.1713 192.8081 01.00326319 54141
1 12564U 81061A   05321.67784953  .00000000  00000-0  10000-3 0   494
2 12564 014.2086 007.4591 0007178 160.9890 199.0123 01.00322187 54146
1 12564U 81061A   05322.67455028 -.00000044 +00000-0 +10000-3 0 00526
2 12564 014.2101 007.4489 0006444 167.6332 192.3588 01.00326486054158
1 12564U 81061A   05324.66799884 -.00000045  00000-0  10000-3 0   529
2 12564 014.2107 007.4343 0006460 167.7647 192.2364 01.00326801 54175
1 12564U 81061A   05325.66471843 -.00000045 +00000-0 +10000-3 0 00533
2 12564 014.2110 007.4269 0006469 167.8674 192.1375 01.00326954054187
1 12564U 81061A   05325.66471795 -.00000045 +00000-0 +10000-3 0 00540
2 12564 014.2109 007.4270 0006466 167.7738 192.2312 01.00326955054187
1 12564U 81061A   05326.66143292 -.00000045 +00000-0 +10000-3 0 00550
2 12564 014.2113 007.4195 0006472 167.3664 192.6419 01.00327105054190
1 12564U 81061A   05327.65814302 -.00000044  00000-0  10000-3 0   545
2 12564 014.2115 007.4120 0006454 167.0993 192.9108 01.00327250 54203
1 12564U 81061A   05327.65817296  .00000000  00000-0  10000-3 0   530
2 12564 014.2103 007.4155 0006972 161.1472 198.8754 01.00323135 54200
1 12564U 81061A   05329.65154555 -.00000044 +00000-0 +10000-3 0 00566
2 12564 014.2122 007.3963 0006604 165.5097 194.5024 01.00327544054223
1 12564U 81061A   05330.64824062 -.00000044 +00000-0 +10000-3 0 00564
2 12564 014.2124 007.3892 0006595 165.9688 194.0414 01.00327685054230
1 12564U 81061A   05330.64824382 -.00000044  00000-0  10000-3 0   558
2 12564 014.2124 007.3892 0006595 165.9727 194.0386 01.00327685 54232
1 12564U 81061A   05331.64493712 -.00000044 +00000-0 +10000-3 0 00570
2 12564 014.2127 007.3818 0006609 165.7769 194.2324 01.00327819054247
1 12564U 81061A   05332.64163222 -.00000046 +00000-0 +10000-3 0 00584
2 12564 014.2129 007.3742 0006608 165.1655 194.8437 01.00327951054251
1 12564U 81061A   05333.63832794 -.00000047  00000-0  10000-3 0   560
2 12564 014.2132 007.3668 0006620 164.8365 195.1726 01.00328076 54265
1 12564U 81061A   05334.63502641 -.00000050 +00000-0 +10000-3 0 00571
2 12564 014.2135 007.3595 0006639 164.6545 195.3559 01.00328199054278
1 12564U 81061A   05335.63172695 -.00000054 +00000-0 +10000-3 0 00589
2 12564 014.2138 007.3520 0006641 164.6769 195.3354 01.00328316054285
1 12564U 81061A   05335.63173648  .00000000  00000-0  10000-3 0   577
2 12564 014.2136 007.3562 0005945 168.6387 191.3698 01.00324392 54282
1 12564U 81061A   05336.62842941 -.00000057  00000-0  10000-3 0   580
2 12564 014.2141 007.3445 0006642 164.6825 195.3328 01.00328428 54295
1 12564U 81061A   05337.62513184 -.00000062 +00000-0 +10000-3 0 00592
2 12564 014.2144 007.3369 0006678 164.6889 195.3302 01.00328539054309
1 12564U 81061A   05337.62513080 -.00000062 +00000-0 +10000-3 0 00609
2 12564 014.2144 007.3371 0006684 164.6243 195.3942 01.00328539054303
1 12564U 81061A   05338.62183151 -.00000067 +00000-0 +10000-3 0 00618
2 12564 014.2147 007.3297 0006601 165.3208 194.6989 01.00328636054313
1 12564U 81061A   05340.61521903 -.00000076  00000-0  10000-3 0   598
2 12564 014.2155 007.3177 0006556 165.4297 194.5875 01.00328814 54330
1 12564U 81061A   05340.61523010 -.00000076 +00000-0 +10000-3 0 00601
2 12564 014.2155 007.3174 0006623 165.2398 194.7829 01.00328826054336
1 12564U 81061A   05341.61190956 -.00000080 +00000-0 +10000-3 0 00617
2 12564 014.2159 007.3107 0006484 165.4251 194.5914 01.00328909054347
1 12564U 81061A   05341.61191650  .00000000  00000-0  10000-3 0   609
2 12564 014.2152 007.3104 0005723 169.1416 190.8741 01.00324952 54358
1 12564U 81061A   05343.60526729 -.00000085  00000-0  10000-3 0   614
2 12564 014.2162 007.2992 0005367 171.3296 188.6536 01.00328507 54366
1 12564U 81061A   05346.59536761 -.00000090  00000-0  10000-3 0   629
2 12564 014.2171 007.2761 0005367 171.9622 188.0361 01.00328960 54395
1 12564U 81061A   05348.58874262 -.00000093 +00000-0 +10000-3 0 00646
2 12564 014.2177 007.2617 0005165 173.3753 186.6188 01.00329075054410
1 12564U 81061A   05351.57884467 -.00000096  00000-0  10000-3 0   639
2 12564 014.2190 007.2374 0006494 165.8225 194.2207 01.00329631 54449
1 12564U 81061A   05352.57547778 -.00000096 +00000-0 +10000-3 0 00642
2 12564 014.2188 007.2296 0005919 167.6818 192.3409 01.00329701054450
1 12564U 81061A   05353.57216707 -.00000096 +00000-0 +10000-3 0 00659
2 12564 014.2191 007.2221 0005976 167.7713 192.2536 01.00329740054464
1 12564U 81061A   05354.56885703 -.00000096 +00000-0 +10000-3 0 00668
2 12564 014.2193 007.2145 0006048 167.5856 192.4426 01.00329778054470
1 12564U 81061A   05355.56554210 -.00000096  00000-0  10000-3 0   654
2 12564 014.2196 007.2071 0006049 167.5258 192.5038 01.00329817 54483
1 12564U 81061A   05356.56222371 -.00000096 +00000-0 +10000-3 0 00666
2 12564 014.2199 007.1996 0006034 168.0298 191.9992 01.00329846054490
1 12564U 81061A   05356.56222538 -.00000096  00000-0  10000-3 0   672
2 12564 014.2199 007.1997 0005800 169.5143 190.5122 01.00329845 54495
1 12564U 81061A   05356.56228485  .00000000  00000-0  10000-3 0   662
2 12564 014.2198 007.2023 0004712 177.7466 182.2741 01.00325571 54492
1 12564U 81061A   05357.55890562 -.00000096 +00000-0 +10000-3 0 00681
2 12564 014.2202 007.1922 0005815 169.4413 190.5855 01.00329877054503
1 12564U 81061A   05359.55225902 -.00000097  00000-0  10000-3 0   684
2 12564 014.2207 007.1772 0005757 169.9358 190.0884 01.00329930 54528
1 12564U 81061A   05359.55225902 -.00000097 +00000-0 +10000-3 0 00707
2 12564 014.2207 007.1772 0005757 169.9358 190.0884 01.00329930054528
1 12564U 81061A   05360.54893771 -.00000099 +00000-0 +10000-3 0 00693
2 12564 014.2210 007.1697 0005761 169.9290 190.0950 01.00329951054536
1 12564U 81061A   05362.54230297 -.00000104  00000-0  10000-3 0   690
2 12564 014.2216 007.1546 0005763 169.9715 190.0555 01.00329981 54555
1 12564U 81061A   05362.54230307 -.00000105 +00000-0 +10000-3 0 00705
2 12564 014.2215 007.1546 0005706 170.3912 189.6347 01.00329979054556
1 12564U 81061A   05363.53899121 -.00000109 +00000-0 +10000-3 0 00715
2 12564 014.2218 007.1471 0005724 170.3237 189.7058 01.00329987054566
1 12564U 81061A   05363.53902477  .00000000  00000-0  10000-3 0   702
2 12564 014.2214 007.1447 0004538 177.5320 182.4919 01.00325814 54560
1 12564U 81061A   05365.53236751 -.00000118  00000-0  10000-3 0   711
2 12564 014.2224 007.1319 0005833 170.0649 189.9715 01.00329986 54582
1 12564U 81061A   06001.52904283 -.00000123 +00000-0 +10000-3 0 00727
2 12564 014.2227 007.1246 0005660 171.6116 188.4242 01.00329975054596
1 12564U 81061A   06004.51907050 -.00000134  00000-0  10000-3 0   726
2 12564 014.2233 007.1099 0003781 172.7213 187.2669 01.00329530 54622
1 12564U 81061A   06008.50587373 -.00000144  00000-0  10000-3 0   733
2 12564 014.2243 007.0800 0002886 170.4651 189.5350 01.00329358 54662
1 12564U 81061A   06009.50259567 -.00000146 +00000-0 +10000-3 0 00748
2 12564 014.2247 007.0732 0003269 172.2296 187.7825 01.00329213054679
1 12564U 81061A   06009.50259854 -.00000146  00000-0  10000-3 0   747
2 12564 014.2247 007.0735 0003462 174.0765 185.9377 01.00329208 54674
1 12564U 81061A   06011.49598231 -.00000149 +00000-0 +10000-3 0 00757
2 12564 014.2252 007.0588 0003546 175.0985 184.9211 01.00329152054690
1 12564U 81061A   06012.49267234  .00000000  00000-0  10000-3 0   759
2 12564 014.2255 007.0479 0003315 173.7294 186.2966 01.00325229 54709
1 12564U 81061A   06012.49267679 -.00000150  00000-0  10000-3 0   760
2 12564 014.2259 007.0429 0006155 170.8180 189.2634 01.00329617 54705
1 12564U 81061A   06013.48923144 -.00000151 +00000-0 +10000-3 0 00778
2 12564 014.2261 007.0354 0006197 170.5458 189.4891 01.00329564054715
1 12564U 81061A   06013.48923375 -.00000151 +00000-0 +10000-3 0 00785
2 12564 014.2261 007.0352 0006232 170.6745 189.3603 01.00329557054715
1 12564U 81061A   06016.47931659 -.00000151  00000-0  10000-3 0   770
2 12564 014.2269 007.0126 0006250 170.6083 189.4380 01.00329385 54742
1 12564U 81061A   06016.47931775 -.00000152 +00000-0 +10000-3 0 00781
2 12564 014.2269 007.0126 0006264 170.6487 189.3977 01.00329383054744
1 12564U 81061A   06018.47269299 -.00000151 +00000-0 +10000-3 0 00800
2 12564 014.2274 006.9975 0006230 170.9527 189.0942 01.00329246054760
1 12564U 81061A   06022.45943040 -.00000153  00000-0  10000-3 0   785
2 12564 014.2285 006.9679 0006064 171.3431 188.6951 01.00328918 54802
1 12564U 81061A   06023.45612952 -.00000155 +00000-0 +10000-3 0 00794
2 12564 014.2288 006.9602 0006039 171.4893 188.5521 01.00328830054812
1 12564U 81061A   06023.45612972 -.00000155 +00000-0 +10000-3 0 00808
2 12564 014.2288 006.9603 0005923 171.9351 188.1049 01.00328829054817
1 12564U 81061A   06024.45282513 -.00000158 +00000-0 +10000-3 0 00817
2 12564 014.2291 006.9528 0005920 171.9740 188.0678 01.00328738054823
1 12564U 81061A   06025.44952195 -.00000161  00000-0  10000-3 0   798
2 12564 014.2294 006.9453 0005885 172.1645 187.8786 01.00328643 54833
1 12564U 81061A   06027.44292416 -.00000170 +00000-0 +10000-3 0 00805
2 12564 014.2300 006.9301 0005895 172.2196 187.8294 01.00328440054857
1 12564U 81061A   06030.43301408 -.00000184  00000-0  10000-3 0   805
2 12564 014.2308 006.9074 0005951 171.9809 188.0689 01.00328106 54885
1 12564U 81061A   06032.42638877 -.00000190  00000-0  10000-3 0   817
2 12564 014.2311 006.9019 0005501 174.2013 185.8029 01.00327678 54901
1 12564U 81061A   06037.40996007 -.00000201  00000-0  10000-3 0   826
2 12564 014.2325 006.8663 0004186 162.5310 197.4656 01.00326796 54958
1 12564U 81061A   06039.40349062 -.00000203  00000-0  10000-3 0   834
2 12564 014.2333 006.8518 0004610 167.8643 192.1656 01.00326268 54973
1 12564U 81061A   06041.39695192 -.00000205  00000-0  10000-3 0   846
2 12564 014.2343 006.8281 0004048 180.7004 179.3790 01.00326559 54992
1 12564U 81061A   06043.39025167 -.00000205 +00000-0 +10000-3 0 00858
2 12564 014.2349 006.8131 0003991 181.6899 178.3421 01.00326243055014
1 12564U 81061A   06043.39025270 -.00000205 +00000-0 +10000-3 0 00864
2 12564 014.2349 006.8135 0003961 181.4686 178.5629 01.00326241055017
1 12564U 81061A   06044.38697373 -.00000204  00000-0  10000-3 0   851
2 12564 014.2351 006.8062 0003870 181.7362 178.2957 01.00326076 55020
1 12564U 81061A   06046.38041147 -.00000203 +00000-0 +10000-3 0 00876
2 12564 014.2357 006.7912 0003915 181.1684 178.8618 01.00325731055049
1 12564U 81061A   06047.37712960 -.00000203  00000-0  10000-3 0   863
2 12564 014.2360 006.7839 0003909 181.3192 178.7093 01.00325556 55052
1 12564U 81061A   06047.37712960 -.00000203 +00000-0 +10000-3 0 00885
2 12564 014.2360 006.7839 0003909 181.3192 178.7093 01.00325556055052
1 12564U 81061A   06047.37723650  .00000000  00000-0  10000-3 0   865
2 12564 014.2358 006.7930 0004695 178.3065 181.7286 01.00321043 55054
1 12564U 81061A   06048.37384703 -.00000203 +00000-0 +10000-3 0 00875
2 12564 014.2362 006.7763 0003898 180.4322 179.5931 01.00325373055060
1 12564U 81061A   06048.37385196 -.00000203 +00000-0 +10000-3 0 00883
2 12564 014.2362 006.7765 0003891 180.4304 179.5960 01.00325370055064
1 12564U 81061A   06049.37057256 -.00000204 +00000-0 +10000-3 0 00899
2 12564 014.2365 006.7690 0003893 180.4512 179.5736 01.00325189055077
1 12564U 81061A   06052.36075525 -.00000210  00000-0  10000-3 0   876
2 12564 014.2372 006.7473 0003701 175.4450 184.5689 01.00324576 55103
1 12564U 81061A   06053.35751989 -.00000214 +00000-0 +10000-3 0 00897
2 12564 014.2375 006.7399 0003788 176.9556 183.0698 01.00324378055116
1 12564U 81061A   06053.35752959 -.00000214 +00000-0 +10000-3 0 00884
2 12564 014.2376 006.7391 0003797 176.6537 183.3778 01.00324394055115
1 12564U 81061A   06054.35426726 -.00000218 +00000-0 +10000-3 0 00902
2 12564 014.2378 006.7325 0003814 176.4319 183.5973 01.00324177055129
1 12564U 81061A   06060.33468050 -.00000240  00000-0  10000-3 0   885
2 12564 014.2395 006.6867 0003998 180.5882 179.4252 01.00322905 55189
1 12564U 81061A   06060.33468050 -.00000240 +00000-0 +10000-3 0 00919
2 12564 014.2395 006.6867 0003998 180.5882 179.4252 01.00322905055189
1 12564U 81061A   06060.33468565 -.00000240  00000-0  10000-3 0   886
2 12564 014.2395 006.6867 0003998 180.5882 179.4271 01.00322905 55180
1 12564U 81061A   06061.33147211  .00000000  00000-0  10000-3 0   893
2 12564 014.2398 006.6850 0004624 178.6792 181.3309 01.00318494 55193
1 12564U 81061A   06063.32488609 -.00000246  00000-0  10000-3 0   908
2 12564 014.2405 006.6666 0004570 177.0188 182.9637 01.00322173 55212
1 12564U 81061A   06065.31844366 -.00000248  00000-0  10000-3 0   918
2 12564 014.2415 006.6580 0004724 175.0951 184.8690 01.00321410 55230
1 12564U 81061A   06067.31208648 -.00000250  00000-0  10000-3 0   921
2 12564 014.2416 006.6408 0004899 169.0695 190.9418 01.00321075 55256
1 12564U 81061A   06068.30886030 -.00000250  00000-0  10000-3 0   939
2 12564 014.2416 006.6344 0005090 167.0314 192.9747 01.00320795 55261
1 12564U 81061A   06068.30888721 -.00000250 +00000-0 +10000-3 0 00949
2 12564 014.2420 006.6349 0004903 167.6791 192.3342 01.00320755055269
1 12564U 81061A   06070.30244889 -.00000249  00000-0  10000-3 0   941
2 12564 014.2426 006.6200 0004770 166.7670 193.2506 01.00320263 55287
1 12564U 81061A   06070.30244889 -.00000249 +00000-0 +10000-3 0 00963
2 12564 014.2426 006.6200 0004770 166.7670 193.2506 01.00320263055287
1 12564U 81061A   06071.29923122 -.00000249 +00000-0 +10000-3 0 00955
2 12564 014.2429 006.6124 0004766 166.8298 193.1901 01.00320014055290
1 12564U 81061A   06072.29600718 -.00000248 +00000-0 +10000-3 0 00969
2 12564 014.2432 006.6056 0004534 165.0785 194.9380 01.00319764055305
1 12564U 81061A   06072.29601652 -.00000248 +00000-0 +10000-3 0 00978
2 12564 014.2432 006.6056 0004530 165.0997 194.9202 01.00319765055300
1 12564U 81061A   06073.29279215 -.00000247  00000-0  10000-3 0   952
2 12564 014.2435 006.5979 0004501 165.2969 194.7208 01.00319509 55316
1 12564U 81061A   06074.28956836 -.00000246 +00000-0 +10000-3 0 00963
2 12564 014.2438 006.5904 0004531 166.8002 193.2153 01.00319249055320
1 12564U 81061A   06076.28312277 -.00000245  00000-0  10000-3 0   969
2 12564 014.2444 006.5753 0004522 166.7349 193.2732 01.00318726 55346
1 12564U 81061A   06078.27669827 -.00000247 +00000-0 +10000-3 0 00979
2 12564 014.2448 006.5610 0004534 167.2270 192.7772 01.00318193055362
1 12564U 81061A   06081.26710361 -.00000255  00000-0  10000-3 0   971
2 12564 014.2457 006.5377 0004540 167.3580 192.6493 01.00317370 55392
1 12564U 81061A   06082.26391099 -.00000259 +00000-0 +10000-3 0 00980
2 12564 014.2460 006.5302 0004539 167.3638 192.6442 01.00317090055401
1 12564U 81061A   06082.26401556  .00000000  00000-0  10000-3 0   983
2 12564 014.2468 006.5334 0004682 157.8964 202.1237 01.00312795 55405
1 12564U 81061A   06084.25753054 -.00000267  00000-0  10000-3 0   994
2 12564 014.2468 006.5144 0004516 166.5349 193.4728 01.00316519 55421
1 12564U 81061A   06084.25753292 -.00000267 +00000-0 +10000-3 0 01001
2 12564 014.2468 006.5144 0004510 166.4457 193.5626 01.00316518055421
1 12564U 81061A   06085.25433903 -.00000270 +00000-0 +10000-3 0 01011
2 12564 014.2470 006.5070 0004504 166.4288 193.5764 01.00316229055430
1 12564U 81061A   06086.25114259 -.00000273 +00000-0 +10000-3 0 01026
2 12564 014.2474 006.4995 0004529 166.5632 193.4365 01.00315934055449
1 12564U 81061A   06087.24794593 -.00000276  00000-0  10000-3 0  1002
2 12564 014.2476 006.4919 0004506 165.9559 194.0371 01.00315639 55450
1 12564U 81061A   06088.24475281 -.00000278 +00000-0 +10000-3 0 01016
2 12564 014.2479 006.4844 0004484 165.0081 194.9780 01.00315341055460
1 12564U 81061A   06089.24164287  .00000000  00000-0  10000-3 0  1010
2 12564 014.2488 006.4834 0004721 162.9084 197.0796 01.00310867 55472
1 12564U 81061A   06094.22572819 -.00000284  00000-0  10000-3 0  1024
2 12564 014.2514 006.4471 0004807 169.8272 190.0981 01.00312354 55527
1 12564U 81061A   06095.22272949 -.00000284 +00000-0 +10000-3 0 01037
2 12564 014.2516 006.4393 0004804 169.8802 190.0982 01.00312044055536
1 12564U 81061A   06095.22272853 -.00000284 +00000-0 +10000-3 0 01042
2 12564 014.2518 006.4402 0004703 169.9771 190.0027 01.00312116055533
1 12564U 81061A   06096.21957650  .00000000  00000-0  10000-3 0  1031
2 12564 014.2511 006.4310 0004845 166.5206 193.4666 01.00308349 55547
1 12564U 81061A   06097.21645890 -.00000283  00000-0  10000-3 0  1047
2 12564 014.2523 006.4255 0004875 167.5709 192.4140 01.00311580 55558
1 12564U 81061A   06097.21646064 -.00000283 +00000-0 +10000-3 0 01052
2 12564 014.2523 006.4255 0004860 169.2282 190.7597 01.00311619055557
1 12564U 81061A   06098.21331518 -.00000282 +00000-0 +10000-3 0 01068
2 12564 014.2526 006.4182 0005022 166.7291 193.2565 01.00311387055568
1 12564U 81061A   06099.21018552 -.00000281  00000-0  10000-3 0  1057
2 12564 014.2528 006.4107 0004947 169.1077 190.8831 01.00311105 55579
1 12564U 81061A   06100.20703435 -.00000279 +00000-0 +10000-3 0 01068
2 12564 014.2529 006.4025 0005063 168.3207 191.6648 01.00310827055581
1 12564U 81061A   06103.19762466  .00000000  00000-0  10000-3 0  1069
2 12564 014.2535 006.3777 0005037 167.5843 192.3978 01.00305926 55611
1 12564U 81061A   06103.19763459 -.00000276  00000-0  10000-3 0  1079
2 12564 014.2537 006.3797 0005160 168.5219 191.4590 01.00309914 55611
1 12564U 81061A   06104.19450063 -.00000276 +00000-0 +10000-3 0 01085
2 12564 014.2542 006.3730 0004866 172.1696 187.8133 01.00309659055625
1 12564U 81061A   06107.18511298 -.00000280 +00000-0 +10000-3 0 01103
2 12564 014.2551 006.3504 0004814 170.3280 189.6486 01.00308822055651
1 12564U 81061A   06107.18512708 -.00000280  00000-0  10000-3 0  1098
2 12564 014.2551 006.3504 0004824 169.4142 190.5658 01.00308804 55650
1 12564U 81061A   06108.18200234 -.00000282  00000-0  10000-3 0  1101
2 12564 014.2552 006.3460 0004402 168.0234 191.9654 01.00308988 55666
1 12564U 81061A   06109.17886656 -.00000285  00000-0  10000-3 0  1113
2 12564 014.2556 006.3353 0004963 168.0115 191.9572 01.00308222 55672
1 12564U 81061A   06110.17580631  .00000000  00000-0  10000-3 0  1124
2 12564 014.2560 006.3268 0004845 169.0775 190.9076 01.00303782 55689
1 12564U 81061A   06110.17580290 -.00000289 +00000-0 +10000-3 0 01125
2 12564 014.2558 006.3270 0004975 168.1716 191.8140 01.00307917055684
1 12564U 81061A   06111.17269714 -.00000292 +00000-0 +10000-3 0 01136
2 12564 014.2563 006.3207 0004734 168.4065 191.5782 01.00307575055693
1 12564U 81061A   06112.16959135 -.00000295  00000-0  10000-3 0  1132
2 12564 014.2565 006.3141 0004751 168.6248 191.3557 01.00307227 55700
1 12564U 81061A   06113.16649063 -.00000298 +00000-0 +10000-3 0 01154
2 12564 014.2570 006.3084 0004758 168.4098 191.5659 01.00306875055714
1 12564U 81061A   06114.16339267 -.00000301  00000-0  10000-3 0  1141
2 12564 014.2574 006.3005 0004891 166.2158 193.7540 01.00306505 55726
1 12564U 81061A   06115.16030445 -.00000303 +00000-0 +10000-3 0 01151
2 12564 014.2577 006.2930 0004950 167.5852 192.3824 01.00306130055731
1 12564U 81061A   06116.15720802 -.00000304 +00000-0 +10000-3 0 01177
2 12564 014.2579 006.2864 0004867 167.8023 192.1575 01.00305748055745
1 12564U 81061A   06117.15411713  .00000000  00000-0  10000-3 0  1156
2 12564 014.2578 006.2795 0004654 171.8797 188.0764 01.00301329 55750
1 12564U 81061A   06118.15103786 -.00000306  00000-0  10000-3 0  1166
2 12564 014.2589 006.2698 0004841 167.4315 192.5209 01.00305002 55766
1 12564U 81061A   06119.14797095 -.00000308 +00000-0 +10000-3 0 01171
2 12564 014.2589 006.2630 0004921 167.7960 192.1566 01.00304638055777
1 12564U 81061A   06120.14491145 -.00000308 +00000-0 +10000-3 0 01181
2 12564 014.2592 006.2556 0004855 168.6259 191.3294 01.00304268055784
1 12564U 81061A   06121.14185468 -.00000308  00000-0  10000-3 0  1179
2 12564 014.2590 006.2475 0004795 170.1773 189.7803 01.00303886 55797
1 12564U 81061A   06122.13880184 -.00000309 +00000-0 +10000-3 0 01188
2 12564 014.2591 006.2407 0004847 170.1167 189.8404 01.00303502055803
1 12564U 81061A   06123.13576841 -.00000308 +00000-0 +10000-3 0 01203
2 12564 014.2596 006.2339 0004837 170.3151 189.6480 01.00303119055813
1 12564U 81061A   06124.13272900 -.00000307  00000-0  10000-3 0  1190
2 12564 014.2598 006.2266 0004817 170.3413 189.6254 01.00302744 55826
1 12564U 81061A   06124.13273211 -.00000307 +00000-0 +10000-3 0 01208
2 12564 014.2599 006.2263 0004775 169.6699 190.2967 01.00302729055826
1 12564U 81061A   06124.13275648  .00000000  00000-0  10000-3 0  1180
2 12564 014.2597 006.2279 0004593 173.4993 186.4680 01.00298456 55829
1 12564U 81061A   06126.12666746 -.00000304 +00000-0 +10000-3 0 01227
2 12564 014.2604 006.2116 0004723 169.0342 190.9393 01.00301963055843
1 12564U 81061A   06126.12666746 -.00000304  00000-0  10000-3 0  1205
2 12564 014.2604 006.2116 0004723 169.0342 190.9393 01.00301963 55843
1 12564U 81061A   06127.12362476 -.00000302 +00000-0 +10000-3 0 01218
2 12564 014.2607 006.2042 0004722 169.1318 190.8408 01.00301590055850
1 12564U 81061A   06127.12362571 -.00000302 +00000-0 +10000-3 0 01225
2 12564 014.2606 006.2047 0004699 169.2599 190.7114 01.00301579055859
1 12564U 81061A   06128.12059018 -.00000300 +00000-0 +10000-3 0 01234
2 12564 014.2609 006.1972 0004690 169.1976 190.7739 01.00301204055866
1 12564U 81061A   06129.11755461 -.00000298  00000-0  10000-3 0  1213
2 12564 014.2610 006.1898 0004725 168.6656 191.3037 01.00300826 55871
1 12564U 81061A   06130.11452533 -.00000297 +00000-0 +10000-3 0 01230
2 12564 014.2614 006.1824 0004693 168.6809 191.2887 01.00300449055882
1 12564U 81061A   06130.11452653 -.00000297 +00000-0 +10000-3 0 01222
2 12564 014.2614 006.1823 0004695 168.7666 191.2037 01.00300451055885
1 12564U 81061A   06131.11149730 -.00000297 +00000-0 +10000-3 0 01244
2 12564 014.2616 006.1748 0004694 168.6550 191.3138 01.00300074055898
1 12564U 81061A   06131.11155484  .00000000  00000-0  10000-3 0  1226
2 12564 014.2620 006.1780 0004892 169.7902 190.1811 01.00295621 55898
1 12564U 81061A   06132.10847450 -.00000296  00000-0  10000-3 0  1236
2 12564 014.2619 006.1673 0004695 168.6383 191.3305 01.00299699 55901
1 12564U 81061A   06133.10545798 -.00000297 +00000-0 +10000-3 0 01249
2 12564 014.2622 006.1598 0004697 168.6409 191.3288 01.00299322055916
1 12564U 81061A   06133.10545788 -.00000297 +00000-0 +10000-3 0 01259
2 12564 014.2622 006.1597 0004697 168.6084 191.3612 01.00299321055914
1 12564U 81061A   06135.09944623 -.00000300  00000-0  10000-3 0  1244
2 12564 014.2627 006.1447 0004698 168.6542 191.3205 01.00298562 55939
1 12564U 81061A   06136.09644914 -.00000303 +00000-0 +10000-3 0 01259
2 12564 014.2630 006.1372 0004697 168.6479 191.3306 01.00298181055948
1 12564U 81061A   06136.09644926 -.00000303 +00000-0 +10000-3 0 01263
2 12564 014.2630 006.1372 0004696 168.6237 191.3546 01.00298180055944
1 12564U 81061A   06138.09046450 -.00000308  00000-0  10000-3 0  1257
2 12564 014.2635 006.1222 0004755 167.7010 192.2818 01.00297406 55962
1 12564U 81061A   06138.09046450 -.00000308 +00000-0 +10000-3 0 01280
2 12564 014.2635 006.1222 0004755 167.7010 192.2818 01.00297406055962
1 12564U 81061A   06139.08747466 -.00000311 +00000-0 +10000-3 0 01278
2 12564 014.2638 006.1148 0004755 167.6652 192.3193 01.00297018055970
1 12564U 81061A   06139.08747799 -.00000311 +00000-0 +10000-3 0 01266
2 12564 014.2638 006.1147 0004707 168.2051 191.7818 01.00297020055976
1 12564U 81061A   06141.08149056 -.00000316 +00000-0 +10000-3 0 01299
2 12564 014.2643 006.0999 0004754 167.3393 192.6416 01.00296231055996
1 12564U 81061A   06141.08149056 -.00000316 +00000-0 +10000-3 0 01266
2 12564 014.2643 006.0999 0004754 167.3393 192.6416 01.00296231055996
1 12564U 81061A   06143.07550083 -.00000320 +00000-0 +10000-3 0 01279
2 12564 014.2649 006.0848 0004746 167.4238 192.5474 01.00295449056012
1 12564U 81061A   06143.07550190 -.00000320 +00000-0 +10000-3 0 01289
2 12564 014.2649 006.0848 0004744 167.3131 192.6580 01.00295446056017
1 12564U 81061A   06144.07251544 -.00000321  00000-0  10000-3 0  1271
2 12564 014.2652 006.0772 0004690 167.5220 192.4450 01.00295046 56029
1 12564U 81061A   06145.06953637 -.00000322 +00000-0 +10000-3 0 01285
2 12564 014.2655 006.0696 0004686 167.5419 192.4224 01.00294652056034
1 12564U 81061A   06150.05477570 -.00000323  00000-0  10000-3 0  1288
2 12564 014.2670 006.0324 0004646 169.9078 190.0606 01.00292606 56082
1 12564U 81061A   06150.05477570 -.00000323  00000-0  10000-3 0  1299
2 12564 014.2666 006.0375 0005067 167.2829 192.6607 01.00292314 56081
1 12564U 81061A   06151.05190195 -.00000322 +00000-0 +10000-3 0 01317
2 12564 014.2672 006.0278 0004798 169.3462 190.6368 01.00292117056090
1 12564U 81061A   06151.05194701 -.00000322  00000-0  10000-3 0  1303
2 12564 014.2672 006.0285 0004809 169.4265 190.5728 01.00292124 56090
1 12564U 81061A   06152.04903917  .00000000  00000-0  10000-3 0  1313
2 12564 014.2672 006.0227 0005102 167.5786 192.4135 01.00287362 56103
1 12564U 81061A   06153.04604373 -.00000319 +00000-0 +10000-3 0 01334
2 12564 014.2678 006.0127 0004783 169.1233 190.8660 01.00291302056112
1 12564U 81061A   06153.04604534 -.00000319 +00000-0 +10000-3 0 01344
2 12564 014.2677 006.0134 0004803 168.7753 191.2130 01.00291297056114
1 12564U 81061A   06154.04312003 -.00000317 +00000-0 +10000-3 0 01328
2 12564 014.2681 006.0052 0004790 168.8744 191.1178 01.00290894056128
1 12564U 81061A   06155.04018934 -.00000314 +00000-0 +10000-3 0 01333
2 12564 014.2684 005.9976 0004806 168.6925 191.2993 01.00290490056130
1 12564U 81061A   06158.03142032 -.00000309  00000-0  10000-3 0  1336
2 12564 014.2692 005.9749 0004803 168.7826 191.2090 01.00289282 56163
1 12564U 81061A   06158.03142059 -.00000309 +00000-0 +10000-3 0 01346
2 12564 014.2692 005.9749 0004816 168.5693 191.4215 01.00289277056162
1 12564U 81061A   06159.02850976 -.00000308  00000-0  10000-3 0  1349
2 12564 014.2693 005.9681 0004949 169.6335 190.3509 01.00288795 56179
1 12564U 81061A   06160.02562338 -.00000308  00000-0  10000-3 0  1354
2 12564 014.2696 005.9605 0004820 168.5895 191.4105 01.00288466 56185
1 12564U 81061A   06161.02270611 -.00000309  00000-0  10000-3 0  1367
2 12564 014.2699 005.9530 0004956 169.5248 190.4642 01.00287988 56192
1 12564U 81061A   06162.01981555 -.00000310  00000-0  10000-3 0  1387
2 12564 014.2702 005.9454 0004939 169.2771 190.7173 01.00287595 56209
1 12564U 81061A   06162.01983237 -.00000310  00000-0  10000-3 0  1375
2 12564 014.2702 005.9455 0004827 168.6045 191.4016 01.00287652 56201
1 12564U 81061A   06164.01406208 -.00000315 +00000-0 +10000-3 0 01392
2 12564 014.2707 005.9304 0004961 169.4999 190.5070 01.00286768056224
1 12564U 81061A   06164.01406620 -.00000315 +00000-0 +10000-3 0 01402
2 12564 014.2707 005.9304 0004978 169.3398 190.6678 01.00286765056226
1 12564U 81061A   06165.01118920 -.00000317  00000-0  10000-3 0  1396
2 12564 014.2710 005.9228 0005025 169.3129 190.6974 01.00286342 56232
1 12564U 81061A   06166.00831584 -.00000320 +00000-0 +10000-3 0 01400
2 12564 014.2712 005.9155 0005024 169.3475 190.6667 01.00285931056249
1 12564U 81061A   06166.00838206  .00000000  00000-0  10000-3 0  1402
2 12564 014.2710 005.9186 0005407 167.7383 192.2818 01.00281645 56251
1 12564U 81061A   06167.00543635 -.00000322 +00000-0 +10000-3 0 01411
2 12564 014.2715 005.9078 0005020 169.4739 190.5406 01.00285519056259
1 12564U 81061A   06168.00255412 -.00000324  00000-0  10000-3 0  1406
2 12564 014.2718 005.9002 0005018 169.5141 190.4983 01.00285107 56267
1 12564U 81061A   06168.99967131 -.00000326 +00000-0 +10000-3 0 01415
2 12564 014.2720 005.8928 0005041 169.4726 190.5347 01.00284685056276
1 12564U 81061A   06171.99104823 -.00000330  00000-0  10000-3 0  1415
2 12564 014.2728 005.8702 0005035 169.5963 190.4003 01.00283450 56302
1 12564U 81061A   06172.98827837  .00000000  00000-0  10000-3 0  1426
2 12564 014.2727 005.8666 0005842 167.4088 192.5949 01.00278805 56312
1 12564U 81061A   06175.97967100 -.00000332 +00000-0 +10000-3 0 01436
2 12564 014.2736 005.8430 0005485 166.6854 193.2950 01.00281583056346
1 12564U 81061A   06175.97975393 -.00000331  00000-0  10000-3 0  1449
2 12564 014.2735 005.8438 0005969 167.7853 192.2217 01.00281610 56347
1 12564U 81061A   06177.97411882 -.00000330 +00000-0 +10000-3 0 01459
2 12564 014.2742 005.8277 0006135 168.7789 191.2394 01.00280769056362
1 12564U 81061A   06178.97130596 -.00000328  00000-0  10000-3 0  1457
2 12564 014.2744 005.8212 0006034 167.6957 192.3300 01.00280362 56375
1 12564U 81061A   06179.96848894 -.00000327 +00000-0 +10000-3 0 01464
2 12564 014.2747 005.8135 0005857 167.8639 192.1624 01.00279909056386
1 12564U 81061A   06179.96849507 -.00000326  00000-0  10000-3 0  1476
2 12564 014.2748 005.8125 0006001 169.0576 190.9692 01.00279902 56386
1 12564U 81061A   06179.96851797  .00000000  00000-0  10000-3 0  1467
2 12564 014.2747 005.8145 0005278 161.9315 198.1042 01.00275684 56386
1 12564U 81061A   06181.96286637 -.00000322 +00000-0 +10000-3 0 01485
2 12564 014.2753 005.7973 0005966 169.3135 190.7165 01.00279065056401
1 12564U 81061A   06181.96286738 -.00000322 +00000-0 +10000-3 0 01498
2 12564 014.2753 005.7973 0005954 169.0765 190.9528 01.00279054056407
1 12564U 81061A   06182.96005846 -.00000319  00000-0  10000-3 0  1483
2 12564 014.2756 005.7890 0005905 169.8480 190.1819 01.00278626 56416
1 12564U 81061A   06183.95724900 -.00000317 +00000-0 +10000-3 0 01491
2 12564 014.2759 005.7815 0005890 169.8876 190.1417 01.00278207056428
1 12564U 81061A   06184.95444433 -.00000315 +00000-0 +10000-3 0 01502
2 12564 014.2762 005.7739 0005889 169.9237 190.1056 01.00277792056435
1 12564U 81061A   06184.95444437 -.00000315 +00000-0 +10000-3 0 01517
2 12564 014.2762 005.7739 0005893 169.8697 190.1594 01.00277790056434
1 12564U 81061A   06186.94885157 -.00000313  00000-0  10000-3 0  1491
2 12564 014.2768 005.7585 0005957 170.3014 189.7282 01.00276955 56452
1 12564U 81061A   06186.94885374 -.00000313 +00000-0 +10000-3 0 01504
2 12564 014.2768 005.7583 0005965 170.4262 189.6041 01.00276953056455
1 12564U 81061A   06186.94885376 -.00000313 +00000-0 +10000-3 0 01517
2 12564 014.2768 005.7585 0005978 170.2244 189.8055 01.00276952056455
1 12564U 81061A   06188.94329004 -.00000314 +00000-0 +10000-3 0 01522
2 12564 014.2774 005.7432 0005984 170.4281 189.6078 01.00276120056475
1 12564U 81061A   06188.94328981 -.00000314 +00000-0 +10000-3 0 01536
2 12564 014.2774 005.7432 0006014 170.4193 189.6161 01.00276119056473
1 12564U 81061A   06189.94051886 -.00000315  00000-0  10000-3 0  1502
2 12564 014.2776 005.7359 0006044 170.3982 189.6412 01.00275700 56486
1 12564U 81061A   06190.93775400 -.00000317 +00000-0 +10000-3 0 01511
2 12564 014.2779 005.7282 0006038 170.4126 189.6322 01.00275283056495
1 12564U 81061A   06192.93222622 -.00000322  00000-0  10000-3 0  1512
2 12564 014.2785 005.7131 0006053 170.4078 189.6435 01.00274448 56518
1 12564U 81061A   06192.93223670 -.00000322  00000-0  10000-3 0  1516
2 12564 014.2785 005.7131 0006053 170.4078 189.6473 01.00274448 56510
1 12564U 81061A   06193.92946312 -.00000324 +00000-0 +10000-3 0 01524
2 12564 014.2788 005.7055 0006032 170.6544 189.3981 01.00274029056522
1 12564U 81061A   06193.92946333 -.00000324 +00000-0 +10000-3 0 01538
2 12564 014.2787 005.7056 0006010 170.6196 189.4327 01.00274026056523
1 12564U 81061A   06193.92950949  .00000000  00000-0  10000-3 0  1525
2 12564 014.2781 005.7090 0006074 171.7620 188.2923 01.00269732 56526
1 12564U 81061A   06196.92116381 -.00000329  00000-0  10000-3 0  1538
2 12564 014.2796 005.6831 0005965 170.5332 189.5098 01.00272767 56551
1 12564U 81061A   06196.92116381 -.00000330 +00000-0 +10000-3 0 01552
2 12564 014.2796 005.6831 0005965 170.5332 189.5098 01.00272767056551
1 12564U 81061A   06197.91840034 -.00000331 +00000-0 +10000-3 0 01541
2 12564 014.2798 005.6760 0005938 169.9675 190.0711 01.00272351056565
1 12564U 81061A   06200.91015678 -.00000333  00000-0  10000-3 0  1557
2 12564 014.2799 005.6559 0006151 173.0179 186.9878 01.00270757 56594
1 12564U 81061A   06200.91022994  .00000000  00000-0  10000-3 0  1545
2 12564 014.2800 005.6558 0006394 175.2234 184.8065 01.00266755 56599
1 12564U 81061A   06201.90749812 -.00000333  00000-0  10000-3 0  1562
2 12564 014.2802 005.6486 0006506 174.0013 186.0253 01.00270296 56608
1 12564U 81061A   06201.90751016 -.00000333 +00000-0 +10000-3 0 01572
2 12564 014.2802 005.6489 0006449 173.2203 186.8099 01.00270270056607
1 12564U 81061A   06203.90209406 -.00000333 +00000-0 +10000-3 0 01597
2 12564 014.2808 005.6339 0006398 172.9283 187.1121 01.00269411056621
1 12564U 81061A   06203.90209462 -.00000333 +00000-0 +10000-3 0 01601
2 12564 014.2808 005.6340 0006405 172.8594 187.1809 01.00269407056624
1 12564U 81061A   06205.89669006 -.00000330  00000-0  10000-3 0  1578
2 12564 014.2813 005.6189 0006406 172.9062 187.1434 01.00268576 56645
1 12564U 81061A   06206.89398997 -.00000328 +00000-0 +10000-3 0 01585
2 12564 014.2816 005.6116 0006417 172.9908 187.0616 01.00268160056650
1 12564U 81061A   06206.89399076 -.00000328 +00000-0 +10000-3 0 01595
2 12564 014.2816 005.6116 0006327 173.1136 186.9381 01.00268138056658
1 12564U 81061A   06208.88859490 -.00000323  00000-0  10000-3 0  1581
2 12564 014.2822 005.5964 0006317 173.0779 186.9772 01.00267306 56678
1 12564U 81061A   06209.88589802 -.00000320 +00000-0 +10000-3 0 01597
2 12564 014.2824 005.5889 0006262 172.7745 187.2812 01.00266894056685
1 12564U 81061A   06210.88320233 -.00000318 +00000-0 +10000-3 0 01609
2 12564 014.2827 005.5814 0006266 172.8802 187.1742 01.00266482056690
1 12564U 81061A   06211.88051106 -.00000315  00000-0  10000-3 0  1595
2 12564 014.2830 005.5737 0006263 172.9649 187.0888 01.00266071 56701
1 12564U 81061A   06217.86449046 -.00000314 +00000-0 +10000-3 0 01615
2 12564 014.2847 005.5282 0006319 173.3219 186.7405 01.00263604056760
1 12564U 81061A   06217.86449214 -.00000313  00000-0  10000-3 0  1600
2 12564 014.2847 005.5282 0006319 173.3234 186.7396 01.00263604 56766
1 12564U 81061A   06219.85919093 -.00000317 +00000-0 +10000-3 0 01635
2 12564 014.2853 005.5130 0006356 173.3969 186.6719 01.00262789056784
1 12564U 81061A   06220.85654175 -.00000319  00000-0  10000-3 0  1614
2 12564 014.2855 005.5055 0006341 173.4341 186.6351 01.00262375 56795
1 12564U 81061A   06220.85654260 -.00000319 +00000-0 +10000-3 0 01620
2 12564 014.2855 005.5054 0006343 173.3585 186.7110 01.00262373056797
1 12564U 81061A   06221.85391683  .00000000  00000-0  10000-3 0  1624
2 12564 014.2857 005.4984 0006528 172.9722 187.0999 01.00257827 56802
1 12564U 81061A   06222.85124121 -.00000323 +00000-0 +10000-3 0 01647
2 12564 014.2861 005.4903 0006301 172.6696 187.3954 01.00261539056814
1 12564U 81061A   06224.84593823 -.00000325  00000-0  10000-3 0  1627
2 12564 014.2865 005.4758 0006315 172.8296 187.2241 01.00260720 56830
1 12564U 81061A   06224.84593823 -.00000325 +00000-0 +10000-3 0 01650
2 12564 014.2865 005.4758 0006315 172.8296 187.2241 01.00260720056830
1 12564U 81061A   06225.84329398 -.00000326 +00000-0 +10000-3 0 01634
2 12564 014.2868 005.4682 0006315 172.8545 187.1943 01.00260311056841
1 12564U 81061A   06226.84065567 -.00000327 +00000-0 +10000-3 0 01642
2 12564 014.2872 005.4606 0006370 173.4016 186.6419 01.00259896056852
1 12564U 81061A   06227.83802896 -.00000327  00000-0  10000-3 0  1635
2 12564 014.2875 005.4532 0006283 172.8446 187.1979 01.00259489 56862
1 12564U 81061A   06229.83280244 -.00000327  00000-0  10000-3 0  1645
2 12564 014.2882 005.4374 0006400 174.0289 186.0106 01.00258643 56887
1 12564U 81061A   06229.83281405 -.00000327 +00000-0 +10000-3 0 01656
2 12564 014.2882 005.4376 0006106 170.8958 189.1454 01.00258593056883
1 12564U 81061A   06230.83022963 -.00000326  00000-0  10000-3 0  1659
2 12564 014.2885 005.4300 0006069 171.8406 188.2072 01.00258173 56891
1 12564U 81061A   06231.82763784 -.00000326 +00000-0 +10000-3 0 01663
2 12564 014.2887 005.4226 0006072 171.5796 188.4727 01.00257763056908
1 12564U 81061A   06232.82504793 -.00000324 +00000-0 +10000-3 0 01676
2 12564 014.2890 005.4151 0006104 171.6902 188.3656 01.00257356056914
1 12564U 81061A   06234.81986885 -.00000319  00000-0  10000-3 0  1666
2 12564 014.2896 005.4000 0006232 172.5563 187.5015 01.00256544 56938
1 12564U 81061A   06236.81469557 -.00000313 +00000-0 +10000-3 0 01675
2 12564 014.2901 005.3848 0006157 171.5989 188.4586 01.00255727056958
1 12564U 81061A   06237.81211459 -.00000310  00000-0  10000-3 0  1679
2 12564 014.2904 005.3773 0006275 172.5245 187.5310 01.00255323 56963
1 12564U 81061A   06238.80954171 -.00000307  00000-0  10000-3 0  1681
2 12564 014.2907 005.3704 0006292 174.6782 185.3722 01.00254890 56970
1 12564U 81061A   06239.80696803 -.00000305 +00000-0 +10000-3 0 01696
2 12564 014.2910 005.3628 0006354 175.2782 184.7710 01.00254490056982
1 12564U 81061A   06240.80439634 -.00000303 +00000-0 +10000-3 0 01705
2 12564 014.2912 005.3552 0006373 175.4589 184.5888 01.00254090056999
1 12564U 81061A   06241.80183144 -.00000302  00000-0  10000-3 0  1695
2 12564 014.2915 005.3476 0006366 175.5282 184.5193 01.00253692 57009
1 12564U 81061A   06242.79927280 -.00000301 +00000-0 +10000-3 0 01702
2 12564 014.2918 005.3400 0006444 175.8769 184.1700 01.00253291057015
1 12564U 81061A   06243.79672380 -.00000301 +00000-0 +10000-3 0 01712
2 12564 014.2921 005.3325 0006552 176.9178 183.1304 01.00252894057029
1 12564U 81061A   06244.79417932 -.00000301  00000-0  10000-3 0  1702
2 12564 014.2924 005.3249 0006690 178.2886 181.7604 01.00252498 57039
1 12564U 81061A   06249.78147634 -.00000308  00000-0  10000-3 0  1713
2 12564 014.2938 005.2870 0006702 178.1587 181.8911 01.00250536 57082
1 12564U 81061A   06250.77893399 -.00000310 +00000-0 +10000-3 0 01724
2 12564 014.2941 005.2804 0006667 178.9050 181.1383 01.00250143057097
1 12564U 81061A   06255.76627667 -.00000312  00000-0  10000-3 0  1723
2 12564 014.2954 005.2432 0006636 177.3109 182.6795 01.00247868 57141
1 12564U 81061A   06255.76636303 -.00000312 +00000-0 +10000-3 0 01731
2 12564 014.2954 005.2441 0006547 176.1132 183.9057 01.00247833057142
1 12564U 81061A   06258.75889322 -.00000310  00000-0  10000-3 0  1732
2 12564 014.2962 005.2214 0006585 176.4358 183.5904 01.00246671 57173
1 12564U 81061A   06258.75889795 -.00000310 +00000-0 +10000-3 0 01747
2 12564 014.2961 005.2217 0006587 176.4787 183.5489 01.00246671057171
1 12564U 81061A   06258.75889879 -.00000310 +00000-0 +10000-3 0 01751
2 12564 014.2961 005.2220 0006570 176.2171 183.8100 01.00246663057176
1 12564U 81061A   06261.75145444 -.00000303  00000-0  10000-3 0  1749
2 12564 014.2972 005.1999 0006798 179.6893 180.3293 01.00245259 57209
1 12564U 81061A   06263.74652817 -.00000296  00000-0  10000-3 0  1760
2 12564 014.2976 005.1844 0006525 176.1138 183.9290 01.00244771 57220
1 12564U 81061A   06263.74654346  .00000000  00000-0  10000-3 0  1750
2 12564 014.2976 005.1850 0006999 173.6374 186.4014 01.00240457 57225
1 12564U 81061A   06264.74402013 -.00000293 +00000-0 +10000-3 0 01770
2 12564 014.2978 005.1767 0006433 177.7664 182.2601 01.00244381057231
1 12564U 81061A   06265.74154767 -.00000290 +00000-0 +10000-3 0 01789
2 12564 014.2981 005.1692 0006424 177.8741 182.1507 01.00244010057243
1 12564U 81061A   06266.73907609 -.00000287  00000-0  10000-3 0  1775
2 12564 014.2983 005.1616 0006438 178.1622 181.8596 01.00243639 57259
1 12564U 81061A   06267.73661040 -.00000284 +00000-0 +10000-3 0 01791
2 12564 014.2986 005.1542 0006431 178.1885 181.8313 01.00243270057263
1 12564U 81061A   06269.73169583 -.00000280  00000-0  10000-3 0  1783
2 12564 014.2992 005.1390 0006434 178.2660 181.7522 01.00242538 57285
1 12564U 81061A   06270.72924951 -.00000280 +00000-0 +10000-3 0 01793
2 12564 014.2995 005.1314 0006442 178.4026 181.6165 01.00242173057299
1 12564U 81061A   06270.72925066 -.00000280 +00000-0 +10000-3 0 01803
2 12564 014.2995 005.1314 0006450 178.3221 181.6976 01.00242174057295
1 12564U 81061A   06270.72930560  .00000000  00000-0  10000-3 0  1795
2 12564 014.2996 005.1334 0007337 173.8203 186.2090 01.00237835 57299
1 12564U 81061A   06271.72680927 -.00000280 +00000-0 +10000-3 0 01819
2 12564 014.2998 005.1239 0006472 178.7155 181.3055 01.00241811057302
1 12564U 81061A   06272.72437442 -.00000280  00000-0  10000-3 0  1801
2 12564 014.3001 005.1165 0006466 178.6760 181.3475 01.00241450 57316
1 12564U 81061A   06275.71707494 -.00000283  00000-0  10000-3 0  1814
2 12564 014.3010 005.0938 0006449 178.7873 181.2386 01.00240378 57341
1 12564U 81061A   06278.70976030 -.00000285  00000-0  10000-3 0  1834
2 12564 014.3026 005.0729 0007493 188.0059 171.9823 01.00239209 57372
1 12564U 81061A   06278.70982631  .00000000  00000-0  10000-3 0  1821
2 12564 014.3018 005.0739 0007664 174.0296 185.9937 01.00235051 57374
1 12564U 81061A   06280.70492211 -.00000286 +00000-0 +10000-3 0 01854
2 12564 014.3029 005.0585 0007476 187.1312 172.8527 01.00238488057399
1 12564U 81061A   06280.70492822 -.00000285  00000-0  10000-3 0  1840
2 12564 014.3032 005.0581 0007468 188.6519 171.3281 01.00238431 57394
1 12564U 81061A   06282.70010228 -.00000286 +00000-0 +10000-3 0 01850
2 12564 014.3038 005.0431 0007634 187.1096 172.8647 01.00237702057418
1 12564U 81061A   06283.69771018 -.00000285  00000-0  10000-3 0  1859
2 12564 014.3041 005.0354 0007712 188.6755 171.2997 01.00237352 57424
1 12564U 81061A   06283.69771018 -.00000285 +00000-0 +10000-3 0 01860
2 12564 014.3041 005.0354 0007712 188.6755 171.2997 01.00237352057424
1 12564U 81061A   06287.68816038 -.00000279  00000-0  10000-3 0  1868
2 12564 014.3052 005.0051 0007854 188.5916 171.3894 01.00235981 57462
1 12564U 81061A   06287.68816947 -.00000280 +00000-0 +10000-3 0 01870
2 12564 014.3052 005.0052 0007910 188.5116 171.4712 01.00235967057462
1 12564U 81061A   06289.68342282 -.00000273 +00000-0 +10000-3 0 01892
2 12564 014.3057 004.9908 0007950 188.0480 171.9384 01.00235273057480
1 12564U 81061A   06289.68342329 -.00000273  00000-0  10000-3 0  1872
2 12564 014.3058 004.9907 0007976 189.1898 170.7950 01.00235271 57487
1 12564U 81061A   06290.68104231 -.00000269 +00000-0 +10000-3 0 01888
2 12564 014.3060 004.9832 0008008 189.2671 170.7157 01.00234937057492
1 12564U 81061A   06291.67866499 -.00000265 +00000-0 +10000-3 0 01896
2 12564 014.3063 004.9757 0008010 189.3032 170.6786 01.00234613057506
1 12564U 81061A   06292.67628721 -.00000261  00000-0  10000-3 0  1886
2 12564 014.3066 004.9689 0007802 188.5030 171.4731 01.00234252 57519
1 12564U 81061A   06293.67392679 -.00000258 +00000-0 +10000-3 0 01894
2 12564 014.3070 004.9611 0007837 188.6915 171.2873 01.00233934057522
1 12564U 81061A   06294.67155547 -.00000255 +00000-0 +10000-3 0 01916
2 12564 014.3072 004.9538 0007815 188.4671 171.5090 01.00233613057534
1 12564U 81061A   06295.66919311 -.00000252 +00000-0 +10000-3 0 01897
2 12564 014.3075 004.9462 0007809 188.4346 171.5415 01.00233298057546
1 12564U 81061A   06296.66683423 -.00000250 +00000-0 +10000-3 0 01900
2 12564 014.3078 004.9383 0007844 187.5677 172.4092 01.00232984057550
1 12564U 81061A   06298.66213673 -.00000247  00000-0  10000-3 0  1904
2 12564 014.3084 004.9233 0007841 187.3546 172.6258 01.00232361 57578
1 12564U 81061A   06298.66213858 -.00000247 +00000-0 +10000-3 0 01910
2 12564 014.3084 004.9233 0007841 187.3430 172.6381 01.00232361057577
1 12564U 81061A   06298.66221079  .00000000  00000-0  10000-3 0  1910
2 12564 014.3075 004.9310 0008360 174.5486 185.4555 01.00228031 57573
1 12564U 81061A   06299.65979741 -.00000247 +00000-0 +10000-3 0 01921
2 12564 014.3087 004.9159 0007827 187.1170 172.8665 01.00232050057583
1 12564U 81061A   06301.65512526 -.00000248  00000-0  10000-3 0  1920
2 12564 014.3092 004.9010 0007837 186.6003 173.3891 01.00231438 57604
1 12564U 81061A   06301.65512850 -.00000248 +00000-0 +10000-3 0 01931
2 12564 014.3092 004.9009 0007844 187.1632 172.8265 01.00231436057601
1 12564U 81061A   06303.65045309 -.00000249 +00000-0 +10000-3 0 01956
2 12564 014.3098 004.8861 0007831 187.7250 172.2629 01.00230828057624
1 12564U 81061A   06303.65045416 -.00000249 +00000-0 +10000-3 0 01966
2 12564 014.3098 004.8863 0007792 187.2764 172.7111 01.00230819057628
1 12564U 81061A   06304.64811477 -.00000249  00000-0  10000-3 0  1931
2 12564 014.3099 004.8791 0007742 187.9453 172.0391 01.00230521 57630
1 12564U 81061A   06306.64342608 -.00000250 +00000-0 +10000-3 0 01952
2 12564 014.3104 004.8640 0007799 188.3222 171.6489 01.00229923057650
1 12564U 81061A   06306.64342911 -.00000250 +00000-0 +10000-3 0 01960
2 12564 014.3103 004.8641 0007799 188.3278 171.6442 01.00229923057650
1 12564U 81061A   06306.64350575  .00000000  00000-0  10000-3 0  1945
2 12564 014.3097 004.8735 0008628 174.7577 185.2402 01.00225669 57659
1 12564U 81061A   06309.63642391 -.00000249  00000-0  10000-3 0  1954
2 12564 014.3113 004.8421 0007563 192.4868 167.4582 01.00229018 57683
1 12564U 81061A   06310.63412704 -.00000248  00000-0  10000-3 0  1969
2 12564 014.3123 004.8349 0007391 204.2109 155.7186 01.00228618 57698
1 12564U 81061A   06311.63183683 -.00000248 +00000-0 +10000-3 0 01972
2 12564 014.3124 004.8308 0007350 202.3347 157.5939 01.00228202057709
1 12564U 81061A   06312.62956887 -.00000246  00000-0  10000-3 0  1974
2 12564 014.3128 004.8235 0007366 202.3994 157.5417 01.00227912 57716
1 12564U 81061A   06312.62957383 -.00000247 +00000-0 +10000-3 0 01988
2 12564 014.3127 004.8228 0007290 201.2652 158.6785 01.00227898057715
1 12564U 81061A   06312.62960394  .00000000  00000-0  10000-3 0  1980
2 12564 014.3130 004.8244 0006958 205.7814 154.1617 01.00223857 57712
1 12564U 81061A   06314.62498800 -.00000243 +00000-0 +10000-3 0 01991
2 12564 014.3133 004.8079 0007278 201.0861 158.8647 01.00227351057737
1 12564U 81061A   06314.62499099 -.00000243 +00000-0 +10000-3 0 02005
2 12564 014.3133 004.8087 0007309 200.6746 159.2758 01.00227339057732
1 12564U 81061A   06315.62270382 -.00000239  00000-0  10000-3 0  1990
2 12564 014.3134 004.8016 0007329 200.3408 159.6134 01.00227067 57740
1 12564U 81061A   06316.62041398 -.00000236 +00000-0 +10000-3 0 02004
2 12564 014.3138 004.7943 0007323 200.3240 159.6315 01.00226796057750
1 12564U 81061A   06317.61812391 -.00000232  00000-0  10000-3 0  2009
2 12564 014.3140 004.7864 0007284 202.7365 157.2169 01.00226521 57763
1 12564U 81061A   06317.61812521 -.00000232 +00000-0 +10000-3 0 02015
2 12564 014.3140 004.7865 0007259 202.7549 157.1984 01.00226517057769
1 12564U 81061A   06318.61583425 -.00000228 +00000-0 +10000-3 0 02020
2 12564 014.3143 004.7790 0007256 202.7342 157.2189 01.00226256057776
1 12564U 81061A   06320.61125533 -.00000219  00000-0  10000-3 0  2025
2 12564 014.3148 004.7638 0007212 202.8184 157.1325 01.00225743 57792
1 12564U 81061A   06320.61125559 -.00000219 +00000-0 +10000-3 0 02034
2 12564 014.3148 004.7638 0007212 202.8315 157.1195 01.00225745057795
1 12564U 81061A   06320.61131242  .00000000  00000-0  10000-3 0  2015
2 12564 014.3156 004.7662 0006876 204.3698 155.5841 01.00221548 57794
1 12564U 81061A   06322.60668591 -.00000212 +00000-0 +10000-3 0 02047
2 12564 014.3154 004.7487 0007208 202.8698 157.0794 01.00225248057818
1 12564U 81061A   06322.60668648 -.00000212 +00000-0 +10000-3 0 02051
2 12564 014.3154 004.7487 0007205 202.8341 157.1154 01.00225249057812
1 12564U 81061A   06325.59987165 -.00000206  00000-0  10000-3 0  2031
2 12564 014.3162 004.7260 0007200 202.8780 157.0763 01.00224525 57846
1 12564U 81061A   06326.59761192 -.00000205 +00000-0 +10000-3 0 02042
2 12564 014.3165 004.7185 0007200 202.8921 157.0662 01.00224289057858
1 12564U 81061A   06326.59761269 -.00000205 +00000-0 +10000-3 0 02058
2 12564 014.3165 004.7185 0007196 202.8143 157.1446 01.00224290057851
1 12564U 81061A   06326.59768514  .00000000  00000-0  10000-3 0  2049
2 12564 014.3171 004.7221 0006732 206.8835 153.0753 01.00220086 57851
1 12564U 81061A   06327.59535443 -.00000205 +00000-0 +10000-3 0 02063
2 12564 014.3168 004.7111 0007187 202.7842 157.1780 01.00224055057869
1 12564U 81061A   06329.59084191 -.00000205  00000-0  10000-3 0  2053
2 12564 014.3173 004.6959 0007185 202.8012 157.1674 01.00223598 57887
1 12564U 81061A   06329.59084339 -.00000205 +00000-0 +10000-3 0 02068
2 12564 014.3173 004.6960 0007186 202.7886 157.1799 01.00223593057881
1 12564U 81061A   06331.58632162 -.00000205 +00000-0 +10000-3 0 02085
2 12564 014.3178 004.6810 0007183 202.9795 156.9874 01.00223140057900
1 12564U 81061A   06332.58405642 -.00000205  00000-0  10000-3 0  2065
2 12564 014.3181 004.6736 0007167 202.9492 157.0144 01.00222919 57913
1 12564U 81061A   06333.58178894 -.00000205 +00000-0 +10000-3 0 02073
2 12564 014.3184 004.6660 0007181 203.2907 156.6674 01.00222700057925
1 12564U 81061A   06334.57952220 -.00000205 +00000-0 +10000-3 0 02087
2 12564 014.3186 004.6587 0007162 203.2710 156.6809 01.00222479057930
1 12564U 81061A   06334.57952669 -.00000205 +00000-0 +10000-3 0 02095
2 12564 014.3186 004.6587 0007168 203.2853 156.6674 01.00222474057939
1 12564U 81061A   06334.57958700  .00000000  00000-0  10000-3 0  2077
2 12564 014.3189 004.6635 0006773 204.6946 155.2626 01.00218435 57939
1 12564U 81061A   06335.57726482 -.00000204  00000-0  10000-3 0  2086
2 12564 014.3189 004.6518 0007213 202.9888 156.9550 01.00222229 57946
1 12564U 81061A   06337.57277363 -.00000204 +00000-0 +10000-3 0 02098
2 12564 014.3194 004.6368 0007188 202.9194 157.0250 01.00221819057961
1 12564U 81061A   06341.56384570 -.00000197  00000-0  10000-3 0  2092
2 12564 014.3201 004.6162 0007131 205.6716 154.2401 01.00220192 58006
1 12564U 81061A   06341.56395200  .00000000  00000-0  10000-3 0  2096
2 12564 014.3207 004.6141 0006615 208.8998 151.0577 01.00216853 58000
1 12564U 81061A   06341.56396776 -.00000198  00000-0  10000-3 0  2106
2 12564 014.3206 004.6080 0007186 204.3840 155.6075 01.00220994 58006
1 12564U 81061A   06342.56164573 -.00000195 +00000-0 +10000-3 0 02113
2 12564 014.3209 004.6005 0007197 204.5461 155.4137 01.00220806058019
1 12564U 81061A   06344.55719083 -.00000187  00000-0  10000-3 0  2117
2 12564 014.3215 004.5853 0007188 204.5362 155.4278 01.00220446 58034
1 12564U 81061A   06344.55719238 -.00000188 +00000-0 +10000-3 0 02121
2 12564 014.3215 004.5854 0007187 204.4990 155.4652 01.00220444058034
1 12564U 81061A   06346.55273299 -.00000179 +00000-0 +10000-3 0 02136
2 12564 014.3220 004.5701 0007196 204.7304 155.2334 01.00220096058053
1 12564U 81061A   06347.55050480 -.00000174  00000-0  10000-3 0  2126
2 12564 014.3223 004.5626 0007188 204.6589 155.3040 01.00219925 58062
1 12564U 81061A   06347.55050723 -.00000174 +00000-0 +10000-3 0 02137
2 12564 014.3223 004.5627 0007187 204.7940 155.1690 01.00219921058069
1 12564U 81061A   06351.54162087 -.00000160  00000-0  10000-3 0  2133
2 12564 014.3234 004.5323 0007178 204.8350 155.1306 01.00219287 58104
1 12564U 81061A   06351.54162257 -.00000161 +00000-0 +10000-3 0 02144
2 12564 014.3234 004.5323 0007185 204.9896 154.9758 01.00219283058102
1 12564U 81061A   06352.53941335 -.00000159 +00000-0 +10000-3 0 02154
2 12564 014.3237 004.5248 0007190 205.2784 154.6898 01.00219130058111
1 12564U 81061A   06355.53280155 -.00000156  00000-0  10000-3 0  2149
2 12564 014.3246 004.5021 0007180 205.8668 154.1138 01.00218700 58143
1 12564U 81061A   06361.51952146 -.00000155  00000-0  10000-3 0  2150
2 12564 014.3263 004.4547 0007232 206.7067 153.2670 01.00217943 58201
1 12564U 81061A   06362.51744304  .00000000  00000-0  10000-3 0  2165
2 12564 014.3260 004.4584 0007021 207.3733 152.5999 01.00213614 58210
1 12564U 81061A   07005.49972347 -.00000143 +00000-0 +10000-3 0 02177
2 12564 014.3278 004.4007 0007273 207.4256 152.4732 01.00216126058292
1 12564U 81061A   07009.49120705 -.00000126  00000-0  10000-3 0  2186
2 12564 014.3301 004.3588 0007416 206.9536 153.0868 01.00216579 58330
1 12564U 81061A   07015.47791507 -.00000107  00000-0  10000-3 0  2195
2 12564 014.3316 004.3128 0007305 206.1670 153.8141 01.00216207 58390
1 12564U 81061A   07016.47576626 -.00000106  00000-0  10000-3 0  2200
2 12564 014.3310 004.3183 0006685 210.7630 149.1768 01.00215704 58408
1 12564U 81061A   07017.47365779 -.00000106 +00000-0 +10000-3 0 02228
2 12564 014.3319 004.3049 0007336 206.0235 153.9762 01.00215981058416
1 12564U 81061A   07017.47374283 -.00000105  00000-0  10000-3 0  2216
2 12564 014.3319 004.3045 0007328 206.1351 153.8958 01.00215983 58411
1 12564U 81061A   07018.47148246 -.00000105 +00000-0 +10000-3 0 02237
2 12564 014.3322 004.2973 0007336 206.0274 153.9765 01.00215947058424
1 12564U 81061A   07018.47154161  .00000000  00000-0  10000-3 0  2222
2 12564 014.3320 004.3010 0007005 210.8695 149.1333 01.00211921 58424
1 12564U 81061A   07019.46930188 -.00000105 +00000-0 +10000-3 0 02242
2 12564 014.3325 004.2899 0007340 206.1911 153.8140 01.00215914058439
1 12564U 81061A   07020.46711804 -.00000105  00000-0  10000-3 0  2235
2 12564 014.3327 004.2829 0007323 206.5020 153.5008 01.00215877 58449
1 12564U 81061A   07021.46493441 -.00000105 +00000-0 +10000-3 0 02241
2 12564 014.3330 004.2754 0007337 206.5703 153.4315 01.00215845058459
1 12564U 81061A   07029.44739559 -.00000101  00000-0  10000-3 0  2246
2 12564 014.3347 004.2231 0005601 210.1614 149.7630 01.00214998 58536
1 12564U 81061A   07030.44540640 -.00000100 +00000-0 +10000-3 0 02259
2 12564 014.3354 004.2184 0005821 210.1652 149.8274 01.00215040058542
1 12564U 81061A   07031.44323262 -.00000098  00000-0  10000-3 0  2255
2 12564 014.3356 004.2000 0007276 205.5029 154.5429 01.00215794 58555
1 12564U 81061A   07031.44323289 -.00000098 +00000-0 +10000-3 0 02265
2 12564 014.3356 004.2108 0005775 210.2529 149.7419 01.00215075058551
1 12564U 81061A   07032.44090448 -.00000095 +00000-0 +10000-3 0 02261
2 12564 014.3358 004.1890 0007264 205.5901 154.4022 01.00215792058566
1 12564U 81061A   07032.44106378  .00000000  00000-0  10000-3 0  2266
2 12564 014.3352 004.2052 0005437 210.9795 149.0219 01.00211644 58562
1 12564U 81061A   07033.43872768 -.00000091  00000-0  10000-3 0  2271
2 12564 014.3361 004.1839 0007300 204.3564 155.6333 01.00215790 58573
1 12564U 81061A   07034.43656248 -.00000087 +00000-0 +10000-3 0 02281
2 12564 014.3362 004.1780 0007383 204.6553 155.3394 01.00215807058585
1 12564U 81061A   07035.43437831 -.00000083 +00000-0 +10000-3 0 02294
2 12564 014.3365 004.1704 0007381 204.5790 155.4158 01.00215838058598
1 12564U 81061A   07036.43218950 -.00000078  00000-0  10000-3 0  2287
2 12564 014.3368 004.1628 0007390 204.6449 155.3487 01.00215874 58604
1 12564U 81061A   07043.41687779 -.00000057  00000-0  10000-3 0  2290
2 12564 014.3387 004.1095 0007479 205.0943 154.9017 01.00216236 58679
1 12564U 81061A   07044.41467872 -.00000056 +00000-0 +10000-3 0 02313
2 12564 014.3388 004.1002 0007906 206.5173 153.4774 01.00216288058686
1 12564U 81061A   07044.41469509 -.00000056 +00000-0 +10000-3 0 02301
2 12564 014.3388 004.1001 0007911 206.5424 153.4583 01.00216287058687
1 12564U 81061A   07046.41031081 -.00000056  00000-0  10000-3 0  2314
2 12564 014.3395 004.0864 0008060 206.1369 153.8614 01.00216422 58704
1 12564U 81061A   07046.41050653  .00000000  00000-0  10000-3 0  2307
2 12564 014.3407 004.0926 0004502 213.2377 146.7774 01.00212372 58700
1 12564U 81061A   07049.40371656 -.00000055  00000-0  10000-3 0  2321
2 12564 014.3403 004.0635 0007998 206.3775 153.6145 01.00216667 58733
1 12564U 81061A   07050.40150833 -.00000055 +00000-0 +10000-3 0 02336
2 12564 014.3408 004.0549 0007949 206.4839 153.5018 01.00216749058740
1 12564U 81061A   07051.39929835 -.00000055 +00000-0 +10000-3 0 02342
2 12564 014.3411 004.0475 0007948 206.5166 153.4636 01.00216841058754
1 12564U 81061A   07057.38607138 -.00000053  00000-0  10000-3 0  2333
2 12564 014.3432 004.0148 0004987 212.9319 146.9534 01.00216476 58810
1 12564U 81061A   07058.38412870 -.00000051  00000-0  10000-3 0  2340
2 12564 014.3435 004.0096 0005149 214.6542 145.3235 01.00216699 58822
1 12564U 81061A   07058.38413149 -.00000051 +00000-0 +10000-3 0 02351
2 12564 014.3435 004.0095 0004844 211.9195 148.0555 01.00216642058829
1 12564U 81061A   07067.36432196 -.00000018  00000-0  10000-3 0  2366
2 12564 014.3456 003.9343 0005430 215.0758 144.9671 01.00218771 58917
1 12564U 81061A   07070.35746552 -.00000012  00000-0  10000-3 0  2378
2 12564 014.3464 003.9123 0005428 212.2757 147.6853 01.00219150 58944
1 12564U 81061A   07071.35528458 -.00000011 +00000-0 +10000-3 0 02382
2 12564 014.3467 003.9050 0005439 212.3789 147.5957 01.00219312058959
1 12564U 81061A   07071.35528601 -.00000011 +00000-0 +10000-3 0 02393
2 12564 014.3467 003.9052 0005441 212.4588 147.5159 01.00219311058955
1 12564U 81061A   07072.35307265 -.00000011 +00000-0 +10000-3 0 02407
2 12564 014.3470 003.8977 0005364 212.5388 147.4377 01.00219477058962
1 12564U 81061A   07073.35085889 -.00000010  00000-0  10000-3 0  2389
2 12564 014.3473 003.8905 0005363 212.6502 147.3290 01.00219647 58977
1 12564U 81061A   07074.34863660 -.00000011 +00000-0 +10000-3 0 02392
2 12564 014.3477 003.8840 0005403 212.7855 147.1934 01.00219819058981
1 12564U 81061A   07074.34863929 -.00000011 +00000-0 +10000-3 0 02402
2 12564 014.3477 003.8841 0005374 212.8305 147.1488 01.00219818058983
1 12564U 81061A   07074.34867727  .00000000  00000-0  10000-3 0  2397
2 12564 014.3484 003.8891 0005785 216.5038 143.4736 01.00215859 58982
1 12564U 81061A   07075.34640940 -.00000011 +00000-0 +10000-3 0 02410
2 12564 014.3480 003.8770 0005167 211.8157 148.1590 01.00219981058999
1 12564U 81061A   07076.34418589 -.00000010  00000-0  10000-3 0  2401
2 12564 014.3482 003.8691 0005333 213.0328 146.9460 01.00220174 59003
1 12564U 81061A   07077.34192691 -.00000011 +00000-0 +10000-3 0 02417
2 12564 014.3486 003.8619 0005201 211.8795 148.0858 01.00220343059018
1 12564U 81061A   07078.33968925 -.00000010  00000-0  10000-3 0  2417
2 12564 014.3490 003.8546 0005346 210.5642 149.3940 01.00220498 59027
1 12564U 81061A   07079.33745137 -.00000011 +00000-0 +10000-3 0 02428
2 12564 014.3493 003.8475 0005282 210.7904 149.1626 01.00220675059030
1 12564U 81061A   07080.33521052 -.00000011 +00000-0 +10000-3 0 02439
2 12564 014.3496 003.8404 0005392 211.0106 148.9378 01.00220856059048
1 12564U 81061A   07081.33296710 -.00000011  00000-0  10000-3 0  2430
2 12564 014.3500 003.8329 0005403 210.4334 149.5114 01.00221046 59057
1 12564U 81061A   07081.33297221 -.00000011 +00000-0 +10000-3 0 02449
2 12564 014.3500 003.8332 0005458 210.6638 149.2826 01.00221042059053
1 12564U 81061A   07081.33298030  .00000000  00000-0  10000-3 0  2423
2 12564 014.3504 003.8437 0005760 216.6769 143.2654 01.00217356 59056
1 12564U 81061A   07083.32848653 -.00000012 +00000-0 +10000-3 0 02453
2 12564 014.3506 003.8180 0005509 210.8321 149.1121 01.00221444059073
1 12564U 81061A   07084.32624712 -.00000011  00000-0  10000-3 0  2440
2 12564 014.3509 003.8104 0005567 210.9651 148.9805 01.00221649 59087
1 12564U 81061A   07084.32624580 -.00000011 +00000-0 +10000-3 0 02454
2 12564 014.3510 003.8109 0005602 211.2245 148.7195 01.00221645059083
1 12564U 81061A   07086.32176498 -.00000008 +00000-0 +10000-3 0 02463
2 12564 014.3516 003.7957 0005641 211.3520 148.5959 01.00222065059105
1 12564U 81061A   07088.31726506 -.00000002  00000-0  10000-3 0  2469
2 12564 014.3522 003.7809 0005336 209.7871 150.1553 01.00222472 59122
1 12564U 81061A   07088.31732457  .00000000  00000-0  10000-3 0  2457
2 12564 014.3523 003.7863 0005382 216.8480 143.1005 01.00218487 59124
1 12564U 81061A   07089.31503292 +.00000001 +00000-0 +10000-3 0 02474
2 12564 014.3525 003.7733 0005493 210.5589 149.3931 01.00222702059138
1 12564U 81061A   07090.31276105 +.00000005 +00000-0 +10000-3 0 02481
2 12564 014.3528 003.7659 0005367 209.9115 150.0322 01.00222917059147
1 12564U 81061A   07090.31277163 +.00000005 +00000-0 +10000-3 0 02497
2 12564 014.3528 003.7661 0005319 209.9052 150.0414 01.00222915059147
1 12564U 81061A   07093.30597399  .00000017  00000-0  10000-3 0  2476
2 12564 014.3536 003.7432 0005188 209.6173 150.3208 01.00223598 59172
1 12564U 81061A   07095.30144756 +.00000023 +00000-0 +10000-3 0 02481
2 12564 014.3541 003.7282 0005132 209.3435 150.5959 01.00224072059193
1 12564U 81061A   07095.30151546  .00000000  00000-0  10000-3 0  2481
2 12564 014.3543 003.7356 0005345 217.0226 142.9135 01.00219895 59195
1 12564U 81061A   07097.29691889  .00000026  00000-0  10000-3 0  2488
2 12564 014.3547 003.7129 0005174 209.5214 150.4232 01.00224560 59210
1 12564U 81061A   07098.29465011 +.00000027 +00000-0 +10000-3 0 02497
2 12564 014.3550 003.7055 0005173 209.3933 150.5538 01.00224810059226
1 12564U 81061A   07099.29238102 +.00000028 +00000-0 +10000-3 0 02500
2 12564 014.3552 003.6978 0005191 209.2863 150.6637 01.00225060059232
1 12564U 81061A   07100.29010886  .00000028  00000-0  10000-3 0  2498
2 12564 014.3555 003.6903 0005182 208.8750 151.0770 01.00225308 59242
1 12564U 81061A   07101.28783383 +.00000028 +00000-0 +10000-3 0 02509
2 12564 014.3559 003.6825 0005159 209.9703 149.9862 01.00225575059258
1 12564U 81061A   07102.28554022 +.00000027 +00000-0 +10000-3 0 02516
2 12564 014.3562 003.6752 0005143 209.8712 150.0821 01.00225834059260
1 12564U 81061A   07104.28094335  .00000027  00000-0  10000-3 0  2503
2 12564 014.3568 003.6609 0005133 209.7691 150.1756 01.00226352 59287
1 12564U 81061A   07104.28094764 +.00000027 +00000-0 +10000-3 0 02510
2 12564 014.3568 003.6611 0005130 209.7594 150.1867 01.00226353059283
1 12564U 81061A   07106.27632847 +.00000026 +00000-0 +10000-3 0 02543
2 12564 014.3575 003.6467 0005072 209.4822 150.4501 01.00226881059303
1 12564U 81061A   07106.27632596 +.00000026 +00000-0 +10000-3 0 02533
2 12564 014.3575 003.6465 0005148 210.0278 149.9046 01.00226881059305
1 12564U 81061A   07108.27170771 +.00000025 +00000-0 +10000-3 0 02514
2 12564 014.3580 003.6314 0005056 209.5715 150.3522 01.00227423059321
1 12564U 81061A   07109.26940021 +.00000024 +00000-0 +10000-3 0 02527
2 12564 014.3583 003.6237 0005102 209.8866 150.0354 01.00227697059334
1 12564U 81061A   07109.26939912 +.00000024 +00000-0 +10000-3 0 02535
2 12564 014.3583 003.6241 0005115 210.2759 149.6446 01.00227693059332
1 12564U 81061A   07111.26479690  .00000024  00000-0  10000-3 0  2529
2 12564 014.3589 003.6092 0005011 209.8527 150.0690 01.00228243 59355
1 12564U 81061A   07111.26479690 +.00000023 +00000-0 +10000-3 0 02551
2 12564 014.3589 003.6092 0005011 209.8527 150.0690 01.00228243059355
1 12564U 81061A   07112.26249846 +.00000024 +00000-0 +10000-3 0 02539
2 12564 014.3592 003.6019 0004980 209.6794 150.2455 01.00228523059369
1 12564U 81061A   07112.26250348 +.00000024 +00000-0 +10000-3 0 02549
2 12564 014.3592 003.6019 0004917 209.3010 150.6249 01.00228522059361
1 12564U 81061A   07113.26020030 +.00000025 +00000-0 +10000-3 0 02555
2 12564 014.3595 003.5944 0004917 209.2924 150.6366 01.00228804059377
1 12564U 81061A   07114.25789054  .00000027  00000-0  10000-3 0  2533
2 12564 014.3605 003.5898 0004981 210.0564 149.8666 01.00229007 59388
1 12564U 81061A   07115.25559478 +.00000029 +00000-0 +10000-3 0 02542
2 12564 014.3605 003.5831 0004972 209.7003 150.2296 01.00229296059394
1 12564U 81061A   07115.25559974 +.00000029 +00000-0 +10000-3 0 02554
2 12564 014.3605 003.5833 0004932 209.4173 150.5138 01.00229296059395
1 12564U 81061A   07116.25325730  .00000000  00000-0  10000-3 0  2544
2 12564 014.3601 003.5759 0004735 217.5594 142.3706 01.00225859 59409
1 12564U 81061A   07117.25095640  .00000036  00000-0  10000-3 0  2559
2 12564 014.3611 003.5687 0004922 208.9844 150.9470 01.00229889 59411
1 12564U 81061A   07117.25095527 +.00000036 +00000-0 +10000-3 0 02564
2 12564 014.3611 003.5686 0004900 208.6997 151.2309 01.00229888059416
1 12564U 81061A   07119.24628298 +.00000044 +00000-0 +10000-3 0 02561
2 12564 014.3617 003.5550 0004982 212.4020 147.5268 01.00230527059438
1 12564U 81061A   07119.24628672 +.00000044 +00000-0 +10000-3 0 02589
2 12564 014.3616 003.5541 0004894 209.9999 149.9282 01.00230499059435
1 12564U 81061A   07122.23925416  .00000053  00000-0  10000-3 0  2577
2 12564 014.3625 003.5323 0004978 213.9205 146.0039 01.00231453 59463
1 12564U 81061A   07123.23690729 +.00000055 +00000-0 +10000-3 0 02587
2 12564 014.3629 003.5248 0004912 214.2237 145.7005 01.00231777059479
1 12564U 81061A   07123.23690485 +.00000055 +00000-0 +10000-3 0 02597
2 12564 014.3630 003.5251 0004954 214.8968 145.0270 01.00231779059477
1 12564U 81061A   07123.23692943  .00000000  00000-0  10000-3 0  2587
2 12564 014.3620 003.5230 0004758 217.7343 142.1905 01.00227780 59474
1 12564U 81061A   07125.23221639  .00000057  00000-0  10000-3 0  2592
2 12564 014.3641 003.5160 0004377 209.7887 150.1464 01.00233253 59493
1 12564U 81061A   07126.22987127  .00000058  00000-0  10000-3 0  2606
2 12564 014.3641 003.5032 0004907 218.5217 141.4108 01.00232727 59500
1 12564U 81061A   07127.22752167 +.00000057 +00000-0 +10000-3 0 02611
2 12564 014.3647 003.4965 0004717 215.4558 144.4758 01.00233032059518
1 12564U 81061A   07127.22754140 +.00000057 +00000-0 +10000-3 0 02625
2 12564 014.3651 003.4954 0004663 214.7231 145.2173 01.00233048059518
1 12564U 81061A   07129.22282951  .00000057  00000-0  10000-3 0  2612
2 12564 014.3657 003.4800 0004663 214.7739 145.1702 01.00233683 59531
1 12564U 81061A   07130.22046209 +.00000056 +00000-0 +10000-3 0 02628
2 12564 014.3659 003.4724 0004663 214.7992 145.1442 01.00234004059549
1 12564U 81061A   07131.21811264  .00000056  00000-0  10000-3 0  2629
2 12564 014.3666 003.4658 0004300 206.1979 153.7510 01.00234366 59554
1 12564U 81061A   07132.21572914 +.00000055 +00000-0 +10000-3 0 02636
2 12564 014.3669 003.4583 0004298 206.1754 153.7696 01.00234692059569
1 12564U 81061A   07133.21333868 +.00000054 +00000-0 +10000-3 0 02640
2 12564 014.3672 003.4506 0004298 206.2010 153.7387 01.00235018059575
1 12564U 81061A   07134.21094550  .00000054  00000-0  10000-3 0  2632
2 12564 014.3675 003.4429 0004298 206.2266 153.7079 01.00235346 59588
1 12564U 81061A   07135.20855894 +.00000052 +00000-0 +10000-3 0 02658
2 12564 014.3678 003.4357 0004276 206.1806 153.7500 01.00235655059599
1 12564U 81061A   07135.20855966 +.00000052 +00000-0 +10000-3 0 02669
2 12564 014.3678 003.4360 0004305 206.5664 153.3646 01.00235652059596
1 12564U 81061A   07144.18695793  .00000000  00000-0  10000-3 0  2647
2 12564 014.3679 003.3700 0004216 218.2677 141.6720 01.00235116 59687
1 12564U 81061A   07144.18700759  .00000058  00000-0  10000-3 0  2650
2 12564 014.3704 003.3680 0004186 207.0953 152.8518 01.00238757 59685
1 12564U 81061A   07145.18458787 +.00000061 +00000-0 +10000-3 0 02678
2 12564 014.3706 003.3612 0004171 207.6852 152.2573 01.00239084059690
1 12564U 81061A   07145.18458986 +.00000061 +00000-0 +10000-3 0 02680
2 12564 014.3704 003.3618 0004169 207.6694 152.2733 01.00239083059692
1 12564U 81061A   07147.17974520  .00000068  00000-0  10000-3 0  2663
2 12564 014.3704 003.3478 0004212 207.1583 152.7847 01.00239815 59714
1 12564U 81061A   07147.17974254 +.00000068 +00000-0 +10000-3 0 02678
2 12564 014.3704 003.3480 0004192 207.4262 152.5164 01.00239825059712
1 12564U 81061A   07149.17488412 +.00000073 +00000-0 +10000-3 0 02694
2 12564 014.3710 003.3327 0004209 207.4972 152.4459 01.00240535059734
1 12564U 81061A   07150.17245053  .00000075  00000-0  10000-3 0  2678
2 12564 014.3714 003.3259 0004357 207.2259 152.7195 01.00240928 59749
1 12564U 81061A   07150.17244931 +.00000075 +00000-0 +10000-3 0 02683
2 12564 014.3715 003.3262 0004390 207.4648 152.4804 01.00240934059746
1 12564U 81061A   07153.16515933  .00000078  00000-0  10000-3 0  2681
2 12564 014.3723 003.3031 0004187 206.1887 153.7704 01.00242038 59777
1 12564U 81061A   07154.16272539 +.00000078 +00000-0 +10000-3 0 02718
2 12564 014.3726 003.2960 0004244 206.6138 153.3523 01.00242409059786
1 12564U 81061A   07156.15783229  .00000077  00000-0  10000-3 0  2698
2 12564 014.3730 003.2809 0004217 206.0388 153.9336 01.00243135 59802
1 12564U 81061A   07157.15537557 +.00000076 +00000-0 +10000-3 0 02712
2 12564 014.3732 003.2733 0004208 205.8194 154.1551 01.00243505059816
1 12564U 81061A   07157.15537513 +.00000076 +00000-0 +10000-3 0 02725
2 12564 014.3732 003.2733 0004247 206.3206 153.6542 01.00243506059814
1 12564U 81061A   07159.15043027  .00000075  00000-0  10000-3 0  2706
2 12564 014.3737 003.2581 0004241 206.1499 153.8198 01.00244233 59835
1 12564U 81061A   07160.14794880 +.00000073 +00000-0 +10000-3 0 02727
2 12564 014.3739 003.2506 0004329 206.3510 153.6140 01.00244581059849
1 12564U 81061A   07163.14048752  .00000070  00000-0  10000-3 0  2716
2 12564 014.3745 003.2276 0004474 205.8927 154.0583 01.00245628 59879
1 12564U 81061A   07164.13801376 +.00000068 +00000-0 +10000-3 0 02723
2 12564 014.3747 003.2198 0004523 205.4147 154.5386 01.00245974059880
1 12564U 81061A   07164.13801924 +.00000068 +00000-0 +10000-3 0 02733
2 12564 014.3747 003.2198 0004522 205.4074 154.5478 01.00245974059880
1 12564U 81061A   07166.13305460  .00000065  00000-0  10000-3 0  2725
2 12564 014.3752 003.2045 0004679 205.6856 154.2722 01.00246682 59909
1 12564U 81061A   07167.13057646 +.00000065 +00000-0 +10000-3 0 02737
2 12564 014.3755 003.1969 0004686 205.7528 154.2107 01.00247052059911
1 12564U 81061A   07168.12808938 +.00000065 +00000-0 +10000-3 0 02746
2 12564 014.3758 003.1893 0004677 205.6381 154.3293 01.00247426059929
1 12564U 81061A   07169.12559810  .00000067  00000-0  10000-3 0  2730
2 12564 014.3760 003.1818 0004693 205.5108 154.4594 01.00247795 59938
1 12564U 81061A   07170.12309926 +.00000068 +00000-0 +10000-3 0 02745
2 12564 014.3764 003.1741 0004694 205.3326 154.6403 01.00248175059943
1 12564U 81061A   07170.12310005 +.00000068 +00000-0 +10000-3 0 02756
2 12564 014.3764 003.1742 0004692 205.2876 154.6854 01.00248174059940
1 12564U 81061A   07172.11808002 +.00000074 +00000-0 +10000-3 0 02742
2 12564 014.3769 003.1590 0004747 204.7825 155.1910 01.00248933059969
1 12564U 81061A   07173.11556273 +.00000077 +00000-0 +10000-3 0 02768
2 12564 014.3772 003.1516 0004789 204.3867 155.5873 01.00249326059979
1 12564U 81061A   07174.11304035 +.00000080 +00000-0 +10000-3 0 02771
2 12564 014.3775 003.1439 0004815 203.7018 156.2722 01.00249720059987
1 12564U 81061A   07175.11051602  .00000083  00000-0  10000-3 0  2752
2 12564 014.3777 003.1369 0004833 203.7255 156.2500 01.00250132 59998
1 12564U 81061A   07177.10545947 +.00000087 +00000-0 +10000-3 0 02768
2 12564 014.3783 003.1218 0004916 202.9091 157.0695 01.00250924060017
1 12564U 81061A   07180.09787145  .00000090  00000-0  10000-3 0  2762
2 12564 014.3792 003.0995 0004770 205.7484 154.2454 01.00252084 60047
1 12564U 81061A   07184.08768828 +.00000088 +00000-0 +10000-3 0 02770
2 12564 014.3803 003.0686 0004680 205.5066 154.5030 01.00253659060087
1 12564U 81061A   07185.08511339 +.00000087 +00000-0 +10000-3 0 02795
2 12564 014.3806 003.0609 0004590 206.1461 153.8624 01.00254066060096
1 12564U 81061A   07186.08252751  .00000086  00000-0  10000-3 0  2795
2 12564 014.3808 003.0531 0004658 206.1968 153.8101 01.00254497 60109
1 12564U 81061A   07186.08253687 +.00000086 +00000-0 +10000-3 0 02806
2 12564 014.3809 003.0531 0004611 207.0023 153.0060 01.00254474060102
1 12564U 81061A   07187.07993991 +.00000084 +00000-0 +10000-3 0 02803
2 12564 014.3811 003.0453 0004623 206.0200 153.9820 01.00254885060117
1 12564U 81061A   07187.07994015 +.00000084 +00000-0 +10000-3 0 02812
2 12564 014.3811 003.0453 0004614 206.5282 153.4746 01.00254888060117
1 12564U 81061A   07189.07475593  .00000082  00000-0  10000-3 0  2806
2 12564 014.3816 003.0299 0004608 206.7394 153.2550 01.00255676 60138
1 12564U 81061A   07189.07475593 +.00000081 +00000-0 +10000-3 0 02827
2 12564 014.3816 003.0299 0004608 206.7394 153.2550 01.00255676060138
1 12564U 81061A   07190.07216015 +.00000080 +00000-0 +10000-3 0 02819
2 12564 014.3819 003.0221 0004557 207.6228 152.3676 01.00256059060141
1 12564U 81061A   07191.06956703 +.00000078 +00000-0 +10000-3 0 02833
2 12564 014.3823 003.0154 0004460 206.5189 153.4712 01.00256462060150
1 12564U 81061A   07192.06697908  .00000076  00000-0  10000-3 0  2819
2 12564 014.3825 003.0067 0004717 206.0820 153.9086 01.00256847 60164
1 12564U 81061A   07192.06698029 +.00000076 +00000-0 +10000-3 0 02825
2 12564 014.3825 003.0069 0004739 206.2663 153.7243 01.00256843060166
1 12564U 81061A   07194.06180166 +.00000073 +00000-0 +10000-3 0 02833
2 12564 014.3831 002.9916 0004805 206.6904 153.3053 01.00257621060180
1 12564U 81061A   07195.05921005  .00000073  00000-0  10000-3 0  2827
2 12564 014.3834 002.9841 0004814 206.7481 153.2521 01.00258018 60192
1 12564U 81061A   07195.05921036 +.00000073 +00000-0 +10000-3 0 02832
2 12564 014.3835 002.9844 0004813 206.8381 153.1620 01.00258019060195
1 12564U 81061A   07197.05400539 +.00000075 +00000-0 +10000-3 0 02858
2 12564 014.3840 002.9693 0004809 207.0783 152.9268 01.00258807060210
1 12564U 81061A   07197.05400545 +.00000075 +00000-0 +10000-3 0 02866
2 12564 014.3840 002.9695 0004817 206.9400 153.0647 01.00258807060218
1 12564U 81061A   07198.05139282  .00000077  00000-0  10000-3 0  2833
2 12564 014.3843 002.9625 0004976 207.0019 153.0020 01.00259204 60226
1 12564U 81061A   07199.04877580 +.00000079 +00000-0 +10000-3 0 02846
2 12564 014.3845 002.9548 0005044 206.4466 153.5575 01.00259600060239
1 12564U 81061A   07199.04877851 +.00000079 +00000-0 +10000-3 0 02858
2 12564 014.3845 002.9550 0004977 206.4137 153.5922 01.00259613060231
1 12564U 81061A   07204.03561629  .00000092  00000-0  10000-3 0  2841
2 12564 014.3860 002.9165 0005159 207.4496 152.5592 01.00261713 60283
1 12564U 81061A   07205.03296375 +.00000093 +00000-0 +10000-3 0 02857
2 12564 014.3863 002.9093 0005055 206.4419 153.5658 01.00262127060290
1 12564U 81061A   07206.03032194 +.00000094 +00000-0 +10000-3 0 02878
2 12564 014.3864 002.9012 0005342 204.7231 155.2888 01.00262570060302
1 12564U 81061A   07206.03032093 +.00000094 +00000-0 +10000-3 0 02887
2 12564 014.3864 002.9013 0005373 204.6736 155.3383 01.00262576060303
1 12564U 81061A   07207.02767865  .00000095  00000-0  10000-3 0  2857
2 12564 014.3867 002.8940 0005258 204.4003 155.6174 01.00262989 60311
1 12564U 81061A   07209.02238395 +.00000094 +00000-0 +10000-3 0 02860
2 12564 014.3872 002.8790 0005267 203.5974 156.4302 01.00263809060333
1 12564U 81061A   07210.01972538  .00000093  00000-0  10000-3 0  2864
2 12564 014.3875 002.8713 0005229 203.6301 156.4019 01.00264229 60347
1 12564U 81061A   07211.01706080 +.00000092 +00000-0 +10000-3 0 02872
2 12564 014.3878 002.8636 0005254 203.3431 156.6915 01.00264638060355
1 12564U 81061A   07212.01438448 +.00000091 +00000-0 +10000-3 0 02894
2 12564 014.3880 002.8559 0005301 203.3763 156.6584 01.00265052060367
1 12564U 81061A   07213.01170014  .00000090  00000-0  10000-3 0  2874
2 12564 014.3883 002.8481 0005325 203.3432 156.6895 01.00265458 60379
1 12564U 81061A   07213.01169937 +.00000090 +00000-0 +10000-3 0 02887
2 12564 014.3883 002.8482 0005355 203.3694 156.6634 01.00265463060370
1 12564U 81061A   07215.00630415 +.00000088 +00000-0 +10000-3 0 02902
2 12564 014.3888 002.8326 0005407 203.2909 156.7326 01.00266271060397
1 12564U 81061A   07216.00359977  .00000086  00000-0  10000-3 0  2889
2 12564 014.3891 002.8248 0005424 203.2965 156.7219 01.00266673 60404
1 12564U 81061A   07217.00089444 +.00000084 +00000-0 +10000-3 0 02900
2 12564 014.3894 002.8170 0005462 203.1134 156.9014 01.00267080060419
1 12564U 81061A   07217.99819139  .00000000  00000-0  10000-3 0  2896
2 12564 014.3899 002.8099 0006067 203.8321 156.1800 01.00263785 60425
1 12564U 81061A   07217.99818790 +.00000082 +00000-0 +10000-3 0 02911
2 12564 014.3898 002.8082 0005724 204.0830 155.9271 01.00267478060425
1 12564U 81061A   07218.99548307  .00000080  00000-0  10000-3 0  2903
2 12564 014.3901 002.8012 0005643 203.5691 156.4390 01.00267865 60431
1 12564U 81061A   07218.99549802  .00000080  00000-0  10000-3 0  2904
2 12564 014.3901 002.8012 0005643 203.5691 156.4444 01.00267865 60431
1 12564U 81061A   07219.99278613 +.00000078 +00000-0 +10000-3 0 02912
2 12564 014.3904 002.7929 0005814 204.2149 155.7959 01.00268277060448
1 12564U 81061A   07220.99008145  .00000000  00000-0  10000-3 0  2910
2 12564 014.3908 002.7868 0005879 204.2496 155.7663 01.00264999 60450
1 12564U 81061A   07220.99008131 +.00000076 +00000-0 +10000-3 0 02930
2 12564 014.3908 002.7854 0005787 204.2333 155.7788 01.00268674060455
1 12564U 81061A   07221.98737637  .00000075  00000-0  10000-3 0  2917
2 12564 014.3911 002.7783 0005617 203.9935 156.0221 01.00269068 60461
1 12564U 81061A   07221.98737916 +.00000075 +00000-0 +10000-3 0 02928
2 12564 014.3911 002.7779 0005749 204.3503 155.6660 01.00269078060461
1 12564U 81061A   07223.98194985 +.00000076 +00000-0 +10000-3 0 02946
2 12564 014.3917 002.7631 0005601 204.3418 155.6779 01.00269871060480
1 12564U 81061A   07224.97922531  .00000077  00000-0  10000-3 0  2921
2 12564 014.3920 002.7554 0005570 204.5002 155.5192 01.00270266 60493
1 12564U 81061A   07225.97649491 +.00000079 +00000-0 +10000-3 0 02936
2 12564 014.3923 002.7478 0005570 204.3055 155.7138 01.00270673060503
1 12564U 81061A   07225.97649576 +.00000079 +00000-0 +10000-3 0 02941
2 12564 014.3923 002.7479 0005575 204.2718 155.7476 01.00270672060508
1 12564U 81061A   07227.97101402  .00000085  00000-0  10000-3 0  2930
2 12564 014.3928 002.7325 0005590 204.2507 155.7649 01.00271481 60529
1 12564U 81061A   07227.97101505 +.00000084 +00000-0 +10000-3 0 02944
2 12564 014.3929 002.7327 0005561 204.2535 155.7623 01.00271477060528
1 12564U 81061A   07228.96826933 +.00000087 +00000-0 +10000-3 0 02957
2 12564 014.3931 002.7253 0005519 203.9355 156.0790 01.00271880060536
1 12564U 81061A   07229.96552190  .00000090  00000-0  10000-3 0  2942
2 12564 014.3934 002.7173 0005987 204.6666 155.3448 01.00272303 60546
1 12564U 81061A   07229.96552119 +.00000089 +00000-0 +10000-3 0 02952
2 12564 014.3934 002.7174 0005944 204.6876 155.3242 01.00272309060541
1 12564U 81061A   07231.96001512 +.00000093 +00000-0 +10000-3 0 02978
2 12564 014.3940 002.7019 0005923 204.7769 155.2364 01.00273146060561
1 12564U 81061A   07232.95726046  .00000094  00000-0  10000-3 0  2953
2 12564 014.3943 002.6941 0005902 204.8755 155.1397 01.00273553 60578
1 12564U 81061A   07232.95725961 +.00000094 +00000-0 +10000-3 0 02969
2 12564 014.3942 002.6943 0005928 204.1633 155.8526 01.00273568060572
1 12564U 81061A   07235.94898817  .00000094  00000-0  10000-3 0  2962
2 12564 014.3952 002.6710 0005801 204.5077 155.5214 01.00274803 60609
1 12564U 81061A   07235.94898276 +.00000094 +00000-0 +10000-3 0 02972
2 12564 014.3952 002.6711 0005776 204.7994 155.2293 01.00274818060601
1 12564U 81061A   07236.94621162 +.00000093 +00000-0 +10000-3 0 02981
2 12564 014.3955 002.6633 0005803 204.4568 155.5743 01.00275231060616
1 12564U 81061A   07236.94621020 +.00000093 +00000-0 +10000-3 0 02995
2 12564 014.3955 002.6634 0005761 204.5756 155.4559 01.00275238060611
1 12564U 81061A   07238.94065099  .00000092  00000-0  10000-3 0  2972
2 12564 014.3960 002.6479 0005720 204.5947 155.4391 01.00276053 60633
1 12564U 81061A   07239.93785639 +.00000091 +00000-0 +10000-3 0 03487
2 12564 014.3963 002.6402 0005645 204.2959 155.7360 01.00276456060645
1 12564U 81061A   07240.93505387 +.00000089 +00000-0 +10000-3 0 02991
2 12564 014.3966 002.6324 0005717 204.3982 155.6288 01.00276854060659
1 12564U 81061A   07241.93224129  .00000088  00000-0  10000-3 0  2993
2 12564 014.3969 002.6244 0005786 204.1691 155.8532 01.00277269 60660
1 12564U 81061A   07244.92378513  .00000082  00000-0  10000-3 0  3009
2 12564 014.3979 002.6009 0005717 204.0139 155.9909 01.00278441 60695
1 12564U 81061A   07245.92097078 +.00000080 +00000-0 +10000-3 0 03024
2 12564 014.3983 002.5934 0005786 203.7382 156.2663 01.00278855060700
1 12564U 81061A   07246.91815407 +.00000077 +00000-0 +10000-3 0 03035
2 12564 014.3986 002.5858 0005790 203.7519 156.2521 01.00279260060710
1 12564U 81061A   07247.91533753  .00000075  00000-0  10000-3 0  3013
2 12564 014.3989 002.5781 0005775 204.0532 155.9512 01.00279655 60725
1 12564U 81061A   07249.90969868 +.00000073 +00000-0 +10000-3 0 03034
2 12564 014.3995 002.5627 0005847 204.0752 155.9323 01.00280456060748
1 12564U 81061A   07250.90687010  .00000073  00000-0  10000-3 0  3021
2 12564 014.3998 002.5552 0005836 204.9055 155.1020 01.00280853 60759
1 12564U 81061A   07251.90403456 +.00000074 +00000-0 +10000-3 0 03034
2 12564 014.4002 002.5473 0006067 207.1952 152.8088 01.00281251060768
1 12564U 81061A   07254.89548511  .00000081  00000-0  10000-3 0  3046
2 12564 014.4010 002.5243 0006157 207.6283 152.3684 01.00282467 60794
1 12564U 81061A   07257.88690029  .00000087  00000-0  10000-3 0  3057
2 12564 014.4018 002.5012 0006527 209.8198 150.1692 01.00283706 60822
1 12564U 81061A   07258.88402731 +.00000089 +00000-0 +10000-3 0 03062
2 12564 014.4021 002.4933 0006515 209.3766 150.6118 01.00284132060833
1 12564U 81061A   07259.88115476 +.00000090 +00000-0 +10000-3 0 03084
2 12564 014.4024 002.4861 0006451 209.1310 150.8574 01.00284551060842
1 12564U 81061A   07260.87828772  .00000091  00000-0  10000-3 0  3064
2 12564 014.4027 002.4784 0006517 209.8742 150.1161 01.00284959 60856
1 12564U 81061A   07261.87541676 +.00000091 +00000-0 +10000-3 0 03071
2 12564 014.4030 002.4705 0006504 210.5962 149.3963 01.00285365060865
1 12564U 81061A   07263.86966702  .00000090  00000-0  10000-3 0  3072
2 12564 014.4038 002.4547 0006989 213.7473 146.2471 01.00286186 60880
1 12564U 81061A   07263.86966702 +.00000090 +00000-0 +10000-3 0 03083
2 12564 014.4038 002.4547 0006989 213.7473 146.2471 01.00286186060880
1 12564U 81061A   07265.86388490 +.00000088 +00000-0 +10000-3 0 03095
2 12564 014.4043 002.4396 0006920 213.9951 146.0001 01.00286995060904
1 12564U 81061A   07266.86098132  .00000087  00000-0  10000-3 0  3085
2 12564 014.4045 002.4318 0006912 214.0827 145.9104 01.00287395 60913
1 12564U 81061A   07266.86098132 +.00000087 +00000-0 +10000-3 0 03108
2 12564 014.4045 002.4318 0006912 214.0827 145.9104 01.00287395060913
1 12564U 81061A   07267.85806940 +.00000086 +00000-0 +10000-3 0 03099
2 12564 014.4048 002.4242 0006919 214.2941 145.6953 01.00287797060924
1 12564U 81061A   07267.85806730 +.00000086 +00000-0 +10000-3 0 03108
2 12564 014.4048 002.4242 0006932 214.3640 145.6245 01.00287797060920
1 12564U 81061A   07267.85806742 +.00000086 +00000-0 +10000-3 0 03112
2 12564 014.4048 002.4243 0007055 214.8249 145.1631 01.00287804060921
1 12564U 81061A   07269.85221972  .00000083  00000-0  10000-3 0  3106
2 12564 014.4054 002.4087 0007011 214.2084 145.7677 01.00288588 60945
1 12564U 81061A   07269.85221972 +.00000083 +00000-0 +10000-3 0 03128
2 12564 014.4054 002.4087 0007011 214.2084 145.7677 01.00288588060945
1 12564U 81061A   07269.85224380  .00000000  00000-0  10000-3 0  3099
2 12564 014.4046 002.4108 0006338 207.0618 152.9313 01.00284827 60943
1 12564U 81061A   07272.84343020  .00000076  00000-0  10000-3 0  3111
2 12564 014.4061 002.3858 0007005 214.4630 145.4978 01.00289757 60973
1 12564U 81061A   07274.83757515  .00000071  00000-0  10000-3 0  3126
2 12564 014.4069 002.3694 0007467 217.3035 142.6499 01.00290527 60998
1 12564U 81061A   07275.83464620 +.00000069 +00000-0 +10000-3 0 03137
2 12564 014.4073 002.3622 0007424 217.2850 142.6680 01.00290902061003
1 12564U 81061A   07275.83468572  .00000000  00000-0  10000-3 0  3132
2 12564 014.4062 002.3688 0006083 207.2125 152.7657 01.00287180 61007
1 12564U 81061A   07277.82878198  .00000067  00000-0  10000-3 0  3146
2 12564 014.4078 002.3470 0007450 217.4533 142.5019 01.00291671 61029
1 12564U 81061A   07278.82584179 +.00000067 +00000-0 +10000-3 0 03151
2 12564 014.4082 002.3401 0007430 218.3161 141.6368 01.00292040061032
1 12564U 81061A   07279.82290235 +.00000068 +00000-0 +10000-3 0 03183
2 12564 014.4085 002.3332 0007360 218.2433 141.7101 01.00292411061040
1 12564U 81061A   07281.81698613  .00000073  00000-0  10000-3 0  3150
2 12564 014.4091 002.3181 0007355 218.5292 141.4190 01.00293182 61062
1 12564U 81061A   07283.81105295 +.00000077 +00000-0 +10000-3 0 03166
2 12564 014.4097 002.3029 0007346 218.5137 141.4297 01.00293954061084
1 12564U 81061A   07283.81105340 +.00000077 +00000-0 +10000-3 0 03178
2 12564 014.4097 002.3029 0007320 218.4268 141.5171 01.00293955061083
1 12564U 81061A   07284.80808298  .00000079  00000-0  10000-3 0  3161
2 12564 014.4099 002.2952 0007277 218.2348 141.7080 01.00294343 61091
1 12564U 81061A   07284.80808281 +.00000079 +00000-0 +10000-3 0 03174
2 12564 014.4099 002.2956 0007294 218.2320 141.7104 01.00294345061093
1 12564U 81061A   07286.80214049 +.00000082 +00000-0 +10000-3 0 03195
2 12564 014.4106 002.2810 0007242 217.8563 142.0875 01.00295130061113
1 12564U 81061A   07288.79619513  .00000083  00000-0  10000-3 0  3179
2 12564 014.4111 002.2655 0007229 217.4720 142.4776 01.00295899 61130
1 12564U 81061A   07289.79321693 +.00000082 +00000-0 +10000-3 0 03190
2 12564 014.4114 002.2580 0007354 217.6171 142.3356 01.00296294061145
1 12564U 81061A   07291.78724747  .00000081  00000-0  10000-3 0  3187
2 12564 014.4123 002.2430 0007280 218.2259 141.7326 01.00297077 61163
1 12564U 81061A   07292.78425284 +.00000080 +00000-0 +10000-3 0 03192
2 12564 014.4126 002.2354 0007239 218.2158 141.7442 01.00297460061179
1 12564U 81061A   07292.78425193 +.00000080 +00000-0 +10000-3 0 03203
2 12564 014.4126 002.2354 0007146 217.8572 142.1037 01.00297465061171
1 12564U 81061A   07294.77823851  .00000078  00000-0  10000-3 0  3192
2 12564 014.4132 002.2201 0007201 218.6357 141.3218 01.00298221 61196
1 12564U 81061A   07295.77521599 +.00000076 +00000-0 +10000-3 0 03207
2 12564 014.4135 002.2125 0007226 218.5898 141.3625 01.00298593061206
1 12564U 81061A   07296.77218952 +.00000075 +00000-0 +10000-3 0 03225
2 12564 014.4138 002.2047 0007255 218.0115 141.9360 01.00298964061216
1 12564U 81061A   07297.76915632  .00000073  00000-0  10000-3 0  3200
2 12564 014.4141 002.1970 0007256 218.1217 141.8195 01.00299338 61221
1 12564U 81061A   07297.76915572 +.00000073 +00000-0 +10000-3 0 03214
2 12564 014.4141 002.1972 0007290 218.2797 141.6611 01.00299342061221
1 12564U 81061A   07299.76308747 +.00000067 +00000-0 +10000-3 0 03231
2 12564 014.4147 002.1820 0007273 218.3636 141.5673 01.00300078061241
1 12564U 81061A   07300.76005707  .00000065  00000-0  10000-3 0  3210
2 12564 014.4149 002.1743 0007278 218.3199 141.6092 01.00300444 61250
1 12564U 81061A   07300.76005815 +.00000064 +00000-0 +10000-3 0 03220
2 12564 014.4149 002.1743 0007278 218.3199 141.6096 01.00300444061254
1 12564U 81061A   07302.75399724 +.00000059 +00000-0 +10000-3 0 03231
2 12564 014.4156 002.1592 0007254 218.6638 141.2655 01.00301171061276
1 12564U 81061A   07303.75096841  .00000057  00000-0  10000-3 0  3223
2 12564 014.4159 002.1517 0007316 218.7569 141.1741 01.00301527 61280
1 12564U 81061A   07306.74184199  .00000056  00000-0  10000-3 0  3239
2 12564 014.4170 002.1298 0007371 219.8045 140.1261 01.00302612 61317
1 12564U 81061A   07307.73879173 +.00000057 +00000-0 +10000-3 0 03255
2 12564 014.4173 002.1233 0007319 219.5147 140.4141 01.00302957061324
1 12564U 81061A   07307.73879865 +.00000057 +00000-0 +10000-3 0 03264
2 12564 014.4174 002.1236 0007308 219.8912 140.0390 01.00302951061325
1 12564U 81061A   07308.73574079 +.00000058 +00000-0 +10000-3 0 03287
2 12564 014.4177 002.1167 0007301 220.6992 139.2272 01.00303301061332
1 12564U 81061A   07310.72961196  .00000063  00000-0  10000-3 0  3241
2 12564 014.4182 002.1013 0007306 220.7960 139.1273 01.00304016 61355
1 12564U 81061A   07310.72961203 +.00000062 +00000-0 +10000-3 0 03250
2 12564 014.4181 002.1015 0007302 220.8295 139.0938 01.00304017061352
1 12564U 81061A   07311.72654370 +.00000064 +00000-0 +10000-3 0 03279
2 12564 014.4183 002.0946 0007294 220.6246 139.2974 01.00304378061363
1 12564U 81061A   07312.72347530 +.00000066 +00000-0 +10000-3 0 03291
2 12564 014.4186 002.0879 0007252 219.9637 139.9593 01.00304747061375
1 12564U 81061A   07314.71733639  .00000068  00000-0  10000-3 0  3260
2 12564 014.4190 002.0724 0007326 223.2772 136.6471 01.00305475 61399
1 12564U 81061A   07314.71733192 +.00000067 +00000-0 +10000-3 0 03274
2 12564 014.4190 002.0725 0007194 222.3735 137.5512 01.00305480061394
1 12564U 81061A   07316.71118854 +.00000067 +00000-0 +10000-3 0 03290
2 12564 014.4195 002.0570 0007049 222.7863 137.1471 01.00306196061410
1 12564U 81061A   07316.71118854  .00000067  00000-0  10000-3 0  3278
2 12564 014.4195 002.0570 0007049 222.7863 137.1471 01.00306196 61410
1 12564U 81061A   07322.69263961  .00000061  00000-0  10000-3 0  3287
2 12564 014.4211 002.0103 0006999 223.3309 136.6112 01.00308240 61470
1 12564U 81061A   07322.69264130 +.00000060 +00000-0 +10000-3 0 03296
2 12564 014.4210 002.0102 0007097 225.3549 134.5860 01.00308245061478
1 12564U 81061A   07323.68951836  .00000059  00000-0  10000-3 0  3290
2 12564 014.4214 002.0026 0007110 226.1175 133.8165 01.00308570 61489
1 12564U 81061A   07324.68639685 +.00000056 +00000-0 +10000-3 0 03305
2 12564 014.4217 001.9950 0007133 226.6071 133.3222 01.00308906061494
1 12564U 81061A   07326.68014522  .00000051  00000-0  10000-3 0  3309
2 12564 014.4222 001.9803 0007378 226.7174 133.2028 01.00309569 61515
1 12564U 81061A   07326.68014203 +.00000051 +00000-0 +10000-3 0 03316
2 12564 014.4223 001.9815 0007453 226.6447 133.2744 01.00309579061511
1 12564U 81061A   07328.67388645  .00000044  00000-0  10000-3 0  3313
2 12564 014.4239 001.9741 0007987 227.3544 132.5529 01.00309730 61538
1 12564U 81061A   07329.67076287  .00000041  00000-0  10000-3 0  3328
2 12564 014.4229 001.9594 0007713 229.1189 130.7950 01.00310583 61542
1 12564U 81061A   07329.67076177 +.00000041 +00000-0 +10000-3 0 03337
2 12564 014.4230 001.9594 0007696 228.3050 131.6094 01.00310581061549
1 12564U 81061A   07332.66138717  .00000035  00000-0  10000-3 0  3332
2 12564 014.4237 001.9373 0007711 229.9096 130.0099 01.00311526 61577
1 12564U 81061A   07332.66138908 +.00000034 +00000-0 +10000-3 0 03344
2 12564 014.4236 001.9372 0007737 230.2102 129.7098 01.00311527061571
1 12564U 81061A   07335.65195656 +.00000035 +00000-0 +10000-3 0 03340
2 12564 014.4245 001.9143 0007736 230.1958 129.7228 01.00312478061609
1 12564U 81061A   07336.64880374 +.00000037 +00000-0 +10000-3 0 03351
2 12564 014.4248 001.9082 0007693 230.5048 129.4114 01.00312815061617
1 12564U 81061A   07338.64249319  .00000040  00000-0  10000-3 0  3355
2 12564 014.4251 001.8929 0007747 230.5127 129.4038 01.00313462 61634
1 12564U 81061A   07338.64248894 +.00000040 +00000-0 +10000-3 0 03363
2 12564 014.4251 001.8929 0007745 230.5132 129.4018 01.00313463061637
1 12564U 81061A   07339.63932999 +.00000041 +00000-0 +10000-3 0 03371
2 12564 014.4254 001.8853 0007747 230.5621 129.3529 01.00313770061649
1 12564U 81061A   07341.63301465  .00000043  00000-0  10000-3 0  3363
2 12564 014.4260 001.8693 0007835 230.7722 129.1482 01.00314395 61662
1 12564U 81061A   07341.63300950 +.00000042 +00000-0 +10000-3 0 03371
2 12564 014.4260 001.8698 0007757 230.6882 129.2303 01.00314389061662
1 12564U 81061A   07348.61083736 +.00000035 +00000-0 +10000-3 0 03389
2 12564 014.4278 001.8147 0007850 230.9040 129.0435 01.00316494061734
1 12564U 81061A   07348.61084582  .00000035  00000-0  10000-3 0  3378
2 12564 014.4278 001.8149 0007806 230.9182 129.0309 01.00316479 61737
1 12564U 81061A   07350.60444455 +.00000031 +00000-0 +10000-3 0 03409
2 12564 014.4283 001.7991 0007858 230.9709 128.9735 01.00317072061752
1 12564U 81061A   07354.59160259 +.00000019 +00000-0 +10000-3 0 03392
2 12564 014.4294 001.7696 0007763 231.0252 128.8989 01.00318142061799
1 12564U 81061A   07355.58841033 +.00000015 +00000-0 +10000-3 0 03406
2 12564 014.4298 001.7626 0007810 231.1727 128.7526 01.00318382061801
1 12564U 81061A   07358.57880681 +.00000004 +00000-0 +10000-3 0 03408
2 12564 014.4306 001.7398 0007844 231.2135 128.7192 01.00319153061837
1 12564U 81061A   07359.57560578 +.00000002 +00000-0 +10000-3 0 03418
2 12564 014.4308 001.7320 0007849 231.2449 128.6926 01.00319410061848
1 12564U 81061A   07359.57560692 +.00000002 +00000-0 +10000-3 0 03426
2 12564 014.4310 001.7323 0007918 231.4315 128.5040 01.00319395061843
1 12564U 81061A   07361.56917780 +.00000000 +00000-0 +10000-3 0 03419
2 12564 014.4314 001.7170 0007908 231.4922 128.4476 01.00319922061860
1 12564U 81061A   07363.56272366 +.00000001 +00000-0 +10000-3 0 03438
2 12564 014.4319 001.7017 0007912 231.5893 128.3482 01.00320426061887
1 12564U 81061A   07364.55949012 +.00000002 +00000-0 +10000-3 0 03427
2 12564 014.4321 001.6936 0007942 231.6448 128.2909 01.00320674061898
1 12564U 81061A   07365.55625581 +.00000004 +00000-0 +10000-3 0 03433
2 12564 014.4325 001.6862 0007925 231.6429 128.2913 01.00320918061908
1 12564U 81061A   08003.54655995  .00000005  00000-0  10000-3 0  3446
2 12564 014.4331 001.6628 0007938 232.2631 127.6767 01.00321660 61939
1 12564U 81061A   08005.54009309 +.00000004 +00000-0 +10000-3 0 03450
2 12564 014.4335 001.6468 0007923 233.0240 126.9230 01.00322138061954
1 12564U 81061A   08006.53685698  .00000003  00000-0  10000-3 0  3450
2 12564 014.4336 001.6392 0007891 233.0407 126.9107 01.00322383 61966
1 12564U 81061A   08007.53362150 +.00000002 +00000-0 +10000-3 0 03466
2 12564 014.4338 001.6312 0007835 233.3831 126.5743 01.00322625061974
1 12564U 81061A   08009.52713779 -.00000002  00000-0  10000-3 0  3465
2 12564 014.4349 001.6171 0007548 233.8681 126.0948 01.00323078 61995
1 12564U 81061A   08010.52389747 -.00000004 +00000-0 +10000-3 0 03474
2 12564 014.4352 001.6098 0007532 233.8111 126.1578 01.00323302062001
1 12564U 81061A   08010.52389570 -.00000004 +00000-0 +10000-3 0 03489
2 12564 014.4351 001.6103 0007525 233.7718 126.1962 01.00323301062007
1 12564U 81061A   08012.51737954 -.00000008  00000-0  10000-3 0  3487
2 12564 014.4359 001.5967 0007317 234.9373 125.0278 01.00323735 62022
1 12564U 81061A   08012.51738468 -.00000008 +00000-0 +10000-3 0 03499
2 12564 014.4360 001.5971 0007305 234.7261 125.2401 01.00323729062023
1 12564U 81061A   08013.51411645 -.00000011 +00000-0 +10000-3 0 03501
2 12564 014.4363 001.5893 0007317 234.9830 124.9808 01.00323941062030
1 12564U 81061A   08015.50756312 -.00000017  00000-0  10000-3 0  3499
2 12564 014.4368 001.5734 0007379 234.3718 125.5827 01.00324335 62054
1 12564U 81061A   08016.50429212 -.00000021 +00000-0 +10000-3 0 03514
2 12564 014.4371 001.5660 0007293 235.8185 124.1310 01.00324511062064
1 12564U 81061A   08018.49775530 -.00000030  00000-0  10000-3 0  3500
2 12564 014.4376 001.5505 0007339 235.4973 124.4526 01.00324886 62088
1 12564U 81061A   08018.49775668 -.00000030 +00000-0 +10000-3 0 03513
2 12564 014.4376 001.5503 0007368 235.6336 124.3160 01.00324877062086
1 12564U 81061A   08020.49122740 -.00000038 +00000-0 +10000-3 0 03533
2 12564 014.4382 001.5358 0007402 234.8902 125.0625 01.00325223062103
1 12564U 81061A   08020.49123253 -.00000038  00000-0  10000-3 0  3511
2 12564 014.4381 001.5349 0007306 237.5862 122.3664 01.00325228 62108
1 12564U 81061A   08027.46825916 -.00000044  00000-0  10000-3 0  3528
2 12564 014.4400 001.4795 0007232 238.8979 121.0507 01.00326423 62172
1 12564U 81061A   08028.46497181 -.00000043  00000-0  10000-3 0  3538
2 12564 014.4402 001.4727 0007402 236.3051 123.6473 01.00326600 62180
1 12564U 81061A   08030.45838556 -.00000043 +00000-0 +10000-3 0 03546
2 12564 014.4407 001.4569 0007402 236.3553 123.5949 01.00326906062205
1 12564U 81061A   08031.45509999 -.00000043  00000-0  10000-3 0  3554
2 12564 014.4419 001.4471 0006520 247.9178 112.0185 01.00326908 62219
1 12564U 81061A   08032.45186613 -.00000044  00000-0  10000-3 0  3561
2 12564 014.4422 001.4383 0006715 244.1331 115.8349 01.00327201 62222
1 12564U 81061A   08033.44855320 -.00000045 +00000-0 +10000-3 0 03571
2 12564 014.4425 001.4304 0006715 244.1581 115.8035 01.00327342062234
1 12564U 81061A   08034.44526888 -.00000047 +00000-0 +10000-3 0 03590
2 12564 014.4428 001.4225 0006715 244.1831 115.7829 01.00327480062241
1 12564U 81061A   08035.44198225 -.00000048  00000-0  10000-3 0  3570
2 12564 014.4430 001.4146 0006715 244.2081 115.7620 01.00327615 62254
1 12564U 81061A   08036.43869887 -.00000050  00000-0  10000-3 0  3583
2 12564 014.4434 001.4077 0006455 244.3713 115.6052 01.00327775 62261
1 12564U 81061A   08037.43540077 -.00000053 +00000-0 +10000-3 0 03595
2 12564 014.4437 001.3996 0006475 244.3817 115.5962 01.00327904062274
1 12564U 81061A   08038.43209619 -.00000055  00000-0  10000-3 0  3592
2 12564 014.4440 001.3916 0006465 244.3377 115.6402 01.00328042 62285
1 12564U 81061A   08039.42878297 -.00000057 +00000-0 +10000-3 0 03611
2 12564 014.4442 001.3844 0006496 243.1553 116.8207 01.00328171062294
1 12564U 81061A   08040.42546534 -.00000060 +00000-0 +10000-3 0 03624
2 12564 014.4445 001.3773 0006524 241.8785 118.0932 01.00328275062308
1 12564U 81061A   08041.42214700 -.00000063  00000-0  10000-3 0  3603
2 12564 014.4448 001.3683 0006527 242.9565 117.0108 01.00328394 62319
1 12564U 81061A   08042.41882464 -.00000067 +00000-0 +10000-3 0 03627
2 12564 014.4453 001.3603 0006534 243.5088 116.4519 01.00328495062324
1 12564U 81061A   08044.41218912 -.00000075  00000-0  10000-3 0  3618
2 12564 014.4462 001.3437 0006593 243.8060 116.1476 01.00328683 62347
1 12564U 81061A   08045.40887355 -.00000080 +00000-0 +10000-3 0 03639
2 12564 014.4466 001.3350 0006623 243.8885 116.0629 01.00328770062351
1 12564U 81061A   08046.40556239 -.00000084  00000-0  10000-3 0  3627
2 12564 014.4469 001.3284 0006617 246.5408 113.4041 01.00328832 62363
1 12564U 81061A   08047.40226791 -.00000089 +00000-0 +10000-3 0 03631
2 12564 014.4471 001.3205 0006616 246.5046 113.4459 01.00328918062375
1 12564U 81061A   08048.39896083 -.00000093 +00000-0 +10000-3 0 03643
2 12564 014.4473 001.3120 0006617 246.6858 113.2662 01.00328998062389
1 12564U 81061A   08049.39565200 -.00000095  00000-0  10000-3 0  3639
2 12564 014.4478 001.3038 0006629 247.4946 112.4576 01.00329070 62390
1 12564U 81061A   08050.39233762 -.00000098 +00000-0 +10000-3 0 03640
2 12564 014.4480 001.2967 0006630 247.9448 112.0052 01.00329142062404
1 12564U 81061A   08052.38570920 -.00000099  00000-0  10000-3 0  3642
2 12564 014.4485 001.2833 0006627 248.9605 110.9855 01.00329284 62420
1 12564U 81061A   08056.37241732 -.00000098  00000-0  10000-3 0  3651
2 12564 014.4497 001.2524 0006636 249.3432 110.5942 01.00329557 62463
1 12564U 81061A   08060.35915550 -.00000100  00000-0  10000-3 0  3665
2 12564 014.4511 001.2218 0006652 249.8904 110.0537 01.00329791 62507
1 12564U 81061A   08061.35583918 -.00000101 +00000-0 +10000-3 0 03677
2 12564 014.4514 001.2143 0006653 250.0976 109.8488 01.00329845062513
1 12564U 81061A   08061.35583661 -.00000101 +00000-0 +10000-3 0 03683
2 12564 014.4513 001.2152 0006641 249.8799 110.0662 01.00329855062517
1 12564U 81061A   08063.34921004 -.00000105  00000-0  10000-3 0  3674
2 12564 014.4519 001.2002 0006640 249.7520 110.1995 01.00329920 62532
1 12564U 81061A   08065.34257089 -.00000109 +00000-0 +10000-3 0 03686
2 12564 014.4524 001.1845 0006632 249.5795 110.3729 01.00329958062555
1 12564U 81061A   08066.33924554 -.00000111  00000-0  10000-3 0  3687
2 12564 014.4526 001.1769 0006617 249.2288 110.7218 01.00329961 62561
1 12564U 81061A   08066.33924833 -.00000111 +00000-0 +10000-3 0 03698
2 12564 014.4526 001.1769 0006621 249.0770 110.8757 01.00329971062560
1 12564U 81061A   08067.33591222 -.00000114 +00000-0 +10000-3 0 03706
2 12564 014.4527 001.1692 0006616 248.9026 111.0454 01.00329989062579
1 12564U 81061A   08069.32923622 -.00000120  00000-0  10000-3 0  3695
2 12564 014.4532 001.1531 0006613 248.8032 111.1331 01.00330000 62593
1 12564U 81061A   08070.32590121 -.00000124 +00000-0 +10000-3 0 03718
2 12564 014.4534 001.1456 0006610 248.7890 111.1416 01.00329996062607
1 12564U 81061A   08071.32256924 -.00000128 +00000-0 +10000-3 0 03724
2 12564 014.4537 001.1383 0006611 248.8910 111.0345 01.00329987062615
1 12564U 81061A   08073.31591944 -.00000137  00000-0  10000-3 0  3707
2 12564 014.4542 001.1230 0006601 248.6247 111.2966 01.00329951 62636
1 12564U 81061A   08073.31592635 -.00000138 +00000-0 +10000-3 0 03717
2 12564 014.4541 001.1234 0006596 248.7501 111.1724 01.00329944062639
1 12564U 81061A   08074.31260900 -.00000142 +00000-0 +10000-3 0 03721
2 12564 014.4544 001.1157 0006589 248.7379 111.1842 01.00329916062642
1 12564U 81061A   08077.30265260 -.00000152  00000-0  10000-3 0  3717
2 12564 014.4555 001.0930 0006637 248.5405 111.3819 01.00329836 62674
1 12564U 81061A   08079.29600410 -.00000155 +00000-0 +10000-3 0 03721
2 12564 014.4561 001.0774 0006697 248.3936 111.5255 01.00329770062695
1 12564U 81061A   08079.29600394 -.00000155 +00000-0 +10000-3 0 03733
2 12564 014.4556 001.0784 0006697 248.2388 111.6804 01.00329779062690
1 12564U 81061A   08081.28934422 -.00000154  00000-0  10000-3 0  3725
2 12564 014.4560 001.0637 0006736 248.6856 111.2267 01.00329724 62712
1 12564U 81061A   08083.28268777 -.00000154 +00000-0 +10000-3 0 03731
2 12564 014.4562 001.0486 0006762 248.4663 111.4383 01.00329628062735
1 12564U 81061A   08084.27936914 -.00000153  00000-0  10000-3 0  3735
2 12564 014.4567 001.0404 0006775 248.4143 111.4905 01.00329578 62742
1 12564U 81061A   08085.27606416 -.00000153  00000-0  10000-3 0  3748
2 12564 014.4568 001.0339 0006621 249.8348 110.0676 01.00329494 62750
1 12564U 81061A   08087.26945153 -.00000155 +00000-0 +10000-3 0 03756
2 12564 014.4569 001.0182 0006684 249.7979 110.1148 01.00329397062774
1 12564U 81061A   08088.26613524 -.00000156  00000-0  10000-3 0  3763
2 12564 014.4571 001.0110 0006634 250.0360 109.8764 01.00329340 62780
1 12564U 81061A   08089.26282856 -.00000157 +00000-0 +10000-3 0 03787
2 12564 014.4570 001.0036 0006544 250.4563 109.4603 01.00329291062799
1 12564U 81061A   08089.26283034 -.00000157 +00000-0 +10000-3 0 03797
2 12564 014.4570 001.0038 0006520 250.5556 109.3609 01.00329286062797
1 12564U 81061A   08090.25952658 -.00000159 +00000-0 +10000-3 0 03807
2 12564 014.4573 000.9961 0006191 250.6278 109.2899 01.00329213062801
1 12564U 81061A   08091.25623559 -.00000160  00000-0  10000-3 0  3771
2 12564 014.4576 000.9881 0006163 250.6521 109.2739 01.00329132 62819
1 12564U 81061A   08092.25292481 -.00000162 +00000-0 +10000-3 0 03781
2 12564 014.4578 000.9810 0006146 250.6863 109.2416 01.00329060062826
1 12564U 81061A   08092.25292242 -.00000162 +00000-0 +10000-3 0 03797
2 12564 014.4580 000.9818 0006124 250.4878 109.4384 01.00329060062823
1 12564U 81061A   08093.24960940 -.00000164 +00000-0 +10000-3 0 03808
2 12564 014.4584 000.9739 0006037 251.3620 108.5625 01.00328960062834
1 12564U 81061A   08096.23964760 -.00000172  00000-0  10000-3 0  3780
2 12564 014.4592 000.9499 0005596 249.9594 109.9507 01.00328675 62868
1 12564U 81061A   08096.23964760 -.00000172 +00000-0 +10000-3 0 03814
2 12564 014.4592 000.9499 0005596 249.9594 109.9507 01.00328675062868
1 12564U 81061A   08096.23967189 -.00000172 +00000-0 +10000-3 0 03799
2 12564 014.4592 000.9499 0005589 249.9614 109.9574 01.00328675062867
1 12564U 81061A   08097.23634869 -.00000175 +00000-0 +10000-3 0 03801
2 12564 014.4594 000.9421 0005639 249.0550 110.8563 01.00328537062877
1 12564U 81061A   08099.22972014 -.00000183  00000-0  10000-3 0  3796
2 12564 014.4599 000.9263 0005631 248.7302 111.1733 01.00328295 62895
1 12564U 81061A   08100.22641876 -.00000188 +00000-0 +10000-3 0 03805
2 12564 014.4602 000.9185 0005668 248.1408 111.7623 01.00328167062908
1 12564U 81061A   08100.22642298 -.00000188 +00000-0 +10000-3 0 03815
2 12564 014.4602 000.9188 0005758 248.3115 111.5923 01.00328154062905
1 12564U 81061A   08102.21981954 -.00000197  00000-0  10000-3 0  3800
2 12564 014.4608 000.9040 0005883 247.4705 112.4304 01.00327877 62928
1 12564U 81061A   08103.21652941 -.00000201 +00000-0 +10000-3 0 03820
2 12564 014.4611 000.8964 0005961 247.9105 111.9922 01.00327730062931
1 12564U 81061A   08105.20993281 -.00000205  00000-0  10000-3 0  3819
2 12564 014.4616 000.8807 0006018 248.0157 111.8862 01.00327463 62952
1 12564U 81061A   08106.20663765 -.00000206 +00000-0 +10000-3 0 03834
2 12564 014.4619 000.8732 0006018 248.3940 111.5053 01.00327303062968
1 12564U 81061A   08107.20333624 -.00000207 +00000-0 +10000-3 0 03845
2 12564 014.4622 000.8657 0006035 248.2085 111.6875 01.00327160062971
1 12564U 81061A   08109.19673598 -.00000205  00000-0  10000-3 0  3828
2 12564 014.4626 000.8499 0006010 248.3880 111.5016 01.00326868 62998
1 12564U 81061A   08110.19344259 -.00000205 +00000-0 +10000-3 0 03830
2 12564 014.4629 000.8419 0005873 248.2891 111.5968 01.00326704063008
1 12564U 81061A   08110.19345432 -.00000205  00000-0  10000-3 0  3834
2 12564 014.4629 000.8419 0005753 247.9813 111.9070 01.00326696 63003
1 12564U 81061A   08111.19017180 -.00000204 +00000-0 +10000-3 0 03841
2 12564 014.4632 000.8341 0005753 248.0358 111.8547 01.00326544063018
1 12564U 81061A   08113.18362787 -.00000204  00000-0  10000-3 0  3848
2 12564 014.4640 000.8192 0005440 247.6891 112.2076 01.00326225 63031
1 12564U 81061A   08114.18035199 -.00000205 +00000-0 +10000-3 0 03866
2 12564 014.4644 000.8113 0005384 248.4577 111.4431 01.00326079063049
1 12564U 81061A   08115.17708038 -.00000205 +00000-0 +10000-3 0 03887
2 12564 014.4648 000.8039 0005281 249.3349 110.5707 01.00325934063059
1 12564U 81061A   08118.16727009 -.00000208  00000-0  10000-3 0  3869
2 12564 014.4654 000.7809 0005174 247.3611 112.5517 01.00325392 63083
1 12564U 81061A   08118.16728387 -.00000209 +00000-0 +10000-3 0 03871
2 12564 014.4654 000.7811 0005131 246.4897 113.4273 01.00325386063087
1 12564U 81061A   08120.16075113 -.00000211 +00000-0 +10000-3 0 03891
2 12564 014.4658 000.7655 0005003 245.3404 114.5810 01.00325004063106
1 12564U 81061A   08121.15747960 -.00000213  00000-0  10000-3 0  3877
2 12564 014.4661 000.7575 0004935 244.5883 115.3334 01.00324827 63119
1 12564U 81061A   08126.14110047 -.00000227  00000-0  10000-3 0  3887
2 12564 014.4679 000.7166 0004945 246.2461 113.6579 01.00323811 63165
1 12564U 81061A   08128.13458011 -.00000236 +00000-0 +10000-3 0 03895
2 12564 014.4685 000.7009 0005035 247.0062 112.8950 01.00323364063184
1 12564U 81061A   08129.13134023 -.00000240 +00000-0 +10000-3 0 03918
2 12564 014.4688 000.6937 0004927 246.7771 113.1249 01.00323119063192
1 12564U 81061A   08129.13134452 -.00000240  00000-0  10000-3 0  3903
2 12564 014.4688 000.6935 0005016 247.7781 112.1269 01.00323122 63197
1 12564U 81061A   08129.13134452 -.00000240 +00000-0 +10000-3 0 03914
2 12564 014.4688 000.6935 0005016 247.7781 112.1269 01.00323122063197
1 12564U 81061A   08131.12485250 -.00000247  00000-0  10000-3 0  3918
2 12564 014.4695 000.6759 0005544 252.4660 107.4389 01.00322587 63211
1 12564U 81061A   08131.12485250 -.00000247 +00000-0 +10000-3 0 03930
2 12564 014.4695 000.6759 0005544 252.4660 107.4389 01.00322587063211
1 12564U 81061A   08132.12159466 -.00000249  00000-0  10000-3 0  3929
2 12564 014.4696 000.6710 0005018 248.0244 111.8728 01.00322393 63226
1 12564U 81061A   08132.12159076 -.00000249 +00000-0 +10000-3 0 03937
2 12564 014.4697 000.6682 0005560 253.0009 106.8973 01.00322349063229
1 12564U 81061A   08134.11512471 -.00000250  00000-0  10000-3 0  3943
2 12564 014.4702 000.6565 0004789 245.9568 113.9400 01.00321904 63240
1 12564U 81061A   08134.11513997 -.00000250  00000-0  10000-3 0  3936
2 12564 014.4703 000.6534 0005320 251.0593 108.8467 01.00321871 63244
1 12564U 81061A   08134.11513997 -.00000251 +00000-0 +10000-3 0 03948
2 12564 014.4703 000.6534 0005320 251.0593 108.8467 01.00321871063244
1 12564U 81061A   08135.11190857 -.00000250  00000-0  10000-3 0  3955
2 12564 014.4708 000.6457 0005202 250.9935 108.9121 01.00321620 63251
1 12564U 81061A   08136.10864759 -.00000250 +00000-0 +10000-3 0 03965
2 12564 014.4707 000.6411 0004814 246.2629 113.6340 01.00321435063267
1 12564U 81061A   08137.10541901 -.00000248  00000-0  10000-3 0  3964
2 12564 014.4710 000.6347 0004741 244.9603 114.9366 01.00321207 63275
1 12564U 81061A   08137.10541826 -.00000249 +00000-0 +10000-3 0 03983
2 12564 014.4711 000.6319 0004977 248.3253 111.5735 01.00321175063272
1 12564U 81061A   08138.10220046 -.00000248 +00000-0 +10000-3 0 03970
2 12564 014.4712 000.6268 0004745 245.0387 114.8637 01.00320966063286
1 12564U 81061A   08139.09896327 -.00000247 +00000-0 +10000-3 0 03991
2 12564 014.4716 000.6173 0004845 246.6294 113.2720 01.00320719063293
1 12564U 81061A   08139.09896407 -.00000247 +00000-0 +10000-3 0 04003
2 12564 014.4716 000.6174 0004816 246.0464 113.8545 01.00320717063294
1 12564U 81061A   08140.09574523 -.00000246  00000-0  10000-3 0  3971
2 12564 014.4718 000.6097 0004794 245.7534 114.1513 01.00320477 63303
1 12564U 81061A   08141.09251950 -.00000247 +00000-0 +10000-3 0 03991
2 12564 014.4723 000.6014 0004742 249.5340 110.3737 01.00320255063319
1 12564U 81061A   08141.09252928 -.00000247 +00000-0 +10000-3 0 03986
2 12564 014.4722 000.6004 0004865 248.4531 111.4573 01.00320236063312
1 12564U 81061A   08143.08610170 -.00000247  00000-0  10000-3 0  3995
2 12564 014.4727 000.5861 0004648 248.4186 111.5000 01.00319768 63338
1 12564U 81061A   08144.08289790 -.00000248 +00000-0 +10000-3 0 04000
2 12564 014.4729 000.5783 0004609 248.4123 111.5124 01.00319517063341
1 12564U 81061A   08145.07969400 -.00000249 +00000-0 +10000-3 0 04015
2 12564 014.4731 000.5706 0004568 248.2418 111.6878 01.00319262063353
1 12564U 81061A   08146.07648909 -.00000249  00000-0  10000-3 0  4003
2 12564 014.4734 000.5630 0004556 249.0682 110.8652 01.00318997 63367
1 12564U 81061A   08147.07328414 -.00000251 +00000-0 +10000-3 0 04025
2 12564 014.4736 000.5552 0004506 248.4652 111.4713 01.00318742063371
1 12564U 81061A   08147.07328392 -.00000251 +00000-0 +10000-3 0 04031
2 12564 014.4734 000.5573 0004374 248.1706 111.7637 01.00318717063372
1 12564U 81061A   08149.06687650 -.00000253  00000-0  10000-3 0  4017
2 12564 014.4739 000.5415 0004340 247.2133 112.7232 01.00318173 63399
1 12564U 81061A   08150.06366755 -.00000255 +00000-0 +10000-3 0 04033
2 12564 014.4741 000.5336 0004341 247.3416 112.5935 01.00317904063401
1 12564U 81061A   08151.06045915 -.00000257 +00000-0 +10000-3 0 04050
2 12564 014.4742 000.5260 0004297 242.9901 116.9399 01.00317603063417
1 12564U 81061A   08151.06046987 -.00000257 +00000-0 +10000-3 0 04061
2 12564 014.4742 000.5260 0004298 243.0402 116.8937 01.00317603063413
1 12564U 81061A   08152.05726325 -.00000260  00000-0  10000-3 0  4022
2 12564 014.4745 000.5181 0004265 244.0909 115.8399 01.00317315 63427
1 12564U 81061A   08154.05087138 -.00000267 +00000-0 +10000-3 0 04045
2 12564 014.4749 000.5026 0004257 243.1846 116.7433 01.00316745063447
1 12564U 81061A   08155.04768566 -.00000271  00000-0  10000-3 0  4030
2 12564 014.4752 000.4944 0004297 243.3513 116.5764 01.00316438 63451
1 12564U 81061A   08155.04768821 -.00000271 +00000-0 +10000-3 0 04045
2 12564 014.4753 000.4944 0004314 241.7335 118.1928 01.00316415063451
1 12564U 81061A   08157.04134223 -.00000279 +00000-0 +10000-3 0 04060
2 12564 014.4758 000.4788 0004310 244.8929 115.0397 01.00315800063476
1 12564U 81061A   08159.03499813 -.00000284  00000-0  10000-3 0  4055
2 12564 014.4764 000.4633 0004322 243.2706 116.6632 01.00315176 63498
1 12564U 81061A   08159.03499813 -.00000284 +00000-0 +10000-3 0 04077
2 12564 014.4764 000.4633 0004322 243.2706 116.6632 01.00315176063498
1 12564U 81061A   08160.03183663 -.00000285 +00000-0 +10000-3 0 04062
2 12564 014.4767 000.4561 0004334 241.1980 118.7372 01.00314863063503
1 12564U 81061A   08163.02233406 -.00000284  00000-0  10000-3 0  4064
2 12564 014.4773 000.4326 0004272 248.6981 111.2325 01.00313872 63531
1 12564U 81061A   08165.01601887 -.00000282 +00000-0 +10000-3 0 04076
2 12564 014.4778 000.4174 0004249 248.4371 111.4934 01.00313249063550
1 12564U 81061A   08166.01287155 -.00000281  00000-0  10000-3 0  4074
2 12564 014.4780 000.4094 0004243 248.9027 111.0301 01.00312929 63560
1 12564U 81061A   08167.00972992 -.00000280 +00000-0 +10000-3 0 04095
2 12564 014.4783 000.4015 0004249 246.4143 113.5188 01.00312595063574
1 12564U 81061A   08169.00347042 -.00000279  00000-0  10000-3 0  4086
2 12564 014.4788 000.3857 0004263 246.5231 113.4215 01.00311953 63596
1 12564U 81061A   08170.00034693 -.00000279 +00000-0 +10000-3 0 04106
2 12564 014.4790 000.3777 0004257 246.4516 113.4991 01.00311628063600
1 12564U 81061A   08170.99722745 -.00000279 +00000-0 +10000-3 0 04128
2 12564 014.4793 000.3697 0004258 245.9777 113.9792 01.00311300063610
1 12564U 81061A   08171.99410756 -.00000279  00000-0  10000-3 0  4091
2 12564 014.4795 000.3617 0004243 246.2182 113.7447 01.00310979 63629
1 12564U 81061A   08171.99410608 -.00000280 +00000-0 +10000-3 0 04101
2 12564 014.4795 000.3618 0004250 245.4957 114.4658 01.00310975063627
1 12564U 81061A   08173.98787091 -.00000281 +00000-0 +10000-3 0 04117
2 12564 014.4800 000.3459 0004212 245.5372 114.4336 01.00310318063643
1 12564U 81061A   08175.98162874 -.00000282  00000-0  10000-3 0  4105
2 12564 014.4805 000.3299 0004151 245.7466 114.2257 01.00309641 63667
1 12564U 81061A   08175.98162874 -.00000282 +00000-0 +10000-3 0 04127
2 12564 014.4805 000.3299 0004151 245.7466 114.2257 01.00309641063667
1 12564U 81061A   08176.97850820 -.00000283 +00000-0 +10000-3 0 04112
2 12564 014.4807 000.3220 0004066 245.5746 114.3965 01.00309292063677
1 12564U 81061A   08177.97538883 -.00000285 +00000-0 +10000-3 0 04139
2 12564 014.4809 000.3139 0004116 244.8568 115.1122 01.00308948063680
1 12564U 81061A   08178.97227153 -.00000287  00000-0  10000-3 0  4115
2 12564 014.4811 000.3058 0004149 244.0408 115.9252 01.00308598 63698
1 12564U 81061A   08178.97227397 -.00000287 +00000-0 +10000-3 0 04126
2 12564 014.4811 000.3058 0004200 242.7901 117.1750 01.00308587063694
1 12564U 81061A   08180.96605903 -.00000293 +00000-0 +10000-3 0 04140
2 12564 014.4815 000.2897 0004130 244.7404 115.2236 01.00307876063711
1 12564U 81061A   08181.96295851 -.00000296  00000-0  10000-3 0  4129
2 12564 014.4818 000.2817 0004069 246.6839 113.2797 01.00307508 63723
1 12564U 81061A   08182.95986791 -.00000300 +00000-0 +10000-3 0 04136
2 12564 014.4820 000.2737 0004042 247.7118 112.2538 01.00307147063732
1 12564U 81061A   08189.93830303 -.00000310  00000-0  10000-3 0  4139
2 12564 014.4838 000.2185 0004095 245.9373 114.0265 01.00304592 63805
1 12564U 81061A   08191.93218527 -.00000307  00000-0  10000-3 0  4147
2 12564 014.4843 000.2043 0004435 239.4848 120.4585 01.00303714 63820
1 12564U 81061A   08193.92615475 -.00000305 +00000-0 +10000-3 0 04161
2 12564 014.4848 000.1893 0004582 236.7939 123.1763 01.00302985063840
1 12564U 81061A   08194.92311185 -.00000304  00000-0  10000-3 0  4151
2 12564 014.4850 000.1816 0004616 236.8734 123.0994 01.00302618 63859
1 12564U 81061A   08196.91704595 -.00000303 +00000-0 +10000-3 0 04163
2 12564 014.4855 000.1656 0004590 237.8462 122.1382 01.00301902063874
1 12564U 81061A   08197.91401483 -.00000302  00000-0  10000-3 0  4163
2 12564 014.4858 000.1575 0004585 237.9151 122.0731 01.00301531 63883
1 12564U 81061A   08199.90797565 -.00000302 +00000-0 +10000-3 0 04185
2 12564 014.4862 000.1417 0004636 236.9794 123.0190 01.00300779063908
1 12564U 81061A   08200.90495527 -.00000302  00000-0  10000-3 0  4170
2 12564 014.4864 000.1338 0004573 237.1908 122.8121 01.00300411 63917
1 12564U 81061A   08201.90193342 -.00000302 +00000-0 +10000-3 0 04182
2 12564 014.4867 000.1258 0004611 236.5395 123.4642 01.00300034063924
1 12564U 81061A   08202.89891343 -.00000303 +00000-0 +10000-3 0 04199
2 12564 014.4868 000.1180 0004692 234.8516 125.1502 01.00299632063930
1 12564U 81061A   08204.89287732 -.00000304  00000-0  10000-3 0  4182
2 12564 014.4873 000.1020 0004553 233.9753 126.0243 01.00298833 63954
1 12564U 81061A   08205.88986632 -.00000306 +00000-0 +10000-3 0 04190
2 12564 014.4874 000.0937 0004582 232.2926 127.7029 01.00298380063965
1 12564U 81061A   08206.88686480 -.00000308 +00000-0 +10000-3 0 04203
2 12564 014.4877 000.0856 0004582 232.4052 127.5924 01.00297999063978
1 12564U 81061A   08207.88385562 -.00000310  00000-0  10000-3 0  4192
2 12564 014.4879 000.0776 0004586 232.6638 127.3309 01.00297610 63983
1 12564U 81061A   08208.88085601 -.00000313 +00000-0 +10000-3 0 04209
2 12564 014.4882 000.0695 0004660 232.6263 127.3664 01.00297207063991
1 12564U 81061A   08218.85108062 -.00000324  00000-0  10000-3 0  4206
2 12564 014.4907 359.9890 0004036 240.0719 119.9031 01.00293063 64091
1 12564U 81061A   08219.84817686 -.00000323 +00000-0 +10000-3 0 04215
2 12564 014.4907 359.9818 0004807 236.5016 123.4872 01.00292692064109
1 12564U 81061A   08223.83644011 -.00000317  00000-0  10000-3 0  4223
2 12564 014.4918 359.9507 0004703 237.1543 122.8420 01.00291057 64143
1 12564U 81061A   08224.83352131 -.00000317 +00000-0 +10000-3 0 04234
2 12564 014.4921 359.9428 0004648 237.5990 122.4036 01.00290671064158
1 12564U 81061A   08228.82186291 -.00000314  00000-0  10000-3 0  4236
2 12564 014.4931 359.9114 0004430 237.3315 122.6873 01.00289088 64194
1 12564U 81061A   08229.81894696 -.00000314  00000-0  10000-3 0  4242
2 12564 014.4934 359.9033 0004719 236.1561 123.8574 01.00288665 64200
1 12564U 81061A   08230.81603938 -.00000315 +00000-0 +10000-3 0 04253
2 12564 014.4936 359.8951 0004721 236.1672 123.8473 01.00288260064216
1 12564U 81061A   08232.81021224 -.00000316  00000-0  10000-3 0  4258
2 12564 014.4941 359.8789 0005034 235.1774 124.8257 01.00287426 64237
1 12564U 81061A   08232.81021747 -.00000316 +00000-0 +10000-3 0 04269
2 12564 014.4941 359.8790 0005047 235.0389 124.9662 01.00287429064238
1 12564U 81061A   08234.80441083 -.00000319 +00000-0 +10000-3 0 04295
2 12564 014.4945 359.8626 0004981 234.9579 125.0402 01.00286579064256
1 12564U 81061A   08235.80151608 -.00000322  00000-0  10000-3 0  4279
2 12564 014.4948 359.8544 0004838 233.7436 126.2528 01.00286148 64263
1 12564U 81061A   08236.79863400 -.00000325  00000-0  10000-3 0  4282
2 12564 014.4952 359.8469 0005230 233.8270 126.1639 01.00285672 64272
1 12564U 81061A   08236.79864149 -.00000325 +00000-0 +10000-3 0 04294
2 12564 014.4952 359.8469 0005263 233.7654 126.2278 01.00285670064271
1 12564U 81061A   08237.79576461 -.00000328 +00000-0 +10000-3 0 04318
2 12564 014.4954 359.8384 0005229 234.6338 125.3593 01.00285244064288
1 12564U 81061A   08238.79289334 -.00000331  00000-0  10000-3 0  4290
2 12564 014.4957 359.8303 0005417 234.4596 125.5328 01.00284824 64297
1 12564U 81061A   08240.78716850 -.00000335  00000-0  10000-3 0  4306
2 12564 014.4965 359.8147 0006232 235.5573 124.4196 01.00283177 64319
1 12564U 81061A   08242.78147741 -.00000336  00000-0  10000-3 0  4317
2 12564 014.4971 359.7988 0006427 236.9658 123.0092 01.00282144 64338
1 12564U 81061A   08242.78147736 -.00000336 +00000-0 +10000-3 0 04311
2 12564 014.4971 359.7986 0006235 235.6304 124.3518 01.00282352064335
1 12564U 81061A   08247.76724161 -.00000328  00000-0  10000-3 0  4330
2 12564 014.4984 359.7598 0005892 234.9393 125.0357 01.00280444 64380
1 12564U 81061A   08247.76726678 -.00000328  00000-0  10000-3 0  4324
2 12564 014.4985 359.7594 0006205 235.8151 124.1620 01.00280332 64387
1 12564U 81061A   08249.76159365 -.00000325 +00000-0 +10000-3 0 04359
2 12564 014.4989 359.7441 0005810 235.3709 124.6034 01.00279573064409
1 12564U 81061A   08250.75878111 -.00000323  00000-0  10000-3 0  4344
2 12564 014.4992 359.7367 0005921 235.1574 124.8209 01.00279214 64410
1 12564U 81061A   08252.75316716 -.00000321 +00000-0 +10000-3 0 04353
2 12564 014.4998 359.7211 0006008 235.2773 124.7070 01.00278424064432
1 12564U 81061A   08255.74477188 -.00000318  00000-0  10000-3 0  4363
2 12564 014.5004 359.6969 0005970 236.5050 123.4852 01.00277185 64469
1 12564U 81061A   08255.74477023 -.00000319 +00000-0 +10000-3 0 04373
2 12564 014.5004 359.6968 0005972 236.5189 123.4707 01.00277185064462
1 12564U 81061A   08256.74197434 -.00000318  00000-0  10000-3 0  4378
2 12564 014.5005 359.6886 0005717 235.1166 124.8798 01.00276836 64477
1 12564U 81061A   08258.73637092 -.00000317 +00000-0 +10000-3 0 04388
2 12564 014.5008 359.6718 0005703 235.5674 124.4205 01.00275999064497
1 12564U 81061A   08259.73357500 -.00000317  00000-0  10000-3 0  4382
2 12564 014.5012 359.6643 0005825 235.3493 124.6366 01.00275630 64505
1 12564U 81061A   08259.73356525 -.00000318 +00000-0 +10000-3 0 04390
2 12564 014.5012 359.6643 0005761 234.9211 125.0629 01.00275642064507
1 12564U 81061A   08261.72798214 -.00000320 +00000-0 +10000-3 0 04402
2 12564 014.5018 359.6490 0005830 234.2582 125.7181 01.00274841064526
1 12564U 81061A   08262.72519425 -.00000322  00000-0  10000-3 0  4400
2 12564 014.5020 359.6409 0005925 234.8678 125.1022 01.00274426 64534
1 12564U 81061A   08263.72241934 -.00000324 +00000-0 +10000-3 0 04411
2 12564 014.5023 359.6328 0005950 235.0817 124.8853 01.00274006064546
1 12564U 81061A   08264.71965410 -.00000327 +00000-0 +10000-3 0 04427
2 12564 014.5025 359.6248 0005920 235.3030 124.6628 01.00273580064551
1 12564U 81061A   08268.70864077 -.00000336  00000-0  10000-3 0  4416
2 12564 014.5033 359.5918 0005854 235.8358 124.1298 01.00271905 64598
1 12564U 81061A   08268.70864077 -.00000336 +00000-0 +10000-3 0 04438
2 12564 014.5033 359.5918 0005854 235.8358 124.1298 01.00271905064598
1 12564U 81061A   08268.70864265 -.00000336 +00000-0 +10000-3 0 04426
2 12564 014.5033 359.5921 0005756 235.7173 124.2475 01.00271886064593
1 12564U 81061A   08272.69766197 -.00000332  00000-0  10000-3 0  4420
2 12564 014.5040 359.5602 0005733 236.2429 123.7086 01.00270217 64636
1 12564U 81061A   08272.69766435 -.00000332 +00000-0 +10000-3 0 04436
2 12564 014.5041 359.5610 0005745 237.2243 122.7229 01.00270185064636
1 12564U 81061A   08273.69494104 -.00000330  00000-0  10000-3 0  4436
2 12564 014.5044 359.5522 0006107 240.8325 119.1060 01.00269713 64644
1 12564U 81061A   08276.68679437 -.00000323  00000-0  10000-3 0  4445
2 12564 014.5053 359.5331 0006273 240.7263 119.2098 01.00268472 64672
1 12564U 81061A   08277.68409854 -.00000321  00000-0  10000-3 0  4459
2 12564 014.5054 359.5208 0005962 240.6391 119.3027 01.00268022 64686
1 12564U 81061A   08279.67871759 -.00000318 +00000-0 +10000-3 0 04464
2 12564 014.5059 359.5048 0005942 241.2023 118.7466 01.00267180064707
1 12564U 81061A   08280.67603528 -.00000317  00000-0  10000-3 0  4462
2 12564 014.5064 359.4981 0006019 242.3328 117.6186 01.00266770 64716
1 12564U 81061A   08280.67603528 -.00000317 +00000-0 +10000-3 0 04473
2 12564 014.5064 359.4981 0006019 242.3328 117.6186 01.00266770064716
1 12564U 81061A   08284.66531087 -.00000312  00000-0  10000-3 0  4482
2 12564 014.5074 359.4676 0006073 243.5147 116.4386 01.00265086 64752
1 12564U 81061A   08284.66531666 -.00000312 +00000-0 +10000-3 0 04496
2 12564 014.5074 359.4677 0006086 243.5316 116.4239 01.00265089064755
1 12564U 81061A   08285.66263342 -.00000312 +00000-0 +10000-3 0 04502
2 12564 014.5076 359.4596 0006073 243.4107 116.5413 01.00264668064768
1 12564U 81061A   08290.64926959 -.00000315  00000-0  10000-3 0  4497
2 12564 014.5088 359.4193 0006076 241.2501 118.6826 01.00262564 64811
1 12564U 81061A   08293.64133868 -.00000323  00000-0  10000-3 0  4500
2 12564 014.5095 359.3954 0005944 238.1620 121.7690 01.00261245 64845
1 12564U 81061A   08293.64135993 -.00000323 +00000-0 +10000-3 0 04512
2 12564 014.5095 359.3958 0005892 237.9083 122.0288 01.00261232064844
1 12564U 81061A   08295.63610032 -.00000326  00000-0  10000-3 0  4518
2 12564 014.5102 359.3831 0006029 235.5965 124.3295 01.00260265 64869
1 12564U 81061A   08295.63610032 -.00000326 +00000-0 +10000-3 0 04530
2 12564 014.5102 359.3831 0006029 235.5965 124.3295 01.00260265064869
1 12564U 81061A   08297.63087286 -.00000326 +00000-0 +10000-3 0 04520
2 12564 014.5107 359.3671 0006018 235.5911 124.3429 01.00259447064886
1 12564U 81061A   08298.62824422 -.00000325  00000-0  10000-3 0  4531
2 12564 014.5108 359.3581 0006073 235.7714 124.1589 01.00259032 64897
1 12564U 81061A   08298.62824289 -.00000325 +00000-0 +10000-3 0 04543
2 12564 014.5109 359.3588 0006071 235.7687 124.1605 01.00259031064890
1 12564U 81061A   08299.62561879 -.00000323  00000-0  10000-3 0  4545
2 12564 014.5112 359.3505 0006513 238.5703 121.3477 01.00258585 64905
1 12564U 81061A   08300.62300661 -.00000321  00000-0  10000-3 0  4557
2 12564 014.5115 359.3428 0006644 247.7276 112.1800 01.00258171 64914
1 12564U 81061A   08301.62039894 -.00000318 +00000-0 +10000-3 0 04562
2 12564 014.5119 359.3357 0006788 247.5996 112.3065 01.00257766064920
1 12564U 81061A   08303.61519916 -.00000313  00000-0  10000-3 0  4566
2 12564 014.5124 359.3208 0006832 246.4579 113.4488 01.00256953 64946
1 12564U 81061A   08303.61519916 -.00000314 +00000-0 +10000-3 0 04589
2 12564 014.5124 359.3208 0006832 246.4579 113.4488 01.00256953064946
1 12564U 81061A   08303.61519683 -.00000314 +00000-0 +10000-3 0 04579
2 12564 014.5124 359.3211 0006832 245.8838 114.0222 01.00256952064943
1 12564U 81061A   08304.61260882 -.00000311 +00000-0 +10000-3 0 04582
2 12564 014.5126 359.3134 0006823 245.7428 114.1652 01.00256546064951
1 12564U 81061A   08306.60745311 -.00000307  00000-0  10000-3 0  4572
2 12564 014.5131 359.2971 0006811 246.1461 113.7694 01.00255744 64976
1 12564U 81061A   08307.60488880 -.00000306 +00000-0 +10000-3 0 04601
2 12564 014.5132 359.2878 0006622 247.2691 112.6521 01.00255329064987
1 12564U 81061A   08310.59719092 -.00000300  00000-0  10000-3 0  4586
2 12564 014.5139 359.2637 0006601 247.7623 112.1671 01.00254130 65019
1 12564U 81061A   08310.59719164 -.00000301 +00000-0 +10000-3 0 04598
2 12564 014.5139 359.2636 0006601 247.7256 112.2041 01.00254129065010
1 12564U 81061A   08313.58949492 -.00000297  00000-0  10000-3 0  4605
2 12564 014.5146 359.2394 0006603 247.8342 112.0920 01.00252940 65044
1 12564U 81061A   08314.58693288 -.00000297 +00000-0 +10000-3 0 04627
2 12564 014.5147 359.2343 0006789 244.6781 115.2440 01.00252503065054
1 12564U 81061A   08314.58693391 -.00000297 +00000-0 +10000-3 0 04633
2 12564 014.5147 359.2343 0006800 244.5974 115.3247 01.00252497065059
1 12564U 81061A   08316.58182012 -.00000297  00000-0  10000-3 0  4616
2 12564 014.5151 359.2180 0006762 244.8892 115.0258 01.00251702 65071
1 12564U 81061A   08319.57421038 -.00000303  00000-0  10000-3 0  4621
2 12564 014.5157 359.1939 0006652 245.7975 114.1118 01.00250420 65103
1 12564U 81061A   08320.57170122 -.00000305  00000-0  10000-3 0  4631
2 12564 014.5160 359.1855 0006513 247.5293 112.3834 01.00250003 65116
1 12564U 81061A   08324.56163384 -.00000309  00000-0  10000-3 0  4641
2 12564 014.5169 359.1524 0006498 247.5163 112.4005 01.00248449 65152
1 12564U 81061A   08325.55911613 -.00000308  00000-0  10000-3 0  4657
2 12564 014.5169 359.1466 0006924 249.3225 110.5662 01.00247330 65167
1 12564U 81061A   08325.55915002  .00000000  00000-0  10000-3 0  4651
2 12564 014.5170 359.1465 0006495 250.8298 109.0862 01.00244243 65163
1 12564U 81061A   08330.54669347 -.00000296  00000-0  10000-3 0  4663
2 12564 014.5180 359.1064 0006918 249.3247 110.5751 01.00245417 65210
1 12564U 81061A   08332.54175826 -.00000291 +00000-0 +10000-3 0 04675
2 12564 014.5184 359.0903 0006923 249.6277 110.2798 01.00244679065236
1 12564U 81061A   08333.53929749 -.00000289  00000-0  10000-3 0  4673
2 12564 014.5186 359.0817 0006916 249.4561 110.4566 01.00244312 65248
1 12564U 81061A   08333.53929749 -.00000289 +00000-0 +10000-3 0 04684
2 12564 014.5186 359.0817 0006916 249.4561 110.4566 01.00244312065248
1 12564U 81061A   08334.53684047 -.00000287 +00000-0 +10000-3 0 04682
2 12564 014.5188 359.0739 0006892 250.1398 109.7801 01.00244001065252
1 12564U 81061A   08336.53192941 -.00000283  00000-0  10000-3 0  4687
2 12564 014.5192 359.0593 0006885 252.1540 107.7787 01.00243404 65277
1 12564U 81061A   08337.52945763 -.00000281  00000-0  10000-3 0  4694
2 12564 014.5195 359.0517 0006763 249.7171 110.2167 01.00243087 65282
1 12564U 81061A   08340.52209264 -.00000276  00000-0  10000-3 0  4703
2 12564 014.5201 359.0258 0006730 248.6044 111.3271 01.00241971 65315
1 12564U 81061A   08341.51964396 -.00000275 +00000-0 +10000-3 0 04717
2 12564 014.5203 359.0194 0006721 248.9906 110.9430 01.00241660065324
1 12564U 81061A   08344.51230001 -.00000275  00000-0  10000-3 0  4719
2 12564 014.5210 358.9941 0006839 252.4446 107.4725 01.00240540 65356
1 12564U 81061A   08345.50987904 -.00000277 +00000-0 +10000-3 0 04723
2 12564 014.5212 358.9860 0006900 252.6724 107.2461 01.00240163065365
1 12564U 81061A   08348.50262528 -.00000283  00000-0  10000-3 0  4721
2 12564 014.5219 358.9621 0006904 252.7669 107.1576 01.00239106 65394
1 12564U 81061A   08348.50262528 -.00000283 +00000-0 +10000-3 0 04732
2 12564 014.5219 358.9621 0006904 252.7669 107.1576 01.00239106065394
1 12564U 81061A   08349.50021487 -.00000284  00000-0  10000-3 0  4731
2 12564 014.5221 358.9533 0006911 253.1197 106.7990 01.00238690 65402
1 12564U 81061A   08350.49782567 -.00000285 +00000-0 +10000-3 0 04746
2 12564 014.5223 358.9451 0006909 252.9290 106.9982 01.00238341065418
1 12564U 81061A   08353.49059287 -.00000282  00000-0  10000-3 0  4753
2 12564 014.5230 358.9204 0006884 252.1177 107.8037 01.00237299 65445
1 12564U 81061A   08353.49066755  .00000000  00000-0  10000-3 0  4747
2 12564 014.5230 358.9274 0006148 261.6433 098.2882 01.00233469 65452
1 12564U 81061A   08354.48818944 -.00000280 +00000-0 +10000-3 0 04765
2 12564 014.5232 358.9108 0006882 252.5125 107.4045 01.00236933065455
1 12564U 81061A   08355.48579623 -.00000278 +00000-0 +10000-3 0 04772
2 12564 014.5234 358.9028 0006872 252.3933 107.5241 01.00236594065465
1 12564U 81061A   08355.48579769 -.00000278 +00000-0 +10000-3 0 04784
2 12564 014.5234 358.9031 0006879 252.4320 107.4854 01.00236591065463
1 12564U 81061A   08357.48101854 -.00000272  00000-0  10000-3 0  4764
2 12564 014.5239 358.8872 0006886 252.6992 107.2180 01.00235922 65484
1 12564U 81061A   08357.48101854 -.00000272 +00000-0 +10000-3 0 04797
2 12564 014.5239 358.8872 0006886 252.6992 107.2180 01.00235922065484
1 12564U 81061A   08357.48102029 -.00000272 +00000-0 +10000-3 0 04770
2 12564 014.5239 358.8875 0006902 253.5726 106.3437 01.00235918065481
1 12564U 81061A   08360.47390678 -.00000264  00000-0  10000-3 0  4773
2 12564 014.5245 358.8640 0006907 254.2381 105.6901 01.00234937 65510
1 12564U 81061A   08360.47390678 -.00000264 +00000-0 +10000-3 0 04784
2 12564 014.5245 358.8640 0006907 254.2381 105.6901 01.00234937065510
1 12564U 81061A   08361.47155397 -.00000262 +00000-0 +10000-3 0 04791
2 12564 014.5249 358.8593 0006860 253.8334 106.1021 01.00234623065524
1 12564U 81061A   08364.46448011 -.00000254  00000-0  10000-3 0  4781
2 12564 014.5257 358.8356 0006708 255.0112 104.9346 01.00233646 65552
1 12564U 81061A   08364.46448011 -.00000255 +00000-0 +10000-3 0 04805
2 12564 014.5257 358.8356 0006708 255.0112 104.9346 01.00233646065552
1 12564U 81061A   08365.46213370 -.00000252  00000-0  10000-3 0  4799
2 12564 014.5260 358.8293 0006363 258.9581 100.9881 01.00233324 65569
1 12564U 81061A   08365.46215649 -.00000252 +00000-0 +10000-3 0 04802
2 12564 014.5259 358.8297 0006422 258.1135 101.8417 01.00233323065568
1 12564U 81061A   09002.45506760 -.00000247 +00000-0 +10000-3 0 04812
2 12564 014.5264 358.8055 0006445 257.8063 102.1462 01.00232386065592
1 12564U 81061A   09002.45506949 -.00000247  00000-0  10000-3 0  4800
2 12564 014.5265 358.8051 0006451 257.7132 102.2405 01.00232387 65591
1 12564U 81061A   09004.45035405 -.00000245  00000-0  10000-3 0  4815
2 12564 014.5269 358.7898 0006111 260.6153 099.3249 01.00231714 65610
1 12564U 81061A   09010.43637714 -.00000253  00000-0  10000-3 0  4821
2 12564 014.5282 358.7412 0006122 259.2187 100.7340 01.00229889 65675
1 12564U 81061A   09011.43406163 -.00000254 +00000-0 +10000-3 0 04836
2 12564 014.5286 358.7338 0006220 258.5214 101.4350 01.00229596065683
1 12564U 81061A   09013.42940951 -.00000253  00000-0  10000-3 0  4834
2 12564 014.5290 358.7167 0006373 256.2526 103.6985 01.00228979 65703
1 12564U 81061A   09015.42476445 -.00000250 +00000-0 +10000-3 0 04846
2 12564 014.5294 358.7007 0006472 255.8719 104.0710 01.00228377065724
1 12564U 81061A   09015.42487924  .00000000  00000-0  10000-3 0  4842
2 12564 014.5291 358.7061 0006253 265.6001 094.3488 01.00223985 65724
1 12564U 81061A   09016.42245149 -.00000247  00000-0  10000-3 0  4859
2 12564 014.5295 358.6927 0006275 256.6163 103.3219 01.00228081 65737
1 12564U 81061A   09017.42015532 -.00000244 +00000-0 +10000-3 0 04870
2 12564 014.5298 358.6845 0006437 255.3733 104.5681 01.00227780065740
1 12564U 81061A   09018.41784855 -.00000241 +00000-0 +10000-3 0 04889
2 12564 014.5301 358.6763 0006541 254.9930 104.9473 01.00227496065752
1 12564U 81061A   09020.41325701 -.00000235  00000-0  10000-3 0  4864
2 12564 014.5306 358.6600 0006594 254.6618 105.2823 01.00226963 65778
1 12564U 81061A   09020.41325530 -.00000235  00000-0  10000-3 0  4875
2 12564 014.5306 358.6611 0006434 257.3309 102.6059 01.00226933 65779
1 12564U 81061A   09022.40870955 -.00000229 +00000-0 +10000-3 0 04886
2 12564 014.5310 358.6447 0006393 257.5144 102.4377 01.00226406065792
1 12564U 81061A   09022.40878722  .00000000  00000-0  10000-3 0  4882
2 12564 014.5310 358.6506 0006590 264.6416 095.3111 01.00222264 65792
1 12564U 81061A   09023.40645324 -.00000226  00000-0  10000-3 0  4895
2 12564 014.5312 358.6373 0006272 260.0815 099.8774 01.00226122 65809
1 12564U 81061A   09026.39962415 -.00000218  00000-0  10000-3 0  4902
2 12564 014.5318 358.6140 0006140 261.3631 098.6021 01.00225354 65832
1 12564U 81061A   09026.39963877 -.00000218 +00000-0 +10000-3 0 04916
2 12564 014.5318 358.6140 0006107 261.7429 098.2270 01.00225352065834
1 12564U 81061A   09028.39508370 -.00000213  00000-0  10000-3 0  4916
2 12564 014.5322 358.5980 0005818 262.1364 097.8300 01.00224821 65852
1 12564U 81061A   09028.39508370 -.00000214 +00000-0 +10000-3 0 04928
2 12564 014.5322 358.5980 0005818 262.1364 097.8300 01.00224821065852
1 12564U 81061A   09029.39282568 -.00000211 +00000-0 +10000-3 0 04924
2 12564 014.5324 358.5898 0005840 262.5733 097.3992 01.00224575065860
1 12564U 81061A   09029.39285545  .00000000  00000-0  10000-3 0  4927
2 12564 014.5326 358.5928 0006077 264.8252 095.1477 01.00220700 65860
1 12564U 81061A   09030.39054035 -.00000210 +00000-0 +10000-3 0 04943
2 12564 014.5326 358.5816 0005914 262.5547 097.4147 01.00224346065877
1 12564U 81061A   09030.39054509 -.00000210 +00000-0 +10000-3 0 04938
2 12564 014.5326 358.5816 0005901 262.4758 097.4950 01.00224343065875
1 12564U 81061A   09032.38598374 -.00000208  00000-0  10000-3 0  4939
2 12564 014.5332 358.5659 0005809 264.2064 095.7533 01.00223857 65893
1 12564U 81061A   09032.38598374 -.00000208 +00000-0 +10000-3 0 04951
2 12564 014.5332 358.5659 0005809 264.2064 095.7533 01.00223857065893
1 12564U 81061A   09034.38145961 -.00000209  00000-0  10000-3 0  4943
2 12564 014.5339 358.5491 0006652 261.1216 098.8457 01.00223365 65912
1 12564U 81061A   09035.37915909 -.00000211 +00000-0 +10000-3 0 04954
2 12564 014.5340 358.5422 0006712 260.6091 099.3409 01.00223102065923
1 12564U 81061A   09038.37240449 -.00000215  00000-0  10000-3 0  4951
2 12564 014.5347 358.5162 0006690 260.4766 099.4790 01.00222448 65952
1 12564U 81061A   09039.37015980 -.00000215  00000-0  10000-3 0  4963
2 12564 014.5351 358.5088 0006994 260.3077 099.6452 01.00222178 65963
1 12564U 81061A   09039.37015845 -.00000215 +00000-0 +10000-3 0 04974
2 12564 014.5351 358.5087 0006874 260.7182 099.2338 01.00222184065966
1 12564U 81061A   09040.36789915 -.00000215 +00000-0 +10000-3 0 04971
2 12564 014.5353 358.5013 0006900 260.7032 099.2439 01.00221967065972
1 12564U 81061A   09042.36339263 -.00000211  00000-0  10000-3 0  4976
2 12564 014.5357 358.4899 0005290 281.9998 077.9061 01.00221441 65997
1 12564U 81061A   09044.35904194 -.00000205  00000-0  10000-3 0  4982
2 12564 014.5359 358.4720 0007261 259.4150 100.5713 01.00221124 66011
1 12564U 81061A   09051.34328778 -.00000183  00000-0  10000-3 0  4993
2 12564 014.5377 358.4144 0006674 263.9577 095.9769 01.00219854 66083
1 12564U 81061A   09052.34111051 -.00000180  00000-0  10000-3 0  5008
2 12564 014.5379 358.4072 0007223 259.8461 100.1132 01.00219699 66093
1 12564U 81061A   09053.33885680 -.00000177  00000-0  10000-3 0  5011
2 12564 014.5382 358.3980 0006617 264.1848 095.7567 01.00219528 66102
1 12564U 81061A   09055.33444817 -.00000171  00000-0  10000-3 0  5021
2 12564 014.5385 358.3827 0007222 260.0827 099.8793 01.00219222 66129
1 12564U 81061A   09057.32995713 -.00000166  00000-0  10000-3 0  5033
2 12564 014.5390 358.3657 0006502 264.9037 095.0300 01.00218905 66143
1 12564U 81061A   09057.33003241  .00000000  00000-0  10000-3 0  5036
2 12564 014.5390 358.3648 0006587 268.1589 091.7940 01.00215030 66143
1 12564U 81061A   09058.32777642 -.00000165  00000-0  10000-3 0  5043
2 12564 014.5392 358.3576 0006168 267.4011 092.5407 01.00218746 66157
1 12564U 81061A   09059.32557448 -.00000164 +00000-0 +10000-3 0 05054
2 12564 014.5393 358.3495 0006105 268.0116 091.9338 01.00218602066160
1 12564U 81061A   09059.32558007 -.00000164  00000-0  10000-3 0  5056
2 12564 014.5393 358.3495 0005727 271.2207 088.7221 01.00218601 66160
1 12564U 81061A   09060.32338220 -.00000163 +00000-0 +10000-3 0 05061
2 12564 014.5396 358.3414 0005807 271.1654 088.7826 01.00218449066170
1 12564U 81061A   09063.31673279 -.00000165  00000-0  10000-3 0  5072
2 12564 014.5403 358.3172 0005785 272.8406 087.0966 01.00218004 66206
1 12564U 81061A   09063.31674029 -.00000166  00000-0  10000-3 0  5066
2 12564 014.5403 358.3171 0006119 269.8797 090.0649 01.00218010 66205
1 12564U 81061A   09065.31235952 -.00000168 +00000-0 +10000-3 0 05091
2 12564 014.5408 358.3011 0005692 274.2905 085.6577 01.00217737066226
1 12564U 81061A   09068.30572101 -.00000167  00000-0  10000-3 0  5081
2 12564 014.5415 358.2767 0005723 272.8706 087.0660 01.00217361 66254
1 12564U 81061A   09069.30351190 -.00000165 +00000-0 +10000-3 0 05094
2 12564 014.5417 358.2689 0005709 272.9387 086.9933 01.00217242066269
1 12564U 81061A   09069.30360523  .00000000  00000-0  10000-3 0  5091
2 12564 014.5416 358.2663 0004583 268.4545 091.4962 01.00213368 66263
1 12564U 81061A   09071.29909113 -.00000159  00000-0  10000-3 0  5092
2 12564 014.5423 358.2528 0005838 271.3870 088.5360 01.00217020 66289
1 12564U 81061A   09075.29029405 -.00000145  00000-0  10000-3 0  5100
2 12564 014.5433 358.2208 0005896 271.8089 088.1114 01.00216688 66323
1 12564U 81061A   09075.29029237 -.00000145  00000-0  10000-3 0  5114
2 12564 014.5433 358.2209 0005607 273.0124 086.9034 01.00216681 66328
1 12564U 81061A   09076.28812450 -.00000142 +00000-0 +10000-3 0 05129
2 12564 014.5434 358.2127 0005384 274.5153 085.4067 01.00216591066339
1 12564U 81061A   09078.28377110 -.00000135  00000-0  10000-3 0  5122
2 12564 014.5438 358.1964 0005341 275.1104 084.8231 01.00216445 66353
1 12564U 81061A   09079.28159059 -.00000132 +00000-0 +10000-3 0 05131
2 12564 014.5441 358.1884 0005221 275.4218 084.5159 01.00216390066360
1 12564U 81061A   09080.27940809 -.00000129 +00000-0 +10000-3 0 05140
2 12564 014.5443 358.1808 0005192 275.4541 084.4864 01.00216327066377
1 12564U 81061A   09080.27941134 -.00000129 +00000-0 +10000-3 0 05153
2 12564 014.5443 358.1808 0005035 276.2755 083.6643 01.00216323066371
1 12564U 81061A   09081.27723172 -.00000126  00000-0  10000-3 0  5139
2 12564 014.5445 358.1726 0005031 276.2264 083.7177 01.00216264 66381
1 12564U 81061A   09083.27284308 -.00000120  00000-0  10000-3 0  5149
2 12564 014.5451 358.1560 0004697 279.5914 080.3474 01.00216169 66409
1 12564U 81061A   09084.27065250 -.00000117 +00000-0 +10000-3 0 05161
2 12564 014.5455 358.1489 0004951 276.6702 083.2681 01.00216074066417
1 12564U 81061A   09084.27066394 -.00000117 +00000-0 +10000-3 0 05150
2 12564 014.5454 358.1486 0004969 276.2968 083.6467 01.00216089066414
1 12564U 81061A   09086.26625679 -.00000113  00000-0  10000-3 0  5154
2 12564 014.5459 358.1326 0004908 276.7209 083.2104 01.00215985 66438
1 12564U 81061A   09087.26406260 -.00000113 +00000-0 +10000-3 0 05169
2 12564 014.5461 358.1243 0004900 275.9897 083.9382 01.00215924066444
1 12564U 81061A   09088.26187199 -.00000112 +00000-0 +10000-3 0 05177
2 12564 014.5468 358.1184 0004842 276.2105 083.7101 01.00215818066456
1 12564U 81061A   09089.25970138 -.00000113  00000-0  10000-3 0  5160
2 12564 014.5467 358.1079 0004959 275.3503 084.5818 01.00215844 66463
1 12564U 81061A   09090.25750979 -.00000114 +00000-0 +10000-3 0 05184
2 12564 014.5470 358.1008 0004827 276.2789 083.6462 01.00215757066478
1 12564U 81061A   09091.25532755 -.00000115 +00000-0 +10000-3 0 05209
2 12564 014.5472 358.0931 0004924 276.3719 083.5535 01.00215723066480
1 12564U 81061A   09092.25314554  .00000000  00000-0  10000-3 0  5173
2 12564 014.5466 358.0759 0004477 269.0461 090.8881 01.00212077 66492
1 12564U 81061A   09092.25314312 -.00000116  00000-0  10000-3 0  5185
2 12564 014.5475 358.0849 0004923 276.3155 083.6104 01.00215706 66499
1 12564U 81061A   09093.25095620 -.00000117 +00000-0 +10000-3 0 05208
2 12564 014.5478 358.0772 0005047 277.5378 082.3848 01.00215663066500
1 12564U 81061A   09093.25096039 -.00000116  00000-0  10000-3 0  5190
2 12564 014.5478 358.0772 0004774 278.6999 081.2214 01.00215656 66504
1 12564U 81061A   09095.24657340 -.00000116 +00000-0 +10000-3 0 05212
2 12564 014.5482 358.0611 0004824 278.5302 081.3849 01.00215641066525
1 12564U 81061A   09095.24659047 -.00000115  00000-0  10000-3 0  5206
2 12564 014.5482 358.0609 0004232 282.4003 077.5138 01.00215620 66522
1 12564U 81061A   09096.24443248 -.00000114 +00000-0 +10000-3 0 05211
2 12564 014.5485 358.0533 0004330 283.5104 076.4108 01.00215588066533
1 12564U 81061A   09098.24003340 -.00000109 +00000-0 +10000-3 0 05223
2 12564 014.5491 358.0371 0004348 285.2414 074.6673 01.00215574066556
1 12564U 81061A   09098.24004127 -.00000109  00000-0  10000-3 0  5216
2 12564 014.5490 358.0371 0004566 284.0968 075.8171 01.00215579 66559
1 12564U 81061A   09098.24004127 -.00000109 +00000-0 +10000-3 0 05227
2 12564 014.5490 358.0371 0004566 284.0968 075.8171 01.00215579066559
1 12564U 81061A   09099.23785280 -.00000106 +00000-0 +10000-3 0 05231
2 12564 014.5493 358.0289 0004358 285.3141 074.5961 01.00215585066567
1 12564U 81061A   09101.23348155 -.00000099  00000-0  10000-3 0  5221
2 12564 014.5497 358.0126 0004328 286.2407 073.6678 01.00215613 66582
1 12564U 81061A   09101.23348155 -.00000099 +00000-0 +10000-3 0 05254
2 12564 014.5497 358.0126 0004328 286.2407 073.6678 01.00215613066582
1 12564U 81061A   09102.23130023 -.00000095 +00000-0 +10000-3 0 05232
2 12564 014.5499 358.0046 0004330 286.2564 073.6534 01.00215637066590
1 12564U 81061A   09102.23130087 -.00000095 +00000-0 +10000-3 0 05243
2 12564 014.5499 358.0052 0004284 286.2696 073.6393 01.00215630066597
1 12564U 81061A   09108.21823552 -.00000075  00000-0  10000-3 0  5230
2 12564 014.5512 357.9562 0003913 288.6566 071.2716 01.00215899 66654
1 12564U 81061A   09109.21606077 -.00000072 +00000-0 +10000-3 0 05240
2 12564 014.5513 357.9482 0004058 286.6704 073.2637 01.00215940066661
1 12564U 81061A   09111.21166532 -.00000066  00000-0  10000-3 0  5243
2 12564 014.5517 357.9322 0004033 286.7297 073.1985 01.00216058 66687
1 12564U 81061A   09112.20946860 -.00000064 +00000-0 +10000-3 0 05252
2 12564 014.5519 357.9240 0004035 286.8847 073.0413 01.00216122066690
1 12564U 81061A   09113.20725801 -.00000062 +00000-0 +10000-3 0 05273
2 12564 014.5522 357.9159 0004272 286.6262 073.2961 01.00216208066702
1 12564U 81061A   09114.20505344 -.00000061  00000-0  10000-3 0  5259
2 12564 014.5524 357.9077 0004272 286.5444 073.3729 01.00216275 66712
1 12564U 81061A   09115.20285740 -.00000060 +00000-0 +10000-3 0 05276
2 12564 014.5526 357.8995 0004189 286.3457 073.5695 01.00216345066724
1 12564U 81061A   09115.20286086 -.00000060 +00000-0 +10000-3 0 05281
2 12564 014.5526 357.8995 0004212 286.2195 073.6978 01.00216353066723
1 12564U 81061A   09117.19846736 -.00000061  00000-0  10000-3 0  5264
2 12564 014.5532 357.8838 0004349 286.5000 073.4144 01.00216495 66747
1 12564U 81061A   09118.19627496 -.00000062 +00000-0 +10000-3 0 05288
2 12564 014.5534 357.8757 0004393 286.4760 073.4391 01.00216576066755
1 12564U 81061A   09118.19627480 -.00000062 +00000-0 +10000-3 0 05292
2 12564 014.5534 357.8757 0004380 286.4936 073.4212 01.00216575066757
1 12564U 81061A   09120.19189221 -.00000064  00000-0  10000-3 0  5271
2 12564 014.5539 357.8597 0004461 286.5009 073.4156 01.00216739 66777
1 12564U 81061A   09121.18969185 -.00000065 +00000-0 +10000-3 0 05288
2 12564 014.5541 357.8518 0004527 286.1843 073.7297 01.00216821066780
1 12564U 81061A   09122.18749126 -.00000065 +00000-0 +10000-3 0 05303
2 12564 014.5543 357.8436 0004565 286.3167 073.5953 01.00216908066798
1 12564U 81061A   09123.18528324 -.00000063  00000-0  10000-3 0  5284
2 12564 014.5545 357.8354 0004479 286.6082 073.2987 01.00217002 66804
1 12564U 81061A   09123.18528324 -.00000064 +00000-0 +10000-3 0 05319
2 12564 014.5545 357.8354 0004479 286.6082 073.2987 01.00217002066804
1 12564U 81061A   09123.18529058 -.00000064 +00000-0 +10000-3 0 05291
2 12564 014.5545 357.8354 0004449 285.8090 074.0990 01.00216984066802
1 12564U 81061A   09125.18088826 -.00000059  00000-0  10000-3 0  5290
2 12564 014.5549 357.8195 0004378 285.4184 074.4840 01.00217170 66828
1 12564U 81061A   09126.17867685 -.00000057 +00000-0 +10000-3 0 05319
2 12564 014.5551 357.8114 0004396 285.9890 073.9092 01.00217283066830
1 12564U 81061A   09126.17867966 -.00000057 +00000-0 +10000-3 0 05322
2 12564 014.5552 357.8115 0004246 285.8388 074.0585 01.00217275066837
1 12564U 81061A   09127.17648247 -.00000054 +00000-0 +10000-3 0 05330
2 12564 014.5554 357.8032 0004184 285.8262 074.0718 01.00217385066840
1 12564U 81061A   09129.17208441 -.00000047  00000-0  10000-3 0  5309
2 12564 014.5558 357.7869 0004132 285.5980 074.3028 01.00217630 66860
1 12564U 81061A   09130.16989722 -.00000044  00000-0  10000-3 0  5316
2 12564 014.5560 357.7792 0003711 287.8310 072.0716 01.00217757 66872
1 12564U 81061A   09131.16769654 -.00000041 +00000-0 +10000-3 0 05336
2 12564 014.5562 357.7709 0003694 287.7281 072.1773 01.00217892066883
1 12564U 81061A   09131.16772308 -.00000041 +00000-0 +10000-3 0 05347
2 12564 014.5562 357.7713 0003777 287.4599 072.4558 01.00217899066880
1 12564U 81061A   09133.16332256 -.00000034  00000-0  10000-3 0  5323
2 12564 014.5566 357.7549 0003747 287.2966 072.6265 01.00218183 66901
1 12564U 81061A   09134.16113207  .00000000  00000-0  10000-3 0  5330
2 12564 014.5564 357.7405 0004020 283.1656 076.7611 01.00214219 66913
1 12564U 81061A   09134.16112301 -.00000031 +00000-0 +10000-3 0 05339
2 12564 014.5569 357.7471 0003648 286.9838 072.9436 01.00218341066912
1 12564U 81061A   09134.16112579 -.00000031 +00000-0 +10000-3 0 05347
2 12564 014.5569 357.7461 0003773 288.3522 071.5768 01.00218341066919
1 12564U 81061A   09136.15670248 -.00000024  00000-0  10000-3 0  5342
2 12564 014.5574 357.7318 0003471 284.5388 075.3908 01.00218665 66938
1 12564U 81061A   09136.15671728 -.00000025 +00000-0 +10000-3 0 05358
2 12564 014.5574 357.7320 0003563 283.2630 076.6732 01.00218668066931
1 12564U 81061A   09137.15449602 -.00000022 +00000-0 +10000-3 0 05361
2 12564 014.5576 357.7236 0003347 281.7314 078.2027 01.00218837066945
1 12564U 81061A   09139.15005181 -.00000016  00000-0  10000-3 0  5355
2 12564 014.5580 357.7079 0003481 282.1599 077.7733 01.00219160 66964
1 12564U 81061A   09140.14782626 -.00000015 +00000-0 +10000-3 0 05362
2 12564 014.5582 357.6996 0003424 281.7007 078.2311 01.00219328066974
1 12564U 81061A   09141.14559962 -.00000013 +00000-0 +10000-3 0 05377
2 12564 014.5584 357.6915 0003400 281.2689 078.6611 01.00219492066982
1 12564U 81061A   09141.14561344  .00000000  00000-0  10000-3 0  5368
2 12564 014.5569 357.6824 0003525 277.3591 082.5733 01.00215527 66984
1 12564U 81061A   09142.14337072 -.00000013  00000-0  10000-3 0  5374
2 12564 014.5586 357.6834 0003383 278.5853 081.3431 01.00219657 66991
1 12564U 81061A   09142.14337072 -.00000013 +00000-0 +10000-3 0 05396
2 12564 014.5586 357.6834 0003383 278.5853 081.3431 01.00219657066991
1 12564U 81061A   09144.13892232 -.00000014 +00000-0 +10000-3 0 05381
2 12564 014.5591 357.6670 0003515 278.6645 081.2653 01.00219979067018
1 12564U 81061A   09145.13669654 -.00000015  00000-0  10000-3 0  5383
2 12564 014.5593 357.6588 0003512 278.6057 081.3252 01.00220155 67027
1 12564U 81061A   09145.13669654 -.00000015 +00000-0 +10000-3 0 05406
2 12564 014.5593 357.6588 0003512 278.6057 081.3252 01.00220155067027
1 12564U 81061A   09146.13447201 -.00000016 +00000-0 +10000-3 0 05398
2 12564 014.5596 357.6505 0003448 276.5899 083.3406 01.00220305067039
1 12564U 81061A   09148.13002117 -.00000018  00000-0  10000-3 0  5407
2 12564 014.5599 357.6346 0003466 275.6422 084.2907 01.00220640 67057
1 12564U 81061A   09148.13004514  .00000000  00000-0  10000-3 0  5398
2 12564 014.5600 357.6365 0003100 271.5787 088.3652 01.00217083 67054
1 12564U 81061A   09149.12779309 -.00000019 +00000-0 +10000-3 0 05413
2 12564 014.5601 357.6264 0003566 276.3912 083.5435 01.00220814067065
1 12564U 81061A   09150.12556220 -.00000019 +00000-0 +10000-3 0 05432
2 12564 014.5603 357.6183 0003484 276.4203 083.5131 01.00220974067071
1 12564U 81061A   09151.12331478 -.00000017  00000-0  10000-3 0  5415
2 12564 014.5605 357.6101 0003527 276.6087 083.3213 01.00221165 67086
1 12564U 81061A   09152.12106473 -.00000016 +00000-0 +10000-3 0 05421
2 12564 014.5607 357.6019 0003525 275.8329 084.0930 01.00221360067096
1 12564U 81061A   09153.11881902 -.00000014 +00000-0 +10000-3 0 05448
2 12564 014.5609 357.5937 0003535 276.2139 083.7102 01.00221554067105
1 12564U 81061A   09154.11656981 -.00000011  00000-0  10000-3 0  5421
2 12564 014.5611 357.5857 0003447 276.0848 083.8365 01.00221756 67113
1 12564U 81061A   09155.11432978 -.00000008 +00000-0 +10000-3 0 05437
2 12564 014.5613 357.5773 0003411 275.3349 084.5882 01.00221961067122
1 12564U 81061A   09156.11208954 -.00000005 +00000-0 +10000-3 0 05441
2 12564 014.5615 357.5692 0003425 275.6229 084.3036 01.00222179067131
1 12564U 81061A   09157.10984706 -.00000002  00000-0  10000-3 0  5433
2 12564 014.5617 357.5612 0003386 274.1692 085.7597 01.00222400 67144
1 12564U 81061A   09158.10760942 +.00000000 +00000-0 +10000-3 0 05446
2 12564 014.5620 357.5530 0003333 274.6530 085.2824 01.00222632067151
1 12564U 81061A   09160.10313294  .00000006  00000-0  10000-3 0  5449
2 12564 014.5624 357.5370 0003243 271.1010 088.8466 01.00223092 67176
1 12564U 81061A   09161.10088481 +.00000009 +00000-0 +10000-3 0 05451
2 12564 014.5626 357.5287 0003242 271.4618 088.4914 01.00223330067181
1 12564U 81061A   09162.09863077 +.00000012 +00000-0 +10000-3 0 05467
2 12564 014.5628 357.5206 0003190 271.7205 088.2370 01.00223579067191
1 12564U 81061A   09162.09862962 +.00000012 +00000-0 +10000-3 0 05470
2 12564 014.5628 357.5207 0003216 272.5989 087.3591 01.00223586067192
1 12564U 81061A   09164.09410638  .00000018  00000-0  10000-3 0  5455
2 12564 014.5632 357.5041 0003141 272.0432 087.9194 01.00224068 67212
1 12564U 81061A   09164.09410676 +.00000018 +00000-0 +10000-3 0 05468
2 12564 014.5632 357.5041 0003172 272.4237 087.5398 01.00224073067211
1 12564U 81061A   09166.08956114 +.00000023 +00000-0 +10000-3 0 05478
2 12564 014.5636 357.4877 0003061 271.4906 088.4733 01.00224570067237
1 12564U 81061A   09166.08956162 +.00000023 +00000-0 +10000-3 0 05482
2 12564 014.5636 357.4877 0003080 271.5309 088.4340 01.00224577067237
1 12564U 81061A   09167.08728054  .00000025  00000-0  10000-3 0  5460
2 12564 014.5638 357.4794 0002994 270.9473 089.0166 01.00224831 67242
1 12564U 81061A   09168.08499989 +.00000026 +00000-0 +10000-3 0 05475
2 12564 014.5640 357.4711 0002960 270.5074 089.4555 01.00225079067252
1 12564U 81061A   09168.08500136 +.00000026 +00000-0 +10000-3 0 05483
2 12564 014.5640 357.4711 0002978 270.3912 089.5729 01.00225085067251
1 12564U 81061A   09169.08271635 +.00000026 +00000-0 +10000-3 0 05494
2 12564 014.5642 357.4630 0003123 271.6091 088.3546 01.00225333067269
1 12564U 81061A   09171.07814370  .00000026  00000-0  10000-3 0  5473
2 12564 014.5646 357.4464 0003067 270.1707 089.7903 01.00225828 67286
1 12564U 81061A   09172.07586606 +.00000024 +00000-0 +10000-3 0 05492
2 12564 014.5648 357.4381 0003167 270.4387 089.5259 01.00226074067291
1 12564U 81061A   09173.07358394 +.00000022 +00000-0 +10000-3 0 05515
2 12564 014.5651 357.4301 0003217 269.8035 090.1631 01.00226323067306
1 12564U 81061A   09174.07129801  .00000021  00000-0  10000-3 0  5480
2 12564 014.5653 357.4221 0003248 270.8358 089.1329 01.00226578 67318
1 12564U 81061A   09175.06900877 +.00000019 +00000-0 +10000-3 0 05500
2 12564 014.5655 357.4146 0003292 268.9487 091.0195 01.00226834067325
1 12564U 81061A   09176.06670811  .00000000  00000-0  10000-3 0  5491
2 12564 014.5662 357.4083 0003425 271.8816 088.0910 01.00223591 67339
1 12564U 81061A   09176.06671891 +.00000018 +00000-0 +10000-3 0 05523
2 12564 014.5657 357.4064 0003340 271.2288 088.7417 01.00227084067335
1 12564U 81061A   09177.06441332  .00000018  00000-0  10000-3 0  5507
2 12564 014.5659 357.3982 0003415 273.1001 086.8682 01.00227334 67344
1 12564U 81061A   09178.06211197 +.00000018 +00000-0 +10000-3 0 05524
2 12564 014.5662 357.3903 0003381 271.5500 088.4156 01.00227584067351
1 12564U 81061A   09179.05979876 +.00000019 +00000-0 +10000-3 0 05531
2 12564 014.5663 357.3821 0003406 272.2534 087.7092 01.00227853067365
1 12564U 81061A   09180.05748408  .00000021  00000-0  10000-3 0  5519
2 12564 014.5665 357.3740 0003403 274.2247 085.7343 01.00228111 67373
1 12564U 81061A   09180.05748689 +.00000020 +00000-0 +10000-3 0 05520
2 12564 014.5666 357.3742 0003306 270.7702 089.1872 01.00228105067373
1 12564U 81061A   09182.05287171 +.00000024 +00000-0 +10000-3 0 05542
2 12564 014.5670 357.3580 0003317 271.8380 088.1207 01.00228649067390
1 12564U 81061A   09184.04824927  .00000029  00000-0  10000-3 0  5522
2 12564 014.5674 357.3416 0003298 272.0161 087.9478 01.00229232 67419
1 12564U 81061A   09185.04593899 +.00000032 +00000-0 +10000-3 0 05539
2 12564 014.5676 357.3333 0003296 272.7672 087.2018 01.00229528067423
1 12564U 81061A   09186.04362628 +.00000034 +00000-0 +10000-3 0 05547
2 12564 014.5678 357.3251 0003297 273.2535 086.7207 01.00229829067438
1 12564U 81061A   09187.04130158 +.00000037 +00000-0 +10000-3 0 05542
2 12564 014.5680 357.3174 0003311 274.3645 085.6128 01.00230163067440
1 12564U 81061A   09187.04131130  .00000037  00000-0  10000-3 0  5532
2 12564 014.5680 357.3173 0003351 275.9080 084.0741 01.00230166 67440
1 12564U 81061A   09193.02731134 +.00000052 +00000-0 +10000-3 0 05556
2 12564 014.5692 357.2675 0003218 275.3287 084.6683 01.00232011067503
1 12564U 81061A   09193.02731778  .00000052  00000-0  10000-3 0  5549
2 12564 014.5692 357.2674 0003289 276.2517 083.7468 01.00231998 67500
1 12564U 81061A   09194.02495000  .00000054  00000-0  10000-3 0  5558
2 12564 014.5694 357.2589 0003097 271.3032 088.6957 01.00232392 67519
1 12564U 81061A   09194.02495000 +.00000053 +00000-0 +10000-3 0 05579
2 12564 014.5694 357.2589 0003097 271.3032 088.6957 01.00232392067519
1 12564U 81061A   09197.01786876  .00000055  00000-0  10000-3 0  5577
2 12564 014.5700 357.2340 0003006 270.9118 089.0821 01.00233306 67546
1 12564U 81061A   09197.01788010  .00000000  00000-0  10000-3 0  5568
2 12564 014.5696 357.2330 0003153 268.4686 091.5297 01.00229651 67547
1 12564U 81061A   09198.01551458 +.00000054 +00000-0 +10000-3 0 05584
2 12564 014.5702 357.2255 0003038 271.3457 088.6521 01.00233621067552
1 12564U 81061A   09199.01315021 +.00000053 +00000-0 +10000-3 0 05599
2 12564 014.5704 357.2171 0003029 270.7909 089.2080 01.00233946067564
1 12564U 81061A   09200.01077474 +.00000051 +00000-0 +10000-3 0 05597
2 12564 014.5706 357.2089 0003177 274.3044 085.6948 01.00234271067574
1 12564U 81061A   09200.01078653  .00000051  00000-0  10000-3 0  5586
2 12564 014.5706 357.2089 0003161 274.5620 085.4419 01.00234274 67573
1 12564U 81061A   09201.00840941 +.00000049 +00000-0 +10000-3 0 05603
2 12564 014.5709 357.2006 0003179 273.3546 086.6468 01.00234590067587
1 12564U 81061A   09202.00603973 +.00000047 +00000-0 +10000-3 0 05615
2 12564 014.5711 357.1922 0003171 273.2561 086.7473 01.00234909067596
1 12564U 81061A   09203.00366313  .00000045  00000-0  10000-3 0  5595
2 12564 014.5713 357.1839 0003168 273.7531 086.2510 01.00235231 67601
1 12564U 81061A   09204.00127851 +.00000044 +00000-0 +10000-3 0 05609
2 12564 014.5715 357.1756 0003177 274.3886 085.6140 01.00235549067616
1 12564U 81061A   09209.98687906  .00000049  00000-0  10000-3 0  5608
2 12564 014.5727 357.1255 0003222 276.3665 083.6234 01.00237555 67678
1 12564U 81061A   09210.98448385 +.00000051 +00000-0 +10000-3 0 05621
2 12564 014.5729 357.1174 0003241 275.0745 084.9148 01.00237866067680
1 12564U 81061A   09212.97968713  .00000056  00000-0  10000-3 0  5618
2 12564 014.5733 357.1011 0003376 271.5851 088.4143 01.00238612 67700
1 12564U 81061A   09212.97968713 +.00000055 +00000-0 +10000-3 0 05639
2 12564 014.5733 357.1011 0003376 271.5851 088.4143 01.00238612067700
1 12564U 81061A   09213.97727594 +.00000058 +00000-0 +10000-3 0 05622
2 12564 014.5735 357.0928 0003358 270.0196 089.9801 01.00238951067718
1 12564U 81061A   09213.97728059 +.00000058 +00000-0 +10000-3 0 05630
2 12564 014.5735 357.0929 0003349 270.1224 089.8786 01.00238948067719
1 12564U 81061A   09215.97246354  .00000062  00000-0  10000-3 0  5629
2 12564 014.5739 357.0765 0003230 267.7798 092.2301 01.00239661 67734
1 12564U 81061A   09216.97005306 +.00000065 +00000-0 +10000-3 0 05645
2 12564 014.5741 357.0685 0003221 264.1839 095.8316 01.00240037067740
1 12564U 81061A   09217.96762675 +.00000067 +00000-0 +10000-3 0 05657
2 12564 014.5743 357.0603 0003193 262.7954 097.2213 01.00240393067750
1 12564U 81061A   09217.96762888 +.00000067 +00000-0 +10000-3 0 05664
2 12564 014.5743 357.0604 0003180 262.8595 097.1586 01.00240404067754
1 12564U 81061A   09219.96275689  .00000071  00000-0  10000-3 0  5636
2 12564 014.5747 357.0438 0003152 259.7813 100.2382 01.00241145 67775
1 12564U 81061A   09220.96030967 +.00000073 +00000-0 +10000-3 0 05649
2 12564 014.5749 357.0354 0003148 258.3696 101.6484 01.00241511067789
1 12564U 81061A   09223.95294932  .00000075  00000-0  10000-3 0  5647
2 12564 014.5755 357.0101 0003140 257.9481 102.0648 01.00242578 67810
1 12564U 81061A   09224.95049062 +.00000074 +00000-0 +10000-3 0 05661
2 12564 014.5758 357.0015 0003202 253.9520 106.0601 01.00242946067829
1 12564U 81061A   09224.95052528  .00000000  00000-0  10000-3 0  5650
2 12564 014.5759 357.0007 0004399 240.9639 119.0436 01.00239140 67828
1 12564U 81061A   09225.94803407 +.00000072 +00000-0 +10000-3 0 05671
2 12564 014.5761 356.9929 0003278 253.7940 106.2180 01.00243293067833
1 12564U 81061A   09227.94311376  .00000068  00000-0  10000-3 0  5666
2 12564 014.5766 356.9761 0003706 247.0066 112.9992 01.00243936 67854
1 12564U 81061A   09229.93819318 +.00000064 +00000-0 +10000-3 0 05673
2 12564 014.5770 356.9592 0003804 245.8510 114.1596 01.00244641067870
1 12564U 81061A   09229.93819971 +.00000064 +00000-0 +10000-3 0 05689
2 12564 014.5770 356.9595 0003697 247.8577 112.1552 01.00244626067871
1 12564U 81061A   09233.92823802  .00000061  00000-0  10000-3 0  5677
2 12564 014.5778 356.9259 0003719 248.2522 111.7465 01.00246076 67910
1 12564U 81061A   09233.92823802 +.00000061 +00000-0 +10000-3 0 05699
2 12564 014.5778 356.9259 0003719 248.2522 111.7465 01.00246076067910
1 12564U 81061A   09233.92824123 +.00000061 +00000-0 +10000-3 0 05685
2 12564 014.5778 356.9259 0003765 248.1795 111.8195 01.00246070067917
1 12564U 81061A   09233.92824243 +.00000061 +00000-0 +10000-3 0 05699
2 12564 014.5778 356.9261 0003682 249.0669 110.9320 01.00246059067915
1 12564U 81061A   09235.92324069 +.00000063 +00000-0 +10000-3 0 05717
2 12564 014.5782 356.9096 0003633 249.3954 110.5963 01.00246795067930
1 12564U 81061A   09236.92074194  .00000064  00000-0  10000-3 0  5686
2 12564 014.5784 356.9015 0003638 248.9631 111.0274 01.00247166 67940
1 12564U 81061A   09238.91574615 +.00000067 +00000-0 +10000-3 0 05706
2 12564 014.5790 356.8854 0003604 249.4802 110.5130 01.00247914067964
1 12564U 81061A   09238.91574698 +.00000067 +00000-0 +10000-3 0 05718
2 12564 014.5790 356.8855 0003745 248.6111 111.3810 01.00247916067961
1 12564U 81061A   09238.91574718 +.00000067 +00000-0 +10000-3 0 05722
2 12564 014.5791 356.8859 0003827 248.8469 111.1443 01.00247923067963
1 12564U 81061A   09238.91576332  .00000000  00000-0  10000-3 0  5699
2 12564 014.5797 356.8889 0003908 244.9850 115.0102 01.00244283 67964
1 12564U 81061A   09240.91074300  .00000071  00000-0  10000-3 0  5700
2 12564 014.5795 356.8692 0003840 249.0159 110.9819 01.00248681 67984
1 12564U 81061A   09241.90823561 +.00000073 +00000-0 +10000-3 0 05714
2 12564 014.5797 356.8609 0003772 250.3665 109.6360 01.00249065067999
1 12564U 81061A   09241.90823324 +.00000073 +00000-0 +10000-3 0 05722
2 12564 014.5797 356.8609 0003779 250.1248 109.8769 01.00249067067998
1 12564U 81061A   09247.89306646  .00000085  00000-0  10000-3 0  5711
2 12564 014.5810 356.8120 0003567 248.7868 111.2247 01.00251442 68054
1 12564U 81061A   09248.89050816 +.00000087 +00000-0 +10000-3 0 05720
2 12564 014.5812 356.8036 0003552 248.3187 111.6882 01.00251830068067
1 12564U 81061A   09248.89050753 +.00000087 +00000-0 +10000-3 0 05731
2 12564 014.5813 356.8036 0003824 247.0716 112.9354 01.00251849068062
1 12564U 81061A   09257.86740694  .00000074  00000-0  10000-3 0  5723
2 12564 014.5829 356.7280 0003235 252.3036 107.7003 01.00255345 68157
1 12564U 81061A   09258.86480995 +.00000073 +00000-0 +10000-3 0 05739
2 12564 014.5831 356.7199 0003201 253.9330 106.0694 01.00255766068162
1 12564U 81061A   09260.85959415  .00000071  00000-0  10000-3 0  5737
2 12564 014.5835 356.7037 0003385 255.2201 104.7635 01.00256512 68184
1 12564U 81061A   09261.85699234 +.00000071 +00000-0 +10000-3 0 05750
2 12564 014.5837 356.6957 0003277 257.3333 102.6473 01.00256894068196
1 12564U 81061A   09263.85177456  .00000073  00000-0  10000-3 0  5740
2 12564 014.5840 356.6792 0003271 257.3928 102.5815 01.00257685 68212
1 12564U 81061A   09263.85177456 +.00000073 +00000-0 +10000-3 0 05773
2 12564 014.5840 356.6792 0003271 257.3928 102.5815 01.00257685068212
1 12564U 81061A   09264.84916554 +.00000074 +00000-0 +10000-3 0 05752
2 12564 014.5842 356.6710 0003259 256.6782 103.2951 01.00258087068227
1 12564U 81061A   09264.84916610 +.00000074 +00000-0 +10000-3 0 05766
2 12564 014.5843 356.6715 0003151 257.4298 102.5444 01.00258095068223
1 12564U 81061A   09265.84655792 +.00000076 +00000-0 +10000-3 0 05771
2 12564 014.5845 356.6630 0003204 256.8416 103.1327 01.00258489068230
1 12564U 81061A   09266.84394902  .00000078  00000-0  10000-3 0  5755
2 12564 014.5847 356.6546 0003202 256.5858 103.3909 01.00258896 68244
1 12564U 81061A   09267.84133741 +.00000079 +00000-0 +10000-3 0 05760
2 12564 014.5849 356.6464 0003242 256.0878 103.8914 01.00259299068256
1 12564U 81061A   09270.83347969  .00000085  00000-0  10000-3 0  5769
2 12564 014.5857 356.6212 0003848 255.0060 104.9819 01.00260582 68286
1 12564U 81061A   09273.82554353  .00000091  00000-0  10000-3 0  5776
2 12564 014.5861 356.5958 0003937 255.5145 104.4679 01.00261799 68319
1 12564U 81061A   09273.82553730 +.00000091 +00000-0 +10000-3 0 05785
2 12564 014.5862 356.5958 0003917 254.6374 105.3440 01.00261811068313
1 12564U 81061A   09273.82554669  .00000091  00000-0  10000-3 0  5776
2 12564 014.5861 356.5958 0003937 255.5145 104.4690 01.00261799 68312
1 12564U 81061A   09275.82022376 +.00000094 +00000-0 +10000-3 0 05798
2 12564 014.5868 356.5788 0004367 256.9740 103.0008 01.00262653068334
1 12564U 81061A   09276.81754863  .00000095  00000-0  10000-3 0  5781
2 12564 014.5870 356.5704 0004558 255.6603 104.3083 01.00263075 68348
1 12564U 81061A   09284.79613360  .00000083  00000-0  10000-3 0  5791
2 12564 014.5888 356.5039 0004264 253.3704 106.5903 01.00266250 68421
1 12564U 81061A   09285.79344442 +.00000080 +00000-0 +10000-3 0 05803
2 12564 014.5889 356.4955 0004098 254.1336 105.8310 01.00266670068434
1 12564U 81061A   09289.78257855  .00000078  00000-0  10000-3 0  5804
2 12564 014.5897 356.4629 0004071 255.2186 104.7214 01.00268256 68474
1 12564U 81061A   09290.77986669 +.00000079 +00000-0 +10000-3 0 05819
2 12564 014.5899 356.4544 0004079 255.2220 104.7178 01.00268659068486
1 12564U 81061A   09292.77442566  .00000081  00000-0  10000-3 0  5817
2 12564 014.5903 356.4383 0003896 256.3954 103.5397 01.00269440 68507
1 12564U 81061A   09292.77443811 +.00000081 +00000-0 +10000-3 0 05822
2 12564 014.5903 356.4383 0003906 256.3580 103.5814 01.00269439068506
1 12564U 81061A   09293.77171891 +.00000082 +00000-0 +10000-3 0 05831
2 12564 014.5906 356.4298 0004150 258.0495 101.8898 01.00269859068510
1 12564U 81061A   09297.76081328  .00000089  00000-0  10000-3 0  5825
2 12564 014.5915 356.3967 0004367 260.3551 099.5947 01.00271527 68558
1 12564U 81061A   09299.75532188 +.00000093 +00000-0 +10000-3 0 05837
2 12564 014.5918 356.3797 0004408 260.4708 099.4798 01.00272345068577
1 12564U 81061A   09300.75256661  .00000095  00000-0  10000-3 0  5831
2 12564 014.5920 356.3712 0004450 260.6715 099.2794 01.00272764 68584
1 12564U 81061A   09300.75256661 +.00000094 +00000-0 +10000-3 0 05841
2 12564 014.5920 356.3712 0004450 260.6715 099.2794 01.00272764068584
1 12564U 81061A   09301.74980244 +.00000096 +00000-0 +10000-3 0 05844
2 12564 014.5921 356.3626 0004382 260.7644 099.1849 01.00273174068592
1 12564U 81061A   09304.74147938 +.00000099 +00000-0 +10000-3 0 05856
2 12564 014.5928 356.3384 0004237 255.6160 104.3315 01.00274478068624
1 12564U 81061A   09304.74149113 +.00000099 +00000-0 +10000-3 0 05842
2 12564 014.5927 356.3382 0004152 256.5069 103.4435 01.00274463068622
1 12564U 81061A   09315.71071318  .00000080  00000-0  10000-3 0  5853
2 12564 014.5947 356.2465 0004142 252.6819 107.2502 01.00278875 68734
1 12564U 81061A   09317.70506294  .00000080  00000-0  10000-3 0  5861
2 12564 014.5953 356.2310 0004171 255.3302 104.5894 01.00279627 68751
1 12564U 81061A   09319.69943920 +.00000081 +00000-0 +10000-3 0 05885
2 12564 014.5958 356.2157 0004162 257.0054 102.9205 01.00280417068777
1 12564U 81061A   09319.69943639 +.00000081 +00000-0 +10000-3 0 05893
2 12564 014.5959 356.2160 0004184 257.1316 102.7928 01.00280417068778
1 12564U 81061A   09323.68811742  .00000086  00000-0  10000-3 0  5880
2 12564 014.5967 356.1831 0004472 263.0803 096.8581 01.00282104 68816
1 12564U 81061A   09323.68813066  .00000000  00000-0  10000-3 0  5876
2 12564 014.5948 356.1892 0004433 255.9526 103.9851 01.00278324 68810
1 12564U 81061A   09324.68526450  .00000088  00000-0  10000-3 0  5893
2 12564 014.5964 356.1717 0005762 278.5524 081.3775 01.00282589 68822
1 12564U 81061A   09325.68239907 +.00000089 +00000-0 +10000-3 0 05905
2 12564 014.5967 356.1633 0005718 278.7993 081.1273 01.00282996068839
1 12564U 81061A   09326.67954670 +.00000091 +00000-0 +10000-3 0 05910
2 12564 014.5969 356.1551 0005593 278.7318 081.1981 01.00283401068841
1 12564U 81061A   09327.67668878  .00000093  00000-0  10000-3 0  5904
2 12564 014.5975 356.1494 0004645 265.7547 094.1847 01.00283762 68857
1 12564U 81061A   09329.67095563  .00000096  00000-0  10000-3 0  5915
2 12564 014.5976 356.1302 0005953 280.1564 079.7775 01.00284642 68878
1 12564U 81061A   09329.67095563 +.00000096 +00000-0 +10000-3 0 05926
2 12564 014.5976 356.1302 0005953 280.1564 079.7775 01.00284642068878
1 12564U 81061A   09330.66806030 +.00000097 +00000-0 +10000-3 0 05927
2 12564 014.5975 356.1198 0005728 279.3760 080.5534 01.00285057068883
1 12564U 81061A   09333.65940505  .00000097  00000-0  10000-3 0  5925
2 12564 014.5981 356.0958 0005806 279.3334 080.5947 01.00286278 68915
1 12564U 81061A   09334.65651024 +.00000095 +00000-0 +10000-3 0 05930
2 12564 014.5983 356.0887 0006126 280.6194 079.3072 01.00286713068923
1 12564U 81061A   09336.65071767  .00000091  00000-0  10000-3 0  5938
2 12564 014.5987 356.0722 0006198 280.9038 079.0237 01.00287516 68948
1 12564U 81061A   09337.64781838 +.00000088 +00000-0 +10000-3 0 05942
2 12564 014.5989 356.0644 0006372 281.4034 078.5249 01.00287924068950
1 12564U 81061A   09338.64491201  .00000085  00000-0  10000-3 0  5942
2 12564 014.5993 356.0590 0005208 269.8824 090.0511 01.00288240 68963
1 12564U 81061A   09340.63908951 +.00000079 +00000-0 +10000-3 0 05964
2 12564 014.5994 356.0413 0006383 281.7091 078.2180 01.00289107068987
1 12564U 81061A   09340.63910399  .00000079  00000-0  10000-3 0  5952
2 12564 014.5992 356.0405 0006269 281.6426 078.2915 01.00289116 68986
1 12564U 81061A   09341.63616434 +.00000077 +00000-0 +10000-3 0 05976
2 12564 014.5997 356.0322 0006310 281.1393 078.7854 01.00289490068997
1 12564U 81061A   09343.63030263  .00000075  00000-0  10000-3 0  5965
2 12564 014.6000 356.0156 0006127 280.2708 079.6485 01.00290254 69018
1 12564U 81061A   09343.63030263 +.00000075 +00000-0 +10000-3 0 05998
2 12564 014.6000 356.0156 0006127 280.2708 079.6485 01.00290254069018
1 12564U 81061A   09346.62148575  .00000075  00000-0  10000-3 0  5974
2 12564 014.6005 355.9902 0006067 279.6421 080.2726 01.00291434 69047
1 12564U 81061A   09349.61267233  .00000077  00000-0  10000-3 0  5982
2 12564 014.6011 355.9653 0005992 278.7516 081.1708 01.00292592 69077
1 12564U 81061A   09351.60679813 +.00000079 +00000-0 +10000-3 0 06001
2 12564 014.6020 355.9496 0005934 279.3258 080.6083 01.00293369069093
1 12564U 81061A   09352.60384907  .00000080  00000-0  10000-3 0  5998
2 12564 014.6022 355.9410 0005933 279.3462 080.5924 01.00293755 69101
1 12564U 81061A   09353.60089272 +.00000082 +00000-0 +10000-3 0 06001
2 12564 014.6025 355.9312 0005807 279.4045 080.5377 01.00294128069111
1 12564U 81061A   09353.60089581 +.00000082 +00000-0 +10000-3 0 06015
2 12564 014.6025 355.9315 0005757 279.0013 080.9426 01.00294133069114
1 12564U 81061A   09355.59496268  .00000085  00000-0  10000-3 0  6001
2 12564 014.6027 355.9161 0006002 279.4539 080.4929 01.00294924 69139
1 12564U 81061A   09355.59495619 +.00000085 +00000-0 +10000-3 0 06011
2 12564 014.6027 355.9160 0005955 279.0709 080.8744 01.00294928069132
1 12564U 81061A   09356.59197922 +.00000086 +00000-0 +10000-3 0 06020
2 12564 014.6028 355.9075 0005967 279.1621 080.7833 01.00295312069142
1 12564U 81061A   09365.56503387 +.00000074 +00000-0 +10000-3 0 06020
2 12564 014.6041 355.8351 0006120 274.0669 085.8876 01.00298720069230
1 12564U 81061A   09365.56504062  .00000074  00000-0  10000-3 0  6010
2 12564 014.6040 355.8349 0005964 272.5727 087.3831 01.00298690 69233
1 12564U 81061A   10002.55899970 +.00000068 +00000-0 +10000-3 0 06040
2 12564 014.6044 355.8184 0006174 274.8104 085.1425 01.00299464069259
1 12564U 81061A   10002.55899659 +.00000068 +00000-0 +10000-3 0 06055
2 12564 014.6045 355.8164 0006112 277.0299 082.9218 01.00299473069255
1 12564U 81061A   10010.53468212  .00000059  00000-0  10000-3 0  6026
2 12564 014.6057 355.7496 0006133 274.9694 084.9679 01.00302380 69337
1 12564U 81061A   10011.53165082 +.00000059 +00000-0 +10000-3 0 06048
2 12564 014.6059 355.7418 0006137 279.0925 080.8472 01.00302747069344
1 12564U 81061A   10011.53165082  .00000059  00000-0  10000-3 0  6037
2 12564 014.6059 355.7418 0006137 279.0925 080.8472 01.00302747 69344
1 12564U 81061A   10013.52557049 +.00000061 +00000-0 +10000-3 0 06040
2 12564 014.6062 355.7245 0006032 278.7326 081.2175 01.00303448069367
1 12564U 81061A   10014.52252630  .00000062  00000-0  10000-3 0  6051
2 12564 014.6065 355.7164 0005980 277.9982 081.9598 01.00303820 69371
1 12564U 81061A   10014.52252630 +.00000061 +00000-0 +10000-3 0 06061
2 12564 014.6065 355.7164 0005980 277.9982 081.9598 01.00303820069371
1 12564U 81061A   10014.52255454  .00000000  00000-0  10000-3 0  6049
2 12564 014.6064 355.7179 0005774 281.9743 077.9890 01.00300076 69377
1 12564U 81061A   10015.51946732 +.00000063 +00000-0 +10000-3 0 06066
2 12564 014.6067 355.7079 0005888 276.3269 083.6363 01.00304193069380
1 12564U 81061A   10015.51946142  .00000063  00000-0  10000-3 0  6061
2 12564 014.6066 355.7090 0005783 273.9957 085.9672 01.00304200 69380
1 12564U 81061A   10016.51639628 +.00000064 +00000-0 +10000-3 0 06072
2 12564 014.6068 355.7004 0005789 274.0792 085.8852 01.00304555069395
1 12564U 81061A   10020.50408561  .00000067  00000-0  10000-3 0  6079
2 12564 014.6073 355.6679 0005909 277.6933 082.2691 01.00305989 69437
1 12564U 81061A   10023.49481457  .00000065  00000-0  10000-3 0  6084
2 12564 014.6077 355.6422 0005982 275.1659 084.7990 01.00307027 69463
1 12564U 81061A   10023.49480391 +.00000065 +00000-0 +10000-3 0 06091
2 12564 014.6078 355.6418 0005983 275.2067 084.7548 01.00307027069463
1 12564U 81061A   10026.48551462  .00000057  00000-0  10000-3 0  6092
2 12564 014.6084 355.6146 0005816 279.8150 080.1472 01.00308058 69490
1 12564U 81061A   10027.48243018 +.00000053 +00000-0 +10000-3 0 06106
2 12564 014.6085 355.6068 0005898 285.4081 074.5612 01.00308441069501
1 12564U 81061A   10028.47931914  .00000000  00000-0  10000-3 0  6107
2 12564 014.6089 355.5997 0005983 282.1381 077.8353 01.00305065 69515
1 12564U 81061A   10028.47932624  .00000050  00000-0  10000-3 0  6112
2 12564 014.6085 355.5991 0006092 284.8246 075.1491 01.00308789 69516
1 12564U 81061A   10029.47620062 +.00000046 +00000-0 +10000-3 0 06130
2 12564 014.6087 355.5913 0006043 285.5928 074.3757 01.00309126069526
1 12564U 81061A   10029.47620467 +.00000046 +00000-0 +10000-3 0 06140
2 12564 014.6086 355.5929 0006228 285.8444 074.1224 01.00309108069520
1 12564U 81061A   10031.46995453  .00000040  00000-0  10000-3 0  6124
2 12564 014.6089 355.5759 0006248 287.0653 072.8969 01.00309776 69546
1 12564U 81061A   10032.46682216 +.00000038 +00000-0 +10000-3 0 06144
2 12564 014.6091 355.5678 0006258 287.0764 072.8825 01.00310107069555
1 12564U 81061A   10033.46367789 +.00000036 +00000-0 +10000-3 0 06159
2 12564 014.6092 355.5592 0006261 286.5951 073.3577 01.00310425069561
1 12564U 81061A   10034.46053549  .00000034  00000-0  10000-3 0  6132
2 12564 014.6095 355.5508 0006282 286.3590 073.5897 01.00310751 69571
1 12564U 81061A   10036.45425321 +.00000032 +00000-0 +10000-3 0 06143
2 12564 014.6099 355.5338 0006332 287.9424 072.0011 01.00311403069594
1 12564U 81061A   10037.45111854  .00000032  00000-0  10000-3 0  6147
2 12564 014.6102 355.5251 0006278 286.9714 072.9741 01.00311724 69600
1 12564U 81061A   10037.45111854 +.00000032 +00000-0 +10000-3 0 06158
2 12564 014.6102 355.5251 0006278 286.9714 072.9741 01.00311724069600
1 12564U 81061A   10038.44798182 +.00000032 +00000-0 +10000-3 0 06153
2 12564 014.6103 355.5166 0006277 287.0330 072.9150 01.00312043069611
1 12564U 81061A   10044.42909539 +.00000035 +00000-0 +10000-3 0 06151
2 12564 014.6113 355.4647 0006267 286.9728 072.9901 01.00313908069674
1 12564U 81061A   10045.42592935 +.00000036 +00000-0 +10000-3 0 06162
2 12564 014.6115 355.4561 0006014 292.4801 067.4813 01.00314274069684
1 12564U 81061A   10047.41959825 +.00000036 +00000-0 +10000-3 0 06179
2 12564 014.6119 355.4386 0005917 293.0188 066.9466 01.00314899069703
1 12564U 81061A   10055.39411425  .00000019  00000-0  10000-3 0  6175
2 12564 014.6130 355.3696 0006020 293.7356 066.2313 01.00317234 69787
1 12564U 81061A   10056.39090673 +.00000015 +00000-0 +10000-3 0 06181
2 12564 014.6133 355.3609 0005941 295.1116 064.8509 01.00317516069790
1 12564U 81061A   10056.39092735  .00000000  00000-0  10000-3 0  6186
2 12564 014.6134 355.3618 0006088 295.4004 064.5669 01.00313651 69793
1 12564U 81061A   10057.38770605 +.00000011 +00000-0 +10000-3 0 06200
2 12564 014.6135 355.3524 0005938 295.8882 064.0742 01.00317797069805
1 12564U 81061A   10059.38127237  .00000005  00000-0  10000-3 0  6190
2 12564 014.6138 355.3354 0006141 293.4226 066.5320 01.00318320 69826
1 12564U 81061A   10060.37803635 +.00000002 +00000-0 +10000-3 0 06203
2 12564 014.6139 355.3266 0006177 293.3197 066.6232 01.00318568069832
1 12564U 81061A   10060.37804065 +.00000002 +00000-0 +10000-3 0 06212
2 12564 014.6141 355.3268 0006163 293.8479 066.0967 01.00318575069837
1 12564U 81061A   10064.36514345 -.00000005 +00000-0 +10000-3 0 06207
2 12564 014.6148 355.2929 0006309 292.2290 067.7037 01.00319628069873
1 12564U 81061A   10065.36193170 -.00000005 +00000-0 +10000-3 0 06218
2 12564 014.6154 355.2847 0005916 302.1414 057.7816 01.00319849069881
1 12564U 81061A   10065.36197827 -.00000005 +00000-0 +10000-3 0 06222
2 12564 014.6157 355.2837 0005850 310.8209 049.1110 01.00319839069889
1 12564U 81061A   10066.35880015 -.00000005  00000-0  10000-3 0  6231
2 12564 014.6161 355.2745 0005235 315.9468 043.9965 01.00319936 69891
1 12564U 81061A   10067.35562127 -.00000006 +00000-0 +10000-3 0 06245
2 12564 014.6163 355.2667 0005651 314.2181 045.7430 01.00320339069900
1 12564U 81061A   10068.35238308 -.00000006 +00000-0 +10000-3 0 06258
2 12564 014.6165 355.2580 0005624 315.6456 044.3102 01.00320583069919
1 12564U 81061A   10069.34916661 -.00000005 +00000-0 +10000-3 0 06241
2 12564 014.6165 355.2495 0005562 316.8439 043.1167 01.00320838069921
1 12564U 81061A   10069.34917242 -.00000005 +00000-0 +10000-3 0 06258
2 12564 014.6164 355.2495 0005496 317.2257 042.7372 01.00320850069926
1 12564U 81061A   10073.33622240 -.00000003  00000-0  10000-3 0  6251
2 12564 014.6173 355.2137 0005404 316.9534 043.0125 01.00321828 69962
1 12564U 81061A   10073.33622240 -.00000003 +00000-0 +10000-3 0 06262
2 12564 014.6173 355.2137 0005404 316.9534 043.0125 01.00321828069962
1 12564U 81061A   10074.33296651 -.00000003 +00000-0 +10000-3 0 06266
2 12564 014.6175 355.2050 0005406 316.9387 043.0235 01.00322065069973
1 12564U 81061A   10074.33296463 -.00000003  00000-0  10000-3 0  6267
2 12564 014.6172 355.2047 0005157 313.5432 046.4257 01.00322094 69976
1 12564U 81061A   10075.32969034 -.00000004 +00000-0 +10000-3 0 06270
2 12564 014.6173 355.1961 0005138 313.9041 046.0551 01.00322335069982
1 12564U 81061A   10077.32316775  .00000000  00000-0  10000-3 0  6275
2 12564 014.6180 355.1803 0005177 305.8544 054.0989 01.00318829 70008
1 12564U 81061A   10077.32318002 -.00000005  00000-0  10000-3 0  6287
2 12564 014.6178 355.1776 0005101 315.6443 044.3143 01.00322847 70007
1 12564U 81061A   10078.31991291 -.00000008 +00000-0 +10000-3 0 06300
2 12564 014.6176 355.1701 0004948 314.1355 045.8203 01.00323076070016
1 12564U 81061A   10080.31340140 -.00000013  00000-0  10000-3 0  6298
2 12564 014.6179 355.1531 0004947 314.2973 045.6595 01.00323515 70038
1 12564U 81061A   10081.31014390 -.00000017 +00000-0 +10000-3 0 06300
2 12564 014.6181 355.1447 0004952 314.4384 045.5195 01.00323732070048
1 12564U 81061A   10083.30361700 -.00000025  00000-0  10000-3 0  6300
2 12564 014.6183 355.1278 0004920 314.3158 045.6403 01.00324119 70060
1 12564U 81061A   10089.28392006 -.00000045  00000-0  10000-3 0  6319
2 12564 014.6192 355.0761 0004897 314.3331 045.5956 01.00325264 70123
1 12564U 81061A   10090.28064948 -.00000047 +00000-0 +10000-3 0 06336
2 12564 014.6193 355.0681 0004911 314.9575 044.9700 01.00325421070134
1 12564U 81061A   10092.27408662 -.00000050  00000-0  10000-3 0  6325
2 12564 014.6194 355.0525 0004942 315.3818 044.5398 01.00325750 70157
1 12564U 81061A   10093.27082203 -.00000051 +00000-0 +10000-3 0 06337
2 12564 014.6195 355.0452 0004993 315.9377 043.9893 01.00325936070169
1 12564U 81061A   10094.26754721 -.00000051 +00000-0 +10000-3 0 06349
2 12564 014.6196 355.0366 0004993 315.9761 043.9538 01.00326105070177
1 12564U 81061A   10097.25770386 -.00000051  00000-0  10000-3 0  6335
2 12564 014.6200 355.0110 0005002 316.2250 043.7121 01.00326606 70205
1 12564U 81061A   10098.25441456 -.00000051 +00000-0 +10000-3 0 06351
2 12564 014.6201 355.0033 0005013 316.4841 043.4539 01.00326778070211
1 12564U 81061A   10098.25446334  .00000000  00000-0  10000-3 0  6343
2 12564 014.6209 355.0113 0004849 316.4274 043.5153 01.00322700 70218
1 12564U 81061A   10099.25112185 -.00000051 +00000-0 +10000-3 0 06367
2 12564 014.6203 354.9948 0005015 316.4467 043.4914 01.00326935070225
1 12564U 81061A   10100.24782314 -.00000050  00000-0  10000-3 0  6354
2 12564 014.6206 354.9868 0005030 316.1880 043.7502 01.00327108 70232
1 12564U 81061A   10100.24782314 -.00000051 +00000-0 +10000-3 0 06388
2 12564 014.6206 354.9868 0005030 316.1880 043.7502 01.00327108070232
1 12564U 81061A   10100.24781924 -.00000051 +00000-0 +10000-3 0 06362
2 12564 014.6206 354.9868 0005032 316.0554 043.8816 01.00327109070231
1 12564U 81061A   10102.24122273 -.00000051 +00000-0 +10000-3 0 06382
2 12564 014.6210 354.9698 0004932 316.7588 043.1762 01.00327409070257
1 12564U 81061A   10103.23791495 -.00000051  00000-0  10000-3 0  6368
2 12564 014.6213 354.9620 0004912 316.8096 043.1227 01.00327567 70260
1 12564U 81061A   10104.23461272 -.00000053 +00000-0 +10000-3 0 06379
2 12564 014.6214 354.9534 0004907 316.9288 043.0028 01.00327705070276
1 12564U 81061A   10105.23130933 -.00000054 +00000-0 +10000-3 0 06390
2 12564 014.6216 354.9451 0004905 317.0130 042.9178 01.00327839070285
1 12564U 81061A   10105.23132858  .00000000  00000-0  10000-3 0  6376
2 12564 014.6218 354.9498 0005096 316.6189 043.3139 01.00323830 70288
1 12564U 81061A   10106.22800655 -.00000057  00000-0  10000-3 0  6387
2 12564 014.6219 354.9367 0004901 316.9136 043.0177 01.00327976 70298
1 12564U 81061A   10106.22800643 -.00000057 +00000-0 +10000-3 0 06395
2 12564 014.6220 354.9366 0004902 316.5475 043.3844 01.00327978070298
1 12564U 81061A   10108.22139831 -.00000064 +00000-0 +10000-3 0 06412
2 12564 014.6222 354.9192 0004901 316.2997 043.6337 01.00328231070318
1 12564U 81061A   10109.21809466 -.00000067  00000-0  10000-3 0  6390
2 12564 014.6224 354.9105 0004901 316.3504 043.5842 01.00328352 70324
1 12564U 81061A   10110.21478864 -.00000072 +00000-0 +10000-3 0 06404
2 12564 014.6218 354.9052 0004778 315.7325 044.1992 01.00328442070338
1 12564U 81061A   10116.19487166 -.00000094  00000-0  10000-3 0  6406
2 12564 014.6233 354.8519 0004880 317.7256 042.1856 01.00329020 70397
1 12564U 81061A   10116.19487166 -.00000094 +00000-0 +10000-3 0 06417
2 12564 014.6233 354.8519 0004880 317.7256 042.1856 01.00329020070397
1 12564U 81061A   10117.19155800 -.00000096 +00000-0 +10000-3 0 06417
2 12564 014.6234 354.8434 0004885 317.5619 042.3490 01.00329105070402
1 12564U 81061A   10117.19155925 -.00000096 +00000-0 +10000-3 0 06426
2 12564 014.6234 354.8434 0004893 318.0741 041.8360 01.00329096070402
1 12564U 81061A   10119.18492733 -.00000100  00000-0  10000-3 0  6424
2 12564 014.6237 354.8262 0004907 318.1624 041.7469 01.00329260 70425
1 12564U 81061A   10119.18493390  .00000000  00000-0  10000-3 0  6411
2 12564 014.6237 354.8295 0005164 316.9903 042.9202 01.00325290 70420
1 12564U 81061A   10120.18161685 -.00000101 +00000-0 +10000-3 0 06437
2 12564 014.6240 354.8177 0004931 319.0452 040.8660 01.00329345070438
1 12564U 81061A   10123.17168990 -.00000103  00000-0  10000-3 0  6437
2 12564 014.6244 354.7922 0004936 319.6351 040.2873 01.00329587 70469
1 12564U 81061A   10125.16506094 -.00000103 +00000-0 +10000-3 0 06440
2 12564 014.6244 354.7755 0004950 322.2037 037.7215 01.00329728070480
1 12564U 81061A   10128.15510819 -.00000102  00000-0  10000-3 0  6441
2 12564 014.6249 354.7493 0004914 320.2503 039.6850 01.00329928 70512
1 12564U 81061A   10130.14843840 -.00000103 +00000-0 +10000-3 0 06458
2 12564 014.6253 354.7324 0004916 318.5627 041.3689 01.00330048070536
1 12564U 81061A   10131.14509678 -.00000104  00000-0  10000-3 0  6458
2 12564 014.6252 354.7233 0004909 320.4168 039.5045 01.00330057 70544
1 12564U 81061A   10131.14511194 -.00000104 +00000-0 +10000-3 0 06465
2 12564 014.6252 354.7241 0004882 319.5493 040.3799 01.00330078070542
1 12564U 81061A   10133.13845716 -.00000108 +00000-0 +10000-3 0 06471
2 12564 014.6255 354.7067 0004882 319.5215 040.4057 01.00330138070560
1 12564U 81061A   10135.13181798 -.00000114  00000-0  10000-3 0  6462
2 12564 014.6258 354.6896 0004878 319.2554 040.6747 01.00330169 70584
1 12564U 81061A   10136.12850303 -.00000118 +00000-0 +10000-3 0 06472
2 12564 014.6259 354.6810 0004879 319.1820 040.7515 01.00330184070599
1 12564U 81061A   10136.12850416 -.00000118 +00000-0 +10000-3 0 06488
2 12564 014.6259 354.6811 0004880 319.1932 040.7405 01.00330183070593
1 12564U 81061A   10138.12187346 -.00000126  00000-0  10000-3 0  6473
2 12564 014.6259 354.6639 0004816 319.6943 040.2436 01.00330174 70619
1 12564U 81061A   10138.12187405 -.00000126 +00000-0 +10000-3 0 06480
2 12564 014.6257 354.6638 0004769 320.5599 039.3762 01.00330157070613
1 12564U 81061A   10139.11855542 -.00000131 +00000-0 +10000-3 0 06491
2 12564 014.6258 354.6552 0004765 321.1435 038.7928 01.00330143070624
1 12564U 81061A   10140.11523212 -.00000135 +00000-0 +10000-3 0 06505
2 12564 014.6260 354.6465 0004764 321.0518 038.8850 01.00330143070636
1 12564U 81061A   10141.11189782 -.00000138  00000-0  10000-3 0  6486
2 12564 014.6261 354.6378 0004772 321.2537 038.6794 01.00330138 70642
1 12564U 81061A   10143.10522614 -.00000145 +00000-0 +10000-3 0 06491
2 12564 014.6264 354.6204 0004770 321.5768 038.3482 01.00330119070662
1 12564U 81061A   10147.09192197 -.00000154  00000-0  10000-3 0  6492
2 12564 014.6269 354.5862 0004837 322.6607 037.2599 01.00330024 70701
1 12564U 81061A   10148.08861725 -.00000155 +00000-0 +10000-3 0 06516
2 12564 014.6272 354.5784 0004879 322.9499 036.9758 01.00329983070712
1 12564U 81061A   10149.08530804 -.00000156 +00000-0 +10000-3 0 06520
2 12564 014.6275 354.5702 0004864 323.2561 036.6735 01.00329941070720
1 12564U 81061A   10150.08200117 -.00000156  00000-0  10000-3 0  6501
2 12564 014.6276 354.5615 0004864 323.2062 036.7290 01.00329902 70735
1 12564U 81061A   10151.07869007 -.00000157 +00000-0 +10000-3 0 06512
2 12564 014.6277 354.5531 0004916 323.3492 036.5905 01.00329865070749
1 12564U 81061A   10152.07537530 -.00000156 +00000-0 +10000-3 0 06526
2 12564 014.6280 354.5448 0004937 324.4046 035.5377 01.00329826070750
1 12564U 81061A   10153.07206249 -.00000156  00000-0  10000-3 0  6516
2 12564 014.6283 354.5366 0004835 324.6277 035.3164 01.00329775 70763
1 12564U 81061A   10153.07206249 -.00000156 +00000-0 +10000-3 0 06538
2 12564 014.6283 354.5366 0004835 324.6277 035.3164 01.00329775070763
1 12564U 81061A   10154.06875180 -.00000156 +00000-0 +10000-3 0 06523
2 12564 014.6284 354.5286 0004822 324.6429 035.3042 01.00329723070779
1 12564U 81061A   10154.06875460 -.00000156 +00000-0 +10000-3 0 06535
2 12564 014.6284 354.5290 0004810 324.7067 035.2414 01.00329726070775
1 12564U 81061A   10156.06211742 -.00000155  00000-0  10000-3 0  6522
2 12564 014.6288 354.5117 0004809 324.8708 035.0789 01.00329615 70790
1 12564U 81061A   10156.06211731 -.00000155  00000-0  10000-3 0  6531
2 12564 014.6287 354.5112 0004447 325.4714 034.4755 01.00329613 70790
1 12564U 81061A   10158.05549536 -.00000157 +00000-0 +10000-3 0 06542
2 12564 014.6290 354.4941 0004600 325.1056 034.8492 01.00329490070818
1 12564U 81061A   10159.05217063 -.00000158  00000-0  10000-3 0  6541
2 12564 014.6291 354.4854 0004600 325.1423 034.8104 01.00329419 70822
1 12564U 81061A   10160.04885702 -.00000160 +00000-0 +10000-3 0 06557
2 12564 014.6292 354.4766 0004599 325.1622 034.7919 01.00329344070834
1 12564U 81061A   10161.04554663 -.00000162 +00000-0 +10000-3 0 06560
2 12564 014.6294 354.4679 0004600 325.1854 034.7711 01.00329265070842
1 12564U 81061A   10161.04562810  .00000000  00000-0  10000-3 0  6552
2 12564 014.6302 354.4727 0004477 329.7356 030.2283 01.00324988 70847
1 12564U 81061A   10162.04223895 -.00000165  00000-0  10000-3 0  6564
2 12564 014.6295 354.4592 0004486 324.8088 035.1484 01.00329149 70858
1 12564U 81061A   10163.03894148 -.00000168  00000-0  10000-3 0  6573
2 12564 014.6294 354.4507 0004121 325.5258 034.4317 01.00329021 70863
1 12564U 81061A   10164.03565679 -.00000172 +00000-0 +10000-3 0 06595
2 12564 014.6295 354.4420 0004169 324.8291 035.1402 01.00328938070879
1 12564U 81061A   10165.03234929 -.00000176 +00000-0 +10000-3 0 06603
2 12564 014.6297 354.4331 0004161 324.3357 035.6357 01.00328842070881
1 12564U 81061A   10165.03234813 -.00000176 +00000-0 +10000-3 0 06616
2 12564 014.6297 354.4329 0004195 324.6197 035.3513 01.00328837070885
1 12564U 81061A   10167.02572653 -.00000184  00000-0  10000-3 0  6589
2 12564 014.6300 354.4154 0004192 324.4827 035.4884 01.00328633 70900
1 12564U 81061A   10168.02241145 -.00000189 +00000-0 +10000-3 0 06595
2 12564 014.6301 354.4066 0004203 324.2923 035.6762 01.00328521070915
1 12564U 81061A   10168.02245400  .00000000  00000-0  10000-3 0  6594
2 12564 014.6289 354.4085 0003797 327.7903 032.1871 01.00324524 70927
1 12564U 81061A   10171.01246198 -.00000198  00000-0  10000-3 0  6603
2 12564 014.6306 354.3806 0003520 327.9878 031.9609 01.00328152 70943
1 12564U 81061A   10173.00589520 -.00000203 +00000-0 +10000-3 0 06611
2 12564 014.6309 354.3640 0003811 328.4704 031.4948 01.00327909070961
1 12564U 81061A   10174.00258988 -.00000204  00000-0  10000-3 0  6614
2 12564 014.6310 354.3552 0003933 328.7829 031.1811 01.00327775 70979
1 12564U 81061A   10174.00258871 -.00000204  00000-0  10000-3 0  6626
2 12564 014.6310 354.3547 0003965 331.2897 028.6689 01.00327727 70973
1 12564U 81061A   10175.99602738 -.00000207 +00000-0 +10000-3 0 06634
2 12564 014.6312 354.3372 0003978 331.2305 028.7417 01.00327457070991
1 12564U 81061A   10176.99274279 -.00000207  00000-0  10000-3 0  6630
2 12564 014.6310 354.3270 0003504 334.1857 025.7873 01.00327314 71003
1 12564U 81061A   10177.98948931 -.00000208 +00000-0 +10000-3 0 06656
2 12564 014.6311 354.3179 0003310 334.7175 025.2690 01.00327164071012
1 12564U 81061A   10179.98292202 -.00000207  00000-0  10000-3 0  6649
2 12564 014.6314 354.3006 0003381 334.5584 025.4363 01.00326870 71038
1 12564U 81061A   10180.97963349 -.00000206 +00000-0 +10000-3 0 06657
2 12564 014.6315 354.2918 0003306 335.3076 024.6873 01.00326712071045
1 12564U 81061A   10180.97963865 -.00000206 +00000-0 +10000-3 0 06661
2 12564 014.6315 354.2926 0003399 335.3445 024.6522 01.00326708071042
1 12564U 81061A   10182.97306441 -.00000205  00000-0  10000-3 0  6652
2 12564 014.6314 354.2762 0002569 327.7186 032.2754 01.00326423 71062
1 12564U 81061A   10183.96979214 -.00000206 +00000-0 +10000-3 0 06668
2 12564 014.6315 354.2675 0002539 327.3571 032.6439 01.00326271071073
1 12564U 81061A   10185.96322147 -.00000206  00000-0  10000-3 0  6667
2 12564 014.6317 354.2502 0002601 326.7337 033.2689 01.00325949 71094
1 12564U 81061A   10186.95993507 -.00000208 +00000-0 +10000-3 0 06685
2 12564 014.6319 354.2416 0002625 326.2234 033.7788 01.00325779071105
1 12564U 81061A   10187.95665366 -.00000210 +00000-0 +10000-3 0 06712
2 12564 014.6323 354.2337 0002695 322.4622 037.5393 01.00325590071114
1 12564U 81061A   10187.95665511 -.00000210 +00000-0 +10000-3 0 06703
2 12564 014.6323 354.2337 0002695 322.4622 037.5399 01.00325590071110
1 12564U 81061A   10189.95011430 -.00000215  00000-0  10000-3 0  6671
2 12564 014.6326 354.2164 0002763 318.3453 041.6607 01.00325192 71131
1 12564U 81061A   10189.95011347 -.00000215 +00000-0 +10000-3 0 06689
2 12564 014.6326 354.2164 0002763 318.3453 041.6604 01.00325192071138
1 12564U 81061A   10190.94684760 -.00000218 +00000-0 +10000-3 0 06701
2 12564 014.6328 354.2075 0002787 318.2817 041.7272 01.00325001071142
1 12564U 81061A   10191.94358202 -.00000222 +00000-0 +10000-3 0 06728
2 12564 014.6328 354.1987 0002833 315.9408 044.0686 01.00324771071154
1 12564U 81061A   10200.91417848 -.00000249  00000-0  10000-3 0  6682
2 12564 014.6338 354.1191 0003018 301.4843 058.4755 01.00321910 71249
1 12564U 81061A   10200.91426158 -.00000249 +00000-0 +10000-3 0 06697
2 12564 014.6340 354.1186 0002972 308.9558 051.0370 01.00321994071243
1 12564U 81061A   10201.91102823 -.00000251 +00000-0 +10000-3 0 06714
2 12564 014.6344 354.1109 0002961 312.1538 047.8411 01.00321736071259
1 12564U 81061A   10202.90780045 -.00000252 +00000-0 +10000-3 0 06724
2 12564 014.6344 354.1027 0002939 311.2187 048.7798 01.00321502071263
1 12564U 81061A   10203.90457593 -.00000252  00000-0  10000-3 0  6702
2 12564 014.6345 354.0939 0002956 312.3874 047.6168 01.00321281 71273
1 12564U 81061A   10205.89812467 -.00000252 +00000-0 +10000-3 0 06729
2 12564 014.6349 354.0758 0002956 312.4408 047.5708 01.00320816071294
1 12564U 81061A   10206.89490042 -.00000251  00000-0  10000-3 0  6719
2 12564 014.6350 354.0662 0002959 312.4714 047.5438 01.00320580 71303
1 12564U 81061A   10207.89167417 -.00000250 +00000-0 +10000-3 0 06727
2 12564 014.6351 354.0586 0003048 311.8673 048.1512 01.00320405071313
1 12564U 81061A   10208.88842646 -.00000250 +00000-0 +10000-3 0 06732
2 12564 014.6349 354.0500 0002933 310.5016 049.5156 01.00320274071329
1 12564U 81061A   10208.88844081 -.00000249  00000-0  10000-3 0  6724
2 12564 014.6350 354.0504 0002933 310.5870 049.4350 01.00320273 71327
1 12564U 81061A   10209.88518428 -.00000249  00000-0  10000-3 0  6739
2 12564 014.6351 354.0418 0002791 311.0143 049.0067 01.00320195 71338
1 12564U 81061A   10210.88194706 -.00000248 +00000-0 +10000-3 0 06751
2 12564 014.6353 354.0329 0002768 310.6753 049.3445 01.00319996071348
1 12564U 81061A   10214.86907085 -.00000250  00000-0  10000-3 0  6747
2 12564 014.6357 353.9974 0002694 309.7223 050.3007 01.00319004 71385
1 12564U 81061A   10215.86585732 -.00000252 +00000-0 +10000-3 0 06752
2 12564 014.6358 353.9883 0002727 300.8338 059.1907 01.00318798071397
1 12564U 81061A   10216.86264017 -.00000254  00000-0  10000-3 0  6755
2 12564 014.6359 353.9793 0002796 298.1673 061.8566 01.00318561 71406
1 12564U 81061A   10216.86264017 -.00000254 +00000-0 +10000-3 0 06766
2 12564 014.6359 353.9793 0002796 298.1673 061.8566 01.00318561071406
1 12564U 81061A   10217.85943116 -.00000257 +00000-0 +10000-3 0 06763
2 12564 014.6360 353.9705 0002783 297.8963 062.1282 01.00318299071413
1 12564U 81061A   10218.85622835 -.00000260  00000-0  10000-3 0  6760
2 12564 014.6367 353.9633 0003124 283.4345 076.5863 01.00318024 71426
1 12564U 81061A   10219.85302632 -.00000263  00000-0  10000-3 0  6775
2 12564 014.6363 353.9532 0002820 298.8750 061.1543 01.00317789 71435
1 12564U 81061A   10223.84020700 -.00000276  00000-0  10000-3 0  6787
2 12564 014.6368 353.9178 0002838 296.7881 063.2293 01.00316657 71479
1 12564U 81061A   10227.82742843 -.00000285  00000-0  10000-3 0  6799
2 12564 014.6376 353.8833 0003140 284.2095 075.7884 01.00315465 71516
1 12564U 81061A   10230.81791921 -.00000288  00000-0  10000-3 0  6808
2 12564 014.6375 353.8562 0002695 300.3409 059.6548 01.00314449 71549
1 12564U 81061A   10231.81480478 -.00000288 +00000-0 +10000-3 0 06812
2 12564 014.6376 353.8474 0002687 299.1453 060.8684 01.00314132071552
1 12564U 81061A   10232.81165072 -.00000288 +00000-0 +10000-3 0 06824
2 12564 014.6377 353.8386 0002663 299.5152 060.5016 01.00313817071565
1 12564U 81061A   10233.80849793 -.00000286  00000-0  10000-3 0  6810
2 12564 014.6378 353.8303 0002696 297.1939 062.8245 01.00313504 71571
1 12564U 81061A   10233.80850023 -.00000287 +00000-0 +10000-3 0 06820
2 12564 014.6379 353.8305 0002691 298.1944 061.8236 01.00313492071571
1 12564U 81061A   10238.79274116 -.00000281  00000-0  10000-3 0  6820
2 12564 014.6384 353.7873 0002545 299.8606 060.1602 01.00311940 71628
1 12564U 81061A   10241.78331729 -.00000281  00000-0  10000-3 0  6838
2 12564 014.6399 353.7640 0002547 297.7580 062.2603 01.00310991 71658
1 12564U 81061A   10242.78018736 -.00000282 +00000-0 +10000-3 0 06841
2 12564 014.6400 353.7550 0002508 300.1986 059.8231 01.00310673071664
1 12564U 81061A   10246.76769900 -.00000291  00000-0  10000-3 0  6849
2 12564 014.6406 353.7195 0002154 307.3425 052.6826 01.00309275 71701
1 12564U 81061A   10247.76460088 -.00000294  00000-0  10000-3 0  6859
2 12564 014.6400 353.7087 0002235 304.4481 055.5798 01.00308884 71711
1 12564U 81061A   10249.75836995 -.00000300  00000-0  10000-3 0  6863
2 12564 014.6406 353.6926 0002342 312.8339 047.1844 01.00308134 71731
1 12564U 81061A   10254.74283479 -.00000311  00000-0  10000-3 0  6874
2 12564 014.6412 353.6489 0002289 315.1054 044.8884 01.00306295 71781
1 12564U 81061A   10254.74286300 -.00000311 +00000-0 +10000-3 0 06881
2 12564 014.6412 353.6489 0002278 314.4815 045.5205 01.00306281071786
1 12564U 81061A   10255.73977799 -.00000312  00000-0  10000-3 0  6881
2 12564 014.6413 353.6406 0002189 323.9682 036.0290 01.00305845 71799
1 12564U 81061A   10258.73057796 -.00000313  00000-0  10000-3 0  6892
2 12564 014.6415 353.6142 0002256 321.9824 038.0232 01.00304731 71824
1 12564U 81061A   10258.73058836 -.00000313 +00000-0 +10000-3 0 06900
2 12564 014.6415 353.6141 0002318 317.7239 042.2832 01.00304723071829
1 12564U 81061A   10260.72445978 -.00000311 +00000-0 +10000-3 0 06918
2 12564 014.6418 353.5954 0002188 320.0452 039.9659 01.00303993071842
1 12564U 81061A   10260.72446393 -.00000311  00000-0  10000-3 0  6909
2 12564 014.6418 353.5953 0002269 315.8581 044.1526 01.00303988 71841
1 12564U 81061A   10264.71222558 -.00000304  00000-0  10000-3 0  6910
2 12564 014.6429 353.5627 0002432 316.1587 043.8497 01.00302563 71888
1 12564U 81061A   10266.70611948 -.00000302  00000-0  10000-3 0  6925
2 12564 014.6437 353.5434 0002360 299.8802 060.1262 01.00301888 71904
1 12564U 81061A   10273.68488691 -.00000307  00000-0  10000-3 0  6933
2 12564 014.6434 353.4830 0002835 301.8235 058.1760 01.00299232 71977
1 12564U 81061A   10275.67885297 -.00000313 +00000-0 +10000-3 0 06956
2 12564 014.6436 353.4659 0002812 300.0930 059.9018 01.00298430071992
1 12564U 81061A   10276.67584224 -.00000315  00000-0  10000-3 0  6944
2 12564 014.6437 353.4571 0002843 299.7804 060.2121 01.00298032 72005
1 12564U 81061A   10276.67584524 -.00000315 +00000-0 +10000-3 0 06958
2 12564 014.6438 353.4574 0002925 299.2790 060.7112 01.00297999072005
1 12564U 81061A   10277.67283463 -.00000317  00000-0  10000-3 0  6959
2 12564 014.6439 353.4487 0003026 298.6953 061.2884 01.00297574 72018
1 12564U 81061A   10278.66982710 -.00000320  00000-0  10000-3 0  6965
2 12564 014.6449 353.4411 0002879 291.8852 068.0873 01.00297041 72027
1 12564U 81061A   10282.65784646 -.00000326  00000-0  10000-3 0  6974
2 12564 014.6451 353.4055 0002896 290.7333 069.2285 01.00295474 72067
1 12564U 81061A   10284.65189705 -.00000327 +00000-0 +10000-3 0 06983
2 12564 014.6455 353.3886 0002867 287.2731 072.6863 01.00294650072080
1 12564U 81061A   10284.65190817 -.00000327  00000-0  10000-3 0  6989
2 12564 014.6432 353.3823 0002956 285.6980 074.2676 01.00294618 72087
1 12564U 81061A   10286.64597115 -.00000326 +00000-0 +10000-3 0 06992
2 12564 014.6434 353.3646 0002970 285.7220 074.2434 01.00293830072106
1 12564U 81061A   10294.62237194 -.00000312  00000-0  10000-3 0  7005
2 12564 014.6439 353.2925 0003001 281.7509 078.2171 01.00290730 72188
1 12564U 81061A   10294.62245376  .00000000  00000-0  10000-3 0  6996
2 12564 014.6434 353.2936 0002598 303.0386 056.9356 01.00286280 72189
1 12564U 81061A   10300.60483822 -.00000314  00000-0  10000-3 0  7015
2 12564 014.6446 353.2406 0002922 279.3827 080.5754 01.00288177 72249
1 12564U 81061A   10304.59325066 -.00000323  00000-0  10000-3 0  7023
2 12564 014.6453 353.2068 0002903 278.5322 081.4283 01.00286524 72286
1 12564U 81061A   10306.58745469 -.00000327  00000-0  10000-3 0  7032
2 12564 014.6452 353.1930 0004174 321.2791 038.6423 01.00285727 72307
1 12564U 81061A   10308.58176691 -.00000330  00000-0  10000-3 0  7044
2 12564 014.6452 353.1728 0003086 317.0061 042.9414 01.00284713 72320
1 12564U 81061A   10309.57890472 -.00000331 +00000-0 +10000-3 0 07056
2 12564 014.6452 353.1650 0003079 319.1011 040.8457 01.00284266072332
1 12564U 81061A   10311.57318956 -.00000332  00000-0  10000-3 0  7052
2 12564 014.6453 353.1444 0001638 320.2159 039.7409 01.00283340 72357
1 12564U 81061A   10311.57320879 -.00000332  00000-0  10000-3 0  7060
2 12564 014.6453 353.1481 0002616 321.9470 038.0076 01.00283358 72350
1 12564U 81061A   10313.56751534 -.00000331  00000-0  10000-3 0  7077
2 12564 014.6455 353.1268 0000991 346.4578 013.5139 01.00282457 72379
1 12564U 81061A   10314.56468853 -.00000330 +00000-0 +10000-3 0 07087
2 12564 014.6455 353.1194 0001119 343.1005 016.8778 01.00282056072380
1 12564U 81061A   10315.56185001 -.00000328 +00000-0 +10000-3 0 07097
2 12564 014.6455 353.1110 0001193 341.6322 018.3481 01.00281649072391
1 12564U 81061A   10315.56185034 -.00000328 +00000-0 +10000-3 0 07105
2 12564 014.6454 353.1108 0001031 334.7125 025.2665 01.00281619072390
1 12564U 81061A   10316.55901445 -.00000326  00000-0  10000-3 0  7082
2 12564 014.6453 353.1025 0001728 321.9246 038.0503 01.00281227 72402
1 12564U 81061A   10316.55901132 -.00000326 +00000-0 +10000-3 0 07096
2 12564 014.6454 353.1026 0001743 322.0168 037.9566 01.00281227072403
1 12564U 81061A   10318.55334248 -.00000321  00000-0  10000-3 0  7091
2 12564 014.6454 353.0842 0002821 310.5672 049.3948 01.00280373 72422
1 12564U 81061A   10320.54768491 -.00000317 +00000-0 +10000-3 0 07112
2 12564 014.6456 353.0661 0003010 311.1142 048.8455 01.00279550072447
1 12564U 81061A   10321.54486250 -.00000315  00000-0  10000-3 0  7100
2 12564 014.6456 353.0568 0003013 311.1209 048.8387 01.00279135 72454
1 12564U 81061A   10322.54204482 -.00000314 +00000-0 +10000-3 0 07116
2 12564 014.6458 353.0496 0003201 310.6566 049.3030 01.00278752072461
1 12564U 81061A   10322.54203872 -.00000314 +00000-0 +10000-3 0 07129
2 12564 014.6459 353.0496 0003217 311.3051 048.6526 01.00278757072463
1 12564U 81061A   10322.54209676  .00000000  00000-0  10000-3 0  7117
2 12564 014.6458 353.0534 0003560 319.7407 040.2215 01.00274373 72466
1 12564U 81061A   10324.53642002 -.00000312  00000-0  10000-3 0  7120
2 12564 014.6461 353.0324 0003352 311.4460 048.5124 01.00277946 72485
1 12564U 81061A   10324.53642002 -.00000312 +00000-0 +10000-3 0 07142
2 12564 014.6461 353.0324 0003352 311.4460 048.5124 01.00277946072485
1 12564U 81061A   10326.53083022 -.00000313 +00000-0 +10000-3 0 07146
2 12564 014.6462 353.0148 0003539 310.9563 049.0064 01.00277118072508
1 12564U 81061A   10327.52803975 -.00000314  00000-0  10000-3 0  7133
2 12564 014.6463 353.0059 0003549 310.6930 049.2721 01.00276705 72510
1 12564U 81061A   10331.51689534 -.00000321  00000-0  10000-3 0  7149
2 12564 014.6464 352.9717 0003584 311.3995 048.5619 01.00274968 72559
1 12564U 81061A   10331.51690839 -.00000321 +00000-0 +10000-3 0 07150
2 12564 014.6463 352.9716 0003622 309.5538 050.4121 01.00274980072556
1 12564U 81061A   10334.50855892 -.00000326  00000-0  10000-3 0  7159
2 12564 014.6467 352.9450 0003380 312.3676 047.5814 01.00273628 72588
1 12564U 81061A   10334.50857958 -.00000327 +00000-0 +10000-3 0 07166
2 12564 014.6467 352.9449 0003290 311.3154 048.6398 01.00273603072588
1 12564U 81061A   10340.49207709 -.00000329  00000-0  10000-3 0  7166
2 12564 014.6473 352.8921 0004082 312.6415 047.2984 01.00270979 72649
1 12564U 81061A   10341.48938224 -.00000328  00000-0  10000-3 0  7179
2 12564 014.6476 352.8827 0003750 309.7049 050.2448 01.00270480 72655
1 12564U 81061A   10342.48667699 -.00000326 +00000-0 +10000-3 0 07184
2 12564 014.6475 352.8737 0003655 309.7521 050.2058 01.00270047072660
1 12564U 81061A   10342.48668237 -.00000326 +00000-0 +10000-3 0 07194
2 12564 014.6476 352.8742 0003814 310.5597 049.3970 01.00270030072661
1 12564U 81061A   10346.47582277 -.00000317  00000-0  10000-3 0  7185
2 12564 014.6479 352.8384 0003902 311.0332 048.9300 01.00268366 72703
1 12564U 81061A   10350.46501670 -.00000309  00000-0  10000-3 0  7199
2 12564 014.6482 352.8025 0003917 310.8909 049.0750 01.00266707 72744
1 12564U 81061A   10353.45697162 -.00000308  00000-0  10000-3 0  7204
2 12564 014.6484 352.7755 0003940 311.1263 048.8461 01.00265452 72773
1 12564U 81061A   10355.45163697 -.00000310 +00000-0 +10000-3 0 07211
2 12564 014.6485 352.7574 0003835 309.4095 050.5710 01.00264611072794
1 12564U 81061A   10358.44364002 -.00000314  00000-0  10000-3 0  7210
2 12564 014.6486 352.7304 0003773 305.1373 054.8428 01.00263314 72825
1 12564U 81061A   10358.44364002 -.00000315 +00000-0 +10000-3 0 07222
2 12564 014.6486 352.7304 0003773 305.1373 054.8428 01.00263314072825
1 12564U 81061A   10361.43565211 -.00000319  00000-0  10000-3 0  7224
2 12564 014.6485 352.7058 0003819 303.6941 056.2664 01.00261953 72853
1 12564U 81061A   10362.43302575 -.00000321 +00000-0 +10000-3 0 07231
2 12564 014.6486 352.6957 0003839 302.2409 057.7276 01.00261530072864
1 12564U 81061A   10362.43302090 -.00000321 +00000-0 +10000-3 0 07244
2 12564 014.6486 352.6957 0003822 302.7046 057.2606 01.00261520072869
1 12564U 81061A   10364.42773776 -.00000323  00000-0  10000-3 0  7239
2 12564 014.6486 352.6785 0003870 304.3408 055.6191 01.00260675 72884
1 12564U 81061A   10364.42773776 -.00000323 +00000-0 +10000-3 0 07251
2 12564 014.6486 352.6785 0003870 304.3408 055.6191 01.00260675072884
1 12564U 81061A   10365.42511789 -.00000324 +00000-0 +10000-3 0 07246
2 12564 014.6488 352.6696 0003767 305.0877 054.8738 01.00260235072891
1 12564U 81061A   11001.42250843 -.00000323  00000-0  10000-3 0  7244
2 12564 014.6489 352.6608 0003851 305.6185 054.3463 01.00259794 72907
1 12564U 81061A   11002.41990045 -.00000323  00000-0  10000-3 0  7250
2 12564 014.6489 352.6511 0004124 308.4924 051.4737 01.00259349 72915
1 12564U 81061A   11003.41729919 -.00000322 +00000-0 +10000-3 0 07261
2 12564 014.6488 352.6425 0004145 306.8124 053.1608 01.00258935072922
1 12564U 81061A   11003.41729558 -.00000322 +00000-0 +10000-3 0 07271
2 12564 014.6489 352.6427 0004160 306.9057 053.0652 01.00258929072929
1 12564U 81061A   11005.41208608 -.00000318  00000-0  10000-3 0  7265
2 12564 014.6491 352.6248 0004165 307.1107 052.8662 01.00258114 72943
1 12564U 81061A   11007.40688453 -.00000313 +00000-0 +10000-3 0 07272
2 12564 014.6491 352.6081 0004256 308.9639 051.0126 01.00257289072968
1 12564U 81061A   11009.40170302 -.00000308  00000-0  10000-3 0  7277
2 12564 014.6493 352.5914 0004228 316.3909 043.5827 01.00256463 72985
1 12564U 81061A   11009.40170302 -.00000308 +00000-0 +10000-3 0 07288
2 12564 014.6493 352.5914 0004228 316.3909 043.5827 01.00256463072985
1 12564U 81061A   11009.40173738 -.00000308 +00000-0 +10000-3 0 07284
2 12564 014.6493 352.5916 0004285 317.9560 042.0283 01.00256459072985
1 12564U 81061A   11013.39141078 -.00000300  00000-0  10000-3 0  7292
2 12564 014.6494 352.5560 0004348 321.1311 038.8569 01.00254866 73028
1 12564U 81061A   11013.39144976  .00000000  00000-0  10000-3 0  7287
2 12564 014.6491 352.5578 0004559 317.3782 042.6122 01.00250543 73023
1 12564U 81061A   11014.38885063 -.00000299 +00000-0 +10000-3 0 07311
2 12564 014.6493 352.5470 0004372 322.9544 037.0387 01.00254476073038
1 12564U 81061A   11018.37862496 -.00000301  00000-0  10000-3 0  7302
2 12564 014.6496 352.5113 0004357 322.5299 037.4761 01.00252886 73078
1 12564U 81061A   11027.35580422  .00000000  00000-0  10000-3 0  7312
2 12564 014.6495 352.4325 0004654 327.1460 032.8454 01.00245021 73163
1 12564U 81061A   11028.35318968 -.00000312  00000-0  10000-3 0  7325
2 12564 014.6494 352.4284 0005323 342.4627 017.4657 01.00248316 73170
1 12564U 81061A   11029.35088156 -.00000312  00000-0  10000-3 0  7330
2 12564 014.6495 352.4140 0004567 325.4776 034.5504 01.00248273 73181
1 12564U 81061A   11032.34327698 -.00000307  00000-0  10000-3 0  7345
2 12564 014.6495 352.3875 0004748 330.9983 028.9906 01.00247088 73217
1 12564U 81061A   11033.34081400 -.00000305 +00000-0 +10000-3 0 07353
2 12564 014.6496 352.3784 0004712 331.0093 028.9915 01.00246702073225
1 12564U 81061A   11038.32837861 -.00000290  00000-0  10000-3 0  7359
2 12564 014.6495 352.3327 0004438 330.5535 029.4437 01.00244803 73277
1 12564U 81061A   11039.32591508 -.00000288 +00000-0 +10000-3 0 07374
2 12564 014.6498 352.3251 0004702 333.5861 026.4142 01.00244438073280
1 12564U 81061A   11041.32099385  .00000000  00000-0  10000-3 0  7363
2 12564 014.6503 352.3097 0004853 326.2806 033.7201 01.00239420 73305
1 12564U 81061A   11041.32098805 -.00000285  00000-0  10000-3 0  7376
2 12564 014.6495 352.3062 0004456 334.0770 025.9262 01.00243696 73303
1 12564U 81061A   11042.31853104 -.00000284 +00000-0 +10000-3 0 07398
2 12564 014.6495 352.2976 0004431 335.1672 024.8378 01.00243336073310
1 12564U 81061A   11043.31608696 -.00000284 +00000-0 +10000-3 0 07405
2 12564 014.6499 352.2894 0004739 334.8144 025.1992 01.00242979073323
1 12564U 81061A   11044.31364080 -.00000284  00000-0  10000-3 0  7389
2 12564 014.6499 352.2804 0004765 336.7218 023.2942 01.00242614 73337
1 12564U 81061A   11045.31118468 -.00000284 +00000-0 +10000-3 0 07411
2 12564 014.6499 352.2722 0004902 337.4950 022.5171 01.00242227073347
1 12564U 81061A   11045.31119852 -.00000284 +00000-0 +10000-3 0 07408
2 12564 014.6499 352.2722 0004896 335.8012 024.2176 01.00242227073344
1 12564U 81061A   11046.30874573 -.00000285  00000-0  10000-3 0  7395
2 12564 014.6499 352.2635 0005027 338.6022 021.4115 01.00241836 73354
1 12564U 81061A   11047.30630611 -.00000286 +00000-0 +10000-3 0 07402
2 12564 014.6501 352.2548 0005095 338.0637 021.9512 01.00241447073367
1 12564U 81061A   11047.30630701 -.00000286 +00000-0 +10000-3 0 07413
2 12564 014.6500 352.2548 0005149 339.3480 020.6657 01.00241441073366
1 12564U 81061A   11049.30142938 -.00000288  00000-0  10000-3 0  7406
2 12564 014.6502 352.2369 0005155 341.0961 018.9150 01.00240690 73385
1 12564U 81061A   11050.29898378 -.00000290 +00000-0 +10000-3 0 07427
2 12564 014.6503 352.2279 0005075 340.6912 019.3148 01.00240321073392
1 12564U 81061A   11051.29653958 -.00000291 +00000-0 +10000-3 0 07444
2 12564 014.6502 352.2186 0005080 340.2402 019.7601 01.00239954073404
1 12564U 81061A   11052.29410004 -.00000292  00000-0  10000-3 0  7416
2 12564 014.6503 352.2096 0005076 339.7835 020.2122 01.00239599 73414
1 12564U 81061A   11053.29166502 -.00000293 +00000-0 +10000-3 0 07420
2 12564 014.6503 352.2013 0005061 339.9983 019.9919 01.00239232073427
1 12564U 81061A   11053.29167003 -.00000293 +00000-0 +10000-3 0 07438
2 12564 014.6501 352.2012 0005099 340.5779 019.4128 01.00239220073420
1 12564U 81061A   11054.28924833 -.00000293 +00000-0 +10000-3 0 07441
2 12564 014.6503 352.1926 0005107 338.8128 021.1748 01.00238837073435
1 12564U 81061A   11059.27721254 -.00000288  00000-0  10000-3 0  7429
2 12564 014.6506 352.1476 0005097 339.2953 020.6950 01.00237110 73484
1 12564U 81061A   11060.27482585 -.00000286 +00000-0 +10000-3 0 07442
2 12564 014.6507 352.1387 0005012 338.4434 021.5465 01.00236703073497
1 12564U 81061A   11061.27244120 -.00000282  00000-0  10000-3 0  7439
2 12564 014.6507 352.1300 0005057 337.2531 022.7379 01.00236329 73509
1 12564U 81061A   11061.27243772 -.00000283 +00000-0 +10000-3 0 07454
2 12564 014.6507 352.1295 0004972 338.5052 021.4862 01.00236356073502
1 12564U 81061A   11065.26288142 -.00000269  00000-0  10000-3 0  7440
2 12564 014.6509 352.0936 0005036 337.4684 022.5170 01.00235000 73549
1 12564U 81061A   11066.26050809 -.00000267 +00000-0 +10000-3 0 07468
2 12564 014.6509 352.0844 0005014 338.3042 021.6811 01.00234661073556
1 12564U 81061A   11066.26051057 -.00000267 +00000-0 +10000-3 0 07475
2 12564 014.6509 352.0844 0005015 338.2993 021.6868 01.00234661073553
1 12564U 81061A   11068.25576376 -.00000262  00000-0  10000-3 0  7455
2 12564 014.6509 352.0662 0005005 338.3221 021.6638 01.00234016 73576
1 12564U 81061A   11069.25340341 -.00000261 +00000-0 +10000-3 0 07478
2 12564 014.6509 352.0571 0005014 339.2064 020.7813 01.00233692073585
1 12564U 81061A   11069.25345361  .00000000  00000-0  10000-3 0  7464
2 12564 014.6533 352.0592 0005295 339.9424 020.0482 01.00229328 73589
1 12564U 81061A   11070.25104216 -.00000260 +00000-0 +10000-3 0 07489
2 12564 014.6509 352.0480 0005023 339.7696 020.2190 01.00233374073591
1 12564U 81061A   11071.24868782 -.00000259  00000-0  10000-3 0  7471
2 12564 014.6510 352.0391 0005016 340.0330 019.9576 01.00233050 73602
1 12564U 81061A   11072.24633465 -.00000259 +00000-0 +10000-3 0 07492
2 12564 014.6510 352.0303 0005039 340.0032 019.9891 01.00232728073611
1 12564U 81061A   11072.24633682 -.00000258  00000-0  10000-3 0  7481
2 12564 014.6513 352.0318 0005270 338.6424 021.3460 01.00232624 73619
1 12564U 81061A   11073.24399097 -.00000259 +00000-0 +10000-3 0 07493
2 12564 014.6513 352.0222 0005237 339.7152 020.2767 01.00232331073620
1 12564U 81061A   11079.22986440 -.00000263  00000-0  10000-3 0  7496
2 12564 014.6514 351.9671 0005204 341.1565 018.8133 01.00230513 73682
1 12564U 81061A   11084.21820047 -.00000262  00000-0  10000-3 0  7502
2 12564 014.6515 351.9217 0005216 341.5100 018.4507 01.00229070 73734
1 12564U 81061A   11085.21588678 -.00000261 +00000-0 +10000-3 0 07514
2 12564 014.6514 351.9124 0005210 341.0566 018.9015 01.00228754073743
1 12564U 81061A   11086.21358469 -.00000259 +00000-0 +10000-3 0 07526
2 12564 014.6515 351.9038 0005205 341.1802 018.7823 01.00228474073751
1 12564U 81061A   11088.20896341 -.00000252  00000-0  10000-3 0  7515
2 12564 014.6516 351.8855 0005245 340.2852 019.6755 01.00227897 73771
1 12564U 81061A   11089.20665844 -.00000249 +00000-0 +10000-3 0 07536
2 12564 014.6516 351.8767 0005255 340.1885 019.7726 01.00227624073787
1 12564U 81061A   11090.20435137 -.00000245 +00000-0 +10000-3 0 07545
2 12564 014.6516 351.8682 0005331 340.4520 019.5048 01.00227336073793
1 12564U 81061A   11090.20439708  .00000000  00000-0  10000-3 0  7529
2 12564 014.6540 351.8685 0005431 340.5138 019.4495 01.00223046 73799
1 12564U 81061A   11091.20205437 -.00000241  00000-0  10000-3 0  7528
2 12564 014.6517 351.8590 0005346 340.2319 019.7268 01.00227071 73806
1 12564U 81061A   11092.19974973 -.00000238 +00000-0 +10000-3 0 07532
2 12564 014.6516 351.8499 0005351 340.2767 019.6799 01.00226807073811
1 12564U 81061A   11095.19286184 -.00000229  00000-0  10000-3 0  7535
2 12564 014.6517 351.8228 0005307 340.0238 019.9301 01.00226029 73845
1 12564U 81061A   11096.19058886 -.00000227 +00000-0 +10000-3 0 07552
2 12564 014.6518 351.8140 0005270 340.5305 019.4263 01.00225753073854
1 12564U 81061A   11098.18603444 -.00000223  00000-0  10000-3 0  7544
2 12564 014.6519 351.7958 0005271 341.4976 018.4631 01.00225249 73876
1 12564U 81061A   11099.18375819 -.00000222 +00000-0 +10000-3 0 07557
2 12564 014.6519 351.7869 0004991 346.5451 013.4075 01.00224927073889
1 12564U 81061A   11100.18152788 -.00000222 +00000-0 +10000-3 0 07569
2 12564 014.6519 351.7779 0005010 346.8498 013.1207 01.00224696073894
1 12564U 81061A   11101.17924820 -.00000222 +00000-0 +10000-3 0 07585
2 12564 014.6520 351.7693 0005077 346.9736 012.9962 01.00224467073903
1 12564U 81061A   11102.17696669 -.00000222  00000-0  10000-3 0  7561
2 12564 014.6520 351.7602 0005036 347.9512 012.0150 01.00224235 73915
1 12564U 81061A   11103.17469954 -.00000222 +00000-0 +10000-3 0 07578
2 12564 014.6524 351.7521 0005371 345.7386 014.2301 01.00223981073926
1 12564U 81061A   11105.17012690 -.00000223  00000-0  10000-3 0  7572
2 12564 014.6522 351.7334 0005371 345.6356 014.3202 01.00223528 73942
1 12564U 81061A   11106.16784714 -.00000223 +00000-0 +10000-3 0 07597
2 12564 014.6521 351.7242 0005358 345.4823 014.4676 01.00223303073959
1 12564U 81061A   11107.16557163 -.00000223  00000-0  10000-3 0  7583
2 12564 014.6520 351.7155 0004978 351.3518 008.5849 01.00223034 73963
1 12564U 81061A   11109.16108092 -.00000224 +00000-0 +10000-3 0 07602
2 12564 014.6520 351.6976 0005006 350.3056 009.6380 01.00222583073984
1 12564U 81061A   11110.15882661 -.00000223  00000-0  10000-3 0  7591
2 12564 014.6520 351.6888 0005097 349.3113 010.6319 01.00222361 73997
1 12564U 81061A   11112.15432896 -.00000220 +00000-0 +10000-3 0 07603
2 12564 014.6523 351.6712 0005296 347.7804 012.1658 01.00221940074015
1 12564U 81061A   11113.15208263 -.00000218  00000-0  10000-3 0  7600
2 12564 014.6521 351.6627 0005330 347.4920 012.4526 01.00221718 74024
1 12564U 81061A   11116.14535372 -.00000208  00000-0  10000-3 0  7616
2 12564 014.6518 351.6299 0005148 359.3928 000.5562 01.00221337 74050
1 12564U 81061A   11117.14313787 -.00000204  00000-0  10000-3 0  7628
2 12564 014.6529 351.6270 0005267 001.3385 358.5979 01.00220876 74060
1 12564U 81061A   11118.14107138  .00000000  00000-0  10000-3 0  7634
2 12564 014.6522 351.6188 0004941 013.2473 346.7276 01.00216341 74071
1 12564U 81061A   11119.13875738 -.00000195  00000-0  10000-3 0  7649
2 12564 014.6530 351.6088 0005123 006.2962 353.6683 01.00220492 74089
1 12564U 81061A   11120.13652022 -.00000192 +00000-0 +10000-3 0 07669
2 12564 014.6529 351.5996 0005096 006.3350 353.6289 01.00220323074091
1 12564U 81061A   11121.13428685 -.00000188 +00000-0 +10000-3 0 07683
2 12564 014.6528 351.5903 0004992 009.5849 350.3777 01.00220170074108
1 12564U 81061A   11121.13429871 -.00000188 +00000-0 +10000-3 0 07692
2 12564 014.6528 351.5903 0004990 009.0891 350.8785 01.00220174074106
1 12564U 81061A   11123.12983988 -.00000182  00000-0  10000-3 0  7657
2 12564 014.6528 351.5719 0004933 009.4563 350.5115 01.00219837 74128
1 12564U 81061A   11124.12761347 -.00000180 +00000-0 +10000-3 0 07671
2 12564 014.6528 351.5629 0004939 009.1617 350.8067 01.00219674074130
1 12564U 81061A   11125.12540209 -.00000178 +00000-0 +10000-3 0 07705
2 12564 014.6529 351.5537 0004867 009.3367 350.6363 01.00219506074145
1 12564U 81061A   11125.12540170 -.00000178 +00000-0 +10000-3 0 07690
2 12564 014.6529 351.5538 0004871 008.7729 351.2001 01.00219501074147
1 12564U 81061A   11127.12097051 -.00000175  00000-0  10000-3 0  7661
2 12564 014.6529 351.5355 0004858 009.1624 350.8164 01.00219198 74167
1 12564U 81061A   11128.11875368 -.00000175 +00000-0 +10000-3 0 07688
2 12564 014.6529 351.5265 0004818 009.1336 350.8462 01.00219042074173
1 12564U 81061A   11129.11653741 -.00000174 +00000-0 +10000-3 0 07698
2 12564 014.6530 351.5183 0004752 008.6727 351.3056 01.00218856074187
1 12564U 81061A   11129.11661730  .00000000  00000-0  10000-3 0  7670
2 12564 014.6521 351.5202 0004609 018.5426 341.4501 01.00214682 74184
1 12564U 81061A   11130.11432280 -.00000174  00000-0  10000-3 0  7671
2 12564 014.6530 351.5090 0004748 008.6992 351.2807 01.00218716 74192
1 12564U 81061A   11130.11432280 -.00000174 +00000-0 +10000-3 0 07705
2 12564 014.6530 351.5090 0004748 008.6992 351.2807 01.00218716074192
1 12564U 81061A   11130.11432257 -.00000174 +00000-0 +10000-3 0 07686
2 12564 014.6530 351.5087 0004821 008.2522 351.7277 01.00218703074197
1 12564U 81061A   11134.10542076 -.00000174  00000-0  10000-3 0  7680
2 12564 014.6533 351.4746 0004427 031.0075 328.9382 01.00218263 74239
1 12564U 81061A   11134.10552482 -.00000174  00000-0  10000-3 0  7693
2 12564 014.6532 351.4742 0003637 032.0399 327.9457 01.00218245 74238
1 12564U 81061A   11136.10106982 -.00000174  00000-0  10000-3 0  7707
2 12564 014.6530 351.4530 0004353 018.2582 341.7194 01.00217864 74257
1 12564U 81061A   11137.09883182 -.00000173 +00000-0 +10000-3 0 07721
2 12564 014.6531 351.4440 0004356 018.5163 341.4489 01.00217729074264
1 12564U 81061A   11138.09663588 -.00000172  00000-0  10000-3 0  7716
2 12564 014.6532 351.4350 0004365 019.1592 340.8061 01.00217585 74278
1 12564U 81061A   11139.09444850 -.00000171 +00000-0 +10000-3 0 07726
2 12564 014.6532 351.4259 0004339 019.1451 340.8263 01.00217473074282
1 12564U 81061A   11140.09225194 -.00000169 +00000-0 +10000-3 0 07734
2 12564 014.6532 351.4167 0004312 019.1755 340.7983 01.00217365074297
1 12564U 81061A   11141.09005607 -.00000166  00000-0  10000-3 0  7726
2 12564 014.6532 351.4077 0004299 019.7439 340.2309 01.00217251 74309
1 12564U 81061A   11142.08786485 -.00000163 +00000-0 +10000-3 0 07734
2 12564 014.6532 351.3988 0004272 019.4671 340.5104 01.00217144074313
1 12564U 81061A   11144.08347815 -.00000155  00000-0  10000-3 0  7737
2 12564 014.6533 351.3807 0004280 020.0664 339.9146 01.00216949 74335
1 12564U 81061A   11145.08129058 -.00000151 +00000-0 +10000-3 0 07753
2 12564 014.6533 351.3714 0004197 024.3195 335.6631 01.00216867074347
1 12564U 81061A   11146.07909714 -.00000146  00000-0  10000-3 0  7741
2 12564 014.6533 351.3628 0004169 024.7528 335.2311 01.00216791 74352
1 12564U 81061A   11147.07690572 -.00000142 +00000-0 +10000-3 0 07769
2 12564 014.6533 351.3541 0004136 024.9015 335.0836 01.00216706074360
1 12564U 81061A   11148.07471121 -.00000138 +00000-0 +10000-3 0 07773
2 12564 014.6533 351.3450 0004132 024.7605 335.2254 01.00216632074373
1 12564U 81061A   11149.07251914 -.00000134  00000-0  10000-3 0  7754
2 12564 014.6532 351.3362 0004124 024.2381 335.7487 01.00216556 74380
1 12564U 81061A   11150.07033001 -.00000131 +00000-0 +10000-3 0 07770
2 12564 014.6532 351.3272 0004122 024.1433 335.8460 01.00216491074396
1 12564U 81061A   11151.06814298 -.00000129 +00000-0 +10000-3 0 07783
2 12564 014.6533 351.3183 0004109 024.0434 335.9489 01.00216433074403
1 12564U 81061A   11152.06595623 -.00000126  00000-0  10000-3 0  7767
2 12564 014.6533 351.3095 0004089 023.3633 336.6318 01.00216374 74419
1 12564U 81061A   11153.06377213 -.00000124 +00000-0 +10000-3 0 07781
2 12564 014.6533 351.3005 0004099 023.1216 336.8773 01.00216321074426
1 12564U 81061A   11153.06377243 -.00000124 +00000-0 +10000-3 0 07795
2 12564 014.6534 351.3007 0004107 022.8214 337.1777 01.00216321074421
1 12564U 81061A   11153.06380484  .00000000  00000-0  10000-3 0  7776
2 12564 014.6546 351.3036 0004507 022.3579 337.6453 01.00212125 74423
1 12564U 81061A   11156.05721674 -.00000121  00000-0  10000-3 0  7784
2 12564 014.6533 351.2743 0004134 021.4694 338.5344 01.00216111 74458
1 12564U 81061A   11157.05503609 -.00000121 +00000-0 +10000-3 0 07792
2 12564 014.6533 351.2658 0004260 021.0435 338.9632 01.00216052074461
1 12564U 81061A   11158.05284616 -.00000120 +00000-0 +10000-3 0 07808
2 12564 014.6534 351.2559 0004270 021.8510 338.1562 01.00216011074475
1 12564U 81061A   11160.04845138 -.00000120  00000-0  10000-3 0  7790
2 12564 014.6534 351.2376 0004277 021.9944 338.0078 01.00215954 74499
1 12564U 81061A   11161.04625307 -.00000121 +00000-0 +10000-3 0 07808
2 12564 014.6534 351.2284 0004271 021.9010 338.0980 01.00215929074501
1 12564U 81061A   11162.04406134 -.00000121 +00000-0 +10000-3 0 07826
2 12564 014.6533 351.2195 0004497 020.2022 339.7924 01.00215860074517
1 12564U 81061A   11163.04187321 -.00000120  00000-0  10000-3 0  7808
2 12564 014.6533 351.2102 0004702 019.4459 340.5468 01.00215815 74522
1 12564U 81061A   11163.04187321 -.00000121 +00000-0 +10000-3 0 07843
2 12564 014.6533 351.2102 0004702 019.4459 340.5468 01.00215815074522
1 12564U 81061A   11163.04187893 -.00000120 +00000-0 +10000-3 0 07813
2 12564 014.6533 351.2101 0004696 020.1384 339.8558 01.00215812074527
1 12564U 81061A   11165.03751153 -.00000120 +00000-0 +10000-3 0 07832
2 12564 014.6533 351.1921 0004626 021.5611 338.4339 01.00215768074541
1 12564U 81061A   11166.03533761 -.00000118 +00000-0 +10000-3 0 07811
2 12564 014.6533 351.1823 0004519 023.7070 336.2917 01.00215756074552
1 12564U 81061A   11167.03316560 -.00000117 +00000-0 +10000-3 0 07828
2 12564 014.6533 351.1729 0004317 026.6235 333.3787 01.00215749074564
1 12564U 81061A   11167.03320360  .00000000  00000-0  10000-3 0  7821
2 12564 014.6536 351.1776 0004380 026.8554 333.1542 01.00211629 74565
1 12564U 81061A   11168.03099117 -.00000114 +00000-0 +10000-3 0 07844
2 12564 014.6533 351.1642 0004449 024.7361 335.2716 01.00215745074573
1 12564U 81061A   11168.03099600 -.00000114 +00000-0 +10000-3 0 07830
2 12564 014.6533 351.1643 0004445 024.4708 335.5390 01.00215750074579
1 12564U 81061A   11169.02881155 -.00000111  00000-0  10000-3 0  7831
2 12564 014.6532 351.1548 0004276 027.8287 332.1799 01.00215746 74585
1 12564U 81061A   11170.02663909 -.00000107  00000-0  10000-3 0  7844
2 12564 014.6531 351.1438 0004062 035.4272 324.5840 01.00215762 74595
1 12564U 81061A   11171.02447575 -.00000103  00000-0  10000-3 0  7851
2 12564 014.6532 351.1362 0004300 029.7075 330.3157 01.00215789 74601
1 12564U 81061A   11172.02227360 -.00000099 +00000-0 +10000-3 0 07865
2 12564 014.6531 351.1261 0004155 033.8590 326.1571 01.00215801074613
1 12564U 81061A   11175.01572553 -.00000087 +00000-0 +10000-3 0 07861
2 12564 014.6530 351.0982 0004062 036.2194 323.8030 01.00215884074643
1 12564U 81061A   11176.01354606 -.00000083 +00000-0 +10000-3 0 07876
2 12564 014.6530 351.0891 0004004 036.4282 323.5995 01.00215940074659
1 12564U 81061A   11177.01135776 -.00000080  00000-0  10000-3 0  7879
2 12564 014.6533 351.0832 0004168 027.3490 332.6836 01.00215993 74662
1 12564U 81061A   11178.00914930 -.00000077 +00000-0 +10000-3 0 07883
2 12564 014.6531 351.0728 0004188 029.8560 330.1720 01.00216058074670
1 12564U 81061A   11179.00696469 -.00000074 +00000-0 +10000-3 0 07908
2 12564 014.6531 351.0636 0004165 029.5166 330.5161 01.00216128074684
1 12564U 81061A   11180.00477642 -.00000072 +00000-0 +10000-3 0 07908
2 12564 014.6531 351.0551 0004199 027.7998 332.2355 01.00216184074697
1 12564U 81061A   11180.00478145 -.00000072 +00000-0 +10000-3 0 07884
2 12564 014.6532 351.0558 0004252 026.1248 333.9117 01.00216170074695
1 12564U 81061A   11182.00042560 -.00000069  00000-0  10000-3 0  7891
2 12564 014.6527 351.0387 0003626 028.1720 331.8691 01.00216264 74711
1 12564U 81061A   11182.99823781 -.00000069 +00000-0 +10000-3 0 07903
2 12564 014.6527 351.0310 0003402 025.3528 334.6875 01.00216295074724
1 12564U 81061A   11183.99604945 -.00000068 +00000-0 +10000-3 0 07924
2 12564 014.6523 351.0195 0003505 024.6029 335.4418 01.00216363074732
1 12564U 81061A   11184.99384726 -.00000068  00000-0  10000-3 0  7905
2 12564 014.6527 351.0109 0003424 027.9841 332.0567 01.00216438 74741
1 12564U 81061A   11184.99385576 -.00000068 +00000-0 +10000-3 0 07910
2 12564 014.6527 351.0109 0003421 027.9230 332.1208 01.00216439074744
1 12564U 81061A   11185.99165582 -.00000068 +00000-0 +10000-3 0 07925
2 12564 014.6531 351.0022 0003399 031.0310 329.0107 01.00216520074757
1 12564U 81061A   11186.98945913 -.00000068 +00000-0 +10000-3 0 07941
2 12564 014.6531 350.9928 0003394 031.1991 328.8421 01.00216593074768
1 12564U 81061A   11187.98725540 -.00000068  00000-0  10000-3 0  7922
2 12564 014.6532 350.9840 0003387 031.0249 329.0120 01.00216654 74777
1 12564U 81061A   11187.98725540 -.00000068 +00000-0 +10000-3 0 07966
2 12564 014.6532 350.9840 0003387 031.0249 329.0120 01.00216654074777
1 12564U 81061A   11187.98726397  .00000000  00000-0  10000-3 0  7917
2 12564 014.6543 350.9870 0003841 031.0559 328.9887 01.00212724 74773
1 12564U 81061A   11188.98505306 -.00000068 +00000-0 +10000-3 0 07930
2 12564 014.6533 350.9744 0003409 031.5110 328.5236 01.00216729074784
1 12564U 81061A   11189.98285927 -.00000069 +00000-0 +10000-3 0 07958
2 12564 014.6534 350.9650 0003438 031.1742 328.8611 01.00216801074792
1 12564U 81061A   11190.98065369 -.00000068  00000-0  10000-3 0  7933
2 12564 014.6534 350.9552 0003448 031.6795 328.3533 01.00216883 74807
1 12564U 81061A   11190.98065588 -.00000069 +00000-0 +10000-3 0 07948
2 12564 014.6534 350.9556 0003480 030.6391 329.3921 01.00216860074805
1 12564U 81061A   11191.97846315 -.00000068 +00000-0 +10000-3 0 07953
2 12564 014.6535 350.9461 0003484 030.7529 329.2795 01.00216938074814
1 12564U 81061A   11192.97627935 -.00000068 +00000-0 +10000-3 0 07971
2 12564 014.6536 350.9374 0003453 031.3888 328.6472 01.00217019074826
1 12564U 81061A   11193.97408545 -.00000066  00000-0  10000-3 0  7941
2 12564 014.6536 350.9281 0003454 031.5597 328.4784 01.00217114 74834
1 12564U 81061A   11193.97408798 -.00000067 +00000-0 +10000-3 0 07953
2 12564 014.6536 350.9284 0003460 031.4700 328.5684 01.00217109074833
1 12564U 81061A   11194.97189448 -.00000065 +00000-0 +10000-3 0 07961
2 12564 014.6536 350.9191 0003460 031.4973 328.5445 01.00217216074847
1 12564U 81061A   11195.96969769 -.00000062 +00000-0 +10000-3 0 07982
2 12564 014.6535 350.9100 0003439 032.2092 327.8337 01.00217319074850
1 12564U 81061A   11196.96750304 -.00000059  00000-0  10000-3 0  7959
2 12564 014.6535 350.9007 0003439 032.2365 327.8102 01.00217433 74867
1 12564U 81061A   11197.96530078 -.00000056 +00000-0 +10000-3 0 07973
2 12564 014.6535 350.8914 0003439 032.2638 327.7843 01.00217551074879
1 12564U 81061A   11198.96309582 -.00000052 +00000-0 +10000-3 0 07996
2 12564 014.6535 350.8821 0003439 032.2911 327.7578 01.00217672074880
1 12564U 81061A   11198.96309582 -.00000052 +00000-0 +10000-3 0 08009
2 12564 014.6535 350.8821 0003439 032.2911 327.7578 01.00217672074880
1 12564U 81061A   11200.95868054 -.00000043  00000-0  10000-3 0  7960
2 12564 014.6536 350.8640 0003275 036.2114 323.8338 01.00217910 74906
1 12564U 81061A   11200.95869652 -.00000044 +00000-0 +10000-3 0 07977
2 12564 014.6536 350.8639 0003270 036.3236 323.7276 01.00217913074908
1 12564U 81061A   11201.95648724 -.00000040 +00000-0 +10000-3 0 07980
2 12564 014.6536 350.8546 0003269 036.4080 323.6437 01.00218045074917
1 12564U 81061A   11205.94765450 -.00000027  00000-0  10000-3 0  7973
2 12564 014.6535 350.8175 0003271 036.6453 323.4158 01.00218614 74957
1 12564U 81061A   11205.94765450 -.00000027 +00000-0 +10000-3 0 07995
2 12564 014.6535 350.8175 0003271 036.6453 323.4158 01.00218614074957
1 12564U 81061A   11205.94765355 -.00000027 +00000-0 +10000-3 0 07988
2 12564 014.6536 350.8174 0003262 036.6075 323.4535 01.00218614074956
1 12564U 81061A   11206.94544493 -.00000025 +00000-0 +10000-3 0 07996
2 12564 014.6536 350.8083 0003264 036.4249 323.6394 01.00218762074968
1 12564U 81061A   11207.94323623 -.00000023 +00000-0 +10000-3 0 08008
2 12564 014.6538 350.7986 0003238 036.7977 323.2672 01.00218852074979
1 12564U 81061A   11208.94103497 -.00000022  00000-0  10000-3 0  7989
2 12564 014.6538 350.7893 0003236 036.5863 323.4857 01.00219008 74988
1 12564U 81061A   11209.93882005 -.00000021 +00000-0 +10000-3 0 07998
2 12564 014.6539 350.7801 0003235 036.4387 323.6349 01.00219150074994
1 12564U 81061A   11215.92539065  .00000000  00000-0  10000-3 0  7995
2 12564 014.6531 350.7116 0003255 031.1213 328.9446 01.00216246 75054
1 12564U 81061A   11215.92542978 -.00000022  00000-0  10000-3 0  8000
2 12564 014.6538 350.7226 0003242 036.1025 323.9471 01.00219992 75059
1 12564U 81061A   11216.92323063 -.00000023 +00000-0 +10000-3 0 08015
2 12564 014.6537 350.7126 0003235 036.4925 323.5692 01.00220174075067
1 12564U 81061A   11217.92099119 -.00000023 +00000-0 +10000-3 0 08029
2 12564 014.6537 350.7041 0003240 036.3324 323.7293 01.00220382075072
1 12564U 81061A   11220.91427614 -.00000022  00000-0  10000-3 0  8015
2 12564 014.6536 350.6754 0003238 036.8055 323.2547 01.00220947 75102
1 12564U 81061A   11220.91427928 -.00000023 +00000-0 +10000-3 0 08025
2 12564 014.6536 350.6762 0003242 036.5785 323.4837 01.00220958075109
1 12564U 81061A   11222.90980120 -.00000020 +00000-0 +10000-3 0 08032
2 12564 014.6536 350.6569 0003235 036.9584 323.1053 01.00221346075128
1 12564U 81061A   11225.90306686 -.00000011  00000-0  10000-3 0  8023
2 12564 014.6536 350.6299 0003247 037.1709 322.8981 01.00221995 75152
1 12564U 81061A   11225.90306132 -.00000011 +00000-0 +10000-3 0 08030
2 12564 014.6536 350.6299 0003247 037.1519 322.9153 01.00221997075155
1 12564U 81061A   11226.90080759 -.00000007 +00000-0 +10000-3 0 08041
2 12564 014.6535 350.6205 0003244 037.6462 322.4233 01.00222233075169
1 12564U 81061A   11228.89628681  .00000000  00000-0  10000-3 0  8034
2 12564 014.6532 350.5985 0003310 043.0470 317.0315 01.00222772 75185
1 12564U 81061A   11228.89628681 +.00000000 +00000-0 +10000-3 0 08056
2 12564 014.6532 350.5985 0003310 043.0470 317.0315 01.00222772075185
1 12564U 81061A   11232.88721901  .00000012  00000-0  10000-3 0  8041
2 12564 014.6529 350.5621 0003258 043.1758 316.8980 01.00223702 75223
1 12564U 81061A   11233.88494540  .00000014  00000-0  10000-3 0  8051
2 12564 014.6529 350.5513 0003137 045.8625 314.2163 01.00223987 75232
1 12564U 81061A   11233.88494540 +.00000014 +00000-0 +10000-3 0 08062
2 12564 014.6529 350.5513 0003137 045.8625 314.2163 01.00223987075232
1 12564U 81061A   11233.88495440 +.00000014 +00000-0 +10000-3 0 08051
2 12564 014.6529 350.5514 0003135 045.8186 314.2603 01.00223966075239
1 12564U 81061A   11237.87585915  .00000018  00000-0  10000-3 0  8066
2 12564 014.6527 350.5146 0002844 046.3561 313.7326 01.00224996 75271
1 12564U 81061A   11238.87355934 +.00000018 +00000-0 +10000-3 0 08074
2 12564 014.6530 350.5085 0002782 045.8676 314.2132 01.00225240075284
1 12564U 81061A   11240.86897609  .00000018  00000-0  10000-3 0  8076
2 12564 014.6532 350.4897 0002612 043.9375 316.1362 01.00225730 75306
1 12564U 81061A   11240.86897832 +.00000017 +00000-0 +10000-3 0 08084
2 12564 014.6532 350.4897 0002614 043.9274 316.1459 01.00225717075308
1 12564U 81061A   11243.86206846  .00000015  00000-0  10000-3 0  8084
2 12564 014.6531 350.4626 0002419 038.0387 322.0170 01.00226457 75331
1 12564U 81061A   11245.85746527 +.00000013 +00000-0 +10000-3 0 08101
2 12564 014.6530 350.4451 0002317 039.1125 320.9351 01.00226940075352
1 12564U 81061A   11246.85517118  .00000013  00000-0  10000-3 0  8092
2 12564 014.6522 350.4366 0001747 029.3822 330.6616 01.00227212 75365
1 12564U 81061A   11246.85517118 +.00000013 +00000-0 +10000-3 0 08115
2 12564 014.6522 350.4366 0001747 029.3822 330.6616 01.00227212075365
1 12564U 81061A   11251.84362554  .00000019  00000-0  10000-3 0  8107
2 12564 014.6520 350.3902 0001945 034.8349 325.2096 01.00228573 75412
1 12564U 81061A   11252.84131489 +.00000021 +00000-0 +10000-3 0 08113
2 12564 014.6520 350.3808 0001744 034.7283 325.3177 01.00228865075426
1 12564U 81061A   11253.83899134 +.00000025 +00000-0 +10000-3 0 08137
2 12564 014.6521 350.3719 0001815 037.3156 322.7290 01.00229160075432
1 12564U 81061A   11255.83433626  .00000032  00000-0  10000-3 0  8115
2 12564 014.6522 350.3534 0001849 038.3320 321.7120 01.00229753 75450
1 12564U 81061A   11256.83200214 +.00000035 +00000-0 +10000-3 0 08125
2 12564 014.6522 350.3440 0001888 039.4200 320.6237 01.00230060075469
1 12564U 81061A   11257.82966630 +.00000038 +00000-0 +10000-3 0 08141
2 12564 014.6523 350.3350 0001835 038.4445 321.5978 01.00230360075478
1 12564U 81061A   11258.82733001  .00000041  00000-0  10000-3 0  8128
2 12564 014.6523 350.3246 0001889 041.1559 318.8874 01.00230656 75481
1 12564U 81061A   11260.82265636 +.00000045 +00000-0 +10000-3 0 08130
2 12564 014.6522 350.3067 0001906 037.9976 322.0485 01.00231265075502
1 12564U 81061A   11262.81797187  .00000048  00000-0  10000-3 0  8135
2 12564 014.6523 350.2886 0001642 035.1601 324.8861 01.00231856 75529
1 12564U 81061A   11263.81562674 +.00000048 +00000-0 +10000-3 0 08148
2 12564 014.6522 350.2792 0001552 033.4893 326.5593 01.00232174075534
1 12564U 81061A   11264.81329218  .00000000  00000-0  10000-3 0  8142
2 12564 014.6518 350.2677 0002181 039.8870 320.1713 01.00228391 75546
1 12564U 81061A   11265.81089937 +.00000049 +00000-0 +10000-3 0 08169
2 12564 014.6518 350.2602 0001679 024.0211 336.0249 01.00232836075550
1 12564U 81061A   11265.81090489  .00000049  00000-0  10000-3 0  8152
2 12564 014.6518 350.2602 0001679 024.0211 336.0269 01.00232836 75552
1 12564U 81061A   11265.81090489 +.00000049 +00000-0 +10000-3 0 08163
2 12564 014.6518 350.2602 0001679 024.0211 336.0269 01.00232836075552
1 12564U 81061A   11267.80616138 +.00000048 +00000-0 +10000-3 0 08180
2 12564 014.6518 350.2415 0001679 024.0761 335.9651 01.00233464075577
1 12564U 81061A   11267.80616134 +.00000048 +00000-0 +10000-3 0 08197
2 12564 014.6518 350.2437 0001645 011.6335 348.4058 01.00233467075576
1 12564U 81061A   11268.80377624  .00000047  00000-0  10000-3 0  8162
2 12564 014.6518 350.2349 0001655 011.4170 348.6148 01.00233778 75582
1 12564U 81061A   11268.80377855 +.00000047 +00000-0 +10000-3 0 08179
2 12564 014.6518 350.2350 0001667 010.7845 349.2483 01.00233781075581
1 12564U 81061A   11269.80139327 +.00000046 +00000-0 +10000-3 0 08180
2 12564 014.6516 350.2257 0001703 011.8203 348.2058 01.00234086075593
1 12564U 81061A   11270.79901576 +.00000045 +00000-0 +10000-3 0 08205
2 12564 014.6516 350.2170 0001617 013.7732 346.2499 01.00234382075607
1 12564U 81061A   11271.79662705  .00000044  00000-0  10000-3 0  8179
2 12564 014.6517 350.2080 0001628 013.3662 346.6513 01.00234691 75613
1 12564U 81061A   11272.79425410 +.00000042 +00000-0 +10000-3 0 08190
2 12564 014.6521 350.1997 0001696 014.9583 345.0567 01.00234972075623
1 12564U 81061A   11273.79187156 +.00000041 +00000-0 +10000-3 0 08215
2 12564 014.6521 350.1902 0001716 014.1957 345.8179 01.00235279075638
1 12564U 81061A   11275.78709592  .00000041  00000-0  10000-3 0  8186
2 12564 014.6520 350.1708 0001694 014.3076 345.7052 01.00235935 75650
1 12564U 81061A   11281.77268465  .00000052  00000-0  10000-3 0  8194
2 12564 014.6515 350.1134 0001693 015.7424 344.2670 01.00237969 75714
1 12564U 81061A   11281.77268348 +.00000052 +00000-0 +10000-3 0 08206
2 12564 014.6515 350.1133 0001696 015.8629 344.1454 01.00237963075717
1 12564U 81061A   11283.76785164 +.00000058 +00000-0 +10000-3 0 08225
2 12564 014.6513 350.0947 0001700 016.3982 343.6074 01.00238644075732
1 12564U 81061A   11283.76785301 +.00000058 +00000-0 +10000-3 0 08239
2 12564 014.6514 350.0946 0001699 016.3744 343.6315 01.00238640075739
1 12564U 81061A   11285.76300700 +.00000064 +00000-0 +10000-3 0 08223
2 12564 014.6514 350.0761 0001687 016.3008 343.7048 01.00239362075752
1 12564U 81061A   11285.76301057  .00000064  00000-0  10000-3 0  8218
2 12564 014.6512 350.0757 0001683 016.9760 343.0306 01.00239349 75757
1 12564U 81061A   11285.76304834  .00000000  00000-0  10000-3 0  8203
2 12564 014.6517 350.0754 0002091 017.3084 342.7022 01.00235124 75755
1 12564U 81061A   11291.74842510  .00000072  00000-0  10000-3 0  8227
2 12564 014.6511 350.0200 0001691 015.8297 344.1840 01.00241455 75814
1 12564U 81061A   11291.74842780 +.00000072 +00000-0 +10000-3 0 08237
2 12564 014.6511 350.0203 0001700 016.2215 343.7949 01.00241471075816
1 12564U 81061A   11292.74597796 +.00000072 +00000-0 +10000-3 0 08254
2 12564 014.6511 350.0105 0001665 016.2284 343.7897 01.00241849075825
1 12564U 81061A   11293.74351716  .00000072  00000-0  10000-3 0  8233
2 12564 014.6511 350.0017 0001666 015.7902 344.2263 01.00242232 75830
1 12564U 81061A   11295.73858216 +.00000070 +00000-0 +10000-3 0 08240
2 12564 014.6510 349.9828 0001660 015.7120 344.2971 01.00242957075854
1 12564U 81061A   11298.73114586  .00000066  00000-0  10000-3 0  8243
2 12564 014.6511 349.9554 0001692 014.3627 345.6261 01.00243987 75887
1 12564U 81061A   11301.72371590  .00000062  00000-0  10000-3 0  8254
2 12564 014.6510 349.9270 0001680 014.5744 345.4126 01.00245077 75914
1 12564U 81061A   11302.72123510 +.00000061 +00000-0 +10000-3 0 08262
2 12564 014.6510 349.9178 0001681 014.7940 345.1920 01.00245432075927
1 12564U 81061A   11303.71875509 +.00000061 +00000-0 +10000-3 0 08275
2 12564 014.6510 349.9085 0001663 014.7582 345.2286 01.00245787075936
1 12564U 81061A   11304.71627066  .00000062  00000-0  10000-3 0  8269
2 12564 014.6509 349.8990 0001662 015.0567 344.9310 01.00246145 75948
1 12564U 81061A   11305.71378144 +.00000063 +00000-0 +10000-3 0 08272
2 12564 014.6508 349.8895 0001661 015.2127 344.7760 01.00246512075950
1 12564U 81061A   11310.70124920  .00000075  00000-0  10000-3 0  8271
2 12564 014.6505 349.8418 0001643 017.4038 342.5862 01.00248434 76004
1 12564U 81061A   11316.68610705  .00000087  00000-0  10000-3 0  8289
2 12564 014.6505 349.7792 0002041 031.2492 328.7592 01.00250812 76064
1 12564U 81061A   11317.68355528  .00000088  00000-0  10000-3 0  8291
2 12564 014.6507 349.7740 0001843 028.1424 331.8623 01.00251220 76073
1 12564U 81061A   11318.68099711  .00000088  00000-0  10000-3 0  8303
2 12564 014.6507 349.7654 0001792 019.6511 340.3521 01.00251663 76086
1 12564U 81061A   11318.68099711 +.00000088 +00000-0 +10000-3 0 08314
2 12564 014.6507 349.7654 0001792 019.6511 340.3521 01.00251663076086
1 12564U 81061A   11318.68101082 +.00000088 +00000-0 +10000-3 0 08308
2 12564 014.6507 349.7652 0001766 020.6510 339.3557 01.00251647076085
1 12564U 81061A   11320.67589885 +.00000088 +00000-0 +10000-3 0 08312
2 12564 014.6506 349.7465 0001792 019.7062 340.2979 01.00252433076102
1 12564U 81061A   11321.67334071  .00000087  00000-0  10000-3 0  8317
2 12564 014.6505 349.7371 0001792 019.7338 340.2696 01.00252819 76118
1 12564U 81061A   11322.67077491 +.00000086 +00000-0 +10000-3 0 08328
2 12564 014.6504 349.7276 0001792 019.7614 340.2400 01.00253206076123
1 12564U 81061A   11325.66304240  .00000082  00000-0  10000-3 0  8321
2 12564 014.6508 349.7012 0002222 013.2601 346.7211 01.00254316 76156
1 12564U 81061A   11327.65789929 +.00000078 +00000-0 +10000-3 0 08339
2 12564 014.6507 349.6826 0002257 009.4469 350.5356 01.00255071076178
1 12564U 81061A   11330.65014628  .00000075  00000-0  10000-3 0  8337
2 12564 014.6501 349.6601 0002706 352.3137 007.6562 01.00256146 76201
1 12564U 81061A   11330.65014628 +.00000074 +00000-0 +10000-3 0 08347
2 12564 014.6501 349.6601 0002706 352.3137 007.6562 01.00256146076201
1 12564U 81061A   11330.65016401 +.00000074 +00000-0 +10000-3 0 08348
2 12564 014.6503 349.6603 0002699 350.1199 009.8549 01.00256142076205
1 12564U 81061A   11331.64757580  .00000074  00000-0  10000-3 0  8348
2 12564 014.6503 349.6532 0003029 348.6980 011.2726 01.00256494 76219
1 12564U 81061A   11333.64239696  .00000076  00000-0  10000-3 0  8356
2 12564 014.6505 349.6309 0002687 354.2781 005.7039 01.00257314 76233
1 12564U 81061A   11335.63718097  .00000080  00000-0  10000-3 0  8360
2 12564 014.6500 349.6157 0003032 349.5097 010.4651 01.00258064 76259
1 12564U 81061A   11337.63196048  .00000085  00000-0  10000-3 0  8374
2 12564 014.6506 349.5949 0002837 352.6021 007.3820 01.00258961 76278
1 12564U 81061A   11340.62407913  .00000092  00000-0  10000-3 0  8382
2 12564 014.6503 349.5675 0002852 353.0385 006.9453 01.00260210 76307
1 12564U 81061A   11340.62407753 +.00000092 +00000-0 +10000-3 0 08395
2 12564 014.6503 349.5675 0002852 353.0385 006.9447 01.00260210076300
1 12564U 81061A   11344.61355592  .00000097  00000-0  10000-3 0  8396
2 12564 014.6501 349.5302 0003000 352.4538 007.5441 01.00261841 76340
1 12564U 81061A   11347.60561032 +.00000097 +00000-0 +10000-3 0 08419
2 12564 014.6498 349.5023 0003017 353.6093 006.3964 01.00263057076373
1 12564U 81061A   11347.60561518  .00000097  00000-0  10000-3 0  8407
2 12564 014.6498 349.5023 0003061 352.7327 007.2741 01.00263053 76371
1 12564U 81061A   11348.60294123 +.00000096 +00000-0 +10000-3 0 08435
2 12564 014.6496 349.4936 0003113 352.1963 007.8079 01.00263476076389
1 12564U 81061A   11349.60027779 +.00000095 +00000-0 +10000-3 0 08458
2 12564 014.6494 349.4847 0003149 352.7682 007.2370 01.00263872076390
1 12564U 81061A   11350.59760200  .00000094  00000-0  10000-3 0  8416
2 12564 014.6493 349.4756 0003159 352.9711 007.0310 01.00264256 76405
1 12564U 81061A   11351.59492381 +.00000092 +00000-0 +10000-3 0 08428
2 12564 014.6492 349.4662 0003141 353.2884 006.7125 01.00264661076417
1 12564U 81061A   11353.58954789  .00000088  00000-0  10000-3 0  8429
2 12564 014.6490 349.4474 0003184 352.7664 007.2298 01.00265482 76434
1 12564U 81061A   11353.58954388 +.00000088 +00000-0 +10000-3 0 08435
2 12564 014.6490 349.4475 0003182 352.8043 007.1905 01.00265483076430
1 12564U 81061A   11355.58416185 +.00000084 +00000-0 +10000-3 0 08442
2 12564 014.6488 349.4285 0003182 352.8595 007.1332 01.00266289076459
1 12564U 81061A   11356.58146947  .00000082  00000-0  10000-3 0  8436
2 12564 014.6488 349.4194 0003326 351.9579 008.0359 01.00266718 76467
1 12564U 81061A   11357.57877206 +.00000081 +00000-0 +10000-3 0 08445
2 12564 014.6486 349.4105 0003267 355.0007 004.9895 01.00267082076478
1 12564U 81061A   11357.57878858  .00000081  00000-0  10000-3 0  8449
2 12564 014.6486 349.4108 0003230 356.6806 003.3136 01.00267060 76472
1 12564U 81061A   11357.57879736 +.00000081 +00000-0 +10000-3 0 08456
2 12564 014.6486 349.4110 0003236 356.5924 003.4046 01.00267060076472
1 12564U 81061A   11361.56798218  .00000082  00000-0  10000-3 0  8456
2 12564 014.6483 349.3726 0003171 357.7717 002.2306 01.00268662 76512
1 12564U 81061A   11363.56254809 +.00000085 +00000-0 +10000-3 0 08465
2 12564 014.6482 349.3536 0003060 357.9784 002.0272 01.00269491076536
1 12564U 81061A   12001.55435936  .00000092  00000-0  10000-3 0  8464
2 12564 014.6479 349.3255 0003105 356.9200 003.0862 01.00270715 76562
1 12564U 81061A   12003.54888836 +.00000095 +00000-0 +10000-3 0 08470
2 12564 014.6479 349.3059 0003079 000.0610 359.9492 01.00271545076582
1 12564U 81061A   12008.53516913  .00000099  00000-0  10000-3 0  8472
2 12564 014.6476 349.2590 0003317 001.6292 358.4048 01.00273640 76631
1 12564U 81061A   12008.53516913 +.00000099 +00000-0 +10000-3 0 08483
2 12564 014.6476 349.2590 0003317 001.6292 358.4048 01.00273640076631
1 12564U 81061A   12009.53239996  .00000098  00000-0  10000-3 0  8486
2 12564 014.6471 349.2508 0003556 357.9300 002.1066 01.00274086 76646
1 12564U 81061A   12010.52960244 +.00000097 +00000-0 +10000-3 0 08506
2 12564 014.6467 349.2422 0003827 356.6723 003.3577 01.00274521076657
1 12564U 81061A   12010.52961564 +.00000097 +00000-0 +10000-3 0 08490
2 12564 014.6468 349.2420 0003779 355.8857 004.1495 01.00274527076655
1 12564U 81061A   12012.52405810  .00000095  00000-0  10000-3 0  8497
2 12564 014.6464 349.2266 0003947 351.6109 008.4279 01.00275377 76673
1 12564U 81061A   12013.52122950  .00000093  00000-0  10000-3 0  8509
2 12564 014.6465 349.2140 0004232 357.3477 002.6719 01.00275757 76682
1 12564U 81061A   12019.50443431  .00000079  00000-0  10000-3 0  8518
2 12564 014.6462 349.1555 0004838 004.9949 355.0186 01.00278204 76749
1 12564U 81061A   12023.49320195  .00000077  00000-0  10000-3 0  8521
2 12564 014.6458 349.1180 0004460 004.0374 355.9858 01.00279743 76780
1 12564U 81061A   12024.49038644 +.00000078 +00000-0 +10000-3 0 08539
2 12564 014.6457 349.1077 0004696 005.3870 354.6385 01.00280131076795
1 12564U 81061A   12028.47904131  .00000086  00000-0  10000-3 0  8533
2 12564 014.6453 349.0699 0004734 005.5158 354.5116 01.00281744 76831
1 12564U 81061A   12033.46479116  .00000092  00000-0  10000-3 0  8546
2 12564 014.6449 349.0237 0004562 006.7938 353.2494 01.00283822 76881
1 12564U 81061A   12035.45905192  .00000092  00000-0  10000-3 0  8556
2 12564 014.6447 349.0069 0004888 003.0549 356.9972 01.00284692 76901
1 12564U 81061A   12035.45905192 +.00000092 +00000-0 +10000-3 0 08567
2 12564 014.6447 349.0069 0004888 003.0549 356.9972 01.00284692076901
1 12564U 81061A   12039.44749438  .00000088  00000-0  10000-3 0  8564
2 12564 014.6441 348.9679 0004778 006.5783 353.4600 01.00286268 76941
1 12564U 81061A   12039.44751756 +.00000088 +00000-0 +10000-3 0 08571
2 12564 014.6444 348.9717 0004939 002.8666 357.1826 01.00286277076946
1 12564U 81061A   12040.44459954  .00000086  00000-0  10000-3 0  8576
2 12564 014.6442 348.9633 0004736 002.7225 357.3197 01.00286686 76954
1 12564U 81061A   12041.44168581  .00000084  00000-0  10000-3 0  8589
2 12564 014.6439 348.9501 0004477 004.5212 355.5133 01.00287060 76960
1 12564U 81061A   12043.43586832  .00000079  00000-0  10000-3 0  8598
2 12564 014.6440 348.9341 0004775 002.8596 357.1729 01.00287873 76984
1 12564U 81061A   12044.43294204 +.00000076 +00000-0 +10000-3 0 08607
2 12564 014.6439 348.9245 0004782 002.8759 357.1502 01.00288267076992
1 12564U 81061A   12044.43294253 +.00000076 +00000-0 +10000-3 0 08612
2 12564 014.6439 348.9243 0004808 002.9376 357.0883 01.00288265076994
1 12564U 81061A   12045.43002587 +.00000073 +00000-0 +10000-3 0 08628
2 12564 014.6437 348.9152 0004791 002.2433 357.7814 01.00288659077000
1 12564U 81061A   12049.41833131  .00000066  00000-0  10000-3 0  8607
2 12564 014.6432 348.8771 0004894 003.1426 356.8784 01.00290218 77041
1 12564U 81061A   12058.39177835 +.00000076 +00000-0 +10000-3 0 08629
2 12564 014.6431 348.7881 0004815 006.8273 353.1927 01.00293868077137
1 12564U 81061A   12058.39179146  .00000077  00000-0  10000-3 0  8616
2 12564 014.6432 348.7879 0004766 006.6566 353.3690 01.00293871 77136
1 12564U 81061A   12060.38584985 +.00000078 +00000-0 +10000-3 0 08643
2 12564 014.6428 348.7691 0004907 006.9477 353.0770 01.00294659077157
1 12564U 81061A   12061.38288008 +.00000078 +00000-0 +10000-3 0 08629
2 12564 014.6427 348.7595 0004907 006.9755 353.0517 01.00295042077165
1 12564U 81061A   12063.37692383 +.00000077 +00000-0 +10000-3 0 08646
2 12564 014.6425 348.7409 0004933 007.1519 352.8790 01.00295823077186
1 12564U 81061A   12064.37393806 +.00000077 +00000-0 +10000-3 0 08634
2 12564 014.6423 348.7313 0005002 007.4912 352.5412 01.00296216077192
1 12564U 81061A   12064.37393741 +.00000077 +00000-0 +10000-3 0 08643
2 12564 014.6423 348.7313 0004992 007.5384 352.4944 01.00296221077198
1 12564U 81061A   12069.35888572 +.00000067 +00000-0 +10000-3 0 08657
2 12564 014.6413 348.6840 0005502 005.3507 354.6668 01.00298151077249
1 12564U 81061A   12069.35889877  .00000067  00000-0  10000-3 0  8645
2 12564 014.6414 348.6842 0005419 005.5286 354.4925 01.00298135 77241
1 12564U 81061A   12069.35889877 +.00000067 +00000-0 +10000-3 0 08656
2 12564 014.6414 348.6842 0005419 005.5286 354.4925 01.00298135077241
1 12564U 81061A   12073.34677905  .00000056  00000-0  10000-3 0  8655
2 12564 014.6408 348.6462 0005168 003.9570 356.0425 01.00299576 77288
1 12564U 81061A   12073.34677905 +.00000055 +00000-0 +10000-3 0 08665
2 12564 014.6408 348.6462 0005168 003.9570 356.0425 01.00299576077288
1 12564U 81061A   12074.34375617 +.00000053 +00000-0 +10000-3 0 08669
2 12564 014.6406 348.6368 0005143 003.8964 356.1033 01.00299941077293
1 12564U 81061A   12075.34077682  .00000000  00000-0  10000-3 0  8663
2 12564 014.6406 348.6277 0004686 008.9154 351.0921 01.00296223 77267
1 12564U 81061A   12076.33769277  .00000049  00000-0  10000-3 0  8675
2 12564 014.6405 348.6181 0005125 003.8746 356.1238 01.00300676 77311
1 12564U 81061A   12076.33769432 +.00000049 +00000-0 +10000-3 0 08689
2 12564 014.6405 348.6182 0004937 003.3864 356.6103 01.00300648077313
1 12564U 81061A   12077.33466023 +.00000048 +00000-0 +10000-3 0 08690
2 12564 014.6403 348.6084 0004942 003.5228 356.4741 01.00301009077323
1 12564U 81061A   12078.33161846  .00000048  00000-0  10000-3 0  8685
2 12564 014.6408 348.5986 0004973 004.8299 355.1645 01.00301372 77337
1 12564U 81061A   12078.33161846 +.00000048 +00000-0 +10000-3 0 08708
2 12564 014.6408 348.5986 0004973 004.8299 355.1645 01.00301372077337
1 12564U 81061A   12081.32250319  .00000051  00000-0  10000-3 0  8697
2 12564 014.6405 348.5699 0005071 011.4372 348.5604 01.00302460 77364
1 12564U 81061A   12082.31944541 +.00000052 +00000-0 +10000-3 0 08707
2 12564 014.6405 348.5604 0004962 011.3818 348.6129 01.00302807077371
1 12564U 81061A   12082.31947017  .00000000  00000-0  10000-3 0  8701
2 12564 014.6398 348.5630 0004794 009.1077 350.8893 01.00298677 77334
1 12564U 81061A   12083.31638765 +.00000054 +00000-0 +10000-3 0 08719
2 12564 014.6404 348.5508 0004916 011.4826 348.5114 01.00303160077389
1 12564U 81061A   12084.31332705  .00000055  00000-0  10000-3 0  8716
2 12564 014.6405 348.5412 0004913 017.6521 342.3397 01.00303551 77391
1 12564U 81061A   12084.31332705 +.00000055 +00000-0 +10000-3 0 08727
2 12564 014.6405 348.5412 0004913 017.6521 342.3397 01.00303551077391
1 12564U 81061A   12086.30721381  .00000057  00000-0  10000-3 0  8722
2 12564 014.6404 348.5223 0004946 011.6410 348.3642 01.00304279 77417
1 12564U 81061A   12087.30411938 +.00000058 +00000-0 +10000-3 0 08739
2 12564 014.6404 348.5131 0004773 013.4966 346.5009 01.00304666077427
1 12564U 81061A   12090.29489940  .00000057  00000-0  10000-3 0  8738
2 12564 014.6397 348.4842 0004861 016.1877 343.8150 01.00305732 77450
1 12564U 81061A   12094.28253689  .00000052  00000-0  10000-3 0  8746
2 12564 014.6392 348.4461 0004910 019.6618 340.3419 01.00307145 77492
1 12564U 81061A   12094.28254738 +.00000052 +00000-0 +10000-3 0 08753
2 12564 014.6392 348.4460 0004850 020.7336 339.2754 01.00307167077497
1 12564U 81061A   12096.27632034 +.00000047 +00000-0 +10000-3 0 08779
2 12564 014.6389 348.4274 0004954 020.9166 339.0870 01.00307883077519
1 12564U 81061A   12097.27319485  .00000044  00000-0  10000-3 0  8757
2 12564 014.6388 348.4178 0004988 021.4965 338.5019 01.00308239 77527
1 12564U 81061A   12098.27006680 +.00000041 +00000-0 +10000-3 0 08777
2 12564 014.6387 348.4083 0004974 022.0749 337.9182 01.00308590077538
1 12564U 81061A   12099.26694273 +.00000037 +00000-0 +10000-3 0 08807
2 12564 014.6388 348.3995 0005078 021.6409 338.3493 01.00308931077544
1 12564U 81061A   12099.26694581 +.00000037 +00000-0 +10000-3 0 08797
2 12564 014.6388 348.3995 0005068 021.5424 338.4492 01.00308932077540
1 12564U 81061A   12104.25130602  .00000025  00000-0  10000-3 0  8766
2 12564 014.6380 348.3507 0004996 024.9434 335.0414 01.00310604 77599
1 12564U 81061A   12105.24818749 +.00000024 +00000-0 +10000-3 0 08782
2 12564 014.6379 348.3412 0005081 025.5019 334.4867 01.00310915077606
1 12564U 81061A   12105.24818697 +.00000024 +00000-0 +10000-3 0 08795
2 12564 014.6379 348.3413 0005087 025.4668 334.5213 01.00310914077607
1 12564U 81061A   12107.24190450  .00000024  00000-0  10000-3 0  8775
2 12564 014.6378 348.3228 0005067 025.7854 334.1995 01.00311554 77624
1 12564U 81061A   12110.23245229  .00000027  00000-0  10000-3 0  8787
2 12564 014.6375 348.2951 0004996 022.5489 337.4353 01.00312543 77658
1 12564U 81061A   12111.22928027 +.00000028 +00000-0 +10000-3 0 08793
2 12564 014.6374 348.2856 0004991 022.4468 337.5309 01.00312856077662
1 12564U 81061A   12112.22612499 +.00000029 +00000-0 +10000-3 0 08811
2 12564 014.6372 348.2763 0004999 022.3115 337.6669 01.00313175077679
1 12564U 81061A   12112.22612418 +.00000029 +00000-0 +10000-3 0 08823
2 12564 014.6373 348.2763 0004966 021.6363 338.3427 01.00313179077675
1 12564U 81061A   12114.21980504  .00000031  00000-0  10000-3 0  8797
2 12564 014.6371 348.2572 0005043 020.9370 339.0459 01.00313834 77691
1 12564U 81061A   12116.21347589 +.00000030 +00000-0 +10000-3 0 08800
2 12564 014.6368 348.2378 0005012 021.0044 338.9826 01.00314457077718
1 12564U 81061A   12122.19439812  .00000022  00000-0  10000-3 0  8806
2 12564 014.6359 348.1800 0005103 022.5161 337.4746 01.00316266 77775
1 12564U 81061A   12125.18478962  .00000013  00000-0  10000-3 0  8818
2 12564 014.6355 348.1507 0005135 024.7412 335.2372 01.00317113 77800
1 12564U 81061A   12127.17839836 +.00000006 +00000-0 +10000-3 0 08834
2 12564 014.6352 348.1314 0005160 026.0169 333.9634 01.00317664077824
1 12564U 81061A   12128.17519415  .00000002  00000-0  10000-3 0  8828
2 12564 014.6352 348.1222 0005217 025.7074 334.2727 01.00317934 77834
1 12564U 81061A   12128.17519415 +.00000002 +00000-0 +10000-3 0 08851
2 12564 014.6352 348.1222 0005217 025.7074 334.2727 01.00317934077834
1 12564U 81061A   12130.16879116 -.00000004 +00000-0 +10000-3 0 08842
2 12564 014.6349 348.1030 0005241 028.0081 331.9747 01.00318471077853
1 12564U 81061A   12136.14947028 -.00000008  00000-0  10000-3 0  8837
2 12564 014.6345 348.0463 0005272 025.8890 334.0906 01.00320036 77913
1 12564U 81061A   12137.14625427 -.00000007  00000-0  10000-3 0  8844
2 12564 014.6344 348.0370 0005195 028.0551 331.9241 01.00320264 77924
1 12564U 81061A   12138.14302452 -.00000007 +00000-0 +10000-3 0 08867
2 12564 014.6342 348.0273 0005147 027.9751 332.0065 01.00320533077937
1 12564U 81061A   12139.13979326 -.00000006 +00000-0 +10000-3 0 08877
2 12564 014.6341 348.0177 0005130 027.8617 332.1202 01.00320779077948
1 12564U 81061A   12140.13656456 -.00000005  00000-0  10000-3 0  8852
2 12564 014.6339 348.0084 0005150 027.7640 332.2208 01.00321035 77953
1 12564U 81061A   12140.13656304 -.00000005  00000-0  10000-3 0  8865
2 12564 014.6337 348.0077 0004977 032.7625 327.2202 01.00321056 77959
1 12564U 81061A   12143.12688455 -.00000005  00000-0  10000-3 0  8870
2 12564 014.6334 347.9789 0004863 036.5016 323.4984 01.00321826 77987
1 12564U 81061A   12144.12364488 -.00000006 +00000-0 +10000-3 0 08891
2 12564 014.6332 347.9683 0004650 040.4329 319.5718 01.00322117077999
1 12564U 81061A   12145.12040758 -.00000007 +00000-0 +10000-3 0 08906
2 12564 014.6332 347.9597 0004634 040.8267 319.1823 01.00322365078001
1 12564U 81061A   12145.12040775 -.00000007  00000-0  10000-3 0  8882
2 12564 014.6332 347.9599 0004689 041.7393 318.2707 01.00322380 78001
1 12564U 81061A   12145.12042939  .00000000  00000-0  10000-3 0  8888
2 12564 014.6326 347.9610 0004775 040.8082 319.2051 01.00318274 77963
1 12564U 81061A   12146.11716442 -.00000008 +00000-0 +10000-3 0 08895
2 12564 014.6330 347.9508 0004736 042.4904 317.5227 01.00322617078011
1 12564U 81061A   12147.11391412 -.00000010 +00000-0 +10000-3 0 08918
2 12564 014.6329 347.9429 0004774 042.2904 317.7255 01.00322867078022
1 12564U 81061A   12149.10739968 -.00000014  00000-0  10000-3 0  8892
2 12564 014.6326 347.9234 0004765 042.3223 317.6939 01.00323311 78043
1 12564U 81061A   12150.10413447 -.00000017 +00000-0 +10000-3 0 08900
2 12564 014.6324 347.9138 0004765 042.3624 317.6521 01.00323529078058
1 12564U 81061A   12150.10413463 -.00000017 +00000-0 +10000-3 0 08919
2 12564 014.6324 347.9138 0004764 042.5179 317.4965 01.00323528078053
1 12564U 81061A   12153.09432365 -.00000027  00000-0  10000-3 0  8902
2 12564 014.6317 347.8835 0004649 043.6508 316.3568 01.00324147 78086
1 12564U 81061A   12153.09432617 -.00000028 +00000-0 +10000-3 0 08914
2 12564 014.6317 347.8834 0004648 043.6855 316.3231 01.00324148078087
1 12564U 81061A   12155.08778323 -.00000036 +00000-0 +10000-3 0 08922
2 12564 014.6315 347.8643 0004678 043.4784 316.5280 01.00324545078105
1 12564U 81061A   12157.08124477 -.00000043  00000-0  10000-3 0  8916
2 12564 014.6311 347.8457 0004711 043.2923 316.7156 01.00324925 78123
1 12564U 81061A   12157.08124477 -.00000043 +00000-0 +10000-3 0 08938
2 12564 014.6311 347.8457 0004711 043.2923 316.7156 01.00324925078123
1 12564U 81061A   12157.08125014 -.00000043 +00000-0 +10000-3 0 08925
2 12564 014.6310 347.8464 0004717 043.2854 316.7240 01.00324928078126
1 12564U 81061A   12159.07469398  .00000000  00000-0  10000-3 0  8924
2 12564 014.6308 347.8268 0004683 041.3794 318.6349 01.00321402 78102
1 12564U 81061A   12159.07470543 -.00000048 +00000-0 +10000-3 0 08943
2 12564 014.6306 347.8272 0004735 042.4795 317.5323 01.00325296078145
1 12564U 81061A   12159.07470636 -.00000048 +00000-0 +10000-3 0 08957
2 12564 014.6307 347.8278 0004786 041.6506 318.3603 01.00325290078143
1 12564U 81061A   12161.06814992 -.00000050  00000-0  10000-3 0  8926
2 12564 014.6303 347.8077 0004798 043.9851 316.0259 01.00325647 78167
1 12564U 81061A   12162.06487700 -.00000051 +00000-0 +10000-3 0 08932
2 12564 014.6302 347.7980 0004798 044.0129 316.0020 01.00325828078176
1 12564U 81061A   12163.06159174 -.00000051 +00000-0 +10000-3 0 08945
2 12564 014.6300 347.7882 0004796 044.9506 315.0630 01.00325994078182
1 12564U 81061A   12163.06161273  .00000000  00000-0  10000-3 0  8930
2 12564 014.6302 347.7877 0004540 046.6756 313.3427 01.00321927 78144
1 12564U 81061A   12164.05831360 -.00000050  00000-0  10000-3 0  8937
2 12564 014.6299 347.7784 0004777 046.5278 313.4873 01.00326156 78196
1 12564U 81061A   12165.05503306 -.00000050 +00000-0 +10000-3 0 08956
2 12564 014.6298 347.7687 0004772 046.6770 313.3413 01.00326330078205
1 12564U 81061A   12166.05174682 -.00000050 +00000-0 +10000-3 0 08969
2 12564 014.6296 347.7592 0004768 047.2996 312.7192 01.00326492078217
1 12564U 81061A   12167.04846445 -.00000049  00000-0  10000-3 0  8948
2 12564 014.6295 347.7494 0004742 048.3560 311.6669 01.00326665 78228
1 12564U 81061A   12168.04517816 -.00000049 +00000-0 +10000-3 0 08968
2 12564 014.6295 347.7403 0004698 048.0441 311.9826 01.00326846078233
1 12564U 81061A   12169.04189199 -.00000049 +00000-0 +10000-3 0 08979
2 12564 014.6293 347.7295 0004719 050.0160 310.0153 01.00327017078240
1 12564U 81061A   12171.03532107 -.00000050  00000-0  10000-3 0  8952
2 12564 014.6290 347.7100 0004715 050.2863 309.7541 01.00327322 78267
1 12564U 81061A   12172.03203350 -.00000052 +00000-0 +10000-3 0 08961
2 12564 014.6289 347.7012 0004695 048.3401 311.7051 01.00327468078271
1 12564U 81061A   12172.03202744 -.00000052 +00000-0 +10000-3 0 08989
2 12564 014.6291 347.7014 0004627 048.5761 311.4680 01.00327487078278
1 12564U 81061A   12173.02873316 -.00000053 +00000-0 +10000-3 0 08990
2 12564 014.6289 347.6915 0004607 048.7255 311.3215 01.00327629078284
1 12564U 81061A   12174.02543767 -.00000055  00000-0  10000-3 0  8964
2 12564 014.6286 347.6829 0004650 046.8027 313.2492 01.00327792 78299
1 12564U 81061A   12175.02212968 -.00000057 +00000-0 +10000-3 0 08974
2 12564 014.6285 347.6732 0004634 046.7235 313.3271 01.00327923078307
1 12564U 81061A   12176.01882235 -.00000059 +00000-0 +10000-3 0 08998
2 12564 014.6283 347.6634 0004620 046.9326 313.1185 01.00328062078312
1 12564U 81061A   12177.01551390 -.00000062  00000-0  10000-3 0  8976
2 12564 014.6282 347.6545 0004587 046.1325 313.9182 01.00328192 78325
1 12564U 81061A   12178.01219960 -.00000065 +00000-0 +10000-3 0 08996
2 12564 014.6280 347.6445 0004590 046.5548 313.4945 01.00328322078335
1 12564U 81061A   12179.00888467 -.00000069 +00000-0 +10000-3 0 09018
2 12564 014.6279 347.6349 0004587 046.6575 313.3899 01.00328444078346
1 12564U 81061A   12180.00556903 -.00000073  00000-0  10000-3 0  8987
2 12564 014.6277 347.6250 0004588 046.6689 313.3770 01.00328562 78352
1 12564U 81061A   12180.00556903 -.00000073 +00000-0 +10000-3 0 09023
2 12564 014.6277 347.6250 0004588 046.6689 313.3770 01.00328562078352
1 12564U 81061A   12180.00559042  .00000000  00000-0  10000-3 0  8983
2 12564 014.6280 347.6287 0004189 052.8695 307.1801 01.00324687 78326
1 12564U 81061A   12181.00225400 -.00000077 +00000-0 +10000-3 0 08998
2 12564 014.6275 347.6153 0004585 046.6810 313.3639 01.00328676078366
1 12564U 81061A   12182.99562740 -.00000085  00000-0  10000-3 0  8997
2 12564 014.6273 347.5963 0004619 046.1481 313.8956 01.00328867 78380
1 12564U 81061A   12183.99231179 -.00000090 +00000-0 +10000-3 0 09017
2 12564 014.6272 347.5878 0004706 045.6561 314.3899 01.00328951078391
1 12564U 81061A   12183.99231536 -.00000090 +00000-0 +10000-3 0 09025
2 12564 014.6272 347.5874 0004668 046.4293 313.6170 01.00328943078390
1 12564U 81061A   12185.98569572 -.00000096 +00000-0 +10000-3 0 09004
2 12564 014.6269 347.5682 0004673 046.4197 313.6308 01.00329133078410
1 12564U 81061A   12186.98238566 -.00000098 +00000-0 +10000-3 0 09025
2 12564 014.6268 347.5580 0004657 047.0727 312.9792 01.00329210078420
1 12564U 81061A   12186.98238562 -.00000098 +00000-0 +10000-3 0 09032
2 12564 014.6268 347.5580 0004660 047.0438 313.0078 01.00329208078429
1 12564U 81061A   12186.98240041  .00000000  00000-0  10000-3 0  9017
2 12564 014.6272 347.5590 0004405 051.8435 308.2123 01.00325322 78398
1 12564U 81061A   12188.97575492 -.00000101  00000-0  10000-3 0  9012
2 12564 014.6265 347.5378 0004724 049.0654 310.9887 01.00329387 78448
1 12564U 81061A   12189.97243736 -.00000101 +00000-0 +10000-3 0 09038
2 12564 014.6264 347.5283 0004636 050.6032 309.4505 01.00329471078457
1 12564U 81061A   12190.96911954 -.00000101 +00000-0 +10000-3 0 09055
2 12564 014.6262 347.5186 0004637 050.6409 309.4140 01.00329548078467
1 12564U 81061A   12191.96579827 -.00000101 +00000-0 +10000-3 0 09033
2 12564 014.6260 347.5094 0004558 051.7597 308.2956 01.00329652078474
1 12564U 81061A   12191.96579932 -.00000101  00000-0  10000-3 0  9029
2 12564 014.6260 347.5094 0004554 051.6998 308.3561 01.00329654 78479
1 12564U 81061A   12193.95916166 -.00000101 +00000-0 +10000-3 0 09046
2 12564 014.6257 347.4898 0004558 051.8153 308.2439 01.00329790078491
1 12564U 81061A   12193.95920536  .00000000  00000-0  10000-3 0  9038
2 12564 014.6258 347.4967 0004444 054.0562 306.0063 01.00325712 78468
1 12564U 81061A   12196.94921560 -.00000101  00000-0  10000-3 0  9031
2 12564 014.6252 347.4606 0004584 052.2927 307.7788 01.00329990 78523
1 12564U 81061A   12197.94589541 -.00000102 +00000-0 +10000-3 0 09054
2 12564 014.6250 347.4510 0004567 051.8365 308.2388 01.00330060078530
1 12564U 81061A   12198.94257526 -.00000103 +00000-0 +10000-3 0 09073
2 12564 014.6248 347.4412 0004578 051.6785 308.4001 01.00330114078549
1 12564U 81061A   12200.93593734 -.00000106 +00000-0 +10000-3 0 09062
2 12564 014.6245 347.4216 0004580 051.5532 308.5323 01.00330201078567
1 12564U 81061A   12200.93593825 -.00000106  00000-0  10000-3 0  9041
2 12564 014.6245 347.4215 0004572 051.6872 308.3982 01.00330197 78568
1 12564U 81061A   12200.93593803 -.00000106 +00000-0 +10000-3 0 09058
2 12564 014.6245 347.4216 0004579 051.6236 308.4620 01.00330199078562
1 12564U 81061A   12203.92596023 -.00000113  00000-0  10000-3 0  9055
2 12564 014.6239 347.3922 0004507 052.1307 307.9564 01.00330283 78592
1 12564U 81061A   12203.92596023 -.00000113 +00000-0 +10000-3 0 09088
2 12564 014.6239 347.3922 0004507 052.1307 307.9564 01.00330283078592
1 12564U 81061A   12203.92596153 -.00000113 +00000-0 +10000-3 0 09060
2 12564 014.6239 347.3920 0004512 052.3083 307.7795 01.00330283078593
1 12564U 81061A   12204.92263194 -.00000116 +00000-0 +10000-3 0 09082
2 12564 014.6238 347.3821 0004477 052.9679 307.1183 01.00330288078601
1 12564U 81061A   12205.91929820 -.00000120 +00000-0 +10000-3 0 09093
2 12564 014.6236 347.3721 0004447 053.4258 306.6581 01.00330304078610
1 12564U 81061A   12207.91263119 -.00000128  00000-0  10000-3 0  9062
2 12564 014.6232 347.3520 0004448 054.0080 306.0721 01.00330317 78630
1 12564U 81061A   12207.91263119 -.00000128 +00000-0 +10000-3 0 09118
2 12564 014.6232 347.3520 0004448 054.0080 306.0721 01.00330317078630
1 12564U 81061A   12208.90930173 -.00000132 +00000-0 +10000-3 0 09079
2 12564 014.6231 347.3425 0004465 052.5803 307.4988 01.00330309078640
1 12564U 81061A   12209.90597269 -.00000137 +00000-0 +10000-3 0 09081
2 12564 014.6229 347.3326 0004446 052.5997 307.4790 01.00330308078651
1 12564U 81061A   12210.90264552 -.00000141  00000-0  10000-3 0  9073
2 12564 014.6227 347.3230 0004442 052.6814 307.3978 01.00330309 78667
1 12564U 81061A   12212.89599196 -.00000148 +00000-0 +10000-3 0 09086
2 12564 014.6224 347.3037 0004529 050.9814 309.0970 01.00330257078681
1 12564U 81061A   12212.89599899 -.00000148 +00000-0 +10000-3 0 09097
2 12564 014.6224 347.3043 0004524 050.4079 309.6725 01.00330253078681
1 12564U 81061A   12216.88268285 -.00000155  00000-0  10000-3 0  9089
2 12564 014.6216 347.2641 0004638 051.9488 308.1293 01.00330161 78728
1 12564U 81061A   12217.87936268 -.00000156 +00000-0 +10000-3 0 09094
2 12564 014.6215 347.2542 0004655 052.8303 307.2496 01.00330130078734
1 12564U 81061A   12219.87271474 -.00000155  00000-0  10000-3 0  9096
2 12564 014.6211 347.2343 0004634 054.3293 305.7516 01.00330059 78759
1 12564U 81061A   12219.87271474 -.00000156 +00000-0 +10000-3 0 09110
2 12564 014.6211 347.2343 0004634 054.3293 305.7516 01.00330059078759
1 12564U 81061A   12219.87271788 -.00000156 +00000-0 +10000-3 0 09107
2 12564 014.6211 347.2343 0004653 054.4770 305.6050 01.00330060078755
1 12564U 81061A   12221.86607248 -.00000155 +00000-0 +10000-3 0 09113
2 12564 014.6208 347.2145 0004609 055.9416 304.1431 01.00329992078776
1 12564U 81061A   12222.86275447 -.00000155  00000-0  10000-3 0  9105
2 12564 014.6206 347.2044 0004496 057.8529 302.2339 01.00329954 78787
1 12564U 81061A   12222.86275447 -.00000155 +00000-0 +10000-3 0 09127
2 12564 014.6206 347.2044 0004496 057.8529 302.2339 01.00329954078787
1 12564U 81061A   12223.85943900 -.00000156 +00000-0 +10000-3 0 09113
2 12564 014.6204 347.1944 0004448 058.5172 301.5731 01.00329910078793
1 12564U 81061A   12223.85943918 -.00000155  00000-0  10000-3 0  9111
2 12564 014.6204 347.1950 0004013 061.8405 298.2440 01.00329902 78794
1 12564U 81061A   12224.85612951 -.00000156 +00000-0 +10000-3 0 09135
2 12564 014.6202 347.1846 0003907 063.9496 296.1413 01.00329870078803
1 12564U 81061A   12225.85281257 -.00000157 +00000-0 +10000-3 0 09149
2 12564 014.6200 347.1748 0003905 063.9575 296.1363 01.00329814078811
1 12564U 81061A   12229.83954033 -.00000163  00000-0  10000-3 0  9125
2 12564 014.6192 347.1363 0003732 063.8740 296.2251 01.00329537 78858
1 12564U 81061A   12229.83954033 -.00000163 +00000-0 +10000-3 0 09158
2 12564 014.6192 347.1363 0003732 063.8740 296.2251 01.00329537078858
1 12564U 81061A   12229.83954160 -.00000163 +00000-0 +10000-3 0 09137
2 12564 014.6192 347.1364 0003719 063.6628 296.4364 01.00329533078850
1 12564U 81061A   12231.83289282 -.00000168 +00000-0 +10000-3 0 09142
2 12564 014.6188 347.1167 0003722 063.2546 296.8417 01.00329366078874
1 12564U 81061A   12232.82956685 -.00000171  00000-0  10000-3 0  9133
2 12564 014.6186 347.1068 0003789 062.4390 297.6536 01.00329249 78885
1 12564U 81061A   12232.82957218 -.00000172 +00000-0 +10000-3 0 09148
2 12564 014.6187 347.1069 0003764 062.2143 297.8796 01.00329243078888
1 12564U 81061A   12234.82292267 -.00000179 +00000-0 +10000-3 0 09165
2 12564 014.6183 347.0875 0003596 061.5968 298.4878 01.00329017078908
1 12564U 81061A   12234.82292267 -.00000179  00000-0  10000-3 0  9143
2 12564 014.6183 347.0875 0003596 061.5968 298.4878 01.00329017 78908
1 12564U 81061A   12235.81960494 -.00000183 +00000-0 +10000-3 0 09153
2 12564 014.6181 347.0772 0003526 062.2159 297.8659 01.00328890078914
1 12564U 81061A   12235.81960963 -.00000183  00000-0  10000-3 0  9165
2 12564 014.6181 347.0773 0003356 063.0566 297.0249 01.00328886 78919
1 12564U 81061A   12236.81629167 -.00000187 +00000-0 +10000-3 0 09179
2 12564 014.6179 347.0673 0003488 063.0449 297.0353 01.00328772078922
1 12564U 81061A   12236.81631409  .00000000  00000-0  10000-3 0  9152
2 12564 014.6193 347.0695 0003726 067.9246 292.1645 01.00324811 78891
1 12564U 81061A   12238.80966540 -.00000195  00000-0  10000-3 0  9178
2 12564 014.6175 347.0479 0003439 063.0438 297.0342 01.00328537 78945
1 12564U 81061A   12238.80966540 -.00000196 +00000-0 +10000-3 0 09180
2 12564 014.6175 347.0479 0003439 063.0438 297.0342 01.00328537078945
1 12564U 81061A   12239.80635822 -.00000199 +00000-0 +10000-3 0 09180
2 12564 014.6173 347.0382 0003062 066.0128 294.0581 01.00328374078959
1 12564U 81061A   12239.80637363 -.00000199  00000-0  10000-3 0  9182
2 12564 014.6174 347.0378 0002776 068.3467 291.7269 01.00328368 78957
1 12564U 81061A   12242.79644069 -.00000206  00000-0  10000-3 0  9195
2 12564 014.6168 347.0084 0002661 069.4472 290.6212 01.00327998 78982
1 12564U 81061A   12243.79313388 -.00000207 +00000-0 +10000-3 0 09206
2 12564 014.6167 346.9986 0002789 069.3214 290.7458 01.00327853078998
1 12564U 81061A   12245.78652211 -.00000208  00000-0  10000-3 0  9209
2 12564 014.6163 346.9788 0002838 069.3813 290.6841 01.00327584 79014
1 12564U 81061A   12245.78652211 -.00000208 +00000-0 +10000-3 0 09210
2 12564 014.6163 346.9788 0002838 069.3813 290.6841 01.00327584079014
1 12564U 81061A   12247.77991755 -.00000207 +00000-0 +10000-3 0 09219
2 12564 014.6159 346.9594 0002855 069.5807 290.4838 01.00327310079031
1 12564U 81061A   12247.77991821 -.00000207 +00000-0 +10000-3 0 09224
2 12564 014.6160 346.9595 0002775 071.4343 288.6314 01.00327329079030
1 12564U 81061A   12248.77661569 -.00000207 +00000-0 +10000-3 0 09217
2 12564 014.6158 346.9496 0002776 072.6208 287.4448 01.00327198079041
1 12564U 81061A   12250.77002603 -.00000207 +00000-0 +10000-3 0 09230
2 12564 014.6154 346.9300 0002765 073.1563 286.9113 01.00326906079060
1 12564U 81061A   12251.76673663 -.00000206  00000-0  10000-3 0  9228
2 12564 014.6152 346.9204 0002758 074.6651 285.4057 01.00326769 79076
1 12564U 81061A   12251.76673663 -.00000207 +00000-0 +10000-3 0 09241
2 12564 014.6152 346.9204 0002758 074.6651 285.4057 01.00326769079076
1 12564U 81061A   12251.76675870  .00000000  00000-0  10000-3 0  9221
2 12564 014.6164 346.9167 0001897 068.3296 291.7330 01.00322463 79043
1 12564U 81061A   12252.76344687 -.00000207 +00000-0 +10000-3 0 09232
2 12564 014.6150 346.9106 0002671 074.7963 285.2747 01.00326607079082
1 12564U 81061A   12258.74372588 -.00000215  00000-0  10000-3 0  9236
2 12564 014.6138 346.8518 0002880 076.4113 283.6605 01.00325546 79145
1 12564U 81061A   12259.74044595 -.00000218 +00000-0 +10000-3 0 09256
2 12564 014.6137 346.8416 0002932 076.3568 283.7151 01.00325356079159
1 12564U 81061A   12260.73716010 -.00000221 +00000-0 +10000-3 0 09260
2 12564 014.6135 346.8316 0002942 076.1540 283.9161 01.00325175079168
1 12564U 81061A   12261.73387097 -.00000224  00000-0  10000-3 0  9241
2 12564 014.6133 346.8218 0002987 076.1209 283.9446 01.00324980 79178
1 12564U 81061A   12262.73058834 -.00000228 +00000-0 +10000-3 0 09251
2 12564 014.6131 346.8122 0003130 079.7616 280.2993 01.00324742079186
1 12564U 81061A   12262.73059985 -.00000228 +00000-0 +10000-3 0 09260
2 12564 014.6131 346.8117 0003205 080.2233 279.8422 01.00324740079184
1 12564U 81061A   12264.72404305 -.00000236  00000-0  10000-3 0  9259
2 12564 014.6126 346.7933 0003184 078.7040 281.3512 01.00324286 79203
1 12564U 81061A   12266.71752103 -.00000244 +00000-0 +10000-3 0 09273
2 12564 014.6122 346.7737 0003067 080.1399 279.9161 01.00323844079229
1 12564U 81061A   12266.71752376 -.00000243  00000-0  10000-3 0  9263
2 12564 014.6123 346.7738 0002822 080.3219 279.7306 01.00323822 79227
1 12564U 81061A   12267.71427002 -.00000246  00000-0  10000-3 0  9273
2 12564 014.6123 346.7641 0002484 080.6468 279.4023 01.00323574 79231
1 12564U 81061A   12267.71428910  .00000000  00000-0  10000-3 0  9279
2 12564 014.6133 346.7638 0003240 086.7087 273.3528 01.00319552 79204
1 12564U 81061A   12268.71100834 -.00000249 +00000-0 +10000-3 0 09290
2 12564 014.6122 346.7549 0002516 082.8772 277.1698 01.00323341079241
1 12564U 81061A   12268.71102576  .00000000  00000-0  10000-3 0  9288
2 12564 014.6129 346.7536 0003084 086.3712 273.6868 01.00319310 79216
1 12564U 81061A   12270.70449171 -.00000252  00000-0  10000-3 0  9285
2 12564 014.6116 346.7359 0002732 086.4295 273.6146 01.00322856 79264
1 12564U 81061A   12271.70123831 -.00000252 +00000-0 +10000-3 0 09301
2 12564 014.6114 346.7261 0002732 086.9846 273.0591 01.00322623079272
1 12564U 81061A   12272.69797721 -.00000252 +00000-0 +10000-3 0 09327
2 12564 014.6111 346.7170 0002417 086.6210 273.4165 01.00322400079285
1 12564U 81061A   12272.69797784 -.00000252 +00000-0 +10000-3 0 09337
2 12564 014.6111 346.7171 0002419 086.5880 273.4497 01.00322399079285
1 12564U 81061A   12273.69472249 -.00000251  00000-0  10000-3 0  9298
2 12564 014.6108 346.7072 0002424 086.5946 273.4411 01.00322172 79296
1 12564U 81061A   12274.69147133 -.00000251 +00000-0 +10000-3 0 09302
2 12564 014.6106 346.6974 0002424 086.5894 273.4449 01.00321942079303
1 12564U 81061A   12275.68822454 -.00000250 +00000-0 +10000-3 0 09329
2 12564 014.6104 346.6875 0002429 086.8072 273.2271 01.00321721079314
1 12564U 81061A   12275.68822343 -.00000250 +00000-0 +10000-3 0 09337
2 12564 014.6104 346.6875 0002430 086.7499 273.2841 01.00321722079312
1 12564U 81061A   12276.68498087 -.00000249  00000-0  10000-3 0  9307
2 12564 014.6102 346.6776 0002434 086.7574 273.2772 01.00321492 79326
1 12564U 81061A   12276.68498002 -.00000250 +00000-0 +10000-3 0 09317
2 12564 014.6102 346.6770 0002341 086.8960 273.1381 01.00321500079322
1 12564U 81061A   12278.67850562 -.00000249 +00000-0 +10000-3 0 09331
2 12564 014.6098 346.6571 0002320 087.5122 272.5249 01.00321028079343
1 12564U 81061A   12278.67850161 -.00000249 +00000-0 +10000-3 0 09347
2 12564 014.6098 346.6572 0002316 087.2668 272.7690 01.00321033079349
1 12564U 81061A   12279.67527001 -.00000248  00000-0  10000-3 0  9318
2 12564 014.6096 346.6474 0002292 087.1094 272.9289 01.00320801 79352
1 12564U 81061A   12282.66558654 -.00000249  00000-0  10000-3 0  9321
2 12564 014.6090 346.6177 0002270 087.5520 272.4910 01.00320063 79389
1 12564U 81061A   12283.66235852 -.00000250 +00000-0 +10000-3 0 09337
2 12564 014.6088 346.6079 0002251 087.7206 272.3219 01.00319808079396
1 12564U 81061A   12283.66235780 -.00000250 +00000-0 +10000-3 0 09348
2 12564 014.6088 346.6081 0002281 087.5043 272.5385 01.00319812079390
1 12564U 81061A   12288.64622972 -.00000260  00000-0  10000-3 0  9334
2 12564 014.6077 346.5589 0002275 086.8380 273.1903 01.00318459 79444
1 12564U 81061A   12289.64301556 -.00000263 +00000-0 +10000-3 0 09341
2 12564 014.6075 346.5486 0002265 086.4026 273.6220 01.00318153079459
1 12564U 81061A   12290.63980582 -.00000267 +00000-0 +10000-3 0 09359
2 12564 014.6073 346.5388 0002274 086.2466 273.7764 01.00317868079461
1 12564U 81061A   12292.63339118 -.00000274  00000-0  10000-3 0  9341
2 12564 014.6068 346.5201 0002336 085.2686 274.7487 01.00317274 79487
1 12564U 81061A   12294.62700179 -.00000280 +00000-0 +10000-3 0 09360
2 12564 014.6064 346.5002 0002321 085.3761 274.6385 01.00316661079509
1 12564U 81061A   12294.62701298 -.00000280  00000-0  10000-3 0  9352
2 12564 014.6065 346.5004 0002184 084.0088 276.0064 01.00316637 79500
1 12564U 81061A   12295.62382226 -.00000283 +00000-0 +10000-3 0 09363
2 12564 014.6063 346.4901 0002153 084.0305 275.9801 01.00316292079516
1 12564U 81061A   12295.62383578 -.00000282  00000-0  10000-3 0  9363
2 12564 014.6064 346.4911 0002250 082.5975 277.4160 01.00316261 79513
1 12564U 81061A   12297.61746860 -.00000285 +00000-0 +10000-3 0 09386
2 12564 014.6057 346.4712 0002193 083.3125 276.6983 01.00315629079539
1 12564U 81061A   12298.61428401 -.00000285  00000-0  10000-3 0  9374
2 12564 014.6056 346.4613 0002191 083.5277 276.4817 01.00315329 79548
1 12564U 81061A   12299.61109981 -.00000286 +00000-0 +10000-3 0 09386
2 12564 014.6053 346.4514 0002192 083.6288 276.3785 01.00315026079557
1 12564U 81061A   12299.61111569  .00000000  00000-0  10000-3 0  9384
2 12564 014.6058 346.4516 0001997 079.3694 280.6394 01.00310943 79512
1 12564U 81061A   12301.60475244 -.00000284  00000-0  10000-3 0  9385
2 12564 014.6050 346.4317 0002127 083.0809 276.9229 01.00314390 79570
1 12564U 81061A   12304.59524744 -.00000280  00000-0  10000-3 0  9393
2 12564 014.6045 346.4013 0002006 084.4340 275.5698 01.00313490 79607
1 12564U 81061A   12307.58579405 -.00000278  00000-0  10000-3 0  9408
2 12564 014.6039 346.3712 0002021 084.9149 275.0967 01.00312553 79630
1 12564U 81061A   12310.57636439 -.00000278  00000-0  10000-3 0  9413
2 12564 014.6031 346.3426 0001976 083.6069 276.4107 01.00311596 79669
1 12564U 81061A   12312.57013078  .00000000  00000-0  10000-3 0  9426
2 12564 014.6030 346.3242 0001923 078.4066 281.6123 01.00306683 79640
1 12564U 81061A   12313.56694264 -.00000281  00000-0  10000-3 0  9420
2 12564 014.6027 346.3123 0001944 087.0649 272.9500 01.00310595 79694
1 12564U 81061A   12316.55753927 -.00000287  00000-0  10000-3 0  9431
2 12564 014.6016 346.2831 0001801 081.9923 278.0110 01.00309532 79724
1 12564U 81061A   12319.54819210 -.00000296  00000-0  10000-3 0  9442
2 12564 014.6009 346.2526 0001919 079.8156 280.1860 01.00308454 79752
1 12564U 81061A   12322.53888714 -.00000305  00000-0  10000-3 0  9452
2 12564 014.6002 346.2231 0001987 084.0180 275.9832 01.00307334 79788
1 12564U 81061A   12324.53270834 -.00000308  00000-0  10000-3 0  9466
2 12564 014.5997 346.2052 0001871 088.9217 271.0741 01.00306524 79806
1 12564U 81061A   12328.52037269 -.00000306  00000-0  10000-3 0  9471
2 12564 014.5987 346.1645 0001979 092.6369 267.3596 01.00305069 79844
1 12564U 81061A   12330.51422939 -.00000303  00000-0  10000-3 0  9483
2 12564 014.5983 346.1443 0001664 084.7511 275.2411 01.00304327 79860
1 12564U 81061A   12332.50811576 -.00000301 +00000-0 +10000-3 0 09515
2 12564 014.5976 346.1244 0001543 080.6096 279.3887 01.00303603079880
1 12564U 81061A   12333.50506026 -.00000299 +00000-0 +10000-3 0 09490
2 12564 014.5973 346.1145 0001536 080.5450 279.4560 01.00303241079890
1 12564U 81061A   12336.49592186 -.00000297  00000-0  10000-3 0  9503
2 12564 014.5968 346.0858 0001585 084.3662 275.6464 01.00302153 79921
1 12564U 81061A   12346.46560006 -.00000310  00000-0  10000-3 0  9514
2 12564 014.5948 345.9900 0001821 041.3224 318.6736 01.00298271 80023
1 12564U 81061A   12347.46263329 -.00000313  00000-0  10000-3 0  9527
2 12564 014.5945 345.9805 0001930 037.1308 322.8741 01.00297827 80031
1 12564U 81061A   12349.45665237 -.00000318  00000-0  10000-3 0  9538
2 12564 014.5930 345.9612 0001924 039.5122 320.4951 01.00296972 80053
1 12564U 81061A   12352.44768016 -.00000322  00000-0  10000-3 0  9546
2 12564 014.5925 345.9313 0001945 041.6967 318.3096 01.00295771 80084
1 12564U 81061A   12355.43876157 -.00000320  00000-0  10000-3 0  9553
2 12564 014.5918 345.9028 0002056 035.5591 324.4433 01.00294508 80112
1 12564U 81061A   12355.43885104  .00000000  00000-0  10000-3 0  9559
2 12564 014.5920 345.9061 0002394 048.3325 311.6852 01.00289837 80116
1 12564U 81061A   12360.42399159 -.00000312  00000-0  10000-3 0  9562
2 12564 014.5906 345.8538 0002126 032.1578 327.8599 01.00292531 80169
1 12564U 81061A   12366.40639073 -.00000308  00000-0  10000-3 0  9574
2 12564 014.5889 345.7943 0002106 030.9147 329.1228 01.00290133 80221
1 12564U 81061A   13003.39761472 -.00000310  00000-0  10000-3 0  9584
2 12564 014.5881 345.7649 0002161 030.9498 329.0824 01.00288874 80259
1 12564U 81061A   13007.38598149 -.00000319  00000-0  10000-3 0  9596
2 12564 014.5869 345.7252 0002158 030.3718 329.6597 01.00287210 80290
1 12564U 81061A   13010.37731483 -.00000327  00000-0  10000-3 0  9600
2 12564 014.5862 345.6954 0002271 032.2025 327.8272 01.00285880 80324
1 12564U 81061A   13010.37736492  .00000000  00000-0  10000-3 0  9602
2 12564 014.5866 345.6986 0002404 040.3897 319.6526 01.00281756 80327
1 12564U 81061A   13013.36869421 -.00000331  00000-0  10000-3 0  9612
2 12564 014.5851 345.6663 0002190 034.2601 325.7726 01.00284586 80357
1 12564U 81061A   13015.36296674 -.00000331  00000-0  10000-3 0  9629
2 12564 014.5843 345.6477 0002286 039.8545 320.1739 01.00283709 80376
1 12564U 81061A   13017.35728944 -.00000328  00000-0  10000-3 0  9637
2 12564 014.5835 345.6285 0002876 046.5701 313.4649 01.00282843 80393
1 12564U 81061A   13022.34310253 -.00000320  00000-0  10000-3 0  9645
2 12564 014.5820 345.5783 0002945 045.3702 314.6824 01.00280772 80447
1 12564U 81061A   13025.33463958 -.00000316  00000-0  10000-3 0  9654
2 12564 014.5813 345.5477 0003177 047.6324 312.4250 01.00279495 80474
1 12564U 81061A   13027.32907172  .00000000  00000-0  10000-3 0  9666
2 12564 014.5820 345.5311 0003012 040.8620 319.2053 01.00274107 80494
1 12564U 81061A   13030.32058371 -.00000316  00000-0  10000-3 0  9669
2 12564 014.5795 345.4984 0003340 042.5255 317.5422 01.00277474 80522
1 12564U 81061A   13031.31777794 -.00000317  00000-0  10000-3 0  9678
2 12564 014.5794 345.4886 0003094 033.5207 326.5490 01.00277030 80539
1 12564U 81061A   13031.31783583  .00000000  00000-0  10000-3 0  9679
2 12564 014.5810 345.4919 0003660 040.9754 319.0945 01.00272655 80533
1 12564U 81061A   13034.30935337 -.00000323  00000-0  10000-3 0  9687
2 12564 014.5785 345.4587 0003153 031.7294 328.3238 01.00275750 80569
1 12564U 81061A   13036.30379319 -.00000328  00000-0  10000-3 0  9697
2 12564 014.5778 345.4392 0003724 036.4155 323.6274 01.00274774 80582
1 12564U 81061A   13037.30105472 -.00000330  00000-0  10000-3 0  9700
2 12564 014.5774 345.4292 0004083 041.3289 318.7214 01.00274337 80594
1 12564U 81061A   13043.28449557 -.00000335  00000-0  10000-3 0  9715
2 12564 014.5756 345.3697 0003960 041.3612 318.6894 01.00271806 80653
1 12564U 81061A   13044.28174813 -.00000333  00000-0  10000-3 0  9725
2 12564 014.5754 345.3595 0003773 039.1555 320.8894 01.00271319 80666
1 12564U 81061A   13046.27627781 -.00000330  00000-0  10000-3 0  9731
2 12564 014.5748 345.3396 0003600 040.1943 319.8478 01.00270428 80688
1 12564U 81061A   13048.27085087 -.00000326  00000-0  10000-3 0  9746
2 12564 014.5740 345.3194 0003804 043.4136 316.6347 01.00269568 80708
1 12564U 81061A   13051.26272309 -.00000320  00000-0  10000-3 0  9759
2 12564 014.5729 345.2899 0003884 041.7898 318.2673 01.00268302 80738
1 12564U 81061A   13054.25462395 -.00000317  00000-0  10000-3 0  9764
2 12564 014.5720 345.2599 0004074 042.9671 317.0972 01.00267066 80768
1 12564U 81061A   13057.24653876 -.00000317  00000-0  10000-3 0  9773
2 12564 014.5711 345.2303 0004216 043.7090 316.3541 01.00265824 80790
1 12564U 81061A   13060.23847388 -.00000320  00000-0  10000-3 0  9784
2 12564 014.5703 345.2003 0004240 039.7272 320.3301 01.00264542 80821
1 12564U 81061A   13063.23044830 -.00000326  00000-0  10000-3 0  9795
2 12564 014.5695 345.1701 0004312 040.5334 319.5133 01.00263224 80856
1 12564U 81061A   13066.22246845 -.00000332  00000-0  10000-3 0  9806
2 12564 014.5685 345.1400 0004339 039.5877 320.4536 01.00261965 80881
1 12564U 81061A   13067.21981962 -.00000333  00000-0  10000-3 0  9814
2 12564 014.5683 345.1302 0004528 040.7620 319.2742 01.00261503 80894
1 12564U 81061A   13070.21189646 -.00000333  00000-0  10000-3 0  9828
2 12564 014.5673 345.0999 0004330 046.5607 313.4650 01.00260187 80929
1 12564U 81061A   13072.20666114 -.00000330  00000-0  10000-3 0  9837
2 12564 014.5665 345.0794 0003954 048.1930 311.8344 01.00259287 80944
1 12564U 81061A   13075.19880978 -.00000323  00000-0  10000-3 0  9847
2 12564 014.5655 345.0491 0003944 049.1120 310.9139 01.00258044 80973
1 12564U 81061A   13078.19100757 -.00000317  00000-0  10000-3 0  9854
2 12564 014.5646 345.0187 0003945 048.7767 311.2536 01.00256815 81002
1 12564U 81061A   13081.18324337 -.00000312  00000-0  10000-3 0  9865
2 12564 014.5637 344.9885 0004035 049.1090 310.9269 01.00255611 81035
1 12564U 81061A   13084.17549385 -.00000310  00000-0  10000-3 0  9878
2 12564 014.5628 344.9584 0004105 049.9327 310.1011 01.00254412 81068
1 12564U 81061A   13089.16262564 -.00000314  00000-0  10000-3 0  9888
2 12564 014.5613 344.9100 0004313 053.3229 306.6901 01.00252385 81118
1 12564U 81061A   13095.14736004 -.00000323  00000-0  10000-3 0  9899
2 12564 014.5594 344.8473 0004390 054.4772 305.5331 01.00250001 81172
1 12564U 81061A   13099.13724040 -.00000319  00000-0  10000-3 0  9906
2 12564 014.5582 344.8082 0004612 052.2562 307.7383 01.00248375 81212
1 12564U 81061A   13102.12974620 -.00000312  00000-0  10000-3 0  9915
2 12564 014.5572 344.7778 0004403 053.6562 306.3424 01.00247169 81249
1 12564U 81061A   13105.12227104 -.00000304  00000-0  10000-3 0  9928
2 12564 014.5563 344.7464 0004292 052.9207 307.0823 01.00246009 81271
1 12564U 81061A   13108.11483043 -.00000298  00000-0  10000-3 0  9939
2 12564 014.5554 344.7166 0004294 054.3771 305.6325 01.00244902 81309
1 12564U 81061A   13111.10742103 -.00000293  00000-0  10000-3 0  9943
2 12564 014.5544 344.6879 0004483 056.3136 303.6997 01.00243788 81332
1 12564U 81061A   13114.10002058 -.00000293  00000-0  10000-3 0  9955
2 12564 014.5534 344.6578 0004573 057.8985 302.1095 01.00242670 81360
1 12564U 81061A   13117.09265867 -.00000296  00000-0  10000-3 0  9969
2 12564 014.5526 344.6283 0004767 055.5172 304.4879 01.00241546 81391
1 12564U 81061A   13120.08532119 -.00000300  00000-0  10000-3 0  9976
2 12564 014.5517 344.5983 0004929 054.9176 305.0782 01.00240409 81425
1 12564U 81061A   13124.07567304 -.00000301  00000-0  10000-3 0  9996
2 12564 014.5505 344.5587 0005332 067.2583 292.7397 01.00238862 81468
1 12564U 81061A   13126.07086254 -.00000298  00000-0  10000-3 0    06
2 12564 014.5497 344.5406 0005141 071.4333 288.5586 01.00237763 81480
1 12564U 81061A   13127.06848023 -.00000295  00000-0  10000-3 0    14
2 12564 014.5496 344.5285 0005239 072.6178 287.3920 01.00237786 81497
1 12564U 81061A   13130.06125579 -.00000286  00000-0  10000-3 0    23
2 12564 014.5485 344.4989 0005065 069.2544 290.7476 01.00236670 81520
1 12564U 81061A   13133.05409539 -.00000277  00000-0  10000-3 0    37
2 12564 014.5475 344.4674 0004865 069.4232 290.5880 01.00235670 81552
1 12564U 81061A   13136.04696802 -.00000270  00000-0  10000-3 0    44
2 12564 014.5462 344.4389 0004875 069.8396 290.1776 01.00234628 81582
1 12564U 81061A   13137.04459586 -.00000268  00000-0  10000-3 0    59
2 12564 014.5462 344.4277 0004640 070.1730 289.8545 01.00234631 81599
1 12564U 81061A   13140.03744847 -.00000264  00000-0  10000-3 0    66
2 12564 014.5452 344.3973 0004643 070.3754 289.6429 01.00233675 81621
1 12564U 81061A   13141.03507892 -.00000264  00000-0  10000-3 0    75
2 12564 014.5447 344.3875 0004883 069.4062 290.6017 01.00233077 81635
1 12564U 81061A   13143.03042487  .00000000  00000-0  10000-3 0    89
2 12564 014.5438 344.3678 0004776 072.4033 287.6177 01.00228227 81655
1 12564U 81061A   13144.02802677 -.00000265  00000-0  10000-3 0    88
2 12564 014.5436 344.3570 0004918 070.4167 289.6008 01.00232163 81668
1 12564U 81061A   13147.02099638 -.00000268  00000-0  10000-3 0    90
2 12564 014.5424 344.3274 0005000 071.7339 288.2837 01.00231183 81693
1 12564U 81061A   13150.01399067  .00000000  00000-0  10000-3 0   107
2 12564 014.5417 344.2978 0004817 072.7738 287.2480 01.00226252 81722
1 12564U 81061A   13150.01398433 -.00000270  00000-0  10000-3 0   103
2 12564 014.5413 344.2969 0004984 072.2001 287.8192 01.00230281 81724
1 12564U 81061A   13154.00465944 -.00000263  00000-0  10000-3 0   111
2 12564 014.5402 344.2569 0004986 070.8541 289.1615 01.00229124 81766
1 12564U 81061A   13154.00466211 -.00000263  00000-0  10000-3 0   120
2 12564 014.5399 344.2566 0004945 074.4607 285.5503 01.00229069 81760
1 12564U 81061A   13156.99773390 -.00000253  00000-0  10000-3 0   139
2 12564 014.5392 344.2255 0004877 074.3893 285.6292 01.00228200 81793
1 12564U 81061A   13159.99084301 -.00000243  00000-0  10000-3 0   149
2 12564 014.5382 344.1949 0004834 074.7719 285.2608 01.00227387 81821
1 12564U 81061A   13162.98396336 -.00000234  00000-0  10000-3 0   157
2 12564 014.5371 344.1649 0004794 074.5707 285.4733 01.00226618 81856
1 12564U 81061A   13164.97944557  .00000000  00000-0  10000-3 0   174
2 12564 014.5362 344.1485 0004838 081.7770 278.2769 01.00221851 81878
1 12564U 81061A   13165.97709443 -.00000228  00000-0  10000-3 0   160
2 12564 014.5361 344.1343 0004789 074.9857 285.0645 01.00225862 81881
1 12564U 81061A   13168.97030794  .00000000  00000-0  10000-3 0   188
2 12564 014.5348 344.1081 0004778 082.9212 277.1343 01.00220658 81927
1 12564U 81061A   13169.96802721  .00000000  00000-0  10000-3 0   208
2 12564 014.5344 344.0978 0004758 083.6620 276.3932 01.00220374 81937
1 12564U 81061A   13170.96567899 -.00000224  00000-0  10000-3 0   179
2 12564 014.5343 344.0834 0004826 076.2771 283.7743 01.00224623 81931
1 12564U 81061A   13173.95886083 -.00000227  00000-0  10000-3 0   184
2 12564 014.5332 344.0541 0004900 075.9938 284.0553 01.00223862 81968
1 12564U 81061A   13175.95434307 -.00000228  00000-0  10000-3 0   196
2 12564 014.5326 344.0333 0005044 077.5039 282.5457 01.00223336 81984
1 12564U 81061A   13178.94758826 -.00000226  00000-0  10000-3 0   203
2 12564 014.5312 344.0034 0005101 077.3096 282.7457 01.00222616 82019
1 12564U 81061A   13181.94083297 -.00000218  00000-0  10000-3 0   212
2 12564 014.5301 343.9729 0005089 077.0663 282.9896 01.00221962 82043
1 12564U 81061A   13184.93411377 -.00000208  00000-0  10000-3 0   228
2 12564 014.5289 343.9424 0005004 077.3057 282.7572 01.00221343 82072
1 12564U 81061A   13187.92741941 -.00000197  00000-0  10000-3 0   231
2 12564 014.5280 343.9115 0004998 078.0262 282.0496 01.00220781 82104
1 12564U 81061A   13192.91627930 -.00000182  00000-0  10000-3 0   242
2 12564 014.5260 343.8613 0004367 090.1601 269.9195 01.00219838 82152
1 12564U 81061A   13195.90960676 -.00000178  00000-0  10000-3 0   257
2 12564 014.5250 343.8299 0004303 091.4231 268.6639 01.00219390 82189
1 12564U 81061A   13197.90515188 -.00000177  00000-0  10000-3 0   263
2 12564 014.5241 343.8125 0004246 092.1374 267.9523 01.00219327 82206
1 12564U 81061A   13197.90515268 -.00000177  00000-0  10000-3 0   273
2 12564 014.5242 343.8096 0004375 091.1229 268.9633 01.00219086 82200
1 12564U 81061A   13198.90297095  .00000000  00000-0  10000-3 0   295
2 12564 014.5236 343.8030 0004314 095.2165 264.8726 01.00214534 82210
1 12564U 81061A   13200.89849440 -.00000178  00000-0  10000-3 0   280
2 12564 014.5231 343.7790 0004427 091.2309 268.8563 01.00218639 82233
1 12564U 81061A   13203.89186534 -.00000179  00000-0  10000-3 0   293
2 12564 014.5219 343.7493 0004675 091.0950 268.9951 01.00218164 82262
1 12564U 81061A   13208.88079777 -.00000171  00000-0  10000-3 0   301
2 12564 014.5199 343.6986 0004653 094.2613 265.8204 01.00217556 82319
1 12564U 81061A   13211.87420963 -.00000160  00000-0  10000-3 0   310
2 12564 014.5188 343.6677 0004600 096.6732 263.4160 01.00217228 82348
1 12564U 81061A   13211.87421025 -.00000160  00000-0  10000-3 0   321
2 12564 014.5188 343.6675 0004383 101.6921 258.3954 01.00217243 82342
1 12564U 81061A   13212.87203137  .00000000  00000-0  10000-3 0   348
2 12564 014.5183 343.6633 0003923 103.4622 256.6244 01.00213106 82356
1 12564U 81061A   13214.86762057 -.00000148  00000-0  10000-3 0   333
2 12564 014.5176 343.6370 0004376 101.1668 258.9294 01.00216984 82373
1 12564U 81061A   13217.86103867 -.00000138  00000-0  10000-3 0   344
2 12564 014.5164 343.6068 0004328 102.0471 258.0579 01.00216768 82404
1 12564U 81061A   13219.85668531  .00000000  00000-0  10000-3 0   368
2 12564 014.5152 343.5899 0003893 105.2355 254.8705 01.00212474 82421
1 12564U 81061A   13220.85444848 -.00000130  00000-0  10000-3 0   357
2 12564 014.5153 343.5760 0004272 101.9923 258.1157 01.00216567 82431
1 12564U 81061A   13223.84784595 -.00000126  00000-0  10000-3 0   361
2 12564 014.5141 343.5447 0004075 102.9959 257.1070 01.00216379 82468
1 12564U 81061A   13226.84125194 -.00000125  00000-0  10000-3 0   378
2 12564 014.5129 343.5137 0003940 104.4529 255.6454 01.00216221 82498
1 12564U 81061A   13226.84129446  .00000000  00000-0  10000-3 0   384
2 12564 014.5124 343.5157 0003763 106.8447 253.2545 01.00211814 82491
1 12564U 81061A   13229.83466868 -.00000127  00000-0  10000-3 0   389
2 12564 014.5116 343.4839 0003978 103.8244 256.2710 01.00216077 82525
1 12564U 81061A   13234.82371267 -.00000123  00000-0  10000-3 0   401
2 12564 014.5097 343.4321 0003945 110.9518 249.1325 01.00215844 82575
1 12564U 81061A   13237.81713209 -.00000113  00000-0  10000-3 0   419
2 12564 014.5085 343.4011 0003935 110.5343 249.5470 01.00215830 82603
1 12564U 81061A   13240.81056924 -.00000102  00000-0  10000-3 0   426
2 12564 014.5073 343.3703 0003770 115.1065 244.9757 01.00215852 82630
1 12564U 81061A   13243.80400653 -.00000091  00000-0  10000-3 0   438
2 12564 014.5061 343.3392 0003711 115.4832 244.6056 01.00215941 82662
1 12564U 81061A   13246.79743132 -.00000082  00000-0  10000-3 0   442
2 12564 014.5049 343.3084 0003561 115.8659 244.2250 01.00216055 82692
1 12564U 81061A   13247.79525905  .00000000  00000-0  10000-3 0   460
2 12564 014.5046 343.2996 0003212 116.6462 243.4432 01.00212012 82708
1 12564U 81061A   13249.79083342 -.00000075  00000-0  10000-3 0   458
2 12564 014.5037 343.2781 0003574 112.4725 247.6146 01.00216179 82725
1 12564U 81061A   13252.78422784 -.00000073  00000-0  10000-3 0   467
2 12564 014.5025 343.2472 0003536 111.9953 248.0854 01.00216344 82752
1 12564U 81061A   13254.77985501  .00000000  00000-0  10000-3 0   480
2 12564 014.5019 343.2277 0002936 118.1454 241.9279 01.00212138 82778
1 12564U 81061A   13255.77762891 -.00000074  00000-0  10000-3 0   477
2 12564 014.5014 343.2161 0003532 111.2609 248.8153 01.00216509 82788
1 12564U 81061A   13258.77102584 -.00000075  00000-0  10000-3 0   489
2 12564 014.5002 343.1854 0003648 109.6522 250.4192 01.00216693 82816
1 12564U 81061A   13261.76440203 -.00000072  00000-0  10000-3 0   516
2 12564 014.4990 343.1548 0003701 108.7435 251.3196 01.00216945 82841
1 12564U 81061A   13264.75776868 -.00000064  00000-0  10000-3 0   529
2 12564 014.4978 343.1234 0003881 108.7238 251.3329 01.00217240 82879
1 12564U 81061A   13269.74673417 -.00000046  00000-0  10000-3 0   530
2 12564 014.4958 343.0716 0003957 108.1687 251.8941 01.00217855 82920
1 12564U 81061A   13272.74009524 -.00000036  00000-0  10000-3 0   546
2 12564 014.4945 343.0408 0003936 108.3419 251.7244 01.00218279 82955
1 12564U 81061A   13275.73343091 -.00000028  00000-0  10000-3 0   550
2 12564 014.4932 343.0101 0003890 108.5704 251.4933 01.00218715 82989
1 12564U 81061A   13275.73346976  .00000000  00000-0  10000-3 0   576
2 12564 014.4939 343.0123 0002427 124.3924 235.6557 01.00214579 82985
1 12564U 81061A   13276.73120613 -.00000026  00000-0  10000-3 0   563
2 12564 014.4928 343.0007 0003438 110.1676 249.8880 01.00218828 82992
1 12564U 81061A   13278.72675274 -.00000024  00000-0  10000-3 0   571
2 12564 014.4920 342.9803 0003203 110.0368 250.0123 01.00219098 83011
1 12564U 81061A   13281.72005544 -.00000024  00000-0  10000-3 0   583
2 12564 014.4908 342.9488 0003233 110.7248 249.3174 01.00219563 83040
1 12564U 81061A   13282.71785613  .00000000  00000-0  10000-3 0   601
2 12564 014.4912 342.9406 0002231 125.0223 235.0091 01.00215467 83054
1 12564U 81061A   13290.69986634 -.00000022  00000-0  10000-3 0   608
2 12564 014.4870 342.8567 0003073 110.3999 249.6128 01.00221121 83131
1 12564U 81061A   13292.69538300 -.00000016  00000-0  10000-3 0   617
2 12564 014.4864 342.8361 0002984 111.7223 248.2884 01.00221481 83156
1 12564U 81061A   13293.69314175 -.00000013  00000-0  10000-3 0   628
2 12564 014.4860 342.8259 0002565 115.9970 244.0077 01.00221636 83169
1 12564U 81061A   13293.69315162 -.00000013  00000-0  10000-3 0   636
2 12564 014.4862 342.8261 0002944 112.8013 247.2140 01.00221679 83162
1 12564U 81061A   13294.69089594 -.00000009  00000-0  10000-3 0   640
2 12564 014.4857 342.8160 0002297 118.6203 241.3829 01.00221837 83176
1 12564U 81061A   13297.68415097  .00000001  00000-0  10000-3 0   677
2 12564 014.4844 342.7851 0002248 119.1500 240.8612 01.00222488 83201
1 12564U 81061A   13297.68415608  .00000000  00000-0  10000-3 0   663
2 12564 014.4850 342.7874 0001936 124.8065 235.2033 01.00218672 83200
1 12564U 81061A   13300.67736716  .00000010  00000-0  10000-3 0   686
2 12564 014.4835 342.7546 0001839 121.5019 238.5109 01.00223203 83233
1 12564U 81061A   13303.67054778  .00000017  00000-0  10000-3 0   698
2 12564 014.4823 342.7240 0001650 121.4017 238.6077 01.00223920 83263
1 12564U 81061A   13306.66370398  .00000020  00000-0  10000-3 0   705
2 12564 014.4812 342.6935 0001956 117.7642 242.2424 01.00224620 83290
1 12564U 81061A   13310.64125416  .00000017  00000-0  10000-3 0   714
2 12564 014.4795 342.6521 0002011 118.4565 236.7466 01.00225595 83326
1 12564U 81061A   13312.64349789  .00000015  00000-0  10000-3 0   748
2 12564 014.4786 342.6312 0002168 120.3401 237.3255 01.00226083 83346
1 12564U 81061A   13314.80127750  .00000014  00000-0  10000-3 0   750
2 12564 014.4776 342.6092 0002316 121.4714 294.7811 01.00226621 83370
